set1	size1	set2	size2	observed_edges	lambda	p_value	log2_Anscombe_ratio	term_name_1	term_name_2
GO:0000220	6	GO:0000221	5	26	0.0875510204081633	7.18720355051622e-55	2.91670738835557	vacuolar proton-transporting V-type ATPase, V0 domain	vacuolar proton-transporting V-type ATPase, V1 domain
GO:0006003	5	GO:0030388	5	25	0.0762755102040816	6.8526148108545e-54	2.90662776174864	fructose 2,6-bisphosphate metabolic process	fructose 1,6-bisphosphate metabolic process
GO:0004331	5	GO:0030388	5	25	0.0762755102040816	6.8526148108545e-54	2.90662776174864	fructose-2,6-bisphosphate 2-phosphatase activity	fructose 1,6-bisphosphate metabolic process
GO:0006002	7	GO:0006003	5	25	0.100918367346939	7.35309484961525e-51	2.86827493893731	fructose 6-phosphate metabolic process	fructose 2,6-bisphosphate metabolic process
GO:0004331	5	GO:0006002	7	25	0.100918367346939	7.35309484961525e-51	2.86827493893731	fructose-2,6-bisphosphate 2-phosphatase activity	fructose 6-phosphate metabolic process
GO:0000221	5	GO:0033176	5	22	0.078265306122449	3.76051826360777e-46	2.8126940668036	vacuolar proton-transporting V-type ATPase, V1 domain	proton-transporting V-type ATPase complex
GO:0000813	10	GO:0000814	3	24	0.12	1.14187388733082e-46	2.81091494172236	ESCRT I complex	ESCRT II complex
GO:0000221	5	GO:0016471	6	21	0.0795918367346939	1.50280508299485e-43	2.77760441618327	vacuolar proton-transporting V-type ATPase, V1 domain	vacuolar proton-transporting V-type ATPase complex
GO:0042813	12	GO:0061180	6	31	0.293877551020408	2.98203902718699e-51	2.77586476136579	Wnt receptor activity	mammary gland epithelium development
GO:0003873	4	GO:0030388	5	20	0.0596938775510204	1.27804595252765e-43	2.7753282365039	6-phosphofructo-2-kinase activity	fructose 1,6-bisphosphate metabolic process
GO:0008417	9	GO:0008499	10	30	0.301020408163265	6.42278052422312e-49	2.74483689913521	fucosyltransferase activity	N-acetyl-beta-D-glucosaminide beta-(1,3)-galactosyltransferase activity
GO:0003873	4	GO:0006002	7	20	0.0789795918367347	3.40023420967292e-41	2.74401440247261	6-phosphofructo-2-kinase activity	fructose 6-phosphate metabolic process
GO:0071986	6	GO:1990131	4	24	0.170816326530612	5.17386166831257e-43	2.7404214296467	Ragulator complex	Gtr1-Gtr2 GTPase complex
GO:0016167	5	GO:0030116	4	17	0.0185714285714286	1.02727001911291e-44	2.73212183799234	glial cell-derived neurotrophic factor receptor activity	glial cell-derived neurotrophic factor receptor binding
GO:0042813	12	GO:0070307	8	27	0.248979591836735	3.59075591168209e-45	2.72760815503818	Wnt receptor activity	lens fiber cell development
GO:0000177	12	GO:0000958	2	22	0.137602040816327	8.746336292466e-41	2.72395232486316	cytoplasmic exosome (RNase complex)	mitochondrial mRNA catabolic process
GO:0000177	12	GO:0000962	2	22	0.137602040816327	8.746336292466e-41	2.72395232486316	cytoplasmic exosome (RNase complex)	positive regulation of mitochondrial RNA catabolic process
GO:0000177	12	GO:0045025	2	22	0.137602040816327	8.746336292466e-41	2.72395232486316	cytoplasmic exosome (RNase complex)	mitochondrial degradosome
GO:0019367	7	GO:0030497	6	20	0.095969387755102	1.6475543030337e-39	2.71751147953315	fatty acid elongation, saturated fatty acid	fatty acid elongation
GO:0006625	8	GO:0016560	3	19	0.0776020408163265	6.1727831850914e-39	2.70990470516135	protein targeting to peroxisome	protein import into peroxisome matrix, docking
GO:0008499	10	GO:0036065	8	27	0.26530612244898	1.96383891467809e-44	2.70897667488281	N-acetyl-beta-D-glucosaminide beta-(1,3)-galactosyltransferase activity	fucosylation
GO:0042813	11	GO:1904948	5	24	0.196045918367347	1.38726053822843e-41	2.70782582492432	Wnt receptor activity	midbrain dopaminergic neuron differentiation
GO:0008417	9	GO:0008532	5	21	0.126428571428571	2.38781707655891e-39	2.70686820320683	fucosyltransferase activity	N-acetyllactosaminide beta-1,3-N-acetylglucosaminyltransferase activity
GO:0000177	12	GO:0000965	3	22	0.151836734693878	7.52416164659975e-40	2.70419396419642	cytoplasmic exosome (RNase complex)	mitochondrial RNA 3'-end processing
GO:0030119	7	GO:0030124	4	20	0.106683673469388	1.35429689446254e-38	2.70128511205072	AP-type membrane coat adaptor complex	AP-4 adaptor complex
GO:0001614	7	GO:0097553	5	18	0.0601020408163265	1.54503629597565e-38	2.70012332798356	purinergic nucleotide receptor activity	calcium ion transmembrane import into cytosol
GO:0004931	7	GO:0097553	5	18	0.0601020408163265	1.54503629597565e-38	2.70012332798356	extracellularly ATP-gated monoatomic cation channel activity	calcium ion transmembrane import into cytosol
GO:0005945	3	GO:0006000	7	18	0.0626785714285714	3.28107716897151e-38	2.69586434390093	6-phosphofructokinase complex	fructose metabolic process
GO:0003872	3	GO:0006000	7	18	0.0626785714285714	3.28107716897151e-38	2.69586434390093	6-phosphofructokinase activity	fructose metabolic process
GO:0001614	7	GO:1904062	5	18	0.063265306122449	3.87804209532397e-38	2.69489798135024	purinergic nucleotide receptor activity	regulation of monoatomic cation transmembrane transport
GO:0004931	7	GO:1904062	5	18	0.063265306122449	3.87804209532397e-38	2.69489798135024	extracellularly ATP-gated monoatomic cation channel activity	regulation of monoatomic cation transmembrane transport
GO:0045040	11	GO:0061617	9	27	0.278698979591837	7.32787266035354e-44	2.69404435466179	protein insertion into mitochondrial outer membrane	MICOS complex
GO:0150059	4	GO:1990410	5	17	0.0422448979591837	1.17426902486768e-38	2.68998737954354	amylin receptor 1 signaling pathway	adrenomedullin receptor signaling pathway
GO:0001614	7	GO:0004972	5	18	0.0695918367346939	2.14327718082198e-37	2.68455949040556	purinergic nucleotide receptor activity	NMDA glutamate receptor activity
GO:0004931	7	GO:0004972	5	18	0.0695918367346939	2.14327718082198e-37	2.68455949040556	extracellularly ATP-gated monoatomic cation channel activity	NMDA glutamate receptor activity
GO:0036513	7	GO:1904153	9	23	0.190816326530612	9.16764790313852e-40	2.68424437436425	Derlin-1 retrotranslocation complex	negative regulation of retrograde protein transport, ER to cytosol
GO:0035590	9	GO:0097553	5	18	0.0756122448979592	9.48878915889441e-37	2.67485696097406	purinergic nucleotide receptor signaling pathway	calcium ion transmembrane import into cytosol
GO:0008417	9	GO:0030311	5	21	0.150510204081633	9.08145969718711e-38	2.67303091590894	fucosyltransferase activity	poly-N-acetyllactosamine biosynthetic process
GO:0001614	7	GO:0098976	7	18	0.0790816326530612	2.12073574090365e-36	2.66932437899259	purinergic nucleotide receptor activity	excitatory chemical synaptic transmission
GO:0004931	7	GO:0098976	7	18	0.0790816326530612	2.12073574090365e-36	2.66932437899259	extracellularly ATP-gated monoatomic cation channel activity	excitatory chemical synaptic transmission
GO:0035590	9	GO:1904062	5	18	0.0795918367346939	2.37984617213907e-36	2.66851433115851	purinergic nucleotide receptor signaling pathway	regulation of monoatomic cation transmembrane transport
GO:0001614	7	GO:0017146	6	18	0.0822448979591837	4.28336867451242e-36	2.6643166837869	purinergic nucleotide receptor activity	NMDA selective glutamate receptor complex
GO:0004931	7	GO:0017146	6	18	0.0822448979591837	4.28336867451242e-36	2.6643166837869	extracellularly ATP-gated monoatomic cation channel activity	NMDA selective glutamate receptor complex
GO:0004972	5	GO:0035590	9	18	0.0875510204081633	1.31323739236711e-35	2.65599396642016	NMDA glutamate receptor activity	purinergic nucleotide receptor signaling pathway
GO:0000177	12	GO:0000957	5	22	0.189795918367347	9.8336468814343e-38	2.65400710474264	cytoplasmic exosome (RNase complex)	mitochondrial RNA catabolic process
GO:0030681	9	GO:0097745	3	18	0.0914285714285714	2.85444212800279e-35	2.64997213756113	multimeric ribonuclease P complex	mitochondrial tRNA 5'-end processing
GO:0033204	9	GO:0097745	3	18	0.0914285714285714	2.85444212800279e-35	2.64997213756113	ribonuclease P RNA binding	mitochondrial tRNA 5'-end processing
GO:0030678	3	GO:0030681	9	18	0.0914285714285714	2.85444212800279e-35	2.64997213756113	mitochondrial ribonuclease P complex	multimeric ribonuclease P complex
GO:0030678	3	GO:0033204	9	18	0.0914285714285714	2.85444212800279e-35	2.64997213756113	mitochondrial ribonuclease P complex	ribonuclease P RNA binding
GO:0042043	12	GO:0042297	5	17	0.0669387755102041	2.87078112604212e-35	2.64851132477294	neurexin family protein binding	vocal learning
GO:0035590	9	GO:0098976	7	18	0.0994897959183673	1.29641576196338e-34	2.63761168892177	purinergic nucleotide receptor signaling pathway	excitatory chemical synaptic transmission
GO:0005391	6	GO:1903278	4	16	0.0481377551020408	3.79733653311401e-35	2.63711183917718	P-type sodium:potassium-exchanging transporter activity	positive regulation of sodium ion export across plasma membrane
GO:0044284	8	GO:0045040	11	24	0.255229591836735	7.3662924195412e-39	2.63669045615234	mitochondrial crista junction	protein insertion into mitochondrial outer membrane
GO:0009101	9	GO:0018243	8	16	0.0485714285714286	4.38149736334042e-35	2.63637290941189	glycoprotein biosynthetic process	protein O-linked glycosylation via threonine
GO:0042043	12	GO:0097109	4	16	0.0506122448979592	8.44858721026264e-35	2.63290571926908	neurexin family protein binding	neuroligin family protein binding
GO:0017146	6	GO:0035590	9	18	0.103469387755102	2.6164202292436e-34	2.63158690750274	NMDA selective glutamate receptor complex	purinergic nucleotide receptor signaling pathway
GO:0008503	11	GO:0098957	3	16	0.053265306122449	1.90862701817882e-34	2.62842314377074	benzodiazepine receptor activity	anterograde axonal transport of mitochondrion
GO:0002141	4	GO:0050957	6	16	0.0535714285714286	2.09130207720761e-34	2.62790771143695	stereocilia ankle link	equilibrioception
GO:0050957	6	GO:1990696	4	16	0.0535714285714286	2.09130207720761e-34	2.62790771143695	equilibrioception	USH2 complex
GO:0005861	7	GO:0005862	4	17	0.0825	9.88129632326022e-34	2.6235487121071	troponin complex	muscle thin filament tropomyosin
GO:0006474	8	GO:0031417	3	15	0.0299234693877551	1.02682601545173e-35	2.62339666805034	N-terminal protein amino acid acetylation	NatC complex
GO:0036156	4	GO:0036157	10	16	0.0569642857142857	5.56853624309015e-34	2.62221952969493	inner dynein arm	outer dynein arm
GO:0008532	5	GO:0036065	8	18	0.111428571428571	9.85730120984431e-34	2.61968623432831	N-acetyllactosaminide beta-1,3-N-acetylglucosaminyltransferase activity	fucosylation
GO:0008499	10	GO:0042355	8	24	0.270408163265306	2.9043822967285e-38	2.61952329158525	N-acetyl-beta-D-glucosaminide beta-(1,3)-galactosyltransferase activity	L-fucose catabolic process
GO:0050957	6	GO:0060113	5	16	0.0586734693877551	8.92212626738546e-34	2.61937095475748	equilibrioception	inner ear receptor cell differentiation
GO:0008532	5	GO:0042355	8	18	0.113571428571429	1.38606024325151e-33	2.6165154708914	N-acetyllactosaminide beta-1,3-N-acetylglucosaminyltransferase activity	L-fucose catabolic process
GO:0000958	2	GO:0101019	9	18	0.113928571428571	1.45736441404311e-33	2.6159883627054	mitochondrial mRNA catabolic process	nucleolar exosome (RNase complex)
GO:0000962	2	GO:0101019	9	18	0.113928571428571	1.45736441404311e-33	2.6159883627054	positive regulation of mitochondrial RNA catabolic process	nucleolar exosome (RNase complex)
GO:0045025	2	GO:0101019	9	18	0.113928571428571	1.45736441404311e-33	2.6159883627054	mitochondrial degradosome	nucleolar exosome (RNase complex)
GO:0030905	4	GO:0030906	4	16	0.0611479591836735	1.71765388960072e-33	2.61526672868232	retromer, tubulation complex	retromer, cargo-selective complex
GO:0016176	6	GO:0106292	5	16	0.0619897959183674	2.14372016637293e-33	2.61387575222801	superoxide-generating NADPH oxidase activator activity	superoxide-generating NADPH oxidase activity
GO:1903278	5	GO:1903416	3	15	0.0355102040816327	1.32854425891027e-34	2.61351225830177	positive regulation of sodium ion export across plasma membrane	response to glycoside
GO:0000177	11	GO:0000460	6	20	0.169132653061225	1.28375419205618e-34	2.61334892144654	cytoplasmic exosome (RNase complex)	maturation of 5.8S rRNA
GO:0019367	7	GO:0102158	4	16	0.0639795918367347	3.54727676078164e-33	2.61059861300216	fatty acid elongation, saturated fatty acid	very-long-chain (3R)-3-hydroxyacyl-CoA dehydratase activity
GO:0099590	6	GO:1902514	9	18	0.120204081632653	3.82609987381663e-33	2.60678861698105	neurotransmitter receptor internalization	regulation of calcium ion transmembrane transport via high voltage-gated calcium channel
GO:0030124	4	GO:0044599	4	16	0.0663520408163265	6.31295427663801e-33	2.60671061382455	AP-4 adaptor complex	AP-5 adaptor complex
GO:0071986	6	GO:1990130	5	21	0.20640306122449	6.53352068318325e-35	2.60012097107442	Ragulator complex	GATOR1 complex
GO:0000965	3	GO:0101019	9	18	0.125714285714286	8.52839783869675e-33	2.59880641132904	mitochondrial RNA 3'-end processing	nucleolar exosome (RNase complex)
GO:0016175	8	GO:0016176	5	16	0.0718367346938776	2.24680867607544e-32	2.59780165048737	superoxide-generating NAD(P)H oxidase activity	superoxide-generating NADPH oxidase activator activity
GO:0038018	2	GO:0042813	12	18	0.126530612244898	9.57479068645097e-33	2.59763133874918	Wnt receptor catabolic process	Wnt receptor activity
GO:1903278	5	GO:1990239	5	15	0.0453061224489796	5.09810654132849e-33	2.59650106418046	positive regulation of sodium ion export across plasma membrane	steroid hormone binding
GO:0005945	3	GO:0006003	5	15	0.045765306122449	5.91112773573017e-33	2.59571342349753	6-phosphofructokinase complex	fructose 2,6-bisphosphate metabolic process
GO:0003872	3	GO:0006003	5	15	0.045765306122449	5.91112773573017e-33	2.59571342349753	6-phosphofructokinase activity	fructose 2,6-bisphosphate metabolic process
GO:0004331	5	GO:0005945	3	15	0.045765306122449	5.91112773573017e-33	2.59571342349753	fructose-2,6-bisphosphate 2-phosphatase activity	6-phosphofructokinase complex
GO:0003872	3	GO:0004331	5	15	0.045765306122449	5.91112773573017e-33	2.59571342349753	6-phosphofructokinase activity	fructose-2,6-bisphosphate 2-phosphatase activity
GO:0000012	8	GO:0006287	9	17	0.101428571428571	3.25132412567433e-32	2.59430461668563	single strand break repair	base-excision repair, gap-filling
GO:0000177	12	GO:0034458	3	19	0.156581632653061	3.55132636127733e-33	2.59388062153046	cytoplasmic exosome (RNase complex)	3'-5' RNA helicase activity
GO:0016556	8	GO:1990247	9	19	0.15719387755102	3.82242935839545e-33	2.59305029335769	mRNA modification	N6-methyladenosine-containing RNA reader activity
GO:0006690	8	GO:0019372	7	16	0.07625	5.80837772301403e-32	2.5907120822125	icosanoid metabolic process	lipoxygenase pathway
GO:0030311	5	GO:0036065	8	18	0.13265306122449	2.22844110046524e-32	2.58887878420396	poly-N-acetyllactosamine biosynthetic process	fucosylation
GO:0006896	8	GO:0030131	5	17	0.105867346938776	6.70609093889864e-32	2.58761510178503	Golgi to vacuole transport	clathrin adaptor complex
GO:0030311	5	GO:0042355	8	18	0.135204081632653	3.13225719396631e-32	2.58526299958842	poly-N-acetyllactosamine biosynthetic process	L-fucose catabolic process
GO:1904153	9	GO:1904380	12	19	0.166964285714286	1.19091603438709e-32	2.57992735798176	negative regulation of retrograde protein transport, ER to cytosol	endoplasmic reticulum mannose trimming
GO:0006000	6	GO:0070095	4	15	0.0551020408163265	9.51881907190717e-32	2.57988181169986	fructose metabolic process	fructose-6-phosphate binding
GO:0004556	5	GO:0004558	5	15	0.0551020408163265	9.51881907190717e-32	2.57988181169986	alpha-amylase activity	alpha-1,4-glucosidase activity
GO:0098970	7	GO:1902514	9	18	0.139591836734694	5.54264076638656e-32	2.57908593438449	postsynaptic neurotransmitter receptor diffusion trapping	regulation of calcium ion transmembrane transport via high voltage-gated calcium channel
GO:0005513	10	GO:0016286	4	16	0.0836734693877551	2.55028184548607e-31	2.57894181751279	detection of calcium ion	small conductance calcium-activated potassium channel activity
GO:0006690	8	GO:0034440	6	16	0.0855867346938775	3.6551503538689e-31	2.57593911779569	icosanoid metabolic process	lipid oxidation
GO:0008503	11	GO:0048311	6	16	0.087295918367347	5.00733342239818e-31	2.57326723570893	benzodiazepine receptor activity	mitochondrion distribution
GO:0006690	8	GO:0051122	8	16	0.0886989795918367	6.453987884171e-31	2.57108127223964	icosanoid metabolic process	hepoxilin biosynthetic process
GO:0071028	8	GO:0071034	3	18	0.145714285714286	1.19331929491174e-31	2.57055422617088	nuclear mRNA surveillance	CUT catabolic process
GO:0030497	6	GO:0034625	6	15	0.0639795918367347	8.87311430597841e-31	2.56514436490306	fatty acid elongation	fatty acid elongation, monounsaturated fatty acid
GO:0030497	6	GO:0034626	6	15	0.0639795918367347	8.87311430597841e-31	2.56514436490306	fatty acid elongation	fatty acid elongation, polyunsaturated fatty acid
GO:0009922	6	GO:0030497	6	15	0.0639795918367347	8.87311430597841e-31	2.56514436490306	fatty acid elongase activity	fatty acid elongation
GO:0042813	12	GO:0061184	2	18	0.151020408163265	2.26035956324163e-31	2.56324083323541	Wnt receptor activity	positive regulation of dermatome development
GO:0008331	11	GO:0099590	6	18	0.155	3.59641578016096e-31	2.55780404002395	high voltage-gated calcium channel activity	neurotransmitter receptor internalization
GO:1990131	2	GO:1990877	8	16	0.0984948979591837	3.39800778245746e-30	2.5560011080463	Gtr1-Gtr2 GTPase complex	FNIP-folliculin RagC/D GAP
GO:0000957	5	GO:0101019	9	18	0.157142857142857	4.5953823744132e-31	2.55489342065959	mitochondrial RNA catabolic process	nucleolar exosome (RNase complex)
GO:0018812	7	GO:0019367	7	16	0.100331632653061	4.58545981456812e-30	2.55320834112976	3-hydroxyacyl-CoA dehydratase activity	fatty acid elongation, saturated fatty acid
GO:0034458	3	GO:0101019	9	17	0.129642857142857	2.05348943109863e-30	2.55280321711095	3'-5' RNA helicase activity	nucleolar exosome (RNase complex)
GO:0098943	8	GO:1902514	9	18	0.158979591836735	5.65467247614514e-31	2.55240791755579	neurotransmitter receptor transport, postsynaptic endosome to lysosome	regulation of calcium ion transmembrane transport via high voltage-gated calcium channel
GO:0008331	8	GO:1990454	6	17	0.130102040816327	2.17975640982845e-30	2.55214714837955	high voltage-gated calcium channel activity	L-type voltage-gated calcium channel complex
GO:0000958	2	GO:0034475	8	16	0.102091836734694	6.01033613848806e-30	2.55054204754043	mitochondrial mRNA catabolic process	U4 snRNA 3'-end processing
GO:0000962	2	GO:0034475	8	16	0.102091836734694	6.01033613848806e-30	2.55054204754043	positive regulation of mitochondrial RNA catabolic process	U4 snRNA 3'-end processing
GO:0034475	8	GO:0045025	2	16	0.102091836734694	6.01033613848806e-30	2.55054204754043	U4 snRNA 3'-end processing	mitochondrial degradosome
GO:0030049	10	GO:0097513	3	18	0.161632653061224	7.59793164653479e-31	2.5488327986228	muscle filament sliding	myosin II filament
GO:0031629	8	GO:0035493	7	15	0.0798979591836735	2.44911926458798e-29	2.53944981898471	synaptic vesicle fusion to presynaptic active zone membrane	SNARE complex assembly
GO:0016247	9	GO:1902514	9	18	0.168673469387755	1.62599038201649e-30	2.53943000582752	channel regulator activity	regulation of calcium ion transmembrane transport via high voltage-gated calcium channel
GO:0035721	10	GO:0097731	5	16	0.110204081632653	2.03941567047612e-29	2.53837970483973	intraciliary retrograde transport	9+0 non-motile cilium
GO:0000965	3	GO:0034475	8	16	0.11265306122449	2.89221244171594e-29	2.53474799159046	mitochondrial RNA 3'-end processing	U4 snRNA 3'-end processing
GO:0031415	5	GO:0031417	3	13	0.023469387755102	1.02986076879035e-31	2.53446309363087	NatA complex	NatC complex
GO:0008532	5	GO:0017083	6	15	0.0835714285714286	4.79012475257959e-29	2.53364806502463	N-acetyllactosaminide beta-1,3-N-acetylglucosaminyltransferase activity	4-galactosyl-N-acetylglucosaminide 3-alpha-L-fucosyltransferase activity
GO:0008532	5	GO:0046920	6	15	0.0835714285714286	4.79012475257959e-29	2.53364806502463	N-acetyllactosaminide beta-1,3-N-acetylglucosaminyltransferase activity	alpha-(1->3)-fucosyltransferase activity
GO:0000578	3	GO:0042813	11	17	0.143877551020408	1.19072577521961e-29	2.53273752393429	embryonic axis specification	Wnt receptor activity
GO:0050957	6	GO:1990075	6	14	0.0548469387755102	2.42938279892109e-29	2.53179755693886	equilibrioception	periciliary membrane compartment
GO:0005111	5	GO:0090080	4	13	0.0258163265306122	3.54761985148852e-31	2.53022690298819	type 2 fibroblast growth factor receptor binding	positive regulation of MAPKKK cascade by fibroblast growth factor receptor signaling pathway
GO:0036396	8	GO:1990247	9	18	0.179081632653061	4.73058068664316e-30	2.52575094801729	RNA N6-methyladenosine methyltransferase complex	N6-methyladenosine-containing RNA reader activity
GO:0008331	11	GO:0098970	7	18	0.18	5.18230612830572e-30	2.52455633413049	high voltage-gated calcium channel activity	postsynaptic neurotransmitter receptor diffusion trapping
GO:0004971	4	GO:2000311	13	15	0.0919387755102041	1.98863231332551e-28	2.52060460122539	AMPA glutamate receptor activity	regulation of AMPA receptor activity
GO:1990408	5	GO:1990410	4	13	0.0330612244897959	8.78080169261567e-30	2.51730472724048	calcitonin gene-related peptide receptor signaling pathway	adrenomedullin receptor signaling pathway
GO:0004556	5	GO:0005980	9	15	0.0941326530612245	2.82673643719636e-28	2.51722333996494	alpha-amylase activity	glycogen catabolic process
GO:0042813	12	GO:0060492	2	16	0.126530612244898	1.83147835294601e-28	2.51450666709972	Wnt receptor activity	lung induction
GO:0017083	6	GO:0030311	5	15	0.0994897959183673	6.45176505062971e-28	2.50903276917321	4-galactosyl-N-acetylglucosaminide 3-alpha-L-fucosyltransferase activity	poly-N-acetyllactosamine biosynthetic process
GO:0030311	5	GO:0046920	6	15	0.0994897959183673	6.45176505062971e-28	2.50903276917321	poly-N-acetyllactosamine biosynthetic process	alpha-(1->3)-fucosyltransferase activity
GO:0001816	7	GO:0003953	9	13	0.0385714285714286	6.48068175190125e-29	2.50762928012212	cytokine production	NAD+ nucleosidase activity
GO:0030126	13	GO:0048205	6	15	0.102091836734694	9.47996368098452e-28	2.50508779944132	COPI vesicle coat	COPI coating of Golgi vesicle
GO:0002142	5	GO:0050957	5	13	0.0424744897959184	2.26078261686283e-28	2.50085351917948	stereocilia ankle link complex	equilibrioception
GO:0016562	5	GO:0045046	5	14	0.07375	1.50789347116163e-27	2.50075310344802	protein import into peroxisome matrix, receptor recycling	protein import into peroxisome membrane
GO:0008499	10	GO:0017083	6	18	0.198979591836735	3.09290539298695e-29	2.50030049886727	N-acetyl-beta-D-glucosaminide beta-(1,3)-galactosyltransferase activity	4-galactosyl-N-acetylglucosaminide 3-alpha-L-fucosyltransferase activity
GO:0008499	10	GO:0046920	6	18	0.198979591836735	3.09290539298695e-29	2.50030049886727	N-acetyl-beta-D-glucosaminide beta-(1,3)-galactosyltransferase activity	alpha-(1->3)-fucosyltransferase activity
GO:0000460	6	GO:0101019	8	16	0.137295918367347	6.69569518945597e-28	2.49918684950985	maturation of 5.8S rRNA	nucleolar exosome (RNase complex)
GO:0022009	4	GO:0042813	12	18	0.2	3.3879212311225e-29	2.49901924183336	central nervous system vasculogenesis	Wnt receptor activity
GO:0033263	7	GO:1902501	2	13	0.0440816326530612	3.65839258302384e-28	2.49808189415601	CORVET complex	lysosomal HOPS complex
GO:0001602	4	GO:0031841	3	12	0.013265306122449	6.11658909409751e-32	2.49712095778932	pancreatic polypeptide receptor activity	neuropeptide Y receptor binding
GO:0021871	3	GO:0042813	12	16	0.138775510204082	7.9373306065071e-28	2.49710648626662	forebrain regionalization	Wnt receptor activity
GO:0030388	5	GO:0047617	10	15	0.107780612244898	2.1268448764806e-27	2.49653742973436	fructose 1,6-bisphosphate metabolic process	fatty acyl-CoA hydrolase activity
GO:0000957	5	GO:0034475	8	16	0.140816326530612	1.00065304889073e-27	2.4942468293185	mitochondrial RNA catabolic process	U4 snRNA 3'-end processing
GO:0008331	11	GO:0098943	8	18	0.205	5.25904398250001e-29	2.49277376974176	high voltage-gated calcium channel activity	neurotransmitter receptor transport, postsynaptic endosome to lysosome
GO:0000813	10	GO:0046761	7	20	0.268571428571429	1.2134426018708e-30	2.49227798512493	ESCRT I complex	viral budding from plasma membrane
GO:0030049	10	GO:0042641	6	18	0.205408163265306	5.44863916153722e-29	2.49226631455344	muscle filament sliding	actomyosin
GO:1902514	9	GO:2000311	13	18	0.205510204081633	5.49703536487462e-29	2.49213950651577	regulation of calcium ion transmembrane transport via high voltage-gated calcium channel	regulation of AMPA receptor activity
GO:0000172	8	GO:0097745	3	14	0.0791836734693878	4.05881787818113e-27	2.49207114969102	ribonuclease MRP complex	mitochondrial tRNA 5'-end processing
GO:0000172	8	GO:0030678	3	14	0.0791836734693878	4.05881787818113e-27	2.49207114969102	ribonuclease MRP complex	mitochondrial ribonuclease P complex
GO:0004983	8	GO:0031841	3	12	0.0173469387755102	1.52539862232097e-30	2.48957738556018	neuropeptide Y receptor activity	neuropeptide Y receptor binding
GO:0033278	2	GO:0042813	10	15	0.113392857142857	4.53030558992789e-27	2.48820024974583	cell proliferation in midbrain	Wnt receptor activity
GO:0140331	7	GO:0140351	3	12	0.0192857142857143	5.42951192530086e-30	2.48602163756688	aminophospholipid translocation	glycosylceramide flippase activity
GO:0016183	4	GO:0030131	4	13	0.0516326530612245	2.83738262497611e-27	2.48520034612347	synaptic vesicle coating	clathrin adaptor complex
GO:0002115	7	GO:0070679	7	13	0.051734693877551	2.91087473890615e-27	2.48502783685075	store-operated calcium entry	inositol 1,4,5 trisphosphate binding
GO:0034458	3	GO:0034475	8	15	0.116173469387755	6.49852454956706e-27	2.4841049821131	3'-5' RNA helicase activity	U4 snRNA 3'-end processing
GO:0009257	2	GO:0046655	9	13	0.0529336734693878	3.91644540120342e-27	2.48300393715809	10-formyltetrahydrofolate biosynthetic process	folic acid metabolic process
GO:0004329	2	GO:0046655	9	13	0.0529336734693878	3.91644540120342e-27	2.48300393715809	formate-tetrahydrofolate ligase activity	folic acid metabolic process
GO:0016558	7	GO:0016560	2	13	0.0543877551020408	5.56285846940692e-27	2.48055701549939	protein import into peroxisome matrix	protein import into peroxisome matrix, docking
GO:0000460	6	GO:0000467	5	15	0.120331632653061	1.09702178762087e-26	2.47802392177486	maturation of 5.8S rRNA	exonucleolytic trimming to generate mature 3'-end of 5.8S rRNA from tricistronic rRNA transcript (SSU-rRNA, 5.8S rRNA, LSU-rRNA)
GO:0008331	11	GO:0016247	9	18	0.2175	1.50821734570079e-28	2.47739264285642	high voltage-gated calcium channel activity	channel regulator activity
GO:0042297	5	GO:0098983	4	12	0.0240561224489796	7.66879962707449e-29	2.47734652826344	vocal learning	symmetric, GABA-ergic, inhibitory synapse
GO:0042297	5	GO:0098985	4	12	0.0240561224489796	7.66879962707449e-29	2.47734652826344	vocal learning	asymmetric, glutamatergic, excitatory synapse
GO:0042813	12	GO:0062009	9	22	0.346938775510204	4.90590376463669e-32	2.47693368927379	Wnt receptor activity	secondary palate development
GO:0004596	7	GO:0010698	4	12	0.0258673469387755	1.82943313415789e-28	2.4740799044489	protein-N-terminal amino-acid acetyltransferase activity	acetyltransferase activator activity
GO:0000813	10	GO:1904903	8	20	0.285714285714286	4.11505784414447e-30	2.47331485532987	ESCRT I complex	ESCRT III complex disassembly
GO:0002178	3	GO:0017059	8	12	0.0270918367346939	3.18320399241226e-28	2.47187983405738	palmitoyltransferase complex	serine palmitoyltransferase complex
GO:0002115	7	GO:0034703	9	13	0.0606887755102041	2.29962981784945e-26	2.47004856758939	store-operated calcium entry	cation channel complex
GO:0034473	3	GO:0071051	7	15	0.126275510204082	2.24846504788554e-26	2.46941942359792	U1 snRNA 3'-end processing	poly(A)-dependent snoRNA 3'-end processing
GO:0034476	3	GO:0071051	7	15	0.126275510204082	2.24846504788554e-26	2.46941942359792	U5 snRNA 3'-end processing	poly(A)-dependent snoRNA 3'-end processing
GO:0150059	4	GO:1903143	3	12	0.028469387755102	5.75223299494306e-28	2.46941274912017	amylin receptor 1 signaling pathway	adrenomedullin receptor complex
GO:0001605	3	GO:0150059	4	12	0.028469387755102	5.75223299494306e-28	2.46941274912017	adrenomedullin receptor activity	amylin receptor 1 signaling pathway
GO:0004430	4	GO:0016303	3	12	0.0292602040816327	7.98516144741331e-28	2.46800026260412	1-phosphatidylinositol 4-kinase activity	1-phosphatidylinositol-3-kinase activity
GO:0004430	4	GO:0035005	3	12	0.0292602040816327	7.98516144741331e-28	2.46800026260412	1-phosphatidylinositol 4-kinase activity	1-phosphatidylinositol-4-phosphate 3-kinase activity
GO:0030049	10	GO:0031672	8	18	0.225612244897959	2.893273703079e-28	2.46758327589295	muscle filament sliding	A band
GO:1990253	9	GO:1990877	10	20	0.294489795918367	7.4733356133913e-30	2.46379709117588	cellular response to leucine starvation	FNIP-folliculin RagC/D GAP
GO:0008440	4	GO:0052659	5	12	0.0336734693877551	4.30149471065042e-27	2.46016806333674	inositol-1,4,5-trisphosphate 3-kinase activity	inositol-1,3,4,5-tetrakisphosphate 5-phosphatase activity
GO:0010463	9	GO:0042813	12	19	0.26530612244898	7.1891648163501e-29	2.45964534771934	mesenchymal cell proliferation	Wnt receptor activity
GO:0004366	4	GO:0019563	4	12	0.034030612244898	4.88044054436106e-27	2.45953794753662	glycerol-3-phosphate O-acyltransferase activity	glycerol catabolic process
GO:0034458	3	GO:0071028	8	14	0.100178571428571	1.07112781482249e-25	2.45947418387724	3'-5' RNA helicase activity	nuclear mRNA surveillance
GO:0000460	7	GO:0071035	6	15	0.133290816326531	5.02629137034395e-26	2.45939421773199	maturation of 5.8S rRNA	nuclear polyadenylation-dependent rRNA catabolic process
GO:0000460	7	GO:0071038	6	15	0.133290816326531	5.02629137034395e-26	2.45939421773199	maturation of 5.8S rRNA	TRAMP-dependent tRNA surveillance pathway
GO:0000015	3	GO:0004082	4	12	0.034515306122449	5.76519476828456e-27	2.45868366982351	phosphopyruvate hydratase complex	bisphosphoglycerate mutase activity
GO:0004082	4	GO:0004634	3	12	0.034515306122449	5.76519476828456e-27	2.45868366982351	bisphosphoglycerate mutase activity	phosphopyruvate hydratase activity
GO:0010133	3	GO:0055129	5	12	0.0351530612244898	7.19664023421812e-27	2.45756115937253	proline catabolic process to glutamate	L-proline biosynthetic process
GO:0003873	4	GO:0005945	3	12	0.0358163265306122	8.97595552899231e-27	2.4563955985241	6-phosphofructo-2-kinase activity	6-phosphofructokinase complex
GO:0003872	3	GO:0003873	4	12	0.0358163265306122	8.97595552899231e-27	2.4563955985241	6-phosphofructokinase activity	6-phosphofructo-2-kinase activity
GO:0034366	6	GO:0060228	3	13	0.0698469387755102	1.41733614260897e-25	2.45504302839657	spherical high-density lipoprotein particle	phosphatidylcholine-sterol O-acyltransferase activator activity
GO:0003839	3	GO:0103068	4	12	0.036734693877551	1.2151404050205e-26	2.4547848479022	gamma-glutamylcyclotransferase activity	leukotriene C4 gamma-glutamyl transferase activity
GO:0006000	5	GO:0030388	3	12	0.0368112244897959	1.24931096003611e-26	2.45465078089681	fructose metabolic process	fructose 1,6-bisphosphate metabolic process
GO:0005579	7	GO:1902686	2	12	0.0369897959183673	1.32378977789872e-26	2.45433805475045	membrane attack complex	mitochondrial outer membrane permeabilization involved in programmed cell death
GO:0008440	4	GO:0052658	5	12	0.0370408163265306	1.34580442381538e-26	2.45424872931903	inositol-1,4,5-trisphosphate 3-kinase activity	inositol-1,4,5-trisphosphate 5-phosphatase activity
GO:1990130	4	GO:1990877	9	18	0.23765306122449	7.29276066324176e-28	2.4532650585528	GATOR1 complex	FNIP-folliculin RagC/D GAP
GO:0006003	4	GO:0070095	4	12	0.0377551020408163	1.69136309763865e-26	2.4529993333261	fructose 2,6-bisphosphate metabolic process	fructose-6-phosphate binding
GO:0004331	4	GO:0070095	4	12	0.0377551020408163	1.69136309763865e-26	2.4529993333261	fructose-2,6-bisphosphate 2-phosphatase activity	fructose-6-phosphate binding
GO:0003839	3	GO:1901750	6	12	0.038265306122449	1.98603493365695e-26	2.4521082306551	gamma-glutamylcyclotransferase activity	leukotriene D4 biosynthetic process
GO:0003839	3	GO:0036374	6	12	0.038265306122449	1.98603493365695e-26	2.4521082306551	gamma-glutamylcyclotransferase activity	glutathione hydrolase activity
GO:0000813	10	GO:0051469	5	17	0.205714285714286	4.89863959842895e-27	2.4515203212404	ESCRT I complex	vesicle fusion with vacuole
GO:0000813	10	GO:0061763	5	17	0.205714285714286	4.89863959842895e-27	2.4515203212404	ESCRT I complex	multivesicular body-lysosome fusion
GO:0000813	10	GO:0000815	5	17	0.205714285714286	4.89863959842895e-27	2.4515203212404	ESCRT I complex	ESCRT III complex
GO:0000813	10	GO:1904930	5	17	0.205714285714286	4.89863959842895e-27	2.4515203212404	ESCRT I complex	amphisome membrane
GO:0008250	14	GO:0106073	2	14	0.106607142857143	2.54329792523956e-25	2.44978067827055	oligosaccharyltransferase complex	dolichyl pyrophosphate Glc2Man9GlcNAc2 alpha-1,2-glucosyltransferase activity
GO:0004687	4	GO:0032036	6	12	0.0397959183673469	3.17521753223975e-26	2.44944150850358	myosin light chain kinase activity	myosin heavy chain binding
GO:0006002	7	GO:0047617	10	15	0.142602040816327	1.37195926800044e-25	2.44629964729258	fructose 6-phosphate metabolic process	fatty acyl-CoA hydrolase activity
GO:0033693	3	GO:0035253	10	12	0.0420918367346939	6.21105589266175e-26	2.44545981934837	neurofilament bundle assembly	ciliary rootlet
GO:0019372	7	GO:0097267	4	12	0.0425	6.9709903638174e-26	2.44475425869014	lipoxygenase pathway	omega-hydroxylase P450 pathway
GO:0019372	7	GO:0052869	4	12	0.0425	6.9709903638174e-26	2.44475425869014	lipoxygenase pathway	arachidonate omega-hydroxylase activity
GO:0034625	6	GO:0102158	4	12	0.0426530612244898	7.27726933895126e-26	2.44448985126323	fatty acid elongation, monounsaturated fatty acid	very-long-chain (3R)-3-hydroxyacyl-CoA dehydratase activity
GO:0034626	6	GO:0102158	4	12	0.0426530612244898	7.27726933895126e-26	2.44448985126323	fatty acid elongation, polyunsaturated fatty acid	very-long-chain (3R)-3-hydroxyacyl-CoA dehydratase activity
GO:0009922	6	GO:0102158	4	12	0.0426530612244898	7.27726933895126e-26	2.44448985126323	fatty acid elongase activity	very-long-chain (3R)-3-hydroxyacyl-CoA dehydratase activity
GO:0006000	6	GO:0070061	3	12	0.0427040816326531	7.38207013375961e-26	2.44440173698712	fructose metabolic process	fructose binding
GO:0002159	5	GO:0045295	8	13	0.0774489795918367	5.39133656871187e-25	2.44281998271189	desmosome assembly	gamma-catenin binding
GO:0019372	7	GO:0102033	5	12	0.04375	9.85968454381839e-26	2.4425977622546	lipoxygenase pathway	long-chain fatty acid omega-hydroxylase activity
GO:0000221	5	GO:0061795	3	12	0.0451020408163265	1.41885747458563e-25	2.44027246032414	vacuolar proton-transporting V-type ATPase, V1 domain	Golgi lumen acidification
GO:0038098	3	GO:0070700	9	12	0.0454081632653061	1.53839897562589e-25	2.43974701594948	sequestering of BMP from receptor via BMP binding	BMP receptor binding
GO:0030991	7	GO:0097731	5	13	0.0795918367346939	7.6721901873729e-25	2.4394116519409	intraciliary transport particle A	9+0 non-motile cilium
GO:0035253	10	GO:0099160	4	12	0.0463010204081633	1.941738144531e-25	2.43821665239833	ciliary rootlet	postsynaptic intermediate filament cytoskeleton
GO:0036157	8	GO:0060285	10	13	0.0803571428571429	8.68237076238199e-25	2.43819828324363	outer dynein arm	cilium-dependent cell motility
GO:0042043	12	GO:0097118	3	12	0.0473469387755102	2.53622386734233e-25	2.43642806036963	neurexin family protein binding	neuroligin clustering involved in postsynaptic membrane assembly
GO:0019372	7	GO:0042361	5	12	0.0475	2.63600784296711e-25	2.43616668678608	lipoxygenase pathway	menaquinone catabolic process
GO:0034440	6	GO:0097267	4	12	0.0477040816326531	2.7746490825486e-25	2.43581833593036	lipid oxidation	omega-hydroxylase P450 pathway
GO:0034440	6	GO:0052869	4	12	0.0477040816326531	2.7746490825486e-25	2.43581833593036	lipid oxidation	arachidonate omega-hydroxylase activity
GO:0006562	4	GO:0055129	5	12	0.0486734693877551	3.52907362202008e-25	2.43416596280583	proline catabolic process	L-proline biosynthetic process
GO:0016560	3	GO:0016562	5	12	0.04875	3.59598479558772e-25	2.434035673359	protein import into peroxisome matrix, docking	protein import into peroxisome matrix, receptor recycling
GO:0010248	8	GO:1903278	3	12	0.0489030612244898	3.73330621203475e-25	2.43377516504253	establishment or maintenance of transmembrane electrochemical gradient	positive regulation of sodium ion export across plasma membrane
GO:0034440	6	GO:0102033	5	12	0.0491071428571429	3.9238759847386e-25	2.43342796690313	lipid oxidation	long-chain fatty acid omega-hydroxylase activity
GO:0000930	6	GO:0000931	5	12	0.0492857142857143	4.09789063900466e-25	2.43312430555559	gamma-tubulin complex	gamma-tubulin ring complex
GO:0051122	8	GO:0097267	4	12	0.0494387755102041	4.25264204022395e-25	2.43286412610445	hepoxilin biosynthetic process	omega-hydroxylase P450 pathway
GO:0051122	8	GO:0052869	4	12	0.0494387755102041	4.25264204022395e-25	2.43286412610445	hepoxilin biosynthetic process	arachidonate omega-hydroxylase activity
GO:0004052	3	GO:0006690	8	12	0.0497959183673469	4.63476993061127e-25	2.43225740541466	arachidonate 12(S)-lipoxygenase activity	icosanoid metabolic process
GO:0008417	9	GO:0030259	7	15	0.153520408163265	4.10680292752847e-25	2.43124170982732	fucosyltransferase activity	lipid glycosylation
GO:0051122	8	GO:0102033	5	12	0.0508928571428571	6.01375310655997e-25	2.43039709050953	hepoxilin biosynthetic process	long-chain fatty acid omega-hydroxylase activity
GO:0019372	7	GO:0042376	6	12	0.05125	6.5380298829402e-25	2.42979244041508	lipoxygenase pathway	phylloquinone catabolic process
GO:0004758	5	GO:1900060	3	11	0.0168367346938776	7.60288529685775e-28	2.42973503924006	serine C-palmitoyltransferase activity	negative regulation of ceramide biosynthetic process
GO:0006690	8	GO:2001303	3	12	0.0513520408163265	6.69533117506526e-25	2.4296197762959	icosanoid metabolic process	lipoxin A4 biosynthetic process
GO:0006690	8	GO:0016165	3	12	0.0513520408163265	6.69533117506526e-25	2.4296197762959	icosanoid metabolic process	linoleate 13S-lipoxygenase activity
GO:0006690	8	GO:0050473	3	12	0.0513520408163265	6.69533117506526e-25	2.4296197762959	icosanoid metabolic process	arachidonate 15-lipoxygenase activity
GO:0006942	8	GO:0030049	10	18	0.259285714285714	3.42791898220427e-27	2.42823379515929	regulation of striated muscle contraction	muscle filament sliding
GO:0000460	6	GO:0034475	7	14	0.121377551020408	1.54291488711581e-24	2.42799013782867	maturation of 5.8S rRNA	U4 snRNA 3'-end processing
GO:0034440	6	GO:0042361	5	12	0.0533163265306123	1.04861235021096e-24	2.42630402207258	lipid oxidation	menaquinone catabolic process
GO:0004439	7	GO:0016303	3	12	0.0538010204081633	1.16838034292505e-24	2.4254881880091	phosphatidylinositol-4,5-bisphosphate 5-phosphatase activity	1-phosphatidylinositol-3-kinase activity
GO:0004439	7	GO:0035005	3	12	0.0538010204081633	1.16838034292505e-24	2.4254881880091	phosphatidylinositol-4,5-bisphosphate 5-phosphatase activity	1-phosphatidylinositol-4-phosphate 3-kinase activity
GO:0042813	12	GO:0061303	8	17	0.228571428571429	2.87464085073101e-26	2.42367232669315	Wnt receptor activity	cornea development in camera-type eye
GO:0016446	8	GO:0030983	7	12	0.055	1.52044197786544e-24	2.42347402757612	somatic hypermutation of immunoglobulin genes	mismatched DNA binding
GO:0004970	8	GO:2000311	13	15	0.159540816326531	7.27175890192444e-25	2.42307124357388	glutamate-gated receptor activity	regulation of AMPA receptor activity
GO:0042361	5	GO:0051122	8	12	0.0552551020408163	1.60688192177532e-24	2.42304620743402	menaquinone catabolic process	hepoxilin biosynthetic process
GO:0008331	11	GO:2000311	13	18	0.265	5.04768498472484e-27	2.42176426730554	high voltage-gated calcium channel activity	regulation of AMPA receptor activity
GO:0006000	5	GO:0006002	5	12	0.0566326530612245	2.15658290550274e-24	2.42074035298112	fructose metabolic process	fructose 6-phosphate metabolic process
GO:0031087	5	GO:0071044	7	12	0.0569387755102041	2.30005417806385e-24	2.42022894032556	deadenylation-independent decapping of nuclear-transcribed mRNA	histone mRNA catabolic process
GO:0000813	10	GO:0045324	5	16	0.197142857142857	2.06691000108411e-25	2.41948784048053	ESCRT I complex	late endosome to vacuole transport
GO:0034440	6	GO:0042376	6	12	0.0575255102040816	2.59974766702434e-24	2.41924974502838	lipid oxidation	phylloquinone catabolic process
GO:0016560	3	GO:0045046	5	12	0.0586989795918367	3.30903825767095e-24	2.41729533306943	protein import into peroxisome matrix, docking	protein import into peroxisome membrane
GO:0016561	3	GO:0045046	5	12	0.0586989795918367	3.30903825767095e-24	2.41729533306943	protein import into peroxisome matrix, translocation	protein import into peroxisome membrane
GO:0044721	3	GO:0045046	5	12	0.0586989795918367	3.30903825767095e-24	2.41729533306943	protein import into peroxisome matrix, substrate release	protein import into peroxisome membrane
GO:0042376	6	GO:0051122	8	12	0.0596173469387755	3.98326198428198e-24	2.41576947841176	phylloquinone catabolic process	hepoxilin biosynthetic process
GO:0001574	9	GO:0010706	4	11	0.0261734693877551	9.65827672352387e-26	2.41274826751953	ganglioside biosynthetic process	ganglioside biosynthetic process via lactosylceramide
GO:0045046	5	GO:1990429	3	12	0.0617091836734694	6.01348778061331e-24	2.41230592235621	protein import into peroxisome membrane	peroxisomal importomer complex
GO:0005655	6	GO:0097745	3	12	0.0620408163265306	6.4110026721145e-24	2.41175834603925	nucleolar ribonuclease P complex	mitochondrial tRNA 5'-end processing
GO:0005655	6	GO:0030678	3	12	0.0620408163265306	6.4110026721145e-24	2.41175834603925	nucleolar ribonuclease P complex	mitochondrial ribonuclease P complex
GO:0042813	12	GO:0061072	8	16	0.204081632653061	3.5715210327283e-25	2.41079217918087	Wnt receptor activity	iris morphogenesis
GO:0030259	7	GO:0036065	8	14	0.13530612244898	6.9695745510351e-24	2.40802759756337	lipid glycosylation	fucosylation
GO:0000221	5	GO:0048388	5	12	0.065	1.11833086511208e-23	2.40689059560852	vacuolar proton-transporting V-type ATPase, V1 domain	endosomal lumen acidification
GO:0046655	9	GO:0048703	6	13	0.101632653061224	1.80374982804185e-23	2.40525864524544	folic acid metabolic process	embryonic viscerocranium morphogenesis
GO:0004768	3	GO:0042761	12	12	0.0663265306122449	1.42339621412094e-23	2.40471911827905	stearoyl-CoA 9-desaturase activity	very long-chain fatty acid biosynthetic process
GO:0030131	4	GO:0036465	9	13	0.102142857142857	1.92416477113004e-23	2.40448690287971	clathrin adaptor complex	synaptic vesicle recycling
GO:0018812	7	GO:0034625	6	12	0.0668877551020408	1.57402988557407e-23	2.4038023805062	3-hydroxyacyl-CoA dehydratase activity	fatty acid elongation, monounsaturated fatty acid
GO:0018812	7	GO:0034626	6	12	0.0668877551020408	1.57402988557407e-23	2.4038023805062	3-hydroxyacyl-CoA dehydratase activity	fatty acid elongation, polyunsaturated fatty acid
GO:0009922	6	GO:0018812	7	12	0.0668877551020408	1.57402988557407e-23	2.4038023805062	fatty acid elongase activity	3-hydroxyacyl-CoA dehydratase activity
GO:0032958	10	GO:0052659	5	12	0.0683673469387755	2.04383261762138e-23	2.40139109613389	inositol phosphate biosynthetic process	inositol-1,3,4,5-tetrakisphosphate 5-phosphatase activity
GO:0004758	5	GO:0090156	5	11	0.0325510204081633	1.05705515589419e-24	2.40137102832233	serine C-palmitoyltransferase activity	intracellular sphingolipid homeostasis
GO:0001614	7	GO:0022849	6	12	0.0695918367346939	2.52621025464084e-23	2.39940162802719	purinergic nucleotide receptor activity	glutamate-gated calcium ion channel activity
GO:0004931	7	GO:0022849	6	12	0.0695918367346939	2.52621025464084e-23	2.39940162802719	extracellularly ATP-gated monoatomic cation channel activity	glutamate-gated calcium ion channel activity
GO:0045295	8	GO:0086073	6	13	0.106071428571429	3.13136844428997e-23	2.39857198138559	gamma-catenin binding	bundle of His cell-Purkinje myocyte adhesion involved in cell communication
GO:0070198	7	GO:0098505	4	11	0.0347959183673469	2.19687221545551e-24	2.39740856006893	protein localization to chromosome, telomeric region	G-rich strand telomeric DNA binding
GO:0003836	5	GO:0008417	9	15	0.180612244897959	4.58349051889635e-24	2.39518210281245	beta-galactoside (CMP) alpha-2,3-sialyltransferase activity	fucosyltransferase activity
GO:0030125	9	GO:0032051	4	11	0.0365051020408163	3.71708436567161e-24	2.394406208546	clathrin vesicle coat	clathrin light chain binding
GO:0006776	6	GO:0052650	7	12	0.0729591836734694	4.4399706977797e-23	2.39395871477341	vitamin A metabolic process	all-trans-retinol dehydrogenase (NADP+) activity
GO:0006901	3	GO:1990072	4	12	0.0739285714285714	5.16778021230654e-23	2.39239939874572	vesicle coating	TRAPPIII protein complex
GO:0045295	8	GO:0098911	7	13	0.111122448979592	5.70613847783832e-23	2.39103766121348	gamma-catenin binding	regulation of ventricular cardiac muscle cell action potential
GO:0003953	9	GO:0005149	10	11	0.0385714285714286	6.79850993844817e-24	2.39079310702089	NAD+ nucleosidase activity	interleukin-1 receptor binding
GO:0016175	9	GO:0060263	2	11	0.0386479591836735	6.94788362668564e-24	2.39065963537273	superoxide-generating NAD(P)H oxidase activity	regulation of respiratory burst
GO:0032958	10	GO:0052658	5	12	0.0752040816326531	6.37408533750952e-23	2.39035278918908	inositol phosphate biosynthetic process	inositol-1,4,5-trisphosphate 5-phosphatase activity
GO:0008331	10	GO:1902514	8	14	0.148163265306122	2.4542631487867e-23	2.39007845121851	high voltage-gated calcium channel activity	regulation of calcium ion transmembrane transport via high voltage-gated calcium channel
GO:0061820	6	GO:0070198	8	12	0.0756122448979592	6.79928046249079e-23	2.38969909859569	telomeric D-loop disassembly	protein localization to chromosome, telomeric region
GO:0016176	6	GO:0050665	6	12	0.075765306122449	6.96531274461959e-23	2.38945411726528	superoxide-generating NADPH oxidase activator activity	hydrogen peroxide biosynthetic process
GO:0006102	6	GO:0045252	8	14	0.148775510204082	2.59863820713807e-23	2.38923476981187	isocitrate metabolic process	oxoglutarate dehydrogenase complex
GO:0050957	6	GO:0060171	4	11	0.0395408163265306	8.9249726562055e-24	2.38910428819904	equilibrioception	stereocilium membrane
GO:1990071	4	GO:1990072	4	12	0.0803571428571429	1.40523791547014e-22	2.38214310008286	TRAPPII protein complex	TRAPPIII protein complex
GO:0010310	3	GO:0016175	9	11	0.0438010204081633	2.73990758147167e-23	2.38172888884419	regulation of hydrogen peroxide metabolic process	superoxide-generating NAD(P)H oxidase activity
GO:0001614	7	GO:0016595	7	12	0.0806632653061224	1.47042519270956e-22	2.38165832350518	purinergic nucleotide receptor activity	glutamate binding
GO:0004931	7	GO:0016595	7	12	0.0806632653061224	1.47042519270956e-22	2.38165832350518	extracellularly ATP-gated monoatomic cation channel activity	glutamate binding
GO:0030892	3	GO:0030893	4	11	0.0455612244897959	4.21941604246358e-23	2.37870344728122	mitotic cohesin complex	meiotic cohesin complex
GO:0046655	9	GO:0048702	8	13	0.120688775510204	1.65475081870647e-22	2.37698024541313	folic acid metabolic process	embryonic neurocranium morphogenesis
GO:0003836	5	GO:0036065	8	14	0.159183673469388	6.63236972450682e-23	2.37504113150807	beta-galactoside (CMP) alpha-2,3-sialyltransferase activity	fucosylation
GO:0006596	4	GO:0033387	3	10	0.0106122448979592	4.94447194887577e-27	2.37490833098845	polyamine biosynthetic process	putrescine biosynthetic process from arginine, via ornithine
GO:0030119	6	GO:0030131	4	12	0.0853061224489796	2.86573061593516e-22	2.37434554162509	AP-type membrane coat adaptor complex	clathrin adaptor complex
GO:0022849	6	GO:0035590	9	12	0.0875510204081633	3.90578170641222e-22	2.37083610404178	glutamate-gated calcium ion channel activity	purinergic nucleotide receptor signaling pathway
GO:0000958	2	GO:0071028	8	12	0.0880357142857143	4.17143917093988e-22	2.37008062052932	mitochondrial mRNA catabolic process	nuclear mRNA surveillance
GO:0000962	2	GO:0071028	8	12	0.0880357142857143	4.17143917093988e-22	2.37008062052932	positive regulation of mitochondrial RNA catabolic process	nuclear mRNA surveillance
GO:0045025	2	GO:0071028	8	12	0.0880357142857143	4.17143917093988e-22	2.37008062052932	mitochondrial degradosome	nuclear mRNA surveillance
GO:0042813	12	GO:1990909	3	14	0.163265306122449	9.41782841785397e-23	2.3695503531762	Wnt receptor activity	Wnt signalosome
GO:0045295	8	GO:0086083	5	12	0.089234693877551	4.9012137683896e-22	2.36821518531211	gamma-catenin binding	cell adhesive protein binding involved in bundle of His cell-Purkinje myocyte communication
GO:0000467	5	GO:0045006	3	12	0.09	5.426280630832e-22	2.36702699937315	exonucleolytic trimming to generate mature 3'-end of 5.8S rRNA from tricistronic rRNA transcript (SSU-rRNA, 5.8S rRNA, LSU-rRNA)	DNA deamination
GO:0004415	6	GO:0030200	8	10	0.0155102040816327	2.18921702497458e-25	2.36580363978418	hyalurononglucosaminidase activity	heparan sulfate proteoglycan catabolic process
GO:0097422	5	GO:1905394	9	12	0.0911989795918367	6.35318456469244e-22	2.36516943412119	tubular endosome	retromer complex binding
GO:0030160	4	GO:0097105	8	11	0.0537244897959184	2.56658336715183e-22	2.36483595264648	synaptic receptor adaptor activity	presynaptic membrane assembly
GO:0033700	9	GO:0034197	4	12	0.0920918367346939	7.13522360185627e-22	2.36378924164242	phospholipid efflux	triglyceride transport
GO:0097109	4	GO:0098983	4	10	0.0181887755102041	1.07421428296225e-24	2.36087269452981	neuroligin family protein binding	symmetric, GABA-ergic, inhibitory synapse
GO:0097109	4	GO:0098985	4	10	0.0181887755102041	1.07421428296225e-24	2.36087269452981	neuroligin family protein binding	asymmetric, glutamatergic, excitatory synapse
GO:0030893	4	GO:0034087	4	11	0.0563520408163265	4.32932857909302e-22	2.36042847670081	meiotic cohesin complex	establishment of mitotic sister chromatid cohesion
GO:0045006	3	GO:0071035	5	12	0.095	1.03340840258913e-21	2.35931197908835	DNA deamination	nuclear polyadenylation-dependent rRNA catabolic process
GO:0045006	3	GO:0071038	5	12	0.095	1.03340840258913e-21	2.35931197908835	DNA deamination	TRAMP-dependent tRNA surveillance pathway
GO:0000800	7	GO:0000801	6	11	0.0571428571428571	5.04290937647204e-22	2.35910720993453	lateral element	central element
GO:0034473	3	GO:0045006	4	12	0.0954081632653061	1.07957848092158e-21	2.35868580932642	U1 snRNA 3'-end processing	DNA deamination
GO:0034476	3	GO:0045006	4	12	0.0954081632653061	1.07957848092158e-21	2.35868580932642	U5 snRNA 3'-end processing	DNA deamination
GO:0050665	5	GO:0106292	4	11	0.0578571428571429	5.77753067774426e-22	2.35791588427904	hydrogen peroxide biosynthetic process	superoxide-generating NADPH oxidase activity
GO:0002178	3	GO:0004758	5	10	0.0202040816326531	3.06656296501261e-24	2.35718483960426	palmitoyltransferase complex	serine C-palmitoyltransferase activity
GO:0000965	3	GO:0071028	8	12	0.0971428571428571	1.34790911447304e-21	2.35603063520212	mitochondrial RNA 3'-end processing	nuclear mRNA surveillance
GO:0002950	2	GO:0004767	5	10	0.0213265306122449	5.2502148586897e-24	2.35513898990883	ceramide phosphoethanolamine synthase activity	sphingomyelin phosphodiesterase activity
GO:0004767	5	GO:0033188	2	10	0.0213265306122449	5.2502148586897e-24	2.35513898990883	sphingomyelin phosphodiesterase activity	sphingomyelin synthase activity
GO:0004767	5	GO:0047493	2	10	0.0213265306122449	5.2502148586897e-24	2.35513898990883	sphingomyelin phosphodiesterase activity	ceramide cholinephosphotransferase activity
GO:0004591	3	GO:0006102	6	11	0.0606122448979592	9.6135349597359e-22	2.3533391134205	oxoglutarate dehydrogenase (succinyl-transferring) activity	isocitrate metabolic process
GO:0007207	4	GO:0070915	5	10	0.0224489795918367	8.7768892864555e-24	2.35309892614391	phospholipase C-activating G protein-coupled acetylcholine receptor signaling pathway	lysophosphatidic acid receptor activity
GO:0005579	7	GO:0005757	6	12	0.0991326530612245	1.71606461922673e-21	2.35299698072848	membrane attack complex	mitochondrial permeability transition pore complex
GO:0034366	6	GO:0034372	4	12	0.0994897959183673	1.79115129378471e-21	2.35245382654339	spherical high-density lipoprotein particle	very-low-density lipoprotein particle remodeling
GO:0008107	2	GO:0008499	10	12	0.0994897959183673	1.79115129378471e-21	2.35245382654339	galactoside 2-alpha-L-fucosyltransferase activity	N-acetyl-beta-D-glucosaminide beta-(1,3)-galactosyltransferase activity
GO:0008499	10	GO:0031127	2	12	0.0994897959183673	1.79115129378471e-21	2.35245382654339	N-acetyl-beta-D-glucosaminide beta-(1,3)-galactosyltransferase activity	alpha-(1,2)-fucosyltransferase activity
GO:0001665	5	GO:0010706	4	10	0.023265306122449	1.25354532430813e-23	2.35161885889895	alpha-N-acetylgalactosaminide alpha-2,6-sialyltransferase activity	ganglioside biosynthetic process via lactosylceramide
GO:0016907	4	GO:0070915	5	10	0.023469387755102	1.36769535404441e-23	2.35124931610376	G protein-coupled acetylcholine receptor activity	lysophosphatidic acid receptor activity
GO:0006102	6	GO:0030976	4	11	0.0624489795918367	1.3328059968506e-21	2.35030398613583	isocitrate metabolic process	thiamine pyrophosphate binding
GO:0010466	7	GO:0097067	8	10	0.024234693877551	1.88384450560991e-23	2.34986521426476	negative regulation of peptidase activity	cellular response to thyroid hormone stimulus
GO:0016595	7	GO:0035590	9	12	0.101479591836735	2.26744672276821e-21	2.3494351458896	glutamate binding	purinergic nucleotide receptor signaling pathway
GO:0008118	2	GO:0008417	9	11	0.0632142857142857	1.52282909102444e-21	2.34904310918406	N-acetyllactosaminide alpha-2,3-sialyltransferase activity	fucosyltransferase activity
GO:0000814	3	GO:0006623	11	12	0.101785714285714	2.35023799262225e-21	2.34897185266851	ESCRT II complex	protein targeting to vacuole
GO:0004526	10	GO:0070901	2	11	0.063265306122449	1.53633182912105e-21	2.3489591290314	ribonuclease P activity	mitochondrial tRNA methylation
GO:0048263	5	GO:0070700	9	12	0.102168367346939	2.45761599603588e-21	2.34839315426568	determination of dorsal identity	BMP receptor binding
GO:0001665	5	GO:1990743	3	10	0.0251020408163265	2.67557795114785e-23	2.34829976936013	alpha-N-acetylgalactosaminide alpha-2,6-sialyltransferase activity	protein sialylation
GO:0001665	5	GO:0047288	3	10	0.0251020408163265	2.67557795114785e-23	2.34829976936013	alpha-N-acetylgalactosaminide alpha-2,6-sialyltransferase activity	beta-D-galactosyl-(1->3)-N-acetyl-beta-D-galactosaminide alpha-2,3- sialyltransferase
GO:0097647	3	GO:1990410	4	10	0.0257142857142857	3.40275174291573e-23	2.34719679128523	amylin receptor signaling pathway	adrenomedullin receptor signaling pathway
GO:0030983	7	GO:0048298	4	10	0.0258163265306122	3.53989022316725e-23	2.34701312546108	mismatched DNA binding	positive regulation of isotype switching to IgA isotypes
GO:0001574	7	GO:0097503	5	10	0.0263265306122449	4.30308818750049e-23	2.34609549714697	ganglioside biosynthetic process	sialylation
GO:0001816	7	GO:0004908	6	10	0.0268622448979592	5.26084517916213e-23	2.34513324209373	cytokine production	interleukin-1 receptor activity
GO:0004908	6	GO:0005149	10	10	0.0268622448979592	5.26084517916213e-23	2.34513324209373	interleukin-1 receptor activity	interleukin-1 receptor binding
GO:0004526	10	GO:1990180	3	11	0.0664285714285714	2.62004371301862e-21	2.34377136206333	ribonuclease P activity	mitochondrial tRNA 3'-end processing
GO:0042043	12	GO:0098820	2	10	0.0277551020408163	7.28967765055959e-23	2.34353233067188	neurexin family protein binding	trans-synaptic protein complex
GO:0016024	13	GO:0019563	4	12	0.105790816326531	3.72083871633101e-21	2.34293768791849	CDP-diacylglycerol biosynthetic process	glycerol catabolic process
GO:0001665	5	GO:0097503	7	10	0.0281632653061225	8.43235710819393e-23	2.34280166712959	alpha-N-acetylgalactosaminide alpha-2,6-sialyltransferase activity	sialylation
GO:0001574	9	GO:1990743	3	10	0.0282397959183673	8.66371697831745e-23	2.34266475007111	ganglioside biosynthetic process	protein sialylation
GO:0001574	9	GO:0047288	3	10	0.0282397959183673	8.66371697831745e-23	2.34266475007111	ganglioside biosynthetic process	beta-D-galactosyl-(1->3)-N-acetyl-beta-D-galactosaminide alpha-2,3- sialyltransferase
GO:0005883	10	GO:0035253	10	12	0.106632653061224	4.08893793883685e-21	2.34167575486017	neurofilament	ciliary rootlet
GO:0010833	3	GO:0061820	5	10	0.0290816326530612	1.16129956990966e-22	2.34116037513494	telomere maintenance via telomere lengthening	telomeric D-loop disassembly
GO:0001682	12	GO:0070901	2	11	0.0683673469387755	3.58896311171849e-21	2.34061010619343	tRNA 5'-leader removal	mitochondrial tRNA methylation
GO:0016558	6	GO:0045046	3	11	0.0689030612244898	3.90880055160698e-21	2.33973903866978	protein import into peroxisome matrix	protein import into peroxisome membrane
GO:0008417	9	GO:0009247	6	13	0.1475	2.19055476177903e-21	2.33898202204749	fucosyltransferase activity	glycolipid biosynthetic process
GO:0006003	5	GO:0042132	2	10	0.0305102040816327	1.86826156862062e-22	2.33861465399359	fructose 2,6-bisphosphate metabolic process	fructose 1,6-bisphosphate 1-phosphatase activity
GO:0004331	5	GO:0042132	2	10	0.0305102040816327	1.86826156862062e-22	2.33861465399359	fructose-2,6-bisphosphate 2-phosphatase activity	fructose 1,6-bisphosphate 1-phosphatase activity
GO:0001574	8	GO:0003836	4	10	0.0308673469387755	2.10399445969734e-22	2.33797962500922	ganglioside biosynthetic process	beta-galactoside (CMP) alpha-2,3-sialyltransferase activity
GO:0005579	7	GO:0046902	9	12	0.110969387755102	6.57095851534165e-21	2.33520963835075	membrane attack complex	regulation of mitochondrial membrane permeability
GO:0001682	12	GO:1990180	3	11	0.0717857142857143	6.11914909390423e-21	2.3350698389326	tRNA 5'-leader removal	mitochondrial tRNA 3'-end processing
GO:0007197	5	GO:0070915	5	10	0.0326530612244898	3.68625803045027e-22	2.33481283871076	adenylate cyclase-inhibiting G protein-coupled acetylcholine receptor signaling pathway	lysophosphatidic acid receptor activity
GO:0006003	5	GO:0070061	4	10	0.0328571428571429	3.92251046873527e-22	2.33445180390821	fructose 2,6-bisphosphate metabolic process	fructose binding
GO:0042043	11	GO:0097116	3	10	0.0328571428571429	3.92251046873527e-22	2.33445180390821	neurexin family protein binding	gephyrin clustering involved in postsynaptic density assembly
GO:0004331	5	GO:0070061	4	10	0.0328571428571429	3.92251046873527e-22	2.33445180390821	fructose-2,6-bisphosphate 2-phosphatase activity	fructose binding
GO:0005003	6	GO:0061002	5	10	0.0332142857142857	4.36892263307518e-22	2.33382042748239	ephrin receptor activity	negative regulation of dendritic spine morphogenesis
GO:0034066	2	GO:0071986	6	10	0.0332142857142857	4.36892253984636e-22	2.33382042748239	Ric1-Rgp1 guanyl-nucleotide exchange factor complex	Ragulator complex
GO:0045822	4	GO:1903278	5	10	0.0342857142857143	5.9956226725641e-22	2.33192960721117	negative regulation of heart contraction	positive regulation of sodium ion export across plasma membrane
GO:0002476	9	GO:0032394	4	10	0.0344387755102041	6.26785406469723e-22	2.33165989416992	antigen processing and presentation of endogenous peptide antigen via MHC class Ib	MHC class Ib receptor activity
GO:0002486	9	GO:0032394	4	10	0.0344387755102041	6.26785406469723e-22	2.33165989416992	antigen processing and presentation of endogenous peptide antigen via MHC class I via ER pathway, TAP-independent	MHC class Ib receptor activity
GO:0034366	6	GO:0051006	6	12	0.113418367346939	8.51941916813521e-21	2.33158362998454	spherical high-density lipoprotein particle	positive regulation of lipoprotein lipase activity
GO:0001665	5	GO:0003836	5	10	0.036734693877551	1.19261398659852e-21	2.32762625353586	alpha-N-acetylgalactosaminide alpha-2,6-sialyltransferase activity	beta-galactoside (CMP) alpha-2,3-sialyltransferase activity
GO:0042743	4	GO:0050665	6	10	0.0370408163265306	1.29544898084708e-21	2.32709013495269	hydrogen peroxide metabolic process	hydrogen peroxide biosynthetic process
GO:0010248	9	GO:1903288	2	10	0.0371938775510204	1.3497986091436e-21	2.32682222500701	establishment or maintenance of transmembrane electrochemical gradient	positive regulation of potassium ion import across plasma membrane
GO:0070198	9	GO:0071532	5	11	0.0790816326530612	1.76279384268931e-20	2.32338552667375	protein localization to chromosome, telomeric region	ankyrin repeat binding
GO:0016167	5	GO:0048484	6	10	0.0397959183673469	2.64796780436238e-21	2.32228291413723	glial cell-derived neurotrophic factor receptor activity	enteric nervous system development
GO:0016126	9	GO:0033489	4	12	0.120408163265306	1.734922830543e-20	2.32133353683149	sterol biosynthetic process	cholesterol biosynthetic process via desmosterol
GO:0016126	9	GO:0033490	4	12	0.120408163265306	1.734922830543e-20	2.32133353683149	sterol biosynthetic process	cholesterol biosynthetic process via lathosterol
GO:0006690	8	GO:0016702	3	10	0.0404591836734694	3.12202776172924e-21	2.32113038912517	icosanoid metabolic process	oxidoreductase activity, acting on single donors with incorporation of molecular oxygen, incorporation of two atoms of oxygen
GO:0006625	7	GO:0044721	2	10	0.0408163265306122	3.40771916031538e-21	2.32051056061553	protein targeting to peroxisome	protein import into peroxisome matrix, substrate release
GO:0034485	6	GO:0052629	10	10	0.0410714285714286	3.62595194098335e-21	2.32006815181881	phosphatidylinositol-3,4,5-trisphosphate 5-phosphatase activity	phosphatidylinositol-3,5-bisphosphate 3-phosphatase activity
GO:0005784	2	GO:0008250	14	11	0.0812244897959184	2.36087995266165e-20	2.31998942177299	Sec61 translocon complex	oligosaccharyltransferase complex
GO:0000957	5	GO:0071028	8	12	0.121428571428571	1.91800977508686e-20	2.31984928215053	mitochondrial RNA catabolic process	nuclear mRNA surveillance
GO:0009101	9	GO:0018242	7	10	0.0416326530612245	4.15091001059249e-21	2.31909580650585	glycoprotein biosynthetic process	protein O-linked glycosylation via serine
GO:0003836	5	GO:0042355	8	13	0.162244897959184	7.45657995044363e-21	2.318907602189	beta-galactoside (CMP) alpha-2,3-sialyltransferase activity	L-fucose catabolic process
GO:0032050	9	GO:0032051	4	10	0.042015306122449	4.5470186684313e-21	2.31843359446959	clathrin heavy chain binding	clathrin light chain binding
GO:0042043	12	GO:0097117	2	10	0.0424489795918367	5.03677789147423e-21	2.31768382167441	neurexin family protein binding	guanylate kinase-associated protein clustering
GO:0006760	4	GO:0046653	4	10	0.0425	5.09740821094621e-21	2.3175956643238	folic acid-containing compound metabolic process	tetrahydrofolate metabolic process
GO:0009923	1	GO:0042761	11	10	0.0426530612244898	5.28318454766025e-21	2.31733125689689	fatty acid elongase complex	very long-chain fatty acid biosynthetic process
GO:0004768	3	GO:0030497	6	10	0.0437755102040816	6.84335162364656e-21	2.3153952248149	stearoyl-CoA 9-desaturase activity	fatty acid elongation
GO:0006625	7	GO:1990429	2	10	0.0440816326530612	7.3352104909643e-21	2.3148681166289	protein targeting to peroxisome	peroxisomal importomer complex
GO:0030906	4	GO:1905394	9	11	0.0845663265306122	3.66740969826977e-20	2.31472482138724	retromer, cargo-selective complex	retromer complex binding
GO:0001936	4	GO:0008499	10	12	0.125	2.70700825359132e-20	2.3146783100398	regulation of endothelial cell proliferation	N-acetyl-beta-D-glucosaminide beta-(1,3)-galactosyltransferase activity
GO:0005160	8	GO:0034713	8	11	0.0857142857142857	4.24928504300912e-20	2.3129252008602	transforming growth factor beta receptor binding	type I transforming growth factor beta receptor binding
GO:0006625	7	GO:0016561	2	10	0.0454591836734694	9.96571598920886e-21	2.31250088471992	protein targeting to peroxisome	protein import into peroxisome matrix, translocation
GO:0005592	3	GO:0048407	8	10	0.0464285714285714	1.22959700183449e-20	2.31083969946503	collagen type XI trimer	platelet-derived growth factor binding
GO:0008073	3	GO:0033387	3	9	0.00596938775510204	2.63640792509494e-26	2.31053585434181	ornithine decarboxylase inhibitor activity	putrescine biosynthetic process from arginine, via ornithine
GO:0006937	8	GO:0006942	7	12	0.127959183673469	3.57471551199915e-20	2.31042169414916	regulation of muscle contraction	regulation of striated muscle contraction
GO:0032926	10	GO:0071141	4	10	0.0469387755102041	1.37096315114524e-20	2.30996692558911	negative regulation of activin receptor signaling pathway	SMAD protein complex
GO:0004526	10	GO:0008207	1	10	0.0474489795918367	1.52019363242865e-20	2.30909520642509	ribonuclease P activity	C21-steroid hormone metabolic process
GO:0051011	12	GO:0140490	3	10	0.0474489795918367	1.52677707748045e-20	2.30909520642509	microtubule minus-end binding	microtubule nucleator activity
GO:0060342	4	GO:1903278	5	10	0.0477551020408163	1.62773542523925e-20	2.30857268012883	photoreceptor inner segment membrane	positive regulation of sodium ion export across plasma membrane
GO:0004526	10	GO:0043527	4	11	0.0885714285714286	6.07888455432645e-20	2.30846554201594	ribonuclease P activity	tRNA methyltransferase complex
GO:0030983	7	GO:0048304	5	10	0.048265306122449	1.80940310061643e-20	2.30770264321182	mismatched DNA binding	positive regulation of isotype switching to IgG isotypes
GO:0030983	7	GO:0032407	6	10	0.048265306122449	1.80940310061643e-20	2.30770264321182	mismatched DNA binding	MutSalpha complex binding
GO:0009247	6	GO:0036065	8	12	0.13	4.31406445841184e-20	2.30750066355127	glycolipid biosynthetic process	fucosylation
GO:0048496	5	GO:0050957	6	10	0.048469387755102	1.88703291088093e-20	2.3073549220576	maintenance of animal organ identity	equilibrioception
GO:0004510	2	GO:0006729	7	10	0.0489030612244898	2.06202267727723e-20	2.30661657067619	tryptophan 5-monooxygenase activity	tetrahydrobiopterin biosynthetic process
GO:0000177	12	GO:0000964	2	11	0.0901530612244898	7.37479105868868e-20	2.30600860692259	cytoplasmic exosome (RNase complex)	mitochondrial RNA 5'-end processing
GO:0004659	5	GO:0110142	6	10	0.0492857142857143	2.22839671246797e-20	2.30596571118924	prenyltransferase activity	ubiquinone biosynthesis complex
GO:0004427	4	GO:0005889	3	9	0.00872448979591837	8.0073231524371e-25	2.30533797141536	inorganic diphosphate phosphatase activity	potassium:proton exchanging ATPase complex
GO:0004427	4	GO:0008900	3	9	0.00872448979591837	8.0073231524371e-25	2.30533797141536	inorganic diphosphate phosphatase activity	P-type potassium:proton transporter activity
GO:0043812	1	GO:0052629	10	9	0.00892857142857143	9.85790715961773e-25	2.30495442892569	phosphatidylinositol-4-phosphate phosphatase activity	phosphatidylinositol-3,5-bisphosphate 3-phosphatase activity
GO:0016556	8	GO:0070925	5	10	0.0503826530612245	2.77433797203171e-20	2.30410316213877	mRNA modification	organelle assembly
GO:0006729	7	GO:0009072	3	10	0.0507142857142857	2.96156510564065e-20	2.30354101135855	tetrahydrobiopterin biosynthetic process	aromatic amino acid metabolic process
GO:0001682	12	GO:0008207	1	10	0.0512755102040816	3.30442980693015e-20	2.30259067614415	tRNA 5'-leader removal	C21-steroid hormone metabolic process
GO:0001601	3	GO:0031841	3	9	0.0102040816326531	3.27167917442768e-24	2.30256189764301	peptide YY receptor activity	neuropeptide Y receptor binding
GO:0032374	6	GO:0034366	7	12	0.133775510204082	6.06140559270681e-20	2.30212774323902	regulation of cholesterol transport	spherical high-density lipoprotein particle
GO:0009923	2	GO:0030497	6	10	0.0521938775510204	3.94302751559106e-20	2.30103827772482	fatty acid elongase complex	fatty acid elongation
GO:0015311	3	GO:0140788	3	9	0.0111479591836735	7.24692554700999e-24	2.30079651935958	monoamine:proton antiporter activity	L-glutamate uniporter activity
GO:0006760	3	GO:0046655	8	10	0.0523469387755102	4.05963237908397e-20	2.30077986915302	folic acid-containing compound metabolic process	folic acid metabolic process
GO:0043813	2	GO:0052629	9	9	0.0114795918367347	9.44252734334574e-24	2.30017727556907	phosphatidylinositol-3,5-bisphosphate 5-phosphatase activity	phosphatidylinositol-3,5-bisphosphate 3-phosphatase activity
GO:0006171	9	GO:0031622	1	9	0.0116071428571429	1.04165527084958e-23	2.29993924635706	cAMP biosynthetic process	positive regulation of fever generation
GO:0140346	5	GO:0140351	3	9	0.0119387755102041	1.34341083003506e-23	2.29932073774378	phosphatidylserine flippase activity	glycosylceramide flippase activity
GO:0004016	10	GO:0031622	1	9	0.0122704081632653	1.71858750974729e-23	2.29870275900713	adenylate cyclase activity	positive regulation of fever generation
GO:0005885	9	GO:0071933	9	11	0.095	1.30615792022249e-19	2.29853098914789	Arp2/3 protein complex	Arp2/3 complex binding
GO:0019829	8	GO:1903278	5	10	0.0538775510204082	5.40814366641196e-20	2.29820086204244	ATPase-coupled monoatomic cation transmembrane transporter activity	positive regulation of sodium ion export across plasma membrane
GO:0016167	5	GO:0061146	2	9	0.0126020408163265	2.18413190329499e-23	2.29808530923999	glial cell-derived neurotrophic factor receptor activity	Peyer's patch morphogenesis
GO:0070915	5	GO:0098981	11	10	0.0540816326530612	5.61548342459372e-20	2.29785769004718	lysophosphatidic acid receptor activity	cholinergic synapse
GO:0004459	3	GO:0004470	3	9	0.0128571428571429	2.61188111790574e-23	2.29761070726192	L-lactate dehydrogenase activity	malic enzyme activity
GO:0004459	3	GO:0004473	3	9	0.0128571428571429	2.61188111790574e-23	2.29761070726192	L-lactate dehydrogenase activity	malate dehydrogenase (decarboxylating) (NADP+) activity
GO:0055064	5	GO:0090188	5	9	0.0129081632653061	2.71001666804907e-23	2.29751582432585	chloride ion homeostasis	negative regulation of pancreatic juice secretion
GO:0001682	12	GO:0043527	4	11	0.0957142857142857	1.41741242326378e-19	2.29743554851149	tRNA 5'-leader removal	tRNA methyltransferase complex
GO:0004339	2	GO:0005980	9	10	0.0543877551020408	5.93990819273897e-20	2.29734323797228	glucan 1,4-alpha-glucosidase activity	glycogen catabolic process
GO:0006171	9	GO:0098921	3	9	0.0133928571428571	3.77451898310596e-23	2.29661505835238	cAMP biosynthetic process	retrograde trans-synaptic signaling by endocannabinoid
GO:0004459	3	GO:0008948	4	9	0.013469387755102	3.97286014075312e-23	2.29647293491178	L-lactate dehydrogenase activity	oxaloacetate decarboxylase activity
GO:0030259	7	GO:0042355	8	12	0.137908163265306	8.69917692768534e-20	2.29629209102196	lipid glycosylation	L-fucose catabolic process
GO:0015247	2	GO:0090556	7	9	0.0138775510204082	5.19551441539658e-23	2.29571541578682	aminophospholipid flippase activity	phosphatidylserine floppase activity
GO:0004016	10	GO:0098921	3	9	0.0141581632653061	6.21964557805448e-23	2.2951950824599	adenylate cyclase activity	retrograde trans-synaptic signaling by endocannabinoid
GO:0008118	2	GO:0036065	8	10	0.0557142857142857	7.54936731977999e-20	2.29511817563958	N-acetyllactosaminide alpha-2,3-sialyltransferase activity	fucosylation
GO:0034066	2	GO:1990877	10	10	0.0557142857142857	7.54936731977999e-20	2.29511817563958	Ric1-Rgp1 guanyl-nucleotide exchange factor complex	FNIP-folliculin RagC/D GAP
GO:0006171	9	GO:0038171	3	9	0.0142857142857143	6.74172733259261e-23	2.29495869133196	cAMP biosynthetic process	cannabinoid signaling pathway
GO:0004949	3	GO:0006171	9	9	0.0142857142857143	6.74172733259261e-23	2.29495869133196	cannabinoid receptor activity	cAMP biosynthetic process
GO:0016199	4	GO:0048495	6	9	0.0145408163265306	7.90410942859108e-23	2.2944861413508	axon midline choice point recognition	Roundabout binding
GO:0045823	8	GO:1903278	5	10	0.0563265306122449	8.41653410598095e-20	2.29409353410303	positive regulation of heart contraction	positive regulation of sodium ion export across plasma membrane
GO:0004016	10	GO:0038171	3	9	0.0151020408163265	1.1108496185429e-22	2.29344761977558	adenylate cyclase activity	cannabinoid signaling pathway
GO:0004016	10	GO:0004949	3	9	0.0151020408163265	1.1108496185429e-22	2.29344761977558	adenylate cyclase activity	cannabinoid receptor activity
GO:0010466	7	GO:0036021	5	9	0.0155102040816327	1.41166812517445e-22	2.29269326935866	negative regulation of peptidase activity	endolysosome lumen
GO:0090556	7	GO:0140351	3	9	0.0156122448979592	1.49734996220278e-22	2.29250480494989	phosphatidylserine floppase activity	glycosylceramide flippase activity
GO:0036396	8	GO:0070925	5	10	0.0573979591836735	1.01518442681447e-19	2.29230390616289	RNA N6-methyladenosine methyltransferase complex	organelle assembly
GO:0019441	5	GO:0042427	3	10	0.0575	1.03328140407212e-19	2.29213369674246	L-tryptophan catabolic process to kynurenine	serotonin biosynthetic process
GO:0002866	2	GO:0006171	9	9	0.0160714285714286	1.94288013913463e-22	2.29165732391984	positive regulation of acute inflammatory response to antigenic stimulus	cAMP biosynthetic process
GO:0000177	12	GO:2000772	4	11	0.0996428571428572	2.19834952776876e-19	2.29144018137743	cytoplasmic exosome (RNase complex)	regulation of cellular senescence
GO:0016167	5	GO:0097021	5	9	0.0165816326530612	2.57277544537719e-22	2.29071684462046	glial cell-derived neurotrophic factor receptor activity	lymphocyte migration into lymphoid organs
GO:0006171	9	GO:0014063	3	9	0.0169642857142857	3.15810770512847e-22	2.29001228895274	cAMP biosynthetic process	negative regulation of serotonin secretion
GO:0031402	8	GO:1903278	5	10	0.0587755102040816	1.28528925920132e-19	2.29000946079884	sodium ion binding	positive regulation of sodium ion export across plasma membrane
GO:0002866	2	GO:0004016	10	9	0.0169897959183673	3.20103352449154e-22	2.28996534303359	positive regulation of acute inflammatory response to antigenic stimulus	adenylate cyclase activity
GO:0015311	3	GO:0050803	5	9	0.017015306122449	3.24447696974727e-22	2.28991840016953	monoamine:proton antiporter activity	regulation of synapse structure or activity
GO:0000814	3	GO:0046761	7	11	0.100714285714286	2.47038383183601e-19	2.28981369247988	ESCRT II complex	viral budding from plasma membrane
GO:0051610	7	GO:0140788	3	9	0.0174489795918367	4.06768791125927e-22	2.28912083852296	serotonin uptake	L-glutamate uniporter activity
GO:0004470	3	GO:0006089	4	9	0.0176785714285714	4.57458915149515e-22	2.28869895673662	malic enzyme activity	lactate metabolic process
GO:0004473	3	GO:0006089	4	9	0.0176785714285714	4.57458915149515e-22	2.28869895673662	malate dehydrogenase (decarboxylating) (NADP+) activity	lactate metabolic process
GO:0009156	3	GO:0047631	3	9	0.0177551020408163	4.74716773906455e-22	2.28855838428749	ribonucleoside monophosphate biosynthetic process	ADP-ribose diphosphatase activity
GO:0004749	3	GO:0047631	3	9	0.0177551020408163	4.74716773906455e-22	2.28855838428749	ribose phosphate diphosphokinase activity	ADP-ribose diphosphatase activity
GO:0016941	3	GO:0051427	4	9	0.017780612244898	4.81734898654222e-22	2.28851153289135	natriuretic peptide receptor activity	hormone receptor binding
GO:0006171	9	GO:0033004	4	9	0.0178571428571429	5.00686127190674e-22	2.28837099695809	cAMP biosynthetic process	negative regulation of mast cell activation
GO:0004016	10	GO:0014063	3	9	0.0179336734693878	5.20296872173814e-22	2.28823048839931	adenylate cyclase activity	negative regulation of serotonin secretion
GO:0006089	4	GO:0008948	4	9	0.0185204081632653	6.94790033747837e-22	2.2871541644155	lactate metabolic process	oxaloacetate decarboxylase activity
GO:0008290	4	GO:0051694	5	9	0.0185204081632653	6.94790033747837e-22	2.2871541644155	F-actin capping protein complex	pointed-end actin filament capping
GO:0030497	5	GO:0036109	7	10	0.0606887755102041	1.7675247831443e-19	2.28683479006228	fatty acid elongation	alpha-linolenic acid metabolic process
GO:0030719	5	GO:0034584	5	9	0.0187755102040816	7.8564188572252e-22	2.28668669792228	P granule organization	piRNA binding
GO:0070198	9	GO:0090656	8	11	0.10280612244898	3.09128566055711e-19	2.28664869747911	protein localization to chromosome, telomeric region	t-circle formation
GO:0004016	10	GO:0033004	4	9	0.0188775510204082	8.2484035515181e-22	2.28649979611519	adenylate cyclase activity	negative regulation of mast cell activation
GO:0034366	7	GO:0055090	3	10	0.0610204081632653	1.86595846482454e-19	2.28628593177787	spherical high-density lipoprotein particle	acylglycerol homeostasis
GO:0004735	3	GO:0010133	3	9	0.019234693877551	9.7420634848291e-22	2.28584602088521	pyrroline-5-carboxylate reductase activity	proline catabolic process to glutamate
GO:0006555	6	GO:0046655	9	11	0.10375	3.41526193584304e-19	2.28522512402423	methionine metabolic process	folic acid metabolic process
GO:0005219	3	GO:0033018	6	9	0.0197704081632653	1.24925420597365e-21	2.28486646769841	ryanodine-sensitive calcium-release channel activity	sarcoplasmic reticulum lumen
GO:0006546	3	GO:0035999	6	10	0.0620408163265306	2.20050947633088e-19	2.28459975167291	glycine catabolic process	tetrahydrofolate interconversion
GO:0019464	3	GO:0035999	6	10	0.0620408163265306	2.20050947633088e-19	2.28459975167291	glycine decarboxylation via glycine cleavage system	tetrahydrofolate interconversion
GO:0005960	3	GO:0035999	6	10	0.0620408163265306	2.20050947633088e-19	2.28459975167291	glycine cleavage complex	tetrahydrofolate interconversion
GO:0005313	10	GO:0015311	3	9	0.0199489795918367	1.35433621155778e-21	2.28454024534294	L-glutamate transmembrane transporter activity	monoamine:proton antiporter activity
GO:0009048	6	GO:0016556	7	10	0.0626785714285714	2.43605689544225e-19	2.28354788715621	dosage compensation by inactivation of X chromosome	mRNA modification
GO:0006171	9	GO:0045759	4	9	0.0205357142857143	1.7571115945975e-21	2.28346940944291	cAMP biosynthetic process	negative regulation of action potential
GO:0004526	10	GO:0098795	1	10	0.063265306122449	2.6571577101607e-19	2.28258152460552	ribonuclease P activity	global gene silencing by mRNA cleavage
GO:0015311	3	GO:0044341	7	9	0.0211224489795918	2.26297711309976e-21	2.28240016083608	monoamine:proton antiporter activity	sodium-dependent phosphate transport
GO:0005436	7	GO:0015311	3	9	0.0211224489795918	2.26297711309976e-21	2.28240016083608	sodium:phosphate symporter activity	monoamine:proton antiporter activity
GO:0034380	3	GO:0051006	7	10	0.0633928571428571	2.72657795463177e-19	2.2823716169886	high-density lipoprotein particle assembly	positive regulation of lipoprotein lipase activity
GO:0006171	9	GO:0033602	2	9	0.0214285714285714	2.57514136929607e-21	2.28184292054537	cAMP biosynthetic process	negative regulation of dopamine secretion
GO:1903288	3	GO:1903416	3	9	0.0214540816326531	2.59722118611738e-21	2.28179650327947	positive regulation of potassium ion import across plasma membrane	response to glycoside
GO:0004016	10	GO:0045759	4	9	0.0217091836734694	2.89430224862425e-21	2.28133249482372	adenylate cyclase activity	negative regulation of action potential
GO:1990408	6	GO:2001214	8	10	0.0645408163265306	3.25916382428411e-19	2.28048519206227	calcitonin gene-related peptide receptor signaling pathway	positive regulation of vasculogenesis
GO:0016199	4	GO:0048846	10	10	0.0650510204081633	3.52453191680437e-19	2.2796483618983	axon midline choice point recognition	axon extension involved in axon guidance
GO:0004016	10	GO:0033602	2	9	0.0226530612244898	4.24156062741438e-21	2.27961825410839	adenylate cyclase activity	negative regulation of dopamine secretion
GO:0008331	11	GO:0036477	6	11	0.1075	5.02986229429282e-19	2.27959689635267	high voltage-gated calcium channel activity	somatodendritic compartment
GO:0006287	9	GO:0072572	6	10	0.0652040816326531	3.60784389064829e-19	2.2793975020382	base-excision repair, gap-filling	poly-ADP-D-ribose binding
GO:0042813	12	GO:0090272	1	10	0.0653061224489796	3.66436358291665e-19	2.27923031058527	Wnt receptor activity	negative regulation of fibroblast growth factor production
GO:0006537	4	GO:0019240	4	10	0.0654336734693878	3.73613307222971e-19	2.27902137574805	glutamate biosynthetic process	citrulline biosynthetic process
GO:0006896	8	GO:0030124	4	11	0.107984693877551	5.28268092973252e-19	2.27887263265727	Golgi to vacuole transport	AP-4 adaptor complex
GO:0034098	7	GO:1904153	9	13	0.192984693877551	6.91396757058252e-20	2.27877151448041	VCP-NPL4-UFD1 AAA ATPase complex	negative regulation of retrograde protein transport, ER to cytosol
GO:0150060	3	GO:1990410	4	9	0.0232142857142857	5.28399259947153e-21	2.27860090376027	amylin receptor 2 signaling pathway	adrenomedullin receptor signaling pathway
GO:0008048	5	GO:0022400	8	9	0.023469387755102	5.82881708189212e-21	2.27813894567824	calcium sensitive guanylate cyclase activator activity	regulation of opsin-mediated signaling pathway
GO:0000958	2	GO:0071051	7	10	0.0665816326530612	4.44120390973249e-19	2.27714368049143	mitochondrial mRNA catabolic process	poly(A)-dependent snoRNA 3'-end processing
GO:0000962	2	GO:0071051	7	10	0.0665816326530612	4.44120390973249e-19	2.27714368049143	positive regulation of mitochondrial RNA catabolic process	poly(A)-dependent snoRNA 3'-end processing
GO:0045025	2	GO:0071051	7	10	0.0665816326530612	4.44120390973249e-19	2.27714368049143	mitochondrial degradosome	poly(A)-dependent snoRNA 3'-end processing
GO:0000467	6	GO:0000958	2	10	0.0673214285714286	4.95675590651519e-19	2.27593619496645	exonucleolytic trimming to generate mature 3'-end of 5.8S rRNA from tricistronic rRNA transcript (SSU-rRNA, 5.8S rRNA, LSU-rRNA)	mitochondrial mRNA catabolic process
GO:0000467	6	GO:0000962	2	10	0.0673214285714286	4.95675590651519e-19	2.27593619496645	exonucleolytic trimming to generate mature 3'-end of 5.8S rRNA from tricistronic rRNA transcript (SSU-rRNA, 5.8S rRNA, LSU-rRNA)	positive regulation of mitochondrial RNA catabolic process
GO:0000467	6	GO:0045025	2	10	0.0673214285714286	4.95675590651519e-19	2.27593619496645	exonucleolytic trimming to generate mature 3'-end of 5.8S rRNA from tricistronic rRNA transcript (SSU-rRNA, 5.8S rRNA, LSU-rRNA)	mitochondrial degradosome
GO:0016183	5	GO:0030124	4	10	0.0676530612244898	5.20484785871998e-19	2.27539556378229	synaptic vesicle coating	AP-4 adaptor complex
GO:0006171	9	GO:0060259	8	9	0.025	1.02784240467533e-20	2.27537339269162	cAMP biosynthetic process	regulation of feeding behavior
GO:0045294	5	GO:0045295	7	10	0.0677295918367347	5.26366082e-19	2.27527086026042	alpha-catenin binding	gamma-catenin binding
GO:0004459	3	GO:0006108	6	9	0.0251020408163265	1.06612434484755e-20	2.27518939893461	L-lactate dehydrogenase activity	malate metabolic process
GO:0005602	3	GO:2000427	3	9	0.0252295918367347	1.11294042077557e-20	2.27495947271571	complement component C1 complex	positive regulation of apoptotic cell clearance
GO:0062167	3	GO:2000427	3	9	0.0252295918367347	1.11294042077557e-20	2.27495947271571	complement component C1q complex	positive regulation of apoptotic cell clearance
GO:0033693	3	GO:0098971	6	9	0.0252551020408163	1.12592357713613e-20	2.27491349626518	neurofilament bundle assembly	anterograde dendritic transport of neurotransmitter receptor complex
GO:0016263	3	GO:0048729	3	9	0.0252551020408163	1.12308069960531e-20	2.27491349626518	glycoprotein-N-acetylgalactosamine 3-beta-galactosyltransferase activity	tissue morphogenesis
GO:0003829	3	GO:0016263	3	9	0.0252551020408163	1.12308069960531e-20	2.27491349626518	beta-1,3-galactosyl-O-glycosyl-glycoprotein beta-1,6-N-acetylglucosaminyltransferase activity	glycoprotein-N-acetylgalactosamine 3-beta-galactosyltransferase activity
GO:0000015	3	GO:0004619	3	9	0.0252551020408163	1.12308069960531e-20	2.27491349626518	phosphopyruvate hydratase complex	phosphoglycerate mutase activity
GO:0004619	3	GO:0004634	3	9	0.0252551020408163	1.12308069960531e-20	2.27491349626518	phosphoglycerate mutase activity	phosphopyruvate hydratase activity
GO:0008378	5	GO:0008499	9	10	0.0680102040816327	5.48445352728362e-19	2.2748137983676	galactosyltransferase activity	N-acetyl-beta-D-glucosaminide beta-(1,3)-galactosyltransferase activity
GO:0001682	12	GO:0098795	1	10	0.0683673469387755	5.77748515191111e-19	2.27423250176755	tRNA 5'-leader removal	global gene silencing by mRNA cleavage
GO:0016012	6	GO:1902083	4	9	0.0258928571428571	1.4084366712937e-20	2.27376503634985	sarcoglycan complex	negative regulation of peptidyl-cysteine S-nitrosylation
GO:0097504	9	GO:1990447	1	9	0.0260204081632653	1.46812620342697e-20	2.27353556361992	Gemini of Cajal bodies	U2 snRNP binding
GO:0005047	6	GO:1904380	12	11	0.111964285714286	7.83721303524265e-19	2.27295338355788	signal recognition particle binding	endoplasmic reticulum mannose trimming
GO:0004016	10	GO:0060259	8	9	0.0264285714285714	1.69266650586629e-20	2.27280174105364	adenylate cyclase activity	regulation of feeding behavior
GO:0000839	2	GO:1904153	9	10	0.0693877551020408	6.69387131964693e-19	2.27257423087532	Hrd1p ubiquitin ligase ERAD-L complex	negative regulation of retrograde protein transport, ER to cytosol
GO:0004735	3	GO:0006562	4	9	0.0266326530612245	1.81367029811765e-20	2.27243510952329	pyrroline-5-carboxylate reductase activity	proline catabolic process
GO:0050803	5	GO:0051610	7	9	0.0266326530612245	1.81367029817079e-20	2.27243510952329	regulation of synapse structure or activity	serotonin uptake
GO:0004526	10	GO:0051731	2	10	0.0695918367346939	6.89209805163188e-19	2.27224303366085	ribonuclease P activity	polynucleotide 5'-hydroxyl-kinase activity
GO:0004526	10	GO:0051736	2	10	0.0695918367346939	6.89209805163188e-19	2.27224303366085	ribonuclease P activity	ATP-dependent polyribonucleotide 5'-hydroxyl-kinase activity
GO:0006171	9	GO:0031999	4	9	0.0267857142857143	1.90940358077451e-20	2.27216025811191	cAMP biosynthetic process	negative regulation of fatty acid beta-oxidation
GO:0033700	7	GO:0034372	3	10	0.0696428571428571	6.94247181197316e-19	2.27216025811191	phospholipid efflux	very-low-density lipoprotein particle remodeling
GO:0004558	5	GO:0031404	10	10	0.0697959183673469	7.09558466805348e-19	2.27191198844143	alpha-1,4-glucosidase activity	chloride ion binding
GO:0006560	2	GO:0055129	5	9	0.0270408163265306	2.07895101668934e-20	2.27170240502104	proline metabolic process	L-proline biosynthetic process
GO:0000958	2	GO:0071035	6	10	0.070280612244898	7.60067107944452e-19	2.27112636439837	mitochondrial mRNA catabolic process	nuclear polyadenylation-dependent rRNA catabolic process
GO:0000958	2	GO:0071038	6	10	0.070280612244898	7.60067107944452e-19	2.27112636439837	mitochondrial mRNA catabolic process	TRAMP-dependent tRNA surveillance pathway
GO:0000962	2	GO:0071035	6	10	0.070280612244898	7.60067107944452e-19	2.27112636439837	positive regulation of mitochondrial RNA catabolic process	nuclear polyadenylation-dependent rRNA catabolic process
GO:0000962	2	GO:0071038	6	10	0.070280612244898	7.60067107944452e-19	2.27112636439837	positive regulation of mitochondrial RNA catabolic process	TRAMP-dependent tRNA surveillance pathway
GO:0045025	2	GO:0071035	6	10	0.070280612244898	7.60067107944452e-19	2.27112636439837	mitochondrial degradosome	nuclear polyadenylation-dependent rRNA catabolic process
GO:0045025	2	GO:0071038	6	10	0.070280612244898	7.60067107944452e-19	2.27112636439837	mitochondrial degradosome	TRAMP-dependent tRNA surveillance pathway
GO:1903288	3	GO:1990239	5	9	0.0273724489795918	2.31932848170109e-20	2.27110763013143	positive regulation of potassium ion import across plasma membrane	steroid hormone binding
GO:0120098	3	GO:1905832	7	9	0.0275510204081633	2.45871835317765e-20	2.2707875697425	procentriole	positive regulation of spindle assembly
GO:0003873	3	GO:0070095	4	9	0.0275510204081633	2.45871835309516e-20	2.2707875697425	6-phosphofructo-2-kinase activity	fructose-6-phosphate binding
GO:0004052	3	GO:0097267	4	9	0.0277551020408163	2.62709207078282e-20	2.27042196024636	arachidonate 12(S)-lipoxygenase activity	omega-hydroxylase P450 pathway
GO:0004052	3	GO:0052869	4	9	0.0277551020408163	2.62709207078282e-20	2.27042196024636	arachidonate 12(S)-lipoxygenase activity	arachidonate omega-hydroxylase activity
GO:0098971	6	GO:0099160	4	9	0.027780612244898	2.64884279708708e-20	2.27037627208594	anterograde dendritic transport of neurotransmitter receptor complex	postsynaptic intermediate filament cytoskeleton
GO:0004016	10	GO:0031999	4	9	0.0283163265306122	3.14414623834761e-20	2.26941748857004	adenylate cyclase activity	negative regulation of fatty acid beta-oxidation
GO:0032957	3	GO:0052659	5	9	0.0285714285714286	3.40767719411258e-20	2.26896137251283	inositol trisphosphate metabolic process	inositol-1,3,4,5-tetrakisphosphate 5-phosphatase activity
GO:0004052	3	GO:0102033	5	9	0.0285714285714286	3.40767719411258e-20	2.26896137251283	arachidonate 12(S)-lipoxygenase activity	long-chain fatty acid omega-hydroxylase activity
GO:0070863	7	GO:0090556	7	9	0.0286224489795918	3.46267729376459e-20	2.26887018390005	positive regulation of protein exit from endoplasmic reticulum	phosphatidylserine floppase activity
GO:0097267	4	GO:2001303	3	9	0.0286224489795918	3.46267729362927e-20	2.26887018390005	omega-hydroxylase P450 pathway	lipoxin A4 biosynthetic process
GO:0016165	3	GO:0097267	4	9	0.0286224489795918	3.46267729362927e-20	2.26887018390005	linoleate 13S-lipoxygenase activity	omega-hydroxylase P450 pathway
GO:0050473	3	GO:0097267	4	9	0.0286224489795918	3.46267729362927e-20	2.26887018390005	arachidonate 15-lipoxygenase activity	omega-hydroxylase P450 pathway
GO:0017154	12	GO:1905704	2	9	0.0286224489795918	3.46267729376459e-20	2.26887018390005	semaphorin receptor activity	positive regulation of inhibitory synapse assembly
GO:0052869	4	GO:2001303	3	9	0.0286224489795918	3.46267729362927e-20	2.26887018390005	arachidonate omega-hydroxylase activity	lipoxin A4 biosynthetic process
GO:0016165	3	GO:0052869	4	9	0.0286224489795918	3.46267729362927e-20	2.26887018390005	linoleate 13S-lipoxygenase activity	arachidonate omega-hydroxylase activity
GO:0050473	3	GO:0052869	4	9	0.0286224489795918	3.46267729362927e-20	2.26887018390005	arachidonate 15-lipoxygenase activity	arachidonate omega-hydroxylase activity
GO:0034058	11	GO:0099023	2	9	0.0289030612244898	3.77951299424361e-20	2.26836885248041	endosomal vesicle fusion	vesicle tethering complex
GO:0030991	7	GO:0044292	4	11	0.115408163265306	1.09023170768226e-18	2.26786987047938	intraciliary transport particle A	dendrite terminus
GO:0004445	4	GO:0016303	3	9	0.0292602040816327	4.21985819866604e-20	2.26773129781226	inositol-polyphosphate 5-phosphatase activity	1-phosphatidylinositol-3-kinase activity
GO:0004445	4	GO:0035005	3	9	0.0292602040816327	4.21985819866604e-20	2.26773129781226	inositol-polyphosphate 5-phosphatase activity	1-phosphatidylinositol-4-phosphate 3-kinase activity
GO:0042297	4	GO:0097105	7	9	0.0292857142857143	4.25298763966052e-20	2.26768577974816	vocal learning	presynaptic membrane assembly
GO:0006015	6	GO:0047631	3	9	0.0293877551020408	4.3878277076123e-20	2.26750373620892	5-phosphoribose 1-diphosphate biosynthetic process	ADP-ribose diphosphatase activity
GO:0102033	5	GO:2001303	3	9	0.0294642857142857	4.49143591447928e-20	2.26736723369731	long-chain fatty acid omega-hydroxylase activity	lipoxin A4 biosynthetic process
GO:0016165	3	GO:0102033	5	9	0.0294642857142857	4.49143591447928e-20	2.26736723369731	linoleate 13S-lipoxygenase activity	long-chain fatty acid omega-hydroxylase activity
GO:0050473	3	GO:0102033	5	9	0.0294642857142857	4.49143591447928e-20	2.26736723369731	arachidonate 15-lipoxygenase activity	long-chain fatty acid omega-hydroxylase activity
GO:0004526	10	GO:0044594	2	10	0.0727551020408163	1.07190124901473e-18	2.26712882741683	ribonuclease P activity	17-beta-hydroxysteroid dehydrogenase (NAD+) activity
GO:0000931	6	GO:0051011	9	10	0.0730102040816327	1.10982677375123e-18	2.26671796705348	gamma-tubulin ring complex	microtubule minus-end binding
GO:0004439	6	GO:0052629	9	9	0.0299744897959184	5.23948717743541e-20	2.26645787647578	phosphatidylinositol-4,5-bisphosphate 5-phosphatase activity	phosphatidylinositol-3,5-bisphosphate 3-phosphatase activity
GO:0000965	3	GO:0071051	7	10	0.0734693877551021	1.18114329867472e-18	2.26597900760305	mitochondrial RNA 3'-end processing	poly(A)-dependent snoRNA 3'-end processing
GO:0021551	1	GO:0042813	12	10	0.0734693877551021	1.18114302610343e-18	2.26597900760305	central nervous system morphogenesis	Wnt receptor activity
GO:0036520	1	GO:0042813	12	10	0.0734693877551021	1.18114302610343e-18	2.26597900760305	astrocyte-dopaminergic neuron signaling	Wnt receptor activity
GO:0000309	3	GO:0019674	6	9	0.0303061224489796	5.78317534393071e-20	2.26586740842872	nicotinamide-nucleotide adenylyltransferase activity	NAD metabolic process
GO:0004515	3	GO:0019674	6	9	0.0303061224489796	5.78317534393071e-20	2.26586740842872	nicotinate-nucleotide adenylyltransferase activity	NAD metabolic process
GO:0034080	5	GO:0051382	6	9	0.0306122448979592	6.32892558676394e-20	2.26532278966337	CENP-A containing chromatin assembly	kinetochore assembly
GO:0086064	6	GO:1903278	3	9	0.0307142857142857	6.52074600914018e-20	2.26514134141176	cell communication by electrical coupling involved in cardiac conduction	positive regulation of sodium ion export across plasma membrane
GO:0014808	3	GO:0060314	8	9	0.0308418367346939	6.76777276585244e-20	2.26491459526196	release of sequestered calcium ion into cytosol by sarcoplasmic reticulum	regulation of ryanodine-sensitive calcium-release channel activity
GO:0000467	6	GO:0000965	3	10	0.0742857142857143	1.31816356686253e-18	2.26466716814998	exonucleolytic trimming to generate mature 3'-end of 5.8S rRNA from tricistronic rRNA transcript (SSU-rRNA, 5.8S rRNA, LSU-rRNA)	mitochondrial RNA 3'-end processing
GO:0004052	3	GO:0042361	5	9	0.0310204081632653	7.12756944607448e-20	2.26459727034604	arachidonate 12(S)-lipoxygenase activity	menaquinone catabolic process
GO:0019470	3	GO:0055129	5	9	0.0310969387755102	7.28689864583093e-20	2.26446131667444	4-hydroxyproline catabolic process	L-proline biosynthetic process
GO:0015311	3	GO:0055062	9	9	0.0310969387755102	7.28689864583093e-20	2.26446131667444	monoamine:proton antiporter activity	phosphate ion homeostasis
GO:0035542	11	GO:0099023	2	9	0.0311479591836735	7.39486785136916e-20	2.26437069512652	regulation of SNARE complex assembly	vesicle tethering complex
GO:0008622	3	GO:0016035	3	9	0.0311479591836735	7.37184088297675e-20	2.26437069512652	epsilon DNA polymerase complex	zeta DNA polymerase complex
GO:0004534	3	GO:0031087	5	9	0.0312244897959184	7.5594865307887e-20	2.26423478414723	5'-3' RNA exonuclease activity	deadenylation-independent decapping of nuclear-transcribed mRNA
GO:0005313	10	GO:0051610	7	9	0.0312244897959184	7.5594865307887e-20	2.26423478414723	L-glutamate transmembrane transporter activity	serotonin uptake
GO:0016012	6	GO:0016013	4	9	0.03125	7.6150781976076e-20	2.26418948617739	sarcoglycan complex	syntrophin complex
GO:0006901	11	GO:0090234	2	10	0.0745918367346939	1.37311998345975e-18	2.26417584276799	vesicle coating	regulation of kinetochore assembly
GO:0032957	3	GO:0052658	5	9	0.0314285714285714	8.01449499680336e-20	2.26387248001081	inositol trisphosphate metabolic process	inositol-1,4,5-trisphosphate 5-phosphatase activity
GO:0036305	8	GO:0038098	3	9	0.0316326530612245	8.49366665751474e-20	2.26351035775399	ameloblast differentiation	sequestering of BMP from receptor via BMP binding
GO:0001682	12	GO:0051731	2	10	0.0752040816326531	1.48925138303678e-18	2.26319419482274	tRNA 5'-leader removal	polynucleotide 5'-hydroxyl-kinase activity
GO:0001682	12	GO:0051736	2	10	0.0752040816326531	1.48925138303678e-18	2.26319419482274	tRNA 5'-leader removal	ATP-dependent polyribonucleotide 5'-hydroxyl-kinase activity
GO:0000177	12	GO:0043457	4	11	0.118622448979592	1.47053064894391e-18	2.26315736408475	cytoplasmic exosome (RNase complex)	regulation of cellular respiration
GO:0042361	5	GO:2001303	3	9	0.0319897959183673	9.39373534634256e-20	2.2628770809035	menaquinone catabolic process	lipoxin A4 biosynthetic process
GO:0016165	3	GO:0042361	5	9	0.0319897959183673	9.39373534634256e-20	2.2628770809035	linoleate 13S-lipoxygenase activity	menaquinone catabolic process
GO:0042361	5	GO:0050473	3	9	0.0319897959183673	9.39373534634256e-20	2.2628770809035	menaquinone catabolic process	arachidonate 15-lipoxygenase activity
GO:0097108	3	GO:0140853	3	9	0.0321428571428571	9.77322291297015e-20	2.26260584663805	hedgehog family protein binding	cholesterol-protein transferase activity
GO:0004767	5	GO:0006686	9	10	0.0756122448979592	1.57149917573239e-18	2.26254050422934	sphingomyelin phosphodiesterase activity	sphingomyelin biosynthetic process
GO:0006420	2	GO:0106074	8	11	0.119234693877551	1.55533461570687e-18	2.26226322387675	arginyl-tRNA aminoacylation	aminoacyl-tRNA metabolism involved in translational fidelity
GO:0002161	8	GO:0006420	2	11	0.119234693877551	1.55533461570687e-18	2.26226322387675	aminoacyl-tRNA editing activity	arginyl-tRNA aminoacylation
GO:0004814	2	GO:0106074	8	11	0.119234693877551	1.55533461570687e-18	2.26226322387675	arginine-tRNA ligase activity	aminoacyl-tRNA metabolism involved in translational fidelity
GO:0002161	8	GO:0004814	2	11	0.119234693877551	1.55533461570687e-18	2.26226322387675	aminoacyl-tRNA editing activity	arginine-tRNA ligase activity
GO:0090234	2	GO:1990071	12	10	0.0763265306122449	1.72530630768391e-18	2.2613979691691	regulation of kinetochore assembly	TRAPPII protein complex
GO:0005865	6	GO:0008290	4	9	0.0328316326530612	1.18587377990654e-19	2.26138655295231	striated muscle thin filament	F-actin capping protein complex
GO:0004477	3	GO:0006760	4	9	0.0329591836734694	1.22784720858955e-19	2.26116098382059	methenyltetrahydrofolate cyclohydrolase activity	folic acid-containing compound metabolic process
GO:0004487	3	GO:0006760	4	9	0.0329591836734694	1.22784720858955e-19	2.26116098382059	methylenetetrahydrofolate dehydrogenase (NAD+) activity	folic acid-containing compound metabolic process
GO:0044341	7	GO:0051610	7	9	0.0330612244897959	1.2623705258074e-19	2.26098057928784	sodium-dependent phosphate transport	serotonin uptake
GO:0005436	7	GO:0051610	7	9	0.0330612244897959	1.2623705258074e-19	2.26098057928784	sodium:phosphate symporter activity	serotonin uptake
GO:0034087	7	GO:0051177	6	11	0.120535714285714	1.75045298602684e-18	2.2603668479531	establishment of mitotic sister chromatid cohesion	meiotic sister chromatid cohesion
GO:0004052	3	GO:0042376	6	9	0.033469387755102	1.40924615675125e-19	2.26025941199914	arachidonate 12(S)-lipoxygenase activity	phylloquinone catabolic process
GO:0000814	3	GO:0051469	5	10	0.0771428571428571	1.91754726821435e-18	2.26009442687546	ESCRT II complex	vesicle fusion with vacuole
GO:0000814	3	GO:0061763	5	10	0.0771428571428571	1.91754726821435e-18	2.26009442687546	ESCRT II complex	multivesicular body-lysosome fusion
GO:0030955	9	GO:1903278	5	10	0.0771428571428571	1.91754726821442e-18	2.26009442687546	potassium ion binding	positive regulation of sodium ion export across plasma membrane
GO:0000814	3	GO:0000815	5	10	0.0771428571428571	1.91754726821435e-18	2.26009442687546	ESCRT II complex	ESCRT III complex
GO:0000814	3	GO:1904930	5	10	0.0771428571428571	1.91754726821435e-18	2.26009442687546	ESCRT II complex	amphisome membrane
GO:0000965	3	GO:0071035	6	10	0.0775510204081633	2.02070535659989e-18	2.25944353802422	mitochondrial RNA 3'-end processing	nuclear polyadenylation-dependent rRNA catabolic process
GO:0000965	3	GO:0071038	6	10	0.0775510204081633	2.02070535659989e-18	2.25944353802422	mitochondrial RNA 3'-end processing	TRAMP-dependent tRNA surveillance pathway
GO:0021536	2	GO:0042813	12	10	0.0775510204081633	2.02070535659989e-18	2.25944353802422	diencephalon development	Wnt receptor activity
GO:0021797	2	GO:0042813	12	10	0.0775510204081633	2.02070535659989e-18	2.25944353802422	forebrain anterior/posterior pattern specification	Wnt receptor activity
GO:0042813	12	GO:0060028	2	10	0.0775510204081633	2.02070535659989e-18	2.25944353802422	Wnt receptor activity	convergent extension involved in axis elongation
GO:0042813	12	GO:0060197	2	10	0.0775510204081633	2.02070535659989e-18	2.25944353802422	Wnt receptor activity	cloacal septation
GO:0008107	2	GO:0017083	6	10	0.0776020408163265	2.0339440591447e-18	2.25936221819769	galactoside 2-alpha-L-fucosyltransferase activity	4-galactosyl-N-acetylglucosaminide 3-alpha-L-fucosyltransferase activity
GO:0008107	2	GO:0046920	6	10	0.0776020408163265	2.0339440591447e-18	2.25936221819769	galactoside 2-alpha-L-fucosyltransferase activity	alpha-(1->3)-fucosyltransferase activity
GO:0017083	6	GO:0031127	2	10	0.0776020408163265	2.0339440591447e-18	2.25936221819769	4-galactosyl-N-acetylglucosaminide 3-alpha-L-fucosyltransferase activity	alpha-(1,2)-fucosyltransferase activity
GO:0031127	2	GO:0046920	6	10	0.0776020408163265	2.0339440591447e-18	2.25936221819769	alpha-(1,2)-fucosyltransferase activity	alpha-(1->3)-fucosyltransferase activity
GO:0032010	3	GO:0106292	5	9	0.0344387755102041	1.82057040095634e-19	2.25854952374439	phagolysosome	superoxide-generating NADPH oxidase activity
GO:0006089	4	GO:0006108	6	9	0.034515306122449	1.85717926758635e-19	2.25841470503165	lactate metabolic process	malate metabolic process
GO:0042376	6	GO:2001303	3	9	0.034515306122449	1.85717926758635e-19	2.25841470503165	phylloquinone catabolic process	lipoxin A4 biosynthetic process
GO:0016165	3	GO:0042376	6	9	0.034515306122449	1.85717926758635e-19	2.25841470503165	linoleate 13S-lipoxygenase activity	phylloquinone catabolic process
GO:0042376	6	GO:0050473	3	9	0.034515306122449	1.85717926758635e-19	2.25841470503165	phylloquinone catabolic process	arachidonate 15-lipoxygenase activity
GO:0030160	4	GO:0099572	9	9	0.0348214285714286	2.01023997541979e-19	2.25787568201352	synaptic receptor adaptor activity	postsynaptic specialization
GO:0001682	12	GO:0044594	2	10	0.0786224489795918	2.31563837338144e-18	2.25773774386979	tRNA 5'-leader removal	17-beta-hydroxysteroid dehydrogenase (NAD+) activity
GO:0004833	3	GO:0042427	3	9	0.0352040816326531	2.20945521596216e-19	2.25720246915976	tryptophan 2,3-dioxygenase activity	serotonin biosynthetic process
GO:0034372	4	GO:0055102	4	10	0.0790816326530612	2.45346659595191e-18	2.25700792224787	very-low-density lipoprotein particle remodeling	lipase inhibitor activity
GO:0031265	4	GO:0045569	5	9	0.0355612244897959	2.42733623426785e-19	2.25657470351523	CD95 death-inducing signaling complex	TRAIL binding
GO:0016012	6	GO:0050998	5	9	0.0357142857142857	2.52265284575712e-19	2.25630582824824	sarcoglycan complex	nitric-oxide synthase binding
GO:0016263	3	GO:0060993	7	9	0.036734693877551	3.24764751561254e-19	2.25451588311034	glycoprotein-N-acetylgalactosamine 3-beta-galactosyltransferase activity	kidney morphogenesis
GO:0048790	7	GO:0099525	5	9	0.0377551020408163	4.15205588255155e-19	2.25273036853424	maintenance of presynaptic active zone structure	presynaptic dense core vesicle exocytosis
GO:0010466	7	GO:0043394	13	9	0.0387755102040816	5.27352901965211e-19	2.25094926264059	negative regulation of peptidase activity	proteoglycan binding
GO:0004488	2	GO:0046655	7	9	0.0389030612244898	5.43110006230391e-19	2.25072693330598	methylenetetrahydrofolate dehydrogenase (NADP+) activity	folic acid metabolic process
GO:0033693	3	GO:0099641	8	9	0.039030612244898	5.59283814253693e-19	2.25050467247524	neurofilament bundle assembly	anterograde axonal protein transport
GO:0006729	7	GO:0042427	3	10	0.0833163265306122	4.11769462928049e-18	2.25031192335375	tetrahydrobiopterin biosynthetic process	serotonin biosynthetic process
GO:0036477	6	GO:1902514	9	10	0.0833673469387755	4.14278771563687e-18	2.25023162641813	somatodendritic compartment	regulation of calcium ion transmembrane transport via high voltage-gated calcium channel
GO:0006702	3	GO:0006704	5	9	0.0392091836734694	5.82645516225657e-19	2.25019362231838	androgen biosynthetic process	glucocorticoid biosynthetic process
GO:0003865	3	GO:0006704	5	9	0.0392091836734694	5.82645516225657e-19	2.25019362231838	3-oxo-5-alpha-steroid 4-dehydrogenase activity	glucocorticoid biosynthetic process
GO:0006704	5	GO:0047751	3	9	0.0392091836734694	5.82645516225657e-19	2.25019362231838	glucocorticoid biosynthetic process	3-oxo-5-alpha-steroid 4-dehydrogenase (NADP+) activity
GO:0001734	3	GO:1990247	9	10	0.0835714285714286	4.24453978987359e-18	2.24991052802848	mRNA m(6)A methyltransferase activity	N6-methyladenosine-containing RNA reader activity
GO:0005663	4	GO:0030896	5	9	0.0396428571428571	6.430271119637e-19	2.24943877273132	DNA replication factor C complex	checkpoint clamp complex
GO:0000177	12	GO:0035928	2	11	0.128112244897959	3.39907292178097e-18	2.24942121614358	cytoplasmic exosome (RNase complex)	rRNA import into mitochondrion
GO:0000177	12	GO:2000627	4	11	0.128112244897959	3.39907292178097e-18	2.24942121614358	cytoplasmic exosome (RNase complex)	positive regulation of miRNA catabolic process
GO:0042813	11	GO:0072177	2	10	0.0841071428571429	4.52240838540603e-18	2.2490683241728	Wnt receptor activity	mesonephric duct development
GO:0030049	10	GO:0033275	2	10	0.0841836734693878	4.56341020364905e-18	2.24894808956623	muscle filament sliding	actin-myosin filament sliding
GO:0097084	10	GO:1990408	6	10	0.0844897959183673	4.73077842963969e-18	2.24846735144751	vascular associated smooth muscle cell development	calcitonin gene-related peptide receptor signaling pathway
GO:0005862	4	GO:0031013	4	9	0.0407142857142857	8.16671700990555e-19	2.24757722970996	muscle thin filament tropomyosin	troponin I binding
GO:0071986	6	GO:1990253	9	12	0.175561224489796	1.5221595318413e-18	2.2451908545565	Ragulator complex	cellular response to leucine starvation
GO:0097422	5	GO:1990460	3	9	0.0420918367346939	1.10044613222684e-18	2.2451908545565	tubular endosome	leptin receptor binding
GO:0034058	11	GO:0035658	5	10	0.0867091836734694	6.11878650872133e-18	2.2449915487446	endosomal vesicle fusion	Mon1-Ccz1 complex
GO:0030049	10	GO:0031432	7	11	0.131326530612245	4.45104581816832e-18	2.2448273270981	muscle filament sliding	titin binding
GO:0004556	5	GO:0008184	3	9	0.0424744897959184	1.19341618369391e-18	2.24452937122684	alpha-amylase activity	glycogen phosphorylase activity
GO:0004556	5	GO:0031220	3	9	0.0424744897959184	1.19341618369391e-18	2.24452937122684	alpha-amylase activity	maltodextrin phosphorylase activity
GO:0071035	4	GO:0071051	5	10	0.0871428571428572	6.42926265175561e-18	2.24431432059337	nuclear polyadenylation-dependent rRNA catabolic process	poly(A)-dependent snoRNA 3'-end processing
GO:0071038	4	GO:0071051	5	10	0.0871428571428572	6.42926265175561e-18	2.24431432059337	TRAMP-dependent tRNA surveillance pathway	poly(A)-dependent snoRNA 3'-end processing
GO:0008207	1	GO:0030681	9	9	0.0428571428571429	1.28775510086436e-18	2.24386849392872	C21-steroid hormone metabolic process	multimeric ribonuclease P complex
GO:0008207	1	GO:0033204	9	9	0.0428571428571429	1.28775510086436e-18	2.24386849392872	C21-steroid hormone metabolic process	ribonuclease P RNA binding
GO:0099160	4	GO:0099641	8	9	0.0429336734693878	1.31413934200818e-18	2.2437363910952	postsynaptic intermediate filament cytoskeleton	anterograde axonal protein transport
GO:0003834	2	GO:0052650	7	9	0.0431122448979592	1.36393899162923e-18	2.2434282451995	beta-carotene 15,15'-dioxygenase activity	all-trans-retinol dehydrogenase (NADP+) activity
GO:0016558	8	GO:0016559	10	12	0.176913265306122	1.66686432351824e-18	2.24342157683014	protein import into peroxisome matrix	peroxisome fission
GO:0009247	6	GO:0042355	8	11	0.1325	4.90334869561178e-18	2.24315745639412	glycolipid biosynthetic process	L-fucose catabolic process
GO:0016303	3	GO:0034485	6	9	0.0434183673469388	1.45321877391097e-18	2.24290030115023	1-phosphatidylinositol-3-kinase activity	phosphatidylinositol-3,4,5-trisphosphate 5-phosphatase activity
GO:0034485	6	GO:0035005	3	9	0.0434183673469388	1.45321877391097e-18	2.24290030115023	phosphatidylinositol-3,4,5-trisphosphate 5-phosphatase activity	1-phosphatidylinositol-4-phosphate 3-kinase activity
GO:0090435	7	GO:0140444	5	9	0.0436224489795918	1.51558484834067e-18	2.24254855299237	protein localization to nuclear envelope	cytoskeleton-nuclear membrane anchor activity
GO:0030124	4	GO:0035654	7	10	0.0884693877551021	7.46878666454635e-18	2.24224673726498	AP-4 adaptor complex	clathrin-coated vesicle cargo loading, AP-3-mediated
GO:1903432	8	GO:1990130	5	11	0.133163265306122	5.17705873268233e-18	2.24221532356659	regulation of TORC1 signaling	GATOR1 complex
GO:0042813	12	GO:0061038	4	11	0.13469387755102	5.86235200927943e-18	2.24004585570442	Wnt receptor activity	uterus morphogenesis
GO:0045933	3	GO:0099590	6	9	0.0458673469387755	2.37599407765933e-18	2.2386906015453	positive regulation of muscle contraction	neurotransmitter receptor internalization
GO:0004300	4	GO:0033539	9	9	0.0460714285714286	2.47239664782141e-18	2.23834089967422	enoyl-CoA hydratase activity	fatty acid beta-oxidation using acyl-CoA dehydrogenase
GO:0000931	9	GO:0120099	6	11	0.136683673469388	6.87601945611642e-18	2.23723526687504	gamma-tubulin ring complex	procentriole replication complex
GO:0004526	10	GO:0046404	3	10	0.091734693877551	1.06996038002556e-17	2.23718240741259	ribonuclease P activity	ATP-dependent polydeoxyribonucleotide 5'-hydroxyl-kinase activity
GO:0000957	5	GO:0071051	7	10	0.0918367346938776	1.08182151542636e-17	2.23702471858905	mitochondrial RNA catabolic process	poly(A)-dependent snoRNA 3'-end processing
GO:0032233	7	GO:0051014	8	9	0.0469387755102041	2.9219983580458e-18	2.23685655516359	positive regulation of actin filament bundle assembly	actin filament severing
GO:0006164	9	GO:0047631	3	9	0.0471428571428571	3.0377884621237e-18	2.23650774107534	purine nucleotide biosynthetic process	ADP-ribose diphosphatase activity
GO:0061577	2	GO:0099590	6	9	0.0474489795918367	3.21911671558883e-18	2.23598483599956	calcium ion transmembrane transport via high voltage-gated calcium channel	neurotransmitter receptor internalization
GO:0098903	2	GO:0099590	6	9	0.0474489795918367	3.21911671558883e-18	2.23598483599956	regulation of membrane repolarization during action potential	neurotransmitter receptor internalization
GO:0034755	10	GO:1990712	5	9	0.0477551020408163	3.40999093408466e-18	2.2354623097033	iron ion transmembrane transport	HFE-transferrin receptor complex
GO:0061180	6	GO:0090244	3	9	0.0477551020408163	3.40999093408466e-18	2.2354623097033	mammary gland epithelium development	Wnt signaling pathway involved in somitogenesis
GO:0000467	6	GO:0000957	5	10	0.0928571428571429	1.20709612633107e-17	2.23544972337722	exonucleolytic trimming to generate mature 3'-end of 5.8S rRNA from tricistronic rRNA transcript (SSU-rRNA, 5.8S rRNA, LSU-rRNA)	mitochondrial RNA catabolic process
GO:0061700	7	GO:1990130	4	10	0.0930612244897959	1.23366089708632e-17	2.23513513657745	GATOR2 complex	GATOR1 complex
GO:0042813	12	GO:1902035	6	13	0.228571428571429	6.03780005346398e-19	2.23493528353196	Wnt receptor activity	positive regulation of hematopoietic stem cell proliferation
GO:0006702	3	GO:0047035	6	9	0.0480867346938776	3.62804987471009e-18	2.23489666635521	androgen biosynthetic process	testosterone dehydrogenase (NAD+) activity
GO:0003865	3	GO:0047035	6	9	0.0480867346938776	3.62804987471009e-18	2.23489666635521	3-oxo-5-alpha-steroid 4-dehydrogenase activity	testosterone dehydrogenase (NAD+) activity
GO:0047035	6	GO:0047751	3	9	0.0480867346938776	3.62804987471009e-18	2.23489666635521	testosterone dehydrogenase (NAD+) activity	3-oxo-5-alpha-steroid 4-dehydrogenase (NADP+) activity
GO:0035542	11	GO:0035658	5	10	0.0934438775510204	1.28488932287564e-17	2.23454565585457	regulation of SNARE complex assembly	Mon1-Ccz1 complex
GO:0042063	5	GO:1990247	9	10	0.0935204081632653	1.29536138379567e-17	2.23442781749436	gliogenesis	N6-methyladenosine-containing RNA reader activity
GO:0051610	7	GO:0055062	9	9	0.0486734693877551	4.0443353386499e-18	2.23389699801397	serotonin uptake	phosphate ion homeostasis
GO:0042813	12	GO:0048664	4	10	0.0938775510204082	1.34525192615977e-17	2.23387815953023	Wnt receptor activity	neuron fate determination
GO:0000828	8	GO:0052659	5	9	0.0489795918367347	4.27792615887115e-18	2.23337598136405	inositol hexakisphosphate kinase activity	inositol-1,3,4,5-tetrakisphosphate 5-phosphatase activity
GO:0031265	4	GO:0036462	5	9	0.0491581632653061	4.41965013517595e-18	2.23307222868154	CD95 death-inducing signaling complex	TRAIL-activated apoptotic signaling pathway
GO:0000212	5	GO:0051011	12	10	0.0948979591836735	1.49744973686425e-17	2.23231001212908	meiotic spindle organization	microtubule minus-end binding
GO:0004526	10	GO:0006550	3	10	0.0948979591836735	1.49744973686425e-17	2.23231001212908	ribonuclease P activity	isoleucine catabolic process
GO:0004526	10	GO:0030283	3	10	0.0948979591836735	1.49744973686425e-17	2.23231001212908	ribonuclease P activity	testosterone dehydrogenase [NAD(P)+] activity
GO:0047237	3	GO:0050510	4	8	0.00464285714285714	5.33297765598002e-24	2.2316872103795	glucuronylgalactosylproteoglycan 4-beta-N-acetylgalactosaminyltransferase activity	N-acetylgalactosaminyl-proteoglycan 3-beta-glucuronosyltransferase activity
GO:0008331	11	GO:0086048	2	9	0.05	5.14550738676103e-18	2.23164197206645	high voltage-gated calcium channel activity	membrane depolarization during bundle of His cell action potential
GO:0009165	6	GO:0019674	6	9	0.0505102040816327	5.63522092095714e-18	2.23077652802689	nucleotide biosynthetic process	NAD metabolic process
GO:0008622	3	GO:0042276	8	9	0.0505102040816327	5.63522092095714e-18	2.23077652802689	epsilon DNA polymerase complex	error-prone translesion synthesis
GO:0005113	5	GO:1990788	4	9	0.0507142857142857	5.84240855103918e-18	2.23043064093302	patched binding	GLI-SUFU complex
GO:0101019	9	GO:1990074	3	9	0.0510714285714286	6.22130697648909e-18	2.22982573731649	nucleolar exosome (RNase complex)	polyuridylation-dependent mRNA catabolic process
GO:0004687	4	GO:0031672	8	9	0.0512755102040816	6.44747636101908e-18	2.22948030571863	myosin light chain kinase activity	A band
GO:0034993	8	GO:0090435	7	9	0.0513775510204082	6.56327455695535e-18	2.2293076519312	meiotic nuclear membrane microtubule tethering complex	protein localization to nuclear envelope
GO:0021775	3	GO:0030850	9	9	0.0514285714285714	6.62186303152699e-18	2.2292213405317	smoothened signaling pathway involved in ventral spinal cord interneuron specification	prostate gland development
GO:0000957	5	GO:0071035	6	10	0.0969387755102041	1.84907134795432e-17	2.22918390747291	mitochondrial RNA catabolic process	nuclear polyadenylation-dependent rRNA catabolic process
GO:0000957	5	GO:0071038	6	10	0.0969387755102041	1.84907134795432e-17	2.22918390747291	mitochondrial RNA catabolic process	TRAMP-dependent tRNA surveillance pathway
GO:0050510	4	GO:0050651	4	8	0.00607142857142857	4.55473237993166e-23	2.22897792073284	N-acetylgalactosaminyl-proteoglycan 3-beta-glucuronosyltransferase activity	dermatan sulfate proteoglycan biosynthetic process
GO:0047617	8	GO:0052816	7	9	0.051734693877551	6.98324699522552e-18	2.22870368889812	fatty acyl-CoA hydrolase activity	long-chain fatty acyl-CoA hydrolase activity
GO:1901018	7	GO:1903416	3	9	0.0517857142857143	7.04515018731793e-18	2.22861744973005	positive regulation of potassium ion transmembrane transporter activity	response to glycoside
GO:0035194	11	GO:0060213	10	10	0.0973979591836735	1.93774125686404e-17	2.22848239705142	regulatory ncRNA-mediated post-transcriptional gene silencing	positive regulation of nuclear-transcribed mRNA poly(A) tail shortening
GO:0004995	3	GO:0031837	3	8	0.00637755102040816	6.74914741215688e-23	2.22839868018744	tachykinin receptor activity	substance K receptor binding
GO:0001936	4	GO:0017083	6	10	0.0975	1.95795684562503e-17	2.22832659845029	regulation of endothelial cell proliferation	4-galactosyl-N-acetylglucosaminide 3-alpha-L-fucosyltransferase activity
GO:0001936	4	GO:0046920	6	10	0.0975	1.95795684562503e-17	2.22832659845029	regulation of endothelial cell proliferation	alpha-(1->3)-fucosyltransferase activity
GO:0009101	9	GO:0016263	3	9	0.0520408163265306	7.36203297127694e-18	2.22818640847405	glycoprotein biosynthetic process	glycoprotein-N-acetylgalactosamine 3-beta-galactosyltransferase activity
GO:0042813	12	GO:0060675	2	10	0.0979591836734694	2.05129147566914e-17	2.22762592086198	Wnt receptor activity	ureteric bud morphogenesis
GO:0017101	7	GO:0106074	7	13	0.234872448979592	8.54815261193913e-19	2.22744376886903	aminoacyl-tRNA synthetase multienzyme complex	aminoacyl-tRNA metabolism involved in translational fidelity
GO:0002161	7	GO:0017101	7	13	0.234872448979592	8.54815261193913e-19	2.22744376886903	aminoacyl-tRNA editing activity	aminoacyl-tRNA synthetase multienzyme complex
GO:0002949	5	GO:0070525	4	8	0.00696428571428571	1.36396658562066e-22	2.22728976756253	tRNA threonylcarbamoyladenosine modification	tRNA threonylcarbamoyladenosine metabolic process
GO:0030897	13	GO:0035658	5	10	0.0984948979591837	2.16521884918491e-17	2.22680932295103	HOPS complex	Mon1-Ccz1 complex
GO:0008278	5	GO:0034088	3	9	0.053265306122449	9.06613788611987e-18	2.22612098824995	cohesin complex	maintenance of mitotic sister chromatid cohesion
GO:0045933	3	GO:0098970	7	9	0.053265306122449	9.06613788611988e-18	2.22612098824995	positive regulation of muscle contraction	postsynaptic neurotransmitter receptor diffusion trapping
GO:0003100	4	GO:0004962	2	8	0.00762755102040816	2.81999178831404e-22	2.22603826347631	regulation of systemic arterial blood pressure by endothelin	endothelin receptor activity
GO:0001682	12	GO:0046404	3	10	0.0991326530612245	2.30823563313376e-17	2.22583838636214	tRNA 5'-leader removal	ATP-dependent polydeoxyribonucleotide 5'-hydroxyl-kinase activity
GO:0001572	2	GO:0008499	10	9	0.0535714285714286	9.54337367839089e-18	2.22560555591616	lactosylceramide biosynthetic process	N-acetyl-beta-D-glucosaminide beta-(1,3)-galactosyltransferase activity
GO:0006183	4	GO:0019856	2	8	0.00790816326530612	3.76400350707257e-22	2.22550943391983	GTP biosynthetic process	pyrimidine nucleobase biosynthetic process
GO:0006183	4	GO:0044210	2	8	0.00790816326530612	3.76400350707257e-22	2.22550943391983	GTP biosynthetic process	'de novo' CTP biosynthetic process
GO:0003883	2	GO:0006183	4	8	0.00790816326530612	3.76400350707257e-22	2.22550943391983	CTP synthase activity	GTP biosynthetic process
GO:0004971	4	GO:0099590	6	9	0.0537755102040816	9.8737927289689e-18	2.22526213885638	AMPA glutamate receptor activity	neurotransmitter receptor internalization
GO:0034372	5	GO:0060621	2	9	0.0538775510204082	1.00425142607573e-17	2.22509049161692	very-low-density lipoprotein particle remodeling	negative regulation of cholesterol import
GO:0034372	5	GO:0070653	2	9	0.0538775510204082	1.00425142607573e-17	2.22509049161692	very-low-density lipoprotein particle remodeling	high-density lipoprotein particle receptor binding
GO:0000828	8	GO:0052658	5	9	0.0538775510204082	1.00427790409412e-17	2.22509049161692	inositol hexakisphosphate kinase activity	inositol-1,4,5-trisphosphate 5-phosphatase activity
GO:0070419	4	GO:0097196	2	8	0.00826530612244898	5.3574909391139e-22	2.22483693834697	nonhomologous end joining complex	Shu complex
GO:0008278	5	GO:0051177	6	10	0.0998724489795918	2.48472301560324e-17	2.22471373474899	cohesin complex	meiotic sister chromatid cohesion
GO:0030121	11	GO:0030124	4	11	0.145714285714286	1.37843295212755e-17	2.22461537385204	AP-1 adaptor complex	AP-4 adaptor complex
GO:0015056	2	GO:0051431	4	8	0.00862244897959184	7.51242000671403e-22	2.22416506914223	corticotrophin-releasing factor receptor activity	corticotropin-releasing hormone receptor 2 binding
GO:0043404	2	GO:0051431	4	8	0.00862244897959184	7.51242000671403e-22	2.22416506914223	corticotropin-releasing hormone receptor activity	corticotropin-releasing hormone receptor 2 binding
GO:0006183	4	GO:0097268	3	8	0.00869897959183674	8.06989686945754e-22	2.22402117854956	GTP biosynthetic process	cytoophidium
GO:0009435	9	GO:0017136	3	9	0.0545663265306123	1.12521796875519e-17	2.22393293985136	NAD biosynthetic process	histone deacetylase activity, NAD-dependent
GO:0000800	7	GO:0030892	5	10	0.100561224489796	2.65983556318375e-17	2.22366821919693	lateral element	mitotic cohesin complex
GO:0006901	11	GO:1905342	2	10	0.100918367346939	2.75492970504826e-17	2.22312669601818	vesicle coating	positive regulation of protein localization to kinetochore
GO:0061577	2	GO:0098970	7	9	0.0551020408163265	1.22804440515979e-17	2.22303390427818	calcium ion transmembrane transport via high voltage-gated calcium channel	postsynaptic neurotransmitter receptor diffusion trapping
GO:0098903	2	GO:0098970	7	9	0.0551020408163265	1.22804440515979e-17	2.22303390427818	regulation of membrane repolarization during action potential	postsynaptic neurotransmitter receptor diffusion trapping
GO:0015311	2	GO:0098700	4	8	0.00928571428571429	1.35821735384847e-21	2.22291896986674	monoamine:proton antiporter activity	neurotransmitter loading into synaptic vesicle
GO:0010606	5	GO:1900153	9	9	0.0552551020408163	1.25891551230326e-17	2.22277724264216	positive regulation of cytoplasmic mRNA processing body assembly	positive regulation of nuclear-transcribed mRNA catabolic process, deadenylation-dependent decay
GO:0035999	3	GO:0046655	6	9	0.0552551020408163	1.25891551230326e-17	2.22277724264216	tetrahydrofolate interconversion	folic acid metabolic process
GO:0032798	2	GO:0033063	4	8	0.00961734693877551	1.79781492429986e-21	2.22229672652065	Swi5-Sfr1 complex	Rad51B-Rad51C-Rad51D-XRCC2 complex
GO:0031515	3	GO:0043527	4	8	0.01	2.45821178119111e-21	2.2215794197688	tRNA (m1A) methyltransferase complex	tRNA methyltransferase complex
GO:0008376	6	GO:0050510	4	8	0.01	2.45821178119111e-21	2.2215794197688	acetylgalactosaminyltransferase activity	N-acetylgalactosaminyl-proteoglycan 3-beta-glucuronosyltransferase activity
GO:0003138	2	GO:0042813	12	10	0.102040816326531	3.07400656820872e-17	2.22142740778725	primary heart field specification	Wnt receptor activity
GO:0042813	12	GO:0072174	2	10	0.102040816326531	3.07400656820872e-17	2.22142740778725	Wnt receptor activity	metanephric tubule formation
GO:0015467	4	GO:1902712	2	8	0.0101785714285714	2.82848323210925e-21	2.22124492056482	G-protein activated inward rectifier potassium channel activity	G protein-coupled GABA receptor complex
GO:0009435	9	GO:0032041	3	9	0.0563265306122449	1.49500816674478e-17	2.22098316367751	NAD biosynthetic process	histone H3K14 deacetylase activity, NAD-dependent
GO:0009435	9	GO:0034979	3	9	0.0563265306122449	1.49500816674478e-17	2.22098316367751	NAD biosynthetic process	NAD-dependent protein lysine deacetylase activity
GO:0009435	9	GO:0046969	3	9	0.0563265306122449	1.49500816674478e-17	2.22098316367751	NAD biosynthetic process	histone H3K9 deacetylase activity, NAD-dependent
GO:0009435	9	GO:0046970	3	9	0.0563265306122449	1.49500816674478e-17	2.22098316367751	NAD biosynthetic process	histone H4K16 deacetylase activity, NAD-dependent
GO:0009435	9	GO:0097372	3	9	0.0563265306122449	1.49500816674478e-17	2.22098316367751	NAD biosynthetic process	histone H3K18 deacetylase activity, NAD-dependent
GO:0009435	9	GO:0140765	3	9	0.0563265306122449	1.49500816674478e-17	2.22098316367751	NAD biosynthetic process	histone H3K56 deacetylase activity, NAD-dependent
GO:0009435	9	GO:0141222	3	9	0.0563265306122449	1.49500816674478e-17	2.22098316367751	NAD biosynthetic process	histone H3K4 deacetylase activity, NAD-dependent
GO:0050510	4	GO:0050650	9	8	0.0103571428571429	3.25387730276263e-21	2.22091057640104	N-acetylgalactosaminyl-proteoglycan 3-beta-glucuronosyltransferase activity	chondroitin sulfate proteoglycan biosynthetic process
GO:0000460	6	GO:0071028	7	10	0.102474489795918	3.20591577621773e-17	2.22077193521107	maturation of 5.8S rRNA	nuclear mRNA surveillance
GO:0001682	12	GO:0006550	3	10	0.102551020408163	3.22971447922848e-17	2.22065632538305	tRNA 5'-leader removal	isoleucine catabolic process
GO:0001682	12	GO:0030283	3	10	0.102551020408163	3.22971447922848e-17	2.22065632538305	tRNA 5'-leader removal	testosterone dehydrogenase [NAD(P)+] activity
GO:0015247	2	GO:0140346	5	8	0.0106122448979592	3.95221971655211e-21	2.22043321054387	aminophospholipid flippase activity	phosphatidylserine flippase activity
GO:0008118	2	GO:0042355	8	9	0.0567857142857143	1.6076777355499e-17	2.22021563653954	N-acetyllactosaminide alpha-2,3-sialyltransferase activity	L-fucose catabolic process
GO:0098883	7	GO:2000427	3	9	0.0570408163265306	1.67347447119819e-17	2.21978958518911	synapse pruning	positive regulation of apoptotic cell clearance
GO:0030719	5	GO:0141006	4	8	0.0110204081632653	5.34326682845789e-21	2.21967008164916	P granule organization	transposable element silencing by piRNA-mediated heterochromatin formation
GO:0042813	12	GO:0060066	1	9	0.0571428571428571	1.70045522133959e-17	2.21961923508313	Wnt receptor activity	oviduct development
GO:0030681	9	GO:0070901	2	9	0.0571428571428571	1.70045522239443e-17	2.21961923508313	multimeric ribonuclease P complex	mitochondrial tRNA methylation
GO:0033204	9	GO:0070901	2	9	0.0571428571428571	1.70045522239443e-17	2.21961923508313	ribonuclease P RNA binding	mitochondrial tRNA methylation
GO:0004526	9	GO:0097745	2	9	0.0571428571428571	1.70045522239443e-17	2.21961923508313	ribonuclease P activity	mitochondrial tRNA 5'-end processing
GO:0030681	9	GO:0098795	1	9	0.0571428571428571	1.69074340242963e-17	2.21961923508313	multimeric ribonuclease P complex	global gene silencing by mRNA cleavage
GO:0033204	9	GO:0098795	1	9	0.0571428571428571	1.69074340242963e-17	2.21961923508313	ribonuclease P RNA binding	global gene silencing by mRNA cleavage
GO:0042813	12	GO:0099068	1	9	0.0571428571428571	1.70045522133959e-17	2.21961923508313	Wnt receptor activity	postsynapse assembly
GO:0042813	12	GO:1904105	1	9	0.0571428571428571	1.70045522133959e-17	2.21961923508313	Wnt receptor activity	positive regulation of convergent extension involved in gastrulation
GO:0042813	12	GO:1905386	1	9	0.0571428571428571	1.70045522133959e-17	2.21961923508313	Wnt receptor activity	positive regulation of protein localization to presynapse
GO:0004526	9	GO:0030678	2	9	0.0571428571428571	1.70045522239443e-17	2.21961923508313	ribonuclease P activity	mitochondrial ribonuclease P complex
GO:1905342	2	GO:1990071	12	10	0.103265306122449	3.45960765880484e-17	2.21957819287892	positive regulation of protein localization to kinetochore	TRAPPII protein complex
GO:0016212	3	GO:0034354	6	9	0.0572448979591837	1.72782138596289e-17	2.21944892519674	kynurenine-oxoglutarate transaminase activity	'de novo' NAD biosynthetic process from L-tryptophan
GO:0003100	4	GO:0030202	5	8	0.0111479591836735	5.85786218188749e-21	2.21943176934053	regulation of systemic arterial blood pressure by endothelin	heparin proteoglycan metabolic process
GO:0015467	4	GO:0038039	3	8	0.01125	6.30023839279421e-21	2.21924117616406	G-protein activated inward rectifier potassium channel activity	G protein-coupled receptor heterodimeric complex
GO:0004965	3	GO:0015467	4	8	0.01125	6.30023839279421e-21	2.21924117616406	G protein-coupled GABA receptor activity	G-protein activated inward rectifier potassium channel activity
GO:0051431	4	GO:0071376	4	8	0.0112755102040816	6.41529416586269e-21	2.21919353573737	corticotropin-releasing hormone receptor 2 binding	cellular response to corticotropin-releasing hormone stimulus
GO:0004488	4	GO:0005542	6	9	0.0575510204081633	1.81228059307297e-17	2.21893823666536	methylenetetrahydrofolate dehydrogenase (NADP+) activity	folic acid binding
GO:0006228	5	GO:0019856	2	8	0.0114795918367347	7.40388656616577e-21	2.21881252555001	UTP biosynthetic process	pyrimidine nucleobase biosynthetic process
GO:0006228	5	GO:0044210	2	8	0.0114795918367347	7.40388656616577e-21	2.21881252555001	UTP biosynthetic process	'de novo' CTP biosynthetic process
GO:0003883	2	GO:0006228	5	8	0.0114795918367347	7.40388656616577e-21	2.21881252555001	CTP synthase activity	UTP biosynthetic process
GO:0030160	4	GO:0097104	7	9	0.0577040816326531	1.85586846590394e-17	2.21868302791674	synaptic receptor adaptor activity	postsynaptic membrane assembly
GO:0004861	6	GO:0097133	2	8	0.0116326530612245	8.23036902402253e-21	2.2185268999195	cyclin-dependent protein serine/threonine kinase inhibitor activity	cyclin D3-CDK6 complex
GO:0008511	3	GO:0090188	5	8	0.011734693877551	8.82518531226185e-21	2.21833654564463	sodium:potassium:chloride symporter activity	negative regulation of pancreatic juice secretion
GO:0005042	5	GO:0016524	2	8	0.0117857142857143	9.13644597407748e-21	2.21824138734089	netrin receptor activity	latrotoxin receptor activity
GO:0001561	6	GO:0016558	8	9	0.0581632653061225	1.99226922438139e-17	2.21791794297271	fatty acid alpha-oxidation	protein import into peroxisome matrix
GO:0000214	4	GO:0004526	10	10	0.104387755102041	3.85066072323293e-17	2.21788723361233	tRNA-intron endonuclease complex	ribonuclease P activity
GO:0008299	10	GO:0110142	6	10	0.104438775510204	3.86934327491986e-17	2.21781046593063	isoprenoid biosynthetic process	ubiquinone biosynthesis complex
GO:0006102	6	GO:0006104	5	10	0.10469387755102	3.9639827964613e-17	2.21742675002156	isocitrate metabolic process	succinyl-CoA metabolic process
GO:0030892	6	GO:0034088	3	9	0.0587755102040816	2.18795053142011e-17	2.21689909037332	mitotic cohesin complex	maintenance of mitotic sister chromatid cohesion
GO:0006228	5	GO:0097268	3	8	0.0126275510204082	1.58547040623033e-20	2.21667308496902	UTP biosynthetic process	cytoophidium
GO:0140331	6	GO:0140345	4	8	0.0126275510204082	1.58547040623033e-20	2.21667308496902	aminophospholipid translocation	phosphatidylcholine flippase activity
GO:0008859	2	GO:0101019	9	9	0.0589285714285714	2.23945969560826e-17	2.21664460191753	exoribonuclease II activity	nucleolar exosome (RNase complex)
GO:0061092	4	GO:0140345	5	8	0.0128571428571429	1.83093202571409e-20	2.21624595724287	positive regulation of phospholipid translocation	phosphatidylcholine flippase activity
GO:0001518	13	GO:0050914	4	9	0.0592602040816327	2.35477147451019e-17	2.21609351807409	voltage-gated sodium channel complex	sensory perception of salty taste
GO:0034372	4	GO:0060228	3	9	0.0594897959183674	2.43765983538402e-17	2.21571224496676	very-low-density lipoprotein particle remodeling	phosphatidylcholine-sterol O-acyltransferase activator activity
GO:0032915	2	GO:0042813	12	10	0.106122448979592	4.53344113356076e-17	2.2152817048372	positive regulation of transforming growth factor beta2 production	Wnt receptor activity
GO:0015467	4	GO:0150099	5	8	0.0133928571428571	2.53685462251901e-20	2.21525030833332	G-protein activated inward rectifier potassium channel activity	neuron-glial cell signaling
GO:0008440	4	GO:0046030	2	8	0.013469387755102	2.65101777632773e-20	2.21510818489272	inositol-1,4,5-trisphosphate 3-kinase activity	inositol trisphosphate phosphatase activity
GO:0015056	2	GO:0043196	8	8	0.0135969387755102	2.86259595578628e-20	2.21487137470037	corticotrophin-releasing factor receptor activity	varicosity
GO:0043196	8	GO:0043404	2	8	0.0135969387755102	2.86259595578628e-20	2.21487137470037	varicosity	corticotropin-releasing hormone receptor activity
GO:0030681	9	GO:1990180	3	9	0.06	2.63119316078848e-17	2.21486569221094	multimeric ribonuclease P complex	mitochondrial tRNA 3'-end processing
GO:0033204	9	GO:1990180	3	9	0.06	2.63119316078848e-17	2.21486569221094	ribonuclease P RNA binding	mitochondrial tRNA 3'-end processing
GO:0008499	9	GO:0009247	5	10	0.106632653061224	4.7539676318518e-17	2.21451716049383	N-acetyl-beta-D-glucosaminide beta-(1,3)-galactosyltransferase activity	glycolipid biosynthetic process
GO:0001401	12	GO:0005742	7	13	0.246122448979592	1.55413834406246e-18	2.21425868490663	SAM complex	mitochondrial outer membrane translocase complex
GO:0005742	7	GO:0140275	12	13	0.246122448979592	1.55413834406246e-18	2.21425868490663	mitochondrial outer membrane translocase complex	MIB complex
GO:0045933	3	GO:0098943	8	9	0.0606632653061225	2.90311622570297e-17	2.21376665680751	positive regulation of muscle contraction	neurotransmitter receptor transport, postsynaptic endosome to lysosome
GO:0034366	4	GO:0042627	5	9	0.0608418367346939	2.98046112993469e-17	2.21347104853459	spherical high-density lipoprotein particle	chylomicron
GO:0042813	12	GO:0072053	1	9	0.0612244897959184	3.15238828270822e-17	2.2128380098626	Wnt receptor activity	renal inner medulla development
GO:0042813	12	GO:0072054	1	9	0.0612244897959184	3.15238828270822e-17	2.2128380098626	Wnt receptor activity	renal outer medulla development
GO:0030015	4	GO:0060213	8	9	0.0612244897959184	3.1523882852849e-17	2.2128380098626	CCR4-NOT core complex	positive regulation of nuclear-transcribed mRNA poly(A) tail shortening
GO:0000836	3	GO:1904153	8	9	0.0613520408163265	3.21162203221307e-17	2.21262712036528	Hrd1p ubiquitin ligase complex	negative regulation of retrograde protein transport, ER to cytosol
GO:0060213	10	GO:0070578	4	9	0.0614030612244898	3.2355907393692e-17	2.2125427818266	positive regulation of nuclear-transcribed mRNA poly(A) tail shortening	RISC-loading complex
GO:0000177	12	GO:1990074	3	9	0.0616836734693878	3.37027873435856e-17	2.21207909604147	cytoplasmic exosome (RNase complex)	polyuridylation-dependent mRNA catabolic process
GO:0010698	4	GO:0031417	3	8	0.0152551020408163	7.17648595439986e-20	2.21179989589722	acetyltransferase activator activity	NatC complex
GO:0031716	2	GO:0097647	4	8	0.0155102040816327	8.17868682228838e-20	2.21132851933961	calcitonin receptor binding	amylin receptor signaling pathway
GO:0005862	4	GO:0014883	6	9	0.0621428571428571	3.60143291637327e-17	2.21132097981778	muscle thin filament tropomyosin	transition between fast and slow fiber
GO:0001682	11	GO:0097745	2	9	0.0622448979591837	3.65467152498098e-17	2.21115261769298	tRNA 5'-leader removal	mitochondrial tRNA 5'-end processing
GO:0001682	11	GO:0030678	2	9	0.0622448979591837	3.65467152498098e-17	2.21115261769298	tRNA 5'-leader removal	mitochondrial ribonuclease P complex
GO:0004971	4	GO:0098970	7	9	0.0624489795918367	3.76324861712731e-17	2.21081601128442	AMPA glutamate receptor activity	postsynaptic neurotransmitter receptor diffusion trapping
GO:0015917	4	GO:0140346	5	8	0.0159183673469388	1.00814519030196e-19	2.21057495696191	aminophospholipid transport	phosphatidylserine flippase activity
GO:0061577	2	GO:0098943	8	9	0.0627551020408163	3.93148451281779e-17	2.21031139599945	calcium ion transmembrane transport via high voltage-gated calcium channel	neurotransmitter receptor transport, postsynaptic endosome to lysosome
GO:0098903	2	GO:0098943	8	9	0.0627551020408163	3.93148451281779e-17	2.21031139599945	regulation of membrane repolarization during action potential	neurotransmitter receptor transport, postsynaptic endosome to lysosome
GO:0042562	10	GO:0051427	4	9	0.0627551020408163	3.93148451281779e-17	2.21031139599945	hormone binding	hormone receptor binding
GO:0019346	5	GO:0033353	4	9	0.0628571428571429	3.98902791403162e-17	2.21014326931871	transsulfuration	S-adenosylmethionine cycle
GO:0051306	2	GO:0101019	9	9	0.0628571428571429	3.98902791403162e-17	2.21014326931871	mitotic sister chromatid separation	nucleolar exosome (RNase complex)
GO:0030681	9	GO:0051731	2	9	0.0628571428571429	3.98902791403162e-17	2.21014326931871	multimeric ribonuclease P complex	polynucleotide 5'-hydroxyl-kinase activity
GO:0030681	9	GO:0051736	2	9	0.0628571428571429	3.98902791403162e-17	2.21014326931871	multimeric ribonuclease P complex	ATP-dependent polyribonucleotide 5'-hydroxyl-kinase activity
GO:0033204	9	GO:0051731	2	9	0.0628571428571429	3.98902791403162e-17	2.21014326931871	ribonuclease P RNA binding	polynucleotide 5'-hydroxyl-kinase activity
GO:0033204	9	GO:0051736	2	9	0.0628571428571429	3.98902791403162e-17	2.21014326931871	ribonuclease P RNA binding	ATP-dependent polyribonucleotide 5'-hydroxyl-kinase activity
GO:0010606	5	GO:0060213	9	9	0.0630102040816327	4.07674485127806e-17	2.20989115274816	positive regulation of cytoplasmic mRNA processing body assembly	positive regulation of nuclear-transcribed mRNA poly(A) tail shortening
GO:0010833	5	GO:0032202	3	8	0.0165816326530612	1.39668097640311e-19	2.2093520946014	telomere maintenance via telomere lengthening	telomere assembly
GO:0016524	2	GO:0038007	8	8	0.0166071428571429	1.4139316861828e-19	2.20930510280825	latrotoxin receptor activity	netrin-activated signaling pathway
GO:0060563	7	GO:1904491	6	9	0.0633673469387755	4.28810845936741e-17	2.2093032232002	neuroepithelial cell differentiation	protein localization to ciliary transition zone
GO:0032036	6	GO:0097513	3	9	0.0636734693877551	4.47695865678197e-17	2.20879966470126	myosin heavy chain binding	myosin II filament
GO:0030160	4	GO:0042043	12	9	0.0636734693877551	4.47695865678197e-17	2.20879966470126	synaptic receptor adaptor activity	neurexin family protein binding
GO:0019441	5	GO:0070189	4	9	0.06375	4.52530925860155e-17	2.20867382998302	L-tryptophan catabolic process to kynurenine	kynurenine metabolic process
GO:0097118	3	GO:0098983	4	8	0.017015306122449	1.71644405270719e-19	2.20855365015047	neuroligin clustering involved in postsynaptic membrane assembly	symmetric, GABA-ergic, inhibitory synapse
GO:0097118	3	GO:0098985	4	8	0.017015306122449	1.71644405270719e-19	2.20855365015047	neuroligin clustering involved in postsynaptic membrane assembly	asymmetric, glutamatergic, excitatory synapse
GO:0001665	5	GO:0018243	8	8	0.0171428571428571	1.82191425950501e-19	2.20831898164245	alpha-N-acetylgalactosaminide alpha-2,6-sialyltransferase activity	protein O-linked glycosylation via threonine
GO:0005883	10	GO:0098971	6	9	0.0639795918367347	4.67315365838031e-17	2.20829645748138	neurofilament	anterograde dendritic transport of neurotransmitter receptor complex
GO:0015279	9	GO:0032541	5	9	0.0641836734693878	4.80815302526914e-17	2.2079611809146	store-operated calcium channel activity	cortical endoplasmic reticulum
GO:0002950	2	GO:0006685	4	8	0.0173979591836735	2.04602106152555e-19	2.20784987352912	ceramide phosphoethanolamine synthase activity	sphingomyelin catabolic process
GO:0006685	4	GO:0033188	2	8	0.0173979591836735	2.04602106152555e-19	2.20784987352912	sphingomyelin catabolic process	sphingomyelin synthase activity
GO:0006685	4	GO:0047493	2	8	0.0173979591836735	2.04602106152555e-19	2.20784987352912	sphingomyelin catabolic process	ceramide cholinephosphotransferase activity
GO:0002950	2	GO:0017040	5	8	0.0173979591836735	2.04998311949455e-19	2.20784987352912	ceramide phosphoethanolamine synthase activity	N-acylsphingosine amidohydrolase activity
GO:0017040	5	GO:0033188	2	8	0.0173979591836735	2.04998311949455e-19	2.20784987352912	N-acylsphingosine amidohydrolase activity	sphingomyelin synthase activity
GO:0017040	5	GO:0047493	2	8	0.0173979591836735	2.04998311949455e-19	2.20784987352912	N-acylsphingosine amidohydrolase activity	ceramide cholinephosphotransferase activity
GO:0030893	7	GO:0034088	3	9	0.0642857142857143	4.87694161538177e-17	2.2077936010508	meiotic cohesin complex	maintenance of mitotic sister chromatid cohesion
GO:0016247	9	GO:0045933	3	9	0.0643622448979592	4.92910476026576e-17	2.20766794169669	channel regulator activity	positive regulation of muscle contraction
GO:0004861	6	GO:0061575	7	8	0.0177551020408163	2.41107856739655e-19	2.20719363426843	cyclin-dependent protein serine/threonine kinase inhibitor activity	cyclin-dependent protein serine/threonine kinase activator activity
GO:0005945	3	GO:0047617	10	9	0.0646683673469388	5.14274374664431e-17	2.20716552306559	6-phosphofructokinase complex	fatty acyl-CoA hydrolase activity
GO:0003872	3	GO:0047617	10	9	0.0646683673469388	5.14274374664431e-17	2.20716552306559	6-phosphofructokinase activity	fatty acyl-CoA hydrolase activity
GO:0032202	2	GO:0098505	5	8	0.017780612244898	2.43887657257952e-19	2.20714678287229	telomere assembly	G-rich strand telomeric DNA binding
GO:0043196	8	GO:0071376	4	8	0.017780612244898	2.43887658642092e-19	2.20714678287229	varicosity	cellular response to corticotropin-releasing hormone stimulus
GO:0042813	11	GO:0060061	1	9	0.0647448979591837	5.19741968482536e-17	2.20703997306607	Wnt receptor activity	Spemann organizer formation
GO:0017108	5	GO:0048476	4	8	0.0179591836734694	2.64143513832998e-19	2.20681890827536	5'-flap endonuclease activity	Holliday junction resolvase complex
GO:0097116	4	GO:0098985	4	8	0.0181887755102041	2.92338694248418e-19	2.20639757408523	gephyrin clustering involved in postsynaptic density assembly	asymmetric, glutamatergic, excitatory synapse
GO:1903020	2	GO:1990072	12	11	0.159107142857143	3.58197178920097e-17	2.20629677845584	positive regulation of glycoprotein metabolic process	TRAPPIII protein complex
GO:0042813	12	GO:0072061	2	9	0.0653061224489796	5.6144054351221e-17	2.20611994015975	Wnt receptor activity	inner medullary collecting duct development
GO:0042813	12	GO:0072236	2	9	0.0653061224489796	5.6144054351221e-17	2.20611994015975	Wnt receptor activity	metanephric loop of Henle development
GO:0030896	5	GO:0031390	7	9	0.0653571428571429	5.65374585001406e-17	2.20603635896269	checkpoint clamp complex	Ctf18 RFC-like complex
GO:0017108	5	GO:0072429	4	8	0.0185204081632653	3.37703088418532e-19	2.20578941439645	5'-flap endonuclease activity	response to intra-S DNA damage checkpoint signaling
GO:0018243	8	GO:0060352	3	8	0.0185714285714286	3.45202084479053e-19	2.20569589685947	protein O-linked glycosylation via threonine	cell adhesion molecule production
GO:0051610	6	GO:0098700	4	8	0.0185714285714286	3.45202084479053e-19	2.20569589685947	serotonin uptake	neurotransmitter loading into synaptic vesicle
GO:0008290	4	GO:0030239	12	9	0.0656632653061225	5.89496804733301e-17	2.20553507505061	F-actin capping protein complex	myofibril assembly
GO:0030681	9	GO:0044594	2	9	0.0657142857142857	5.93604753922585e-17	2.2054515615894	multimeric ribonuclease P complex	17-beta-hydroxysteroid dehydrogenase (NAD+) activity
GO:0033204	9	GO:0044594	2	9	0.0657142857142857	5.93604753922585e-17	2.2054515615894	ribonuclease P RNA binding	17-beta-hydroxysteroid dehydrogenase (NAD+) activity
GO:0000214	4	GO:0001682	12	10	0.11280612244898	8.29937633593789e-17	2.20532983036892	tRNA-intron endonuclease complex	tRNA 5'-leader removal
GO:0004366	4	GO:0046167	2	8	0.0187755102040816	3.75888773146597e-19	2.20532194790323	glycerol-3-phosphate O-acyltransferase activity	glycerol-3-phosphate biosynthetic process
GO:0097646	2	GO:1990410	5	8	0.0187755102040816	3.76674412515342e-19	2.20532194790323	calcitonin family receptor signaling pathway	adrenomedullin receptor signaling pathway
GO:0004366	4	GO:0004370	2	8	0.0187755102040816	3.75888773146597e-19	2.20532194790323	glycerol-3-phosphate O-acyltransferase activity	glycerol kinase activity
GO:0031716	2	GO:1990410	5	8	0.0187755102040816	3.76674412515342e-19	2.20532194790323	calcitonin receptor binding	adrenomedullin receptor signaling pathway
GO:0004082	4	GO:0004618	2	8	0.0188265306122449	3.84118811658645e-19	2.20522849094637	bisphosphoglycerate mutase activity	phosphoglycerate kinase activity
GO:0150060	4	GO:1990406	2	8	0.0188775510204082	3.92505983803933e-19	2.20513504609613	amylin receptor 2 signaling pathway	CGRP receptor complex
GO:0030983	6	GO:0032389	2	8	0.0188775510204082	3.93330824159079e-19	2.20513504609613	mismatched DNA binding	MutLalpha complex
GO:0072559	6	GO:1904270	2	9	0.0659183673469388	6.10291758453512e-17	2.20511760439804	NLRP3 inflammasome complex	pyroptosome complex assembly
GO:0000800	7	GO:0034087	6	10	0.112959183673469	8.41150716611266e-17	2.20510352526262	lateral element	establishment of mitotic sister chromatid cohesion
GO:1901018	7	GO:1990239	5	9	0.0660714285714286	6.23078847949702e-17	2.20486723792809	positive regulation of potassium ion transmembrane transporter activity	steroid hormone binding
GO:0031837	3	GO:0070474	7	8	0.0191326530612245	4.37820278341914e-19	2.2046680033343	substance K receptor binding	positive regulation of uterine smooth muscle contraction
GO:0150059	4	GO:1990409	2	8	0.0192857142857143	4.65574971243415e-19	2.20438792275597	amylin receptor 1 signaling pathway	adrenomedullin binding
GO:1903143	2	GO:1990408	5	8	0.0192857142857143	4.6657455595591e-19	2.20438792275597	adrenomedullin receptor complex	calcitonin gene-related peptide receptor signaling pathway
GO:0001605	2	GO:1990408	5	8	0.0192857142857143	4.6657455595591e-19	2.20438792275597	adrenomedullin receptor activity	calcitonin gene-related peptide receptor signaling pathway
GO:0015917	3	GO:0090556	6	8	0.0193622448979592	4.81561058314811e-19	2.20424792323676	aminophospholipid transport	phosphatidylserine floppase activity
GO:0150061	2	GO:1990408	5	8	0.0193877551020408	4.86649231942349e-19	2.20420126276775	amylin receptor 3 signaling pathway	calcitonin gene-related peptide receptor signaling pathway
GO:0016247	9	GO:0061577	2	9	0.0665816326530612	6.67437182701066e-17	2.20403331006591	channel regulator activity	calcium ion transmembrane transport via high voltage-gated calcium channel
GO:0016247	9	GO:0098903	2	9	0.0665816326530612	6.67437182701066e-17	2.20403331006591	channel regulator activity	regulation of membrane repolarization during action potential
GO:0031642	4	GO:0052629	9	8	0.0195918367346939	5.29076291795411e-19	2.20382808763245	negative regulation of myelination	phosphatidylinositol-3,5-bisphosphate 3-phosphatase activity
GO:0046951	6	GO:0046952	2	8	0.0195918367346939	5.29076291795401e-19	2.20382808763245	ketone body biosynthetic process	ketone body catabolic process
GO:0046951	6	GO:1902224	2	8	0.0195918367346939	5.29076291795401e-19	2.20382808763245	ketone body biosynthetic process	ketone body metabolic process
GO:0008260	2	GO:0046951	6	8	0.0195918367346939	5.29076291795401e-19	2.20382808763245	succinyl-CoA:3-oxo-acid CoA-transferase activity	ketone body biosynthetic process
GO:0002950	2	GO:0006684	5	8	0.0196428571428571	5.40175207209589e-19	2.20373482400565	ceramide phosphoethanolamine synthase activity	sphingomyelin metabolic process
GO:0006684	5	GO:0033188	2	8	0.0196428571428571	5.40175207209589e-19	2.20373482400565	sphingomyelin metabolic process	sphingomyelin synthase activity
GO:0006684	5	GO:0047493	2	8	0.0196428571428571	5.40175207209589e-19	2.20373482400565	sphingomyelin metabolic process	ceramide cholinephosphotransferase activity
GO:0010903	3	GO:0034372	5	9	0.0669387755102041	7.00133403025206e-17	2.20345013365912	negative regulation of very-low-density lipoprotein particle remodeling	very-low-density lipoprotein particle remodeling
GO:0001518	13	GO:0034706	5	9	0.0669897959183674	7.04918466335823e-17	2.203366861218	voltage-gated sodium channel complex	sodium channel complex
GO:0004687	4	GO:0032038	2	8	0.0198979591836735	5.97456359226486e-19	2.20326868665797	myosin light chain kinase activity	myosin II heavy chain binding
GO:0021628	2	GO:0097491	4	8	0.02	6.22348364004289e-19	2.2030823160277	olfactory nerve formation	sympathetic neuron projection guidance
GO:0021628	2	GO:1901166	4	8	0.02	6.22348364004289e-19	2.2030823160277	olfactory nerve formation	neural crest cell migration involved in autonomic nervous system development
GO:0000460	7	GO:0071034	3	9	0.0673469387755102	7.39234495786934e-17	2.20278422313831	maturation of 5.8S rRNA	CUT catabolic process
GO:0034473	3	GO:0071034	3	9	0.0673469387755102	7.342590395597e-17	2.20278422313831	U1 snRNA 3'-end processing	CUT catabolic process
GO:0034476	3	GO:0071034	3	9	0.0673469387755102	7.342590395597e-17	2.20278422313831	U5 snRNA 3'-end processing	CUT catabolic process
GO:0006999	2	GO:0031080	4	8	0.0203571428571429	7.16758870466254e-19	2.20243039775427	nuclear pore organization	nuclear pore outer ring
GO:0097647	4	GO:1990409	2	8	0.0203571428571429	7.16758870466254e-19	2.20243039775427	amylin receptor signaling pathway	adrenomedullin binding
GO:0018243	8	GO:0031985	5	8	0.0207142857142857	8.25360274830248e-19	2.20177906812046	protein O-linked glycosylation via threonine	Golgi cisterna
GO:0044292	4	GO:0120170	5	9	0.0680612244897959	8.12344591570636e-17	2.20162035688533	dendrite terminus	intraciliary transport particle B binding
GO:0034372	5	GO:0051005	5	9	0.0685714285714286	8.68424263668641e-17	2.20079017205386	very-low-density lipoprotein particle remodeling	negative regulation of lipoprotein lipase activity
GO:0000338	10	GO:0036398	2	8	0.0216836734693878	1.1889746637838e-18	2.20001413222119	protein deneddylation	TCR signalosome
GO:0042326	9	GO:0097133	2	8	0.0218112244897959	1.245950774808e-18	2.19978222496298	negative regulation of phosphorylation	cyclin D3-CDK6 complex
GO:0070863	7	GO:0140346	5	8	0.0218877551020408	1.28127022192977e-18	2.19964311638663	positive regulation of protein exit from endoplasmic reticulum	phosphatidylserine flippase activity
GO:0006127	2	GO:0016024	13	9	0.0693112244897959	9.55842500659298e-17	2.19958809861994	glycerol-3-phosphate shuttle	CDP-diacylglycerol biosynthetic process
GO:0016024	13	GO:0046168	2	9	0.0693112244897959	9.55842500659298e-17	2.19958809861994	CDP-diacylglycerol biosynthetic process	glycerol-3-phosphate catabolic process
GO:0004368	2	GO:0016024	13	9	0.0693112244897959	9.55842500659298e-17	2.19958809861994	glycerol-3-phosphate dehydrogenase (quinone) activity	CDP-diacylglycerol biosynthetic process
GO:0016024	13	GO:0141152	2	9	0.0693112244897959	9.55842500659298e-17	2.19958809861994	CDP-diacylglycerol biosynthetic process	glycerol-3-phosphate dehydrogenase (NAD+) activity
GO:0042813	12	GO:0060560	2	9	0.0693877551020408	9.65316730924973e-17	2.19946386044979	Wnt receptor activity	developmental growth involved in morphogenesis
GO:0008503	11	GO:0048403	1	8	0.0221938775510204	1.43145699317229e-18	2.19908695019065	benzodiazepine receptor activity	brain-derived neurotrophic factor binding
GO:0004366	4	GO:0006127	2	8	0.0222959183673469	1.48115124227396e-18	2.19890165670891	glycerol-3-phosphate O-acyltransferase activity	glycerol-3-phosphate shuttle
GO:0004366	4	GO:0046168	2	8	0.0222959183673469	1.48115124227396e-18	2.19890165670891	glycerol-3-phosphate O-acyltransferase activity	glycerol-3-phosphate catabolic process
GO:0003100	4	GO:0048066	7	8	0.0222959183673469	1.48482873181996e-18	2.19890165670891	regulation of systemic arterial blood pressure by endothelin	developmental pigmentation
GO:0004366	4	GO:0004368	2	8	0.0222959183673469	1.48115124227396e-18	2.19890165670891	glycerol-3-phosphate O-acyltransferase activity	glycerol-3-phosphate dehydrogenase (quinone) activity
GO:0004366	4	GO:0141152	2	8	0.0222959183673469	1.48115124227396e-18	2.19890165670891	glycerol-3-phosphate O-acyltransferase activity	glycerol-3-phosphate dehydrogenase (NAD+) activity
GO:0021628	2	GO:0097490	5	8	0.0224489795918367	1.56814855015725e-18	2.19862380569934	olfactory nerve formation	sympathetic neuron projection extension
GO:0055064	5	GO:0071474	8	8	0.0224489795918367	1.56814856806622e-18	2.19862380569934	chloride ion homeostasis	cellular hyperosmotic response
GO:0000221	5	GO:0042625	2	8	0.0225510204081633	1.62594017383973e-18	2.19843863113268	vacuolar proton-transporting V-type ATPase, V1 domain	ATPase-coupled ion transmembrane transporter activity
GO:0038161	2	GO:0060396	8	8	0.0228571428571429	1.81064111759811e-18	2.19788339247503	prolactin signaling pathway	growth hormone receptor signaling pathway
GO:0030160	4	GO:0098985	4	8	0.0228826530612245	1.82682943282601e-18	2.19783714187261	synaptic receptor adaptor activity	asymmetric, glutamatergic, excitatory synapse
GO:0007033	11	GO:0052629	10	9	0.0705357142857143	1.11778301867124e-16	2.19760285105179	vacuole organization	phosphatidylinositol-3,5-bisphosphate 3-phosphatase activity
GO:0045959	5	GO:2000427	3	8	0.0230357142857143	1.92664360667695e-18	2.19755970051517	negative regulation of complement activation, classical pathway	positive regulation of apoptotic cell clearance
GO:0008308	2	GO:0140021	4	8	0.0230357142857143	1.921713580727e-18	2.19755970051517	voltage-gated monoatomic anion channel activity	mitochondrial ADP transmembrane transport
GO:0042813	12	GO:0048570	2	10	0.118367346938776	1.33611602654915e-16	2.19715264543633	Wnt receptor activity	notochord morphogenesis
GO:0042813	12	GO:0061101	5	10	0.118367346938776	1.33611602654915e-16	2.19715264543633	Wnt receptor activity	neuroendocrine cell differentiation
GO:0000783	5	GO:0010833	4	8	0.0234183673469388	2.19731920595889e-18	2.19686656361122	nuclear telomere cap complex	telomere maintenance via telomere lengthening
GO:0035493	7	GO:0098967	2	8	0.0234183673469388	2.19731920595889e-18	2.19686656361122	SNARE complex assembly	exocytic insertion of neurotransmitter receptor to postsynaptic membrane
GO:0005391	6	GO:1903288	2	8	0.0234183673469388	2.19731920595879e-18	2.19686656361122	P-type sodium:potassium-exchanging transporter activity	positive regulation of potassium ion import across plasma membrane
GO:0004971	4	GO:0098943	8	9	0.0711224489795918	1.20366886226631e-16	2.19665351935695	AMPA glutamate receptor activity	neurotransmitter receptor transport, postsynaptic endosome to lysosome
GO:0004035	4	GO:0006729	7	8	0.0235459183673469	2.29464804991751e-18	2.19663566590417	alkaline phosphatase activity	tetrahydrobiopterin biosynthetic process
GO:0018243	8	GO:0047223	3	8	0.0235714285714286	2.31455976677829e-18	2.19658949523046	protein O-linked glycosylation via threonine	beta-1,3-galactosyl-O-glycosyl-glycoprotein beta-1,3-N-acetylglucosaminyltransferase activity
GO:0018243	8	GO:0048729	3	8	0.0235714285714286	2.31455976677829e-18	2.19658949523046	protein O-linked glycosylation via threonine	tissue morphogenesis
GO:0003829	3	GO:0018243	8	8	0.0235714285714286	2.31455976677829e-18	2.19658949523046	beta-1,3-galactosyl-O-glycosyl-glycoprotein beta-1,6-N-acetylglucosaminyltransferase activity	protein O-linked glycosylation via threonine
GO:0005471	5	GO:0008308	2	8	0.0235714285714286	2.31455973617937e-18	2.19658949523046	ATP:ADP antiporter activity	voltage-gated monoatomic anion channel activity
GO:0036305	8	GO:0048263	5	9	0.0711734693877551	1.2114067839106e-16	2.1965710277884	ameloblast differentiation	determination of dorsal identity
GO:0034058	11	GO:0070889	1	8	0.0236479591836735	2.37520427887932e-18	2.19645100093792	endosomal vesicle fusion	platelet alpha granule organization
GO:0000338	10	GO:2000435	2	8	0.0238520408163265	2.54376635026888e-18	2.19608181276765	protein deneddylation	negative regulation of protein neddylation
GO:0006901	11	GO:0045054	3	11	0.166734693877551	5.95371586521157e-17	2.19606812398245	vesicle coating	constitutive secretory pathway
GO:0003873	4	GO:0042132	2	8	0.0238775510204082	2.55874991741918e-18	2.19603567752921	6-phosphofructo-2-kinase activity	fructose 1,6-bisphosphate 1-phosphatase activity
GO:0005980	9	GO:0031404	10	10	0.119234693877551	1.43618146944646e-16	2.19588561945086	glycogen catabolic process	chloride ion binding
GO:0001510	7	GO:1990247	9	10	0.119387755102041	1.45452233176689e-16	2.19566225746721	RNA methylation	N6-methyladenosine-containing RNA reader activity
GO:0021861	6	GO:1990247	9	10	0.119387755102041	1.45452233176689e-16	2.19566225746721	forebrain radial glial cell differentiation	N6-methyladenosine-containing RNA reader activity
GO:0030125	9	GO:0098894	3	8	0.0243367346938776	2.98664956299268e-18	2.19520574740455	clathrin vesicle coat	extrinsic component of presynaptic endocytic zone membrane
GO:0006548	7	GO:0016805	3	8	0.0244897959183673	3.1398439407359e-18	2.19492931608465	L-histidine catabolic process	dipeptidase activity
GO:0004861	6	GO:0045737	8	8	0.0244897959183673	3.1398439407359e-18	2.19492931608465	cyclin-dependent protein serine/threonine kinase inhibitor activity	positive regulation of cyclin-dependent protein serine/threonine kinase activity
GO:0007223	2	GO:0042813	11	9	0.0724489795918367	1.41977330784308e-16	2.19451179852686	Wnt signaling pathway, calcium modulating pathway	Wnt receptor activity
GO:0008194	6	GO:0018243	8	8	0.025	3.70126260514937e-18	2.19400864267257	UDP-glycosyltransferase activity	protein O-linked glycosylation via threonine
GO:0000126	3	GO:0042797	7	8	0.0251785714285714	3.91750535579954e-18	2.19368668438985	transcription factor TFIIIB complex	tRNA transcription by RNA polymerase III
GO:0008308	2	GO:1990544	6	8	0.0251785714285714	3.91750535579928e-18	2.19368668438985	voltage-gated monoatomic anion channel activity	mitochondrial ATP transmembrane transport
GO:0010833	4	GO:0070187	6	8	0.0252551020408163	4.01351045618302e-18	2.19354874624612	telomere maintenance via telomere lengthening	shelterin complex
GO:0002950	2	GO:0046514	6	8	0.0252551020408163	4.01351045618275e-18	2.19354874624612	ceramide phosphoethanolamine synthase activity	ceramide catabolic process
GO:0033188	2	GO:0046514	6	8	0.0252551020408163	4.01351045618275e-18	2.19354874624612	sphingomyelin synthase activity	ceramide catabolic process
GO:0046514	6	GO:0047493	2	8	0.0252551020408163	4.01351045618275e-18	2.19354874624612	ceramide catabolic process	ceramide cholinephosphotransferase activity
GO:0035542	11	GO:0070889	1	8	0.025484693877551	4.3139801383674e-18	2.19313509000592	regulation of SNARE complex assembly	platelet alpha granule organization
GO:0036477	5	GO:1990454	8	9	0.0735459183673469	1.6237802658485e-16	2.19274555083298	somatodendritic compartment	L-type voltage-gated calcium channel complex
GO:0061928	2	GO:0103068	4	8	0.0257142857142857	4.620698426594e-18	2.19272167084065	glutathione specific gamma-glutamylcyclotransferase activity	leukotriene C4 gamma-glutamyl transferase activity
GO:0003873	4	GO:0070061	4	8	0.0257142857142857	4.63393444961632e-18	2.19272167084065	6-phosphofructo-2-kinase activity	fructose binding
GO:0017185	5	GO:0034058	11	9	0.0735714285714286	1.62881896597732e-16	2.19270452671829	peptidyl-lysine hydroxylation	endosomal vesicle fusion
GO:0004022	9	GO:0016121	1	8	0.0260204081632653	5.09267071859343e-18	2.19217081360087	alcohol dehydrogenase (NAD+) activity	carotene catabolic process
GO:0004022	9	GO:0010436	1	8	0.0260204081632653	5.09267071859343e-18	2.19217081360087	alcohol dehydrogenase (NAD+) activity	carotenoid dioxygenase activity
GO:0010248	9	GO:1901018	6	10	0.121913265306122	1.78910562696932e-16	2.19198673524426	establishment or maintenance of transmembrane electrochemical gradient	positive regulation of potassium ion transmembrane transporter activity
GO:0002031	5	GO:0097647	4	8	0.0261734693877551	5.33663258386286e-18	2.19189554264907	G protein-coupled receptor internalization	amylin receptor signaling pathway
GO:0016556	8	GO:0120049	2	8	0.0261989795918367	5.37826405765078e-18	2.1918496743681	mRNA modification	snRNA (adenine-N6)-methylation
GO:0004165	3	GO:0033539	9	8	0.0263265306122449	5.59070948555911e-18	2.1916203767024	delta(3)-delta(2)-enoyl-CoA isomerase activity	fatty acid beta-oxidation using acyl-CoA dehydrogenase
GO:0042813	12	GO:0072201	3	10	0.122448979591837	1.86838658506324e-16	2.19120948085626	Wnt receptor activity	negative regulation of mesenchymal cell proliferation
GO:0034372	3	GO:0042627	6	9	0.0746173469387755	1.84773553363774e-16	2.19102454366247	very-low-density lipoprotein particle remodeling	chylomicron
GO:0000964	2	GO:0101019	9	9	0.0746428571428572	1.8533861310642e-16	2.1909836173046	mitochondrial RNA 5'-end processing	nucleolar exosome (RNase complex)
GO:0045054	3	GO:1990071	12	11	0.170612244897959	7.63963403295727e-17	2.19092335634501	constitutive secretory pathway	TRAPPII protein complex
GO:0061928	2	GO:1901750	6	8	0.0267857142857143	6.41750962703499e-18	2.19079550809285	glutathione specific gamma-glutamylcyclotransferase activity	leukotriene D4 biosynthetic process
GO:0036374	6	GO:0061928	2	8	0.0267857142857143	6.41750962703499e-18	2.19079550809285	glutathione hydrolase activity	glutathione specific gamma-glutamylcyclotransferase activity
GO:0032288	6	GO:0052629	9	8	0.0269387755102041	6.71590295349243e-18	2.19052076136683	myelin assembly	phosphatidylinositol-3,5-bisphosphate 3-phosphatase activity
GO:0097108	3	GO:0097264	10	9	0.075	1.93412031802393e-16	2.19041089197047	hedgehog family protein binding	self proteolysis
GO:0030896	5	GO:1900264	7	9	0.075	1.93412031802393e-16	2.19041089197047	checkpoint clamp complex	positive regulation of DNA-directed DNA polymerase activity
GO:0006704	5	GO:0006706	3	8	0.0270408163265306	6.92150613898167e-18	2.19033765500198	glucocorticoid biosynthetic process	steroid catabolic process
GO:0000783	6	GO:0031860	3	8	0.0270918367346939	7.02635567919347e-18	2.19024611924646	nuclear telomere cap complex	telomeric 3' overhang formation
GO:0032958	10	GO:0046030	2	8	0.0273469387755102	7.57170751801219e-18	2.18978861461994	inositol phosphate biosynthetic process	inositol trisphosphate phosphatase activity
GO:0004971	4	GO:0016247	9	9	0.0754591836734694	2.0424982118854e-16	2.18967519836213	AMPA glutamate receptor activity	channel regulator activity
GO:0001602	4	GO:0060575	9	8	0.0275255102040816	7.97513768550937e-18	2.18946853394257	pancreatic polypeptide receptor activity	intestinal epithelial cell differentiation
GO:0005638	2	GO:0140444	5	8	0.0275510204081633	8.03427738838798e-18	2.18942281972344	lamin filament	cytoskeleton-nuclear membrane anchor activity
GO:0140444	5	GO:0160123	2	8	0.0275510204081633	8.03427738838798e-18	2.18942281972344	cytoskeleton-nuclear membrane anchor activity	structural constituent of nuclear lamina
GO:0003100	4	GO:0097018	5	8	0.0275765306122449	8.09380047073944e-18	2.1893771084012	regulation of systemic arterial blood pressure by endothelin	renal albumin absorption
GO:0005003	6	GO:1902961	4	8	0.0276785714285714	8.33576510540932e-18	2.18919429207368	ephrin receptor activity	positive regulation of aspartic-type endopeptidase activity involved in amyloid precursor protein catabolic process
GO:0034458	3	GO:0071051	7	9	0.075765306122449	2.11771070516993e-16	2.18918515247342	3'-5' RNA helicase activity	poly(A)-dependent snoRNA 3'-end processing
GO:0000177	12	GO:0051306	2	9	0.0759183673469388	2.15623030303568e-16	2.1889402543144	cytoplasmic exosome (RNase complex)	mitotic sister chromatid separation
GO:0051005	5	GO:0051006	7	9	0.0760714285714286	2.19537022960728e-16	2.18869543927033	negative regulation of lipoprotein lipase activity	positive regulation of lipoprotein lipase activity
GO:0008503	11	GO:0021979	3	8	0.0281122448979592	9.43610914524186e-18	2.18841783916384	benzodiazepine receptor activity	hypothalamus cell differentiation
GO:0097069	2	GO:0103068	4	8	0.0281632653061225	9.54360325952544e-18	2.18832654668502	cellular response to thyroxine stimulus	leukotriene C4 gamma-glutamyl transferase activity
GO:0017109	2	GO:0103068	4	8	0.0281632653061225	9.54360325952544e-18	2.18832654668502	glutamate-cysteine ligase complex	leukotriene C4 gamma-glutamyl transferase activity
GO:0004357	2	GO:0103068	4	8	0.0281632653061225	9.54360325952544e-18	2.18832654668502	glutamate-cysteine ligase activity	leukotriene C4 gamma-glutamyl transferase activity
GO:0006613	7	GO:0008250	14	11	0.172602040816327	8.66311959833333e-17	2.188297455905	cotranslational protein targeting to membrane	oligosaccharyltransferase complex
GO:0000467	6	GO:0034458	3	9	0.0766071428571429	2.33737159771564e-16	2.18783924033249	exonucleolytic trimming to generate mature 3'-end of 5.8S rRNA from tricistronic rRNA transcript (SSU-rRNA, 5.8S rRNA, LSU-rRNA)	3'-5' RNA helicase activity
GO:0031860	3	GO:0070187	7	8	0.0289285714285714	1.18557655291434e-17	2.18695854415014	telomeric 3' overhang formation	shelterin complex
GO:0042335	2	GO:0106292	5	8	0.0289285714285714	1.18557652394586e-17	2.18695854415014	cuticle development	superoxide-generating NADPH oxidase activity
GO:0106292	5	GO:0106293	2	8	0.0289285714285714	1.18557652394586e-17	2.18695854415014	superoxide-generating NADPH oxidase activity	NADH oxidase H202-forming activity
GO:0000460	7	GO:0034473	3	9	0.0771683673469388	2.49481860805968e-16	2.18694335868579	maturation of 5.8S rRNA	U1 snRNA 3'-end processing
GO:0000460	7	GO:0034476	3	9	0.0771683673469388	2.49481860805968e-16	2.18694335868579	maturation of 5.8S rRNA	U5 snRNA 3'-end processing
GO:0015279	8	GO:0045762	2	8	0.0290561224489796	1.22790773188055e-17	2.1867307957441	store-operated calcium channel activity	positive regulation of adenylate cyclase activity
GO:0004768	3	GO:0102158	4	8	0.0291836734693878	1.27155430709291e-17	2.18650311922154	stearoyl-CoA 9-desaturase activity	very-long-chain (3R)-3-hydroxyacyl-CoA dehydratase activity
GO:0018812	7	GO:0036109	8	9	0.0774489795918367	2.57701451514162e-16	2.18649583475925	3-hydroxyacyl-CoA dehydratase activity	alpha-linolenic acid metabolic process
GO:0014719	2	GO:0042813	12	9	0.0775510204081633	2.60749423117807e-16	2.18633316759869	skeletal muscle satellite cell activation	Wnt receptor activity
GO:0042813	12	GO:1904891	2	9	0.0775510204081633	2.60749423117807e-16	2.18633316759869	Wnt receptor activity	positive regulation of excitatory synapse assembly
GO:0097069	2	GO:1901750	6	8	0.0293367346938776	1.32571561608638e-17	2.18623000221679	cellular response to thyroxine stimulus	leukotriene D4 biosynthetic process
GO:0036374	6	GO:0097069	2	8	0.0293367346938776	1.32571561608638e-17	2.18623000221679	glutathione hydrolase activity	cellular response to thyroxine stimulus
GO:0017109	2	GO:1901750	6	8	0.0293367346938776	1.32571561608638e-17	2.18623000221679	glutamate-cysteine ligase complex	leukotriene D4 biosynthetic process
GO:0017109	2	GO:0036374	6	8	0.0293367346938776	1.32571561608638e-17	2.18623000221679	glutamate-cysteine ligase complex	glutathione hydrolase activity
GO:0004357	2	GO:1901750	6	8	0.0293367346938776	1.32571561608638e-17	2.18623000221679	glutamate-cysteine ligase activity	leukotriene D4 biosynthetic process
GO:0004357	2	GO:0036374	6	8	0.0293367346938776	1.32571561608638e-17	2.18623000221679	glutamate-cysteine ligase activity	glutathione hydrolase activity
GO:0021628	2	GO:0061549	7	8	0.0293877551020408	1.34421207532961e-17	2.18613898618986	olfactory nerve formation	sympathetic ganglion development
GO:0030124	4	GO:0036465	10	10	0.126198979591837	2.51764403694741e-16	2.18579202440188	AP-4 adaptor complex	synaptic vesicle recycling
GO:0008503	11	GO:0031587	2	8	0.0295918367346939	1.42047343392959e-17	2.18577503687818	benzodiazepine receptor activity	positive regulation of inositol 1,4,5-trisphosphate-sensitive calcium-release channel activity
GO:0008503	11	GO:0045026	4	8	0.0295918367346939	1.42047343392959e-17	2.18577503687818	benzodiazepine receptor activity	plasma membrane fusion
GO:0046902	8	GO:0046930	9	10	0.126479591836735	2.57353313632089e-16	2.18538826798758	regulation of mitochondrial membrane permeability	pore complex
GO:0003857	4	GO:0004526	10	10	0.126530612244898	2.58381360714087e-16	2.18531488200446	3-hydroxyacyl-CoA dehydrogenase activity	ribonuclease P activity
GO:0015279	8	GO:0032237	3	8	0.0299234693877551	1.55247751206654e-17	2.18518401060961	store-operated calcium channel activity	activation of store-operated calcium channel activity
GO:0023024	6	GO:0042612	3	8	0.03	1.58441980020958e-17	2.18504768867394	MHC class I protein complex binding	MHC class I protein complex
GO:0019372	7	GO:0097258	2	8	0.03	1.58441980020958e-17	2.18504768867394	lipoxygenase pathway	20-hydroxy-leukotriene B4 omega oxidase activity
GO:0019372	7	GO:0097259	2	8	0.03	1.58441980020958e-17	2.18504768867394	lipoxygenase pathway	20-aldehyde-leukotriene B4 20-monooxygenase activity
GO:0045933	3	GO:2000311	13	9	0.0784183673469388	2.87976532611363e-16	2.18495197577642	positive regulation of muscle contraction	regulation of AMPA receptor activity
GO:0036157	10	GO:0060287	11	9	0.0785714285714286	2.93034662293925e-16	2.18470851033434	outer dynein arm	epithelial cilium movement involved in determination of left/right asymmetry
GO:0071031	2	GO:0101019	9	9	0.0785714285714286	2.93034662293925e-16	2.18470851033434	nuclear mRNA surveillance of mRNA 3'-end processing	nucleolar exosome (RNase complex)
GO:0048858	5	GO:2000601	5	8	0.0303061224489796	1.71800758383738e-17	2.18450265840967	cell projection morphogenesis	positive regulation of Arp2/3 complex-mediated actin nucleation
GO:0002051	2	GO:0032926	10	8	0.0306122448979592	1.86133860347436e-17	2.18395803964431	osteoblast fate commitment	negative regulation of activin receptor signaling pathway
GO:0050925	2	GO:0060996	11	8	0.0306122448979592	1.86133860347436e-17	2.18395803964431	negative regulation of negative chemotaxis	dendritic spine development
GO:0006782	9	GO:0046501	1	8	0.030765306122449	1.93682439505611e-17	2.18368588437965	protoporphyrinogen IX biosynthetic process	protoporphyrinogen IX metabolic process
GO:0017185	5	GO:0035542	11	9	0.0792857142857143	3.17696660461093e-16	2.18357342352193	peptidyl-lysine hydroxylation	regulation of SNARE complex assembly
GO:0003995	6	GO:0004300	4	8	0.0310714285714286	2.0959287761353e-17	2.18314188169893	acyl-CoA dehydrogenase activity	enoyl-CoA hydratase activity
GO:0000220	5	GO:0036295	3	8	0.0310969387755102	2.10968694004546e-17	2.18309656665538	vacuolar proton-transporting V-type ATPase, V0 domain	cellular response to increased oxygen levels
GO:0005024	4	GO:0005114	6	8	0.0311734693877551	2.15143625611694e-17	2.18296063860238	transforming growth factor beta receptor activity	type II transforming growth factor beta receptor binding
GO:0004022	9	GO:0047196	1	8	0.0312244897959184	2.17964511010869e-17	2.18287003412818	alcohol dehydrogenase (NAD+) activity	long-chain-alcohol O-fatty-acyltransferase activity
GO:0019372	7	GO:0036101	3	8	0.03125	2.19390597983073e-17	2.18282473615834	lipoxygenase pathway	leukotriene B4 catabolic process
GO:0019372	7	GO:0050051	3	8	0.03125	2.19390597983073e-17	2.18282473615834	lipoxygenase pathway	leukotriene-B4 20-monooxygenase activity
GO:0034458	3	GO:0071035	6	9	0.0799744897959184	3.43204080464219e-16	2.18248056451582	3'-5' RNA helicase activity	nuclear polyadenylation-dependent rRNA catabolic process
GO:0034458	3	GO:0071038	6	9	0.0799744897959184	3.43204080464219e-16	2.18248056451582	3'-5' RNA helicase activity	TRAMP-dependent tRNA surveillance pathway
GO:0030681	9	GO:0043527	4	9	0.08	3.44182716933576e-16	2.18244012003595	multimeric ribonuclease P complex	tRNA methyltransferase complex
GO:0033204	9	GO:0043527	4	9	0.08	3.44182716933576e-16	2.18244012003595	ribonuclease P RNA binding	tRNA methyltransferase complex
GO:0004557	2	GO:0006689	7	8	0.0316836734693878	2.44869510211935e-17	2.18205510556802	alpha-galactosidase activity	ganglioside catabolic process
GO:0008378	6	GO:0018243	8	8	0.0321428571428571	2.74630714451584e-17	2.181241096619	galactosyltransferase activity	protein O-linked glycosylation via threonine
GO:0035253	10	GO:0099185	3	8	0.0322704081632653	2.83439078775886e-17	2.18101514594512	ciliary rootlet	postsynaptic intermediate filament cytoskeleton organization
GO:0035253	10	GO:0099184	3	8	0.0322704081632653	2.83439078775886e-17	2.18101514594512	ciliary rootlet	structural constituent of postsynaptic intermediate filament cytoskeleton
GO:0032036	6	GO:0042641	6	9	0.0809183673469388	3.81104859484962e-16	2.18098562695125	myosin heavy chain binding	actomyosin
GO:0005638	2	GO:0034993	8	8	0.0324489795918367	2.96185302184327e-17	2.18069893385733	lamin filament	meiotic nuclear membrane microtubule tethering complex
GO:0034993	8	GO:0160123	2	8	0.0324489795918367	2.96185302184327e-17	2.18069893385733	meiotic nuclear membrane microtubule tethering complex	structural constituent of nuclear lamina
GO:0061577	2	GO:2000311	13	9	0.0811224489795918	3.89771651522512e-16	2.18066280415757	calcium ion transmembrane transport via high voltage-gated calcium channel	regulation of AMPA receptor activity
GO:0098903	2	GO:2000311	13	9	0.0811224489795918	3.89771651522512e-16	2.18066280415757	regulation of membrane repolarization during action potential	regulation of AMPA receptor activity
GO:0018685	3	GO:0019372	7	8	0.0325	2.99917873486016e-17	2.18060861300071	alkane 1-monooxygenase activity	lipoxygenase pathway
GO:0000930	10	GO:0033566	3	8	0.0325	2.99917873486016e-17	2.18060861300071	gamma-tubulin complex	gamma-tubulin complex localization
GO:0042132	2	GO:0070095	5	8	0.0325	2.99917863095808e-17	2.18060861300071	fructose 1,6-bisphosphate 1-phosphatase activity	fructose-6-phosphate binding
GO:0047617	10	GO:0070095	5	9	0.08125	3.95276760120001e-16	2.18046111325161	fatty acyl-CoA hydrolase activity	fructose-6-phosphate binding
GO:0000467	4	GO:0071051	5	9	0.0814285714285714	4.03099769521711e-16	2.18017884069061	exonucleolytic trimming to generate mature 3'-end of 5.8S rRNA from tricistronic rRNA transcript (SSU-rRNA, 5.8S rRNA, LSU-rRNA)	poly(A)-dependent snoRNA 3'-end processing
GO:0008499	10	GO:0017060	2	9	0.0816326530612245	4.12208270989455e-16	2.17985637867342	N-acetyl-beta-D-glucosaminide beta-(1,3)-galactosyltransferase activity	3-galactosyl-N-acetylglucosaminide 4-alpha-L-fucosyltransferase activity
GO:0042326	9	GO:0061575	7	8	0.0332908163265306	3.63266912718861e-17	2.17921008395738	negative regulation of phosphorylation	cyclin-dependent protein serine/threonine kinase activator activity
GO:0032376	5	GO:0033700	9	9	0.0823979591836735	4.48013076877662e-16	2.17864842831504	positive regulation of cholesterol transport	phospholipid efflux
GO:0001518	13	GO:0050915	9	9	0.0824489795918368	4.50495265922003e-16	2.17856797016756	voltage-gated sodium channel complex	sensory perception of sour taste
GO:0019674	6	GO:0140768	4	8	0.0336734693877551	3.97910624371581e-17	2.17853434852582	NAD metabolic process	protein ADP-ribosyltransferase-substrate adaptor activity
GO:0034440	6	GO:0097258	2	8	0.0336734693877551	3.9791062437147e-17	2.17853434852582	lipid oxidation	20-hydroxy-leukotriene B4 omega oxidase activity
GO:0034440	6	GO:0097259	2	8	0.0336734693877551	3.9791062437147e-17	2.17853434852582	lipid oxidation	20-aldehyde-leukotriene B4 20-monooxygenase activity
GO:0101019	9	GO:2000772	4	9	0.0825	4.52989646227296e-16	2.17848752099328	nucleolar exosome (RNase complex)	regulation of cellular senescence
GO:0097485	4	GO:0097491	4	8	0.03375	4.05175620829694e-17	2.17839927736721	neuron projection guidance	sympathetic neuron projection guidance
GO:0097485	4	GO:1901166	4	8	0.03375	4.05175620829694e-17	2.17839927736721	neuron projection guidance	neural crest cell migration involved in autonomic nervous system development
GO:0030049	10	GO:0098871	7	12	0.228979591836735	3.51145909985262e-17	2.17839245626241	muscle filament sliding	postsynaptic actin cytoskeleton
GO:0010606	4	GO:0030015	4	8	0.0338265306122449	4.12556289653057e-17	2.17826423149572	positive regulation of cytoplasmic mRNA processing body assembly	CCR4-NOT core complex
GO:0030681	9	GO:0046404	3	9	0.0828571428571429	4.70796072831195e-16	2.17792462785473	multimeric ribonuclease P complex	ATP-dependent polydeoxyribonucleotide 5'-hydroxyl-kinase activity
GO:0033204	9	GO:0046404	3	9	0.0828571428571429	4.70796072831195e-16	2.17792462785473	ribonuclease P RNA binding	ATP-dependent polydeoxyribonucleotide 5'-hydroxyl-kinase activity
GO:0008503	11	GO:0035494	2	8	0.034030612244898	4.32815597177545e-17	2.17790423272571	benzodiazepine receptor activity	SNARE complex disassembly
GO:0000836	4	GO:0005047	6	9	0.0828826530612245	4.72091395591235e-16	2.17788443800485	Hrd1p ubiquitin ligase complex	signal recognition particle binding
GO:0006548	7	GO:0070573	5	8	0.0342857142857143	4.59358729463585e-17	2.1774544867666	L-histidine catabolic process	metallodipeptidase activity
GO:0018243	8	GO:0060993	7	8	0.0342857142857143	4.59358729463585e-17	2.1774544867666	protein O-linked glycosylation via threonine	kidney morphogenesis
GO:0042043	10	GO:0097119	4	8	0.0342857142857143	4.59358729463585e-17	2.1774544867666	neurexin family protein binding	postsynaptic density protein 95 clustering
GO:0006689	7	GO:0016139	4	8	0.0344387755102041	4.75958302655306e-17	2.17718477372534	ganglioside catabolic process	glycoside catabolic process
GO:0098858	3	GO:2000601	5	8	0.0344387755102041	4.75958302655306e-17	2.17718477372534	actin-based cell projection	positive regulation of Arp2/3 complex-mediated actin nucleation
GO:0008278	2	GO:0030893	4	8	0.0347704081632653	5.11749221516658e-17	2.17660074119782	cohesin complex	meiotic cohesin complex
GO:0009923	2	GO:0102158	4	8	0.0347959183673469	5.14747478176539e-17	2.17655583519847	fatty acid elongase complex	very-long-chain (3R)-3-hydroxyacyl-CoA dehydratase activity
GO:1905672	2	GO:1990131	4	8	0.0348979591836735	5.26894576632638e-17	2.17637623915112	negative regulation of lysosome organization	Gtr1-Gtr2 GTPase complex
GO:0051122	8	GO:0097258	2	8	0.0348979591836735	5.28944789786214e-17	2.17637623915112	hepoxilin biosynthetic process	20-hydroxy-leukotriene B4 omega oxidase activity
GO:0051122	8	GO:0097259	2	8	0.0348979591836735	5.28944789786214e-17	2.17637623915112	hepoxilin biosynthetic process	20-aldehyde-leukotriene B4 20-monooxygenase activity
GO:0004526	10	GO:0021695	4	10	0.132857142857143	4.18464719215687e-16	2.17627239677992	ribonuclease P activity	cerebellar cortex development
GO:0034440	6	GO:0036101	3	8	0.0350765306122449	5.50901863061396e-17	2.17606205362252	lipid oxidation	leukotriene B4 catabolic process
GO:0034440	6	GO:0050051	3	8	0.0350765306122449	5.50901863061396e-17	2.17606205362252	lipid oxidation	leukotriene-B4 20-monooxygenase activity
GO:0003100	4	GO:0048484	6	8	0.0352040816326531	5.67069287490683e-17	2.17583771914071	regulation of systemic arterial blood pressure by endothelin	enteric nervous system development
GO:0018243	8	GO:0030311	5	8	0.0357142857142857	6.3596152131255e-17	2.17494107822918	protein O-linked glycosylation via threonine	poly-N-acetyllactosamine biosynthetic process
GO:0006690	8	GO:1990136	2	8	0.0357908163265306	6.46901845772205e-17	2.17480667816909	icosanoid metabolic process	linoleate 9S-lipoxygenase activity
GO:0005757	6	GO:0008308	2	8	0.0358928571428571	6.61744629627214e-17	2.17462751703301	mitochondrial permeability transition pore complex	voltage-gated monoatomic anion channel activity
GO:0004983	8	GO:0060575	9	8	0.0359948979591837	6.7688420501127e-17	2.17444840038414	neuropeptide Y receptor activity	intestinal epithelial cell differentiation
GO:0006082	4	GO:0019372	7	8	0.03625	7.16065011318614e-17	2.17400080324863	organic acid metabolic process	lipoxygenase pathway
GO:0036101	3	GO:0051122	8	8	0.0363520408163265	7.32283703048976e-17	2.17382184213118	leukotriene B4 catabolic process	hepoxilin biosynthetic process
GO:0050051	3	GO:0051122	8	8	0.0363520408163265	7.32283703048976e-17	2.17382184213118	leukotriene-B4 20-monooxygenase activity	hepoxilin biosynthetic process
GO:0004022	9	GO:0010025	3	8	0.0364285714285714	7.44657523947402e-17	2.17368765042389	alcohol dehydrogenase (NAD+) activity	wax biosynthetic process
GO:0042813	12	GO:2000052	4	10	0.13469387755102	4.79251954083696e-16	2.17366825127854	Wnt receptor activity	positive regulation of non-canonical Wnt signaling pathway
GO:0097422	5	GO:1990459	8	9	0.0855867346938775	6.28717120039751e-16	2.17363696227491	tubular endosome	transferrin receptor binding
GO:0018685	3	GO:0034440	6	8	0.0364795918367347	7.53007902975529e-17	2.17359820315235	alkane 1-monooxygenase activity	lipid oxidation
GO:0006550	3	GO:0030681	9	9	0.0857142857142857	6.37127346635923e-16	2.1734372260088	isoleucine catabolic process	multimeric ribonuclease P complex
GO:0006550	3	GO:0033204	9	9	0.0857142857142857	6.37127346635923e-16	2.1734372260088	isoleucine catabolic process	ribonuclease P RNA binding
GO:0030283	3	GO:0030681	9	9	0.0857142857142857	6.37127346635923e-16	2.1734372260088	testosterone dehydrogenase [NAD(P)+] activity	multimeric ribonuclease P complex
GO:0030283	3	GO:0033204	9	9	0.0857142857142857	6.37127346635923e-16	2.1734372260088	testosterone dehydrogenase [NAD(P)+] activity	ribonuclease P RNA binding
GO:0008331	10	GO:0061577	1	8	0.0368622448979592	8.18288278937892e-17	2.17292770192318	high voltage-gated calcium channel activity	calcium ion transmembrane transport via high voltage-gated calcium channel
GO:0008331	10	GO:0098903	1	8	0.0368622448979592	8.18288278937892e-17	2.17292770192318	high voltage-gated calcium channel activity	regulation of membrane repolarization during action potential
GO:0008392	4	GO:0019372	7	8	0.0375	9.38115165792931e-17	2.17181158299334	arachidonate epoxygenase activity	lipoxygenase pathway
GO:0016557	3	GO:1990429	3	8	0.0376530612244898	9.69041641074326e-17	2.17154397122235	peroxisome membrane biogenesis	peroxisomal importomer complex
GO:0008278	5	GO:0032116	2	8	0.0377295918367347	9.84859442183779e-17	2.17141020255799	cohesin complex	SMC loading complex
GO:0008278	5	GO:0090694	2	8	0.0377295918367347	9.84859442183779e-17	2.17141020255799	cohesin complex	Scc2-Scc4 cohesin loading complex
GO:0018685	3	GO:0051122	8	8	0.0378061224489796	1.00088684750284e-16	2.17127645869547	alkane 1-monooxygenase activity	hepoxilin biosynthetic process
GO:0097485	4	GO:0097490	5	8	0.0378826530612245	1.01714167993729e-16	2.17114273962559	neuron projection guidance	sympathetic neuron projection extension
GO:0051409	3	GO:0103068	4	8	0.0379591836734694	1.03362674964024e-16	2.17100904533914	response to nitrosative stress	leukotriene C4 gamma-glutamyl transferase activity
GO:0001682	12	GO:0003857	4	10	0.136734693877551	5.55990867785843e-16	2.17078573986866	tRNA 5'-leader removal	3-hydroxyacyl-CoA dehydrogenase activity
GO:0004022	9	GO:1904768	2	8	0.0381632653061225	1.07873380433596e-16	2.17065264833562	alcohol dehydrogenase (NAD+) activity	all-trans-retinol binding
GO:0003847	8	GO:0047159	2	8	0.038265306122449	1.10192551098343e-16	2.17047451584418	1-alkyl-2-acetylglycerophosphocholine esterase activity	plasmalogen synthase activity
GO:0003847	8	GO:0047192	2	8	0.038265306122449	1.10192551098343e-16	2.17047451584418	1-alkyl-2-acetylglycerophosphocholine esterase activity	1-alkylglycerophosphocholine O-acetyltransferase activity
GO:0008440	4	GO:0034485	6	8	0.0387244897959184	1.21176708219281e-16	2.16967346354593	inositol-1,4,5-trisphosphate 3-kinase activity	phosphatidylinositol-3,4,5-trisphosphate 5-phosphatase activity
GO:0016558	8	GO:1900131	1	8	0.0387755102040816	1.21926934214219e-16	2.16958451262154	protein import into peroxisome matrix	negative regulation of lipid binding
GO:0016558	8	GO:0033328	1	8	0.0387755102040816	1.21926934214219e-16	2.16958451262154	protein import into peroxisome matrix	peroxisome membrane targeting sequence binding
GO:0030906	4	GO:1990460	3	8	0.039030612244898	1.2902037520681e-16	2.16913992245619	retromer, cargo-selective complex	leptin receptor binding
GO:0019343	3	GO:0033353	4	8	0.0391836734693878	1.33105964778271e-16	2.16887329982501	cysteine biosynthetic process via cystathionine	S-adenosylmethionine cycle
GO:0044752	3	GO:0103068	4	8	0.0391836734693878	1.33105964778271e-16	2.16887329982501	response to human chorionic gonadotropin	leukotriene C4 gamma-glutamyl transferase activity
GO:0003356	5	GO:0036157	10	8	0.0392857142857143	1.35892091910946e-16	2.16869560613758	regulation of cilium beat frequency	outer dynein arm
GO:0036157	10	GO:0062177	2	8	0.0392857142857143	1.35892091910946e-16	2.16869560613758	outer dynein arm	radial spoke assembly
GO:0005757	6	GO:0015288	5	9	0.0888775510204082	8.80320152278386e-16	2.16850137778398	mitochondrial permeability transition pore complex	porin activity
GO:0008331	10	GO:0086007	1	8	0.0394642857142857	1.40890592258442e-16	2.16838474747281	high voltage-gated calcium channel activity	voltage-gated calcium channel activity involved in cardiac muscle cell action potential
GO:0006820	6	GO:0140021	4	8	0.0394897959183673	1.41617629073352e-16	2.16834035002578	monoatomic anion transport	mitochondrial ADP transmembrane transport
GO:0051409	3	GO:1901750	6	8	0.0395408163265306	1.43081527076349e-16	2.16825156332858	response to nitrosative stress	leukotriene D4 biosynthetic process
GO:0036374	6	GO:0051409	3	8	0.0395408163265306	1.43081527076349e-16	2.16825156332858	glutathione hydrolase activity	response to nitrosative stress
GO:0034197	4	GO:0034366	7	9	0.0891836734693878	9.07738148279904e-16	2.16802550254708	triglyceride transport	spherical high-density lipoprotein particle
GO:0004022	9	GO:0050252	2	8	0.0398979591836735	1.53704350753762e-16	2.16763036225149	alcohol dehydrogenase (NAD+) activity	retinol O-fatty-acyltransferase activity
GO:0018243	8	GO:0048874	7	8	0.04	1.56863269783634e-16	2.16745297444279	protein O-linked glycosylation via threonine	host-mediated regulation of intestinal microbiota composition
GO:0008308	2	GO:0046902	9	8	0.0401785714285714	1.62528062041053e-16	2.16714265070367	voltage-gated monoatomic anion channel activity	regulation of mitochondrial membrane permeability
GO:0003338	3	GO:0042813	12	9	0.0897959183673469	9.64856292893096e-16	2.1670746928482	metanephros morphogenesis	Wnt receptor activity
GO:0042813	12	GO:0060535	3	9	0.0897959183673469	9.64856292893096e-16	2.1670746928482	Wnt receptor activity	trachea cartilage morphogenesis
GO:0004465	8	GO:0004771	5	9	0.09	9.84591648655038e-16	2.16675803458129	lipoprotein lipase activity	sterol ester esterase activity
GO:0005471	5	GO:0006820	6	8	0.0404081632653061	1.70073526991304e-16	2.16674385910385	ATP:ADP antiporter activity	monoatomic anion transport
GO:0051469	5	GO:0061738	2	8	0.0404081632653061	1.70073515669387e-16	2.16674385910385	vesicle fusion with vacuole	late endosomal microautophagy
GO:0051469	5	GO:0061764	2	8	0.0404081632653061	1.70073515669387e-16	2.16674385910385	vesicle fusion with vacuole	late endosome to lysosome transport via multivesicular body sorting pathway
GO:0061738	2	GO:0061763	5	8	0.0404081632653061	1.70073515669387e-16	2.16674385910385	late endosomal microautophagy	multivesicular body-lysosome fusion
GO:0000815	5	GO:0061738	2	8	0.0404081632653061	1.70073515669387e-16	2.16674385910385	ESCRT III complex	late endosomal microautophagy
GO:0061738	2	GO:1904930	5	8	0.0404081632653061	1.70073515669387e-16	2.16674385910385	late endosomal microautophagy	amphisome membrane
GO:0061763	5	GO:0061764	2	8	0.0404081632653061	1.70073515669387e-16	2.16674385910385	multivesicular body-lysosome fusion	late endosome to lysosome transport via multivesicular body sorting pathway
GO:0000815	5	GO:0061764	2	8	0.0404081632653061	1.70073515669387e-16	2.16674385910385	ESCRT III complex	late endosome to lysosome transport via multivesicular body sorting pathway
GO:0061764	2	GO:1904930	5	8	0.0404081632653061	1.70073515669387e-16	2.16674385910385	late endosome to lysosome transport via multivesicular body sorting pathway	amphisome membrane
GO:0051006	6	GO:0055102	4	9	0.0901530612244898	9.99627255984801e-16	2.16652063207118	positive regulation of lipoprotein lipase activity	lipase inhibitor activity
GO:0061700	8	GO:1903432	8	9	0.0903061224489796	1.01486614232e-15	2.16628330766685	GATOR2 complex	regulation of TORC1 signaling
GO:0006082	4	GO:0034440	6	8	0.0406887755102041	1.7971011448713e-16	2.16625674636089	organic acid metabolic process	lipid oxidation
GO:0034363	2	GO:0060228	4	8	0.0406887755102041	1.78898017914518e-16	2.16625674636089	intermediate-density lipoprotein particle	phosphatidylcholine-sterol O-acyltransferase activator activity
GO:0034445	2	GO:0055102	5	8	0.0407142857142857	1.80609356298708e-16	2.16621247969091	negative regulation of plasma lipoprotein oxidation	lipase inhibitor activity
GO:0044752	3	GO:1901750	6	8	0.0408163265306122	1.84245829256181e-16	2.16603544017095	response to human chorionic gonadotropin	leukotriene D4 biosynthetic process
GO:0036374	6	GO:0044752	3	8	0.0408163265306122	1.84245829256181e-16	2.16603544017095	glutathione hydrolase activity	response to human chorionic gonadotropin
GO:0099590	3	GO:1990454	6	8	0.0410204081632653	1.91711167490401e-16	2.16568149142958	neurotransmitter receptor internalization	L-type voltage-gated calcium channel complex
GO:0030892	6	GO:0032116	2	8	0.0416326530612245	2.1571684018738e-16	2.16462068606128	mitotic cohesin complex	SMC loading complex
GO:0030892	6	GO:0090694	2	8	0.0416326530612245	2.1571684018738e-16	2.16462068606128	mitotic cohesin complex	Scc2-Scc4 cohesin loading complex
GO:0033106	4	GO:1990072	11	10	0.141224489795918	7.64909100778066e-16	2.16448447071479	cis-Golgi network membrane	TRAPPIII protein complex
GO:0060402	8	GO:0099590	6	9	0.091734693877551	1.16734341956009e-15	2.16407203698707	calcium ion transport into cytosol	neurotransmitter receptor internalization
GO:0008392	4	GO:0034440	6	8	0.0420918367346939	2.35405815840789e-16	2.16382610453745	arachidonate epoxygenase activity	lipid oxidation
GO:0032010	3	GO:0050665	6	8	0.0420918367346939	2.35405815840789e-16	2.16382610453745	phagolysosome	hydrogen peroxide biosynthetic process
GO:0006082	4	GO:0051122	8	8	0.0421683673469388	2.38835529240666e-16	2.16369375933564	organic acid metabolic process	hepoxilin biosynthetic process
GO:0042030	3	GO:1990131	4	8	0.0422448979591837	2.42308826380004e-16	2.16356143841067	ATPase inhibitor activity	Gtr1-Gtr2 GTPase complex
GO:0031672	8	GO:0055003	6	9	0.0922959183673469	1.23259208965271e-15	2.16320517472894	A band	cardiac myofibril assembly
GO:0000930	10	GO:0031021	2	8	0.0425	2.54207358650807e-16	2.16312054387922	gamma-tubulin complex	interphase microtubule organizing center
GO:0042043	11	GO:0097114	3	8	0.0428571428571429	2.71721866812264e-16	2.16250374390967	neurexin family protein binding	NMDA glutamate receptor clustering
GO:0014883	6	GO:0030172	2	8	0.0429081632653061	2.74308067828341e-16	2.16241567266599	transition between fast and slow fiber	troponin C binding
GO:0006820	6	GO:1990544	6	8	0.0431632653061225	2.87564377926934e-16	2.16197547766823	monoatomic anion transport	mitochondrial ATP transmembrane transport
GO:0070478	2	GO:0101019	9	8	0.0432142857142857	2.90281780788185e-16	2.16188747089444	nuclear-transcribed mRNA catabolic process, 3'-5' exonucleolytic nonsense-mediated decay	nucleolar exosome (RNase complex)
GO:0036157	10	GO:0120336	3	8	0.0432142857142857	2.90281780788185e-16	2.16188747089444	outer dynein arm	radial spoke head 1
GO:0036157	10	GO:0120338	3	8	0.0432142857142857	2.90281780788185e-16	2.16188747089444	outer dynein arm	radial spoke head 3
GO:0055087	2	GO:0101019	9	8	0.0432142857142857	2.90281780788185e-16	2.16188747089444	Ski complex	nucleolar exosome (RNase complex)
GO:0004970	8	GO:0099590	6	9	0.0933163265306122	1.35955606159796e-15	2.16163172548376	glutamate-gated receptor activity	neurotransmitter receptor internalization
GO:0006105	4	GO:0045252	8	8	0.0433928571428571	2.99970216992579e-16	2.16157953171348	succinate metabolic process	oxoglutarate dehydrogenase complex
GO:0001682	12	GO:0021695	4	10	0.143571428571429	9.0004517395011e-16	2.16121240259175	tRNA 5'-leader removal	cerebellar cortex development
GO:0031848	5	GO:0061820	6	8	0.0436224489795918	3.12841185490105e-16	2.16118380297332	protection from non-homologous end joining at telomere	telomeric D-loop disassembly
GO:0008392	4	GO:0051122	8	8	0.0436224489795918	3.12841185490105e-16	2.16118380297332	arachidonate epoxygenase activity	hepoxilin biosynthetic process
GO:1990131	4	GO:2000973	3	8	0.0440816326530612	3.40038246958233e-16	2.16039299618433	Gtr1-Gtr2 GTPase complex	regulation of pro-B cell differentiation
GO:0000214	4	GO:0030681	9	9	0.0942857142857143	1.49077773730837e-15	2.16014012100294	tRNA-intron endonuclease complex	multimeric ribonuclease P complex
GO:0000214	4	GO:0033204	9	9	0.0942857142857143	1.49077773730837e-15	2.16014012100294	tRNA-intron endonuclease complex	ribonuclease P RNA binding
GO:0015279	9	GO:2001256	11	9	0.0943877551020408	1.50522319643664e-15	2.15998328927704	store-operated calcium channel activity	regulation of store-operated calcium entry
GO:0141163	6	GO:1990408	5	8	0.0445918367346939	3.72659698417116e-16	2.15951533757691	positive regulation of cAMP/PKA signal transduction	calcitonin gene-related peptide receptor signaling pathway
GO:0034058	11	GO:0090330	2	8	0.0446683673469388	3.77781460544578e-16	2.15938378083857	endosomal vesicle fusion	regulation of platelet aggregation
GO:0016557	3	GO:0016562	5	8	0.045	4.00693372902013e-16	2.15881397872687	peroxisome membrane biogenesis	protein import into peroxisome matrix, receptor recycling
GO:0036295	4	GO:0048388	5	8	0.045	4.00693372902013e-16	2.15881397872687	cellular response to increased oxygen levels	endosomal lumen acidification
GO:0005858	7	GO:0036157	7	8	0.045	4.00693372902013e-16	2.15881397872687	axonemal dynein complex	outer dynein arm
GO:0003834	2	GO:0004022	9	8	0.0451020408163265	4.07983149925902e-16	2.15863874551322	beta-carotene 15,15'-dioxygenase activity	alcohol dehydrogenase (NAD+) activity
GO:0001561	5	GO:0006625	7	8	0.0451785714285714	4.1352626783722e-16	2.1585073485329	fatty acid alpha-oxidation	protein targeting to peroxisome
GO:0070700	9	GO:0090027	4	8	0.0454081632653061	4.30552429315185e-16	2.15811330113856	BMP receptor binding	negative regulation of monocyte chemotaxis
GO:0030893	7	GO:0032116	2	8	0.0455357142857143	4.40273528604685e-16	2.15789447889498	meiotic cohesin complex	SMC loading complex
GO:0030893	7	GO:0090694	2	8	0.0455357142857143	4.40273528604685e-16	2.15789447889498	meiotic cohesin complex	Scc2-Scc4 cohesin loading complex
GO:0004488	4	GO:0006546	3	8	0.0455612244897959	4.42240593531283e-16	2.15785072241075	methylenetetrahydrofolate dehydrogenase (NADP+) activity	glycine catabolic process
GO:0004488	4	GO:0019464	3	8	0.0455612244897959	4.42240593531283e-16	2.15785072241075	methylenetetrahydrofolate dehydrogenase (NADP+) activity	glycine decarboxylation via glycine cleavage system
GO:0004488	4	GO:0005960	3	8	0.0455612244897959	4.42240593531283e-16	2.15785072241075	methylenetetrahydrofolate dehydrogenase (NADP+) activity	glycine cleavage complex
GO:0042043	12	GO:0097112	4	8	0.0457142857142857	4.54205043987383e-16	2.15758823922982	neurexin family protein binding	gamma-aminobutyric acid receptor clustering
GO:0034475	8	GO:1990074	3	8	0.045765306122449	4.58255550551196e-16	2.1575007660568	U4 snRNA 3'-end processing	polyuridylation-dependent mRNA catabolic process
GO:0004768	3	GO:0018812	7	8	0.045765306122449	4.58255550551196e-16	2.1575007660568	stearoyl-CoA 9-desaturase activity	3-hydroxyacyl-CoA dehydratase activity
GO:0016199	4	GO:0060996	11	8	0.0459183673469388	4.70597057853922e-16	2.15723841016358	axon midline choice point recognition	dendritic spine development
GO:0042326	9	GO:0045737	8	8	0.0459183673469388	4.70597057853922e-16	2.15723841016358	negative regulation of phosphorylation	positive regulation of cyclin-dependent protein serine/threonine kinase activity
GO:0006782	9	GO:0017085	3	8	0.0461479591836735	4.89653784706834e-16	2.15684505514859	protoporphyrinogen IX biosynthetic process	response to insecticide
GO:0008395	7	GO:0033782	3	8	0.0461479591836735	4.89653784706834e-16	2.15684505514859	steroid hydroxylase activity	24S-hydroxycholesterol 7-alpha-hydroxylase activity
GO:0003691	4	GO:0070198	8	8	0.0464285714285714	5.13858344212756e-16	2.15636457902045	double-stranded telomeric DNA binding	protein localization to chromosome, telomeric region
GO:0072205	8	GO:1990788	4	8	0.0464285714285714	5.13858344212756e-16	2.15636457902045	metanephric collecting duct development	GLI-SUFU complex
GO:0006476	7	GO:0009435	9	9	0.0968112244897959	1.88688306652044e-15	2.15626852218723	protein deacetylation	NAD biosynthetic process
GO:0009069	2	GO:0046655	9	8	0.0465816326530612	5.27496324387491e-16	2.15610263596106	serine family amino acid metabolic process	folic acid metabolic process
GO:0009152	2	GO:0046655	9	8	0.0465816326530612	5.27496324387491e-16	2.15610263596106	purine ribonucleotide biosynthetic process	folic acid metabolic process
GO:0019068	6	GO:1990072	12	11	0.197678571428571	3.76490119145345e-16	2.15599855679469	virion assembly	TRAPPIII protein complex
GO:0030906	4	GO:0072673	5	8	0.0468367346938776	5.50929768008509e-16	2.15566627546113	retromer, cargo-selective complex	lamellipodium morphogenesis
GO:0004579	5	GO:0106073	2	8	0.0471428571428571	5.8024632660702e-16	2.15514299105628	dolichyl-diphosphooligosaccharide-protein glycotransferase activity	dolichyl pyrophosphate Glc2Man9GlcNAc2 alpha-1,2-glucosyltransferase activity
GO:0001518	13	GO:1904117	6	9	0.0979081632653061	2.08619704285814e-15	2.15459336990042	voltage-gated sodium channel complex	cellular response to vasopressin
GO:0001401	12	GO:0140596	7	12	0.249540816326531	9.66926897079581e-17	2.1542444269811	SAM complex	TOM complex
GO:0140275	12	GO:0140596	7	12	0.249540816326531	9.66926897079581e-17	2.1542444269811	MIB complex	TOM complex
GO:0043457	4	GO:0101019	9	9	0.0982142857142857	2.14505095046074e-15	2.15412657899514	regulation of cellular respiration	nucleolar exosome (RNase complex)
GO:0004439	7	GO:0008440	4	8	0.047984693877551	6.68008925112275e-16	2.15370591320619	phosphatidylinositol-4,5-bisphosphate 5-phosphatase activity	inositol-1,4,5-trisphosphate 3-kinase activity
GO:0002159	5	GO:0005916	5	8	0.0481122448979592	6.82269872864353e-16	2.15348842367566	desmosome assembly	fascia adherens
GO:0035542	11	GO:0090330	2	8	0.0481377551020408	6.85153760814111e-16	2.15344493363734	regulation of SNARE complex assembly	regulation of platelet aggregation
GO:0019104	8	GO:0044029	11	8	0.0481377551020408	6.85153760814111e-16	2.15344493363734	DNA N-glycosylase activity	positive regulation of gene expression via chromosomal CpG island demethylation
GO:0061702	8	GO:0140970	1	8	0.0481632653061225	6.84368197518579e-16	2.15340144622087	canonical inflammasome complex	AIM2 inflammasome complex assembly
GO:0005883	10	GO:0099641	8	9	0.0988775510204082	2.27764454879044e-15	2.15311623376012	neurofilament	anterograde axonal protein transport
GO:0006643	2	GO:0008499	10	8	0.048469387755102	7.23625225392896e-16	2.15287980161303	membrane lipid metabolic process	N-acetyl-beta-D-glucosaminide beta-(1,3)-galactosyltransferase activity
GO:0003945	2	GO:0008499	10	8	0.048469387755102	7.23625225392896e-16	2.15287980161303	N-acetyllactosamine synthase activity	N-acetyl-beta-D-glucosaminide beta-(1,3)-galactosyltransferase activity
GO:0019344	4	GO:0033353	4	8	0.0489795918367347	7.86498444265809e-16	2.152011231345	cysteine biosynthetic process	S-adenosylmethionine cycle
GO:0030905	4	GO:0098837	7	8	0.0491581632653061	8.0960439592923e-16	2.15170747866249	retromer, tubulation complex	postsynaptic recycling endosome
GO:0034058	11	GO:0090385	8	9	0.0998469387755102	2.48451069111394e-15	2.15164211623841	endosomal vesicle fusion	phagosome-lysosome fusion
GO:0036109	8	GO:0102158	4	8	0.0493877551020408	8.40182016049741e-16	2.15131712735067	alpha-linolenic acid metabolic process	very-long-chain (3R)-3-hydroxyacyl-CoA dehydratase activity
GO:0030123	11	GO:0030124	4	10	0.150918367346939	1.47267756551324e-15	2.15106432168862	AP-3 adaptor complex	AP-4 adaptor complex
GO:0061549	7	GO:0097485	4	8	0.0495918367346939	8.68204239387764e-16	2.15097032565147	sympathetic ganglion development	neuron projection guidance
GO:0033353	4	GO:0070814	4	8	0.0497959183673469	8.9703953524869e-16	2.15062369060374	S-adenosylmethionine cycle	hydrogen sulfide biosynthetic process
GO:0035735	7	GO:0044292	4	9	0.100612244897959	2.65941906247876e-15	2.15048046342343	intraciliary transport involved in cilium assembly	dendrite terminus
GO:0000958	2	GO:0045006	4	8	0.0503061224489796	9.67383228701052e-16	2.1497578310346	mitochondrial mRNA catabolic process	DNA deamination
GO:0000962	2	GO:0045006	4	8	0.0503061224489796	9.67383228701052e-16	2.1497578310346	positive regulation of mitochondrial RNA catabolic process	DNA deamination
GO:0004022	9	GO:0032370	2	8	0.0503061224489796	9.72817810893722e-16	2.1497578310346	alcohol dehydrogenase (NAD+) activity	positive regulation of lipid transport
GO:0045006	4	GO:0045025	2	8	0.0503061224489796	9.67383228701052e-16	2.1497578310346	DNA deamination	mitochondrial degradosome
GO:0055090	3	GO:0055102	5	8	0.0504081632653061	9.88626803496906e-16	2.14958478376966	acylglycerol homeostasis	lipase inhibitor activity
GO:0072673	5	GO:0097422	5	8	0.0505102040816327	1.00465976834845e-15	2.14941177800784	lamellipodium morphogenesis	tubular endosome
GO:0150059	4	GO:2001214	8	8	0.0505102040816327	1.00465976834845e-15	2.14941177800784	amylin receptor 1 signaling pathway	positive regulation of vasculogenesis
GO:0008107	2	GO:0030259	7	8	0.0507397959183674	1.0415669064598e-15	2.14902266668647	galactoside 2-alpha-L-fucosyltransferase activity	lipid glycosylation
GO:0030259	7	GO:0031127	2	8	0.0507397959183674	1.0415669064598e-15	2.14902266668647	lipid glycosylation	alpha-(1,2)-fucosyltransferase activity
GO:0016557	2	GO:0016558	7	8	0.0508163265306123	1.05412970863471e-15	2.14889300954216	peroxisome membrane biogenesis	protein import into peroxisome matrix
GO:0015269	11	GO:0022414	4	8	0.0508163265306123	1.05412970863471e-15	2.14889300954216	calcium-activated potassium channel activity	reproductive process
GO:0008499	10	GO:0035250	2	8	0.0510204081632653	1.08827989747339e-15	2.14854737104946	N-acetyl-beta-D-glucosaminide beta-(1,3)-galactosyltransferase activity	UDP-galactosyltransferase activity
GO:0003836	5	GO:0008499	10	10	0.153061224489796	1.69236282468504e-15	2.1481311589814	beta-galactoside (CMP) alpha-2,3-sialyltransferase activity	N-acetyl-beta-D-glucosaminide beta-(1,3)-galactosyltransferase activity
GO:0006703	7	GO:0042761	12	11	0.204081632653061	5.31490385033165e-16	2.14797799851149	estrogen biosynthetic process	very long-chain fatty acid biosynthetic process
GO:0051900	5	GO:0103068	4	8	0.0514285714285714	1.15949101274156e-15	2.14785659051265	regulation of mitochondrial depolarization	leukotriene C4 gamma-glutamyl transferase activity
GO:0030015	4	GO:1900153	8	8	0.0514285714285714	1.15949101274156e-15	2.14785659051265	CCR4-NOT core complex	positive regulation of nuclear-transcribed mRNA catabolic process, deadenylation-dependent decay
GO:0031932	7	GO:0045792	4	8	0.0520408163265306	1.2739379921389e-15	2.146821658455	TORC2 complex	negative regulation of cell size
GO:0004687	4	GO:0016461	7	8	0.0520408163265306	1.2739379921389e-15	2.146821658455	myosin light chain kinase activity	unconventional myosin complex
GO:0000931	9	GO:0046601	4	9	0.103112244897959	3.30936867747724e-15	2.14669871523332	gamma-tubulin ring complex	positive regulation of centriole replication
GO:0000177	12	GO:0070478	2	8	0.0521938775510204	1.30404606163121e-15	2.14656315728024	cytoplasmic exosome (RNase complex)	nuclear-transcribed mRNA catabolic process, 3'-5' exonucleolytic nonsense-mediated decay
GO:0000177	12	GO:0055087	2	8	0.0521938775510204	1.30404606163121e-15	2.14656315728024	cytoplasmic exosome (RNase complex)	Ski complex
GO:0008046	7	GO:0060996	8	8	0.0522959183673469	1.32446173754191e-15	2.14639087461392	axon guidance receptor activity	dendritic spine development
GO:0000012	6	GO:0003906	7	8	0.0526530612244898	1.39813233883443e-15	2.14578820910854	single strand break repair	DNA-(apurinic or apyrimidinic site) endonuclease activity
GO:0008859	2	GO:0034475	8	8	0.0528061224489796	1.43078522957364e-15	2.145530077948	exoribonuclease II activity	U4 snRNA 3'-end processing
GO:0051664	5	GO:0140444	5	8	0.0528061224489796	1.43078522957364e-15	2.145530077948	nuclear pore localization	cytoskeleton-nuclear membrane anchor activity
GO:0034197	4	GO:0060228	4	8	0.0533163265306123	1.54449010753895e-15	2.14467030726166	triglyceride transport	phosphatidylcholine-sterol O-acyltransferase activator activity
GO:0097647	4	GO:2001214	8	8	0.0533163265306123	1.54449010753895e-15	2.14467030726166	amylin receptor signaling pathway	positive regulation of vasculogenesis
GO:0003906	9	GO:0010836	4	8	0.0533418367346939	1.5503768058017e-15	2.14462734561545	DNA-(apurinic or apyrimidinic site) endonuclease activity	negative regulation of protein ADP-ribosylation
GO:0051900	5	GO:1901750	6	8	0.0535714285714286	1.6042453132907e-15	2.14424080589711	regulation of mitochondrial depolarization	leukotriene D4 biosynthetic process
GO:0036374	6	GO:0051900	5	8	0.0535714285714286	1.6042453132907e-15	2.14424080589711	glutathione hydrolase activity	regulation of mitochondrial depolarization
GO:0006782	8	GO:0030350	2	8	0.0537755102040816	1.65349367218433e-15	2.14389738883733	protoporphyrinogen IX biosynthetic process	iron-responsive element binding
GO:0030042	9	GO:0032233	7	8	0.0539795918367347	1.70405754122535e-15	2.14355413519276	actin filament depolymerization	positive regulation of actin filament bundle assembly
GO:0042813	12	GO:0060317	11	13	0.310204081632653	2.96574390128578e-17	2.14343066798814	Wnt receptor activity	cardiac epithelial to mesenchymal transition
GO:0020027	5	GO:0031838	9	8	0.0540816326530612	1.72984212198663e-15	2.1433825696026	hemoglobin metabolic process	haptoglobin-hemoglobin complex
GO:0001518	13	GO:1904045	7	9	0.105637755102041	4.1052466328756e-15	2.14289840287399	voltage-gated sodium channel complex	cellular response to aldosterone
GO:0009923	2	GO:0018812	7	8	0.0545663265306123	1.85702974267836e-15	2.1425681898323	fatty acid elongase complex	3-hydroxyacyl-CoA dehydratase activity
GO:0043950	10	GO:0051428	6	10	0.15719387755102	2.20073739639587e-15	2.14250780639404	positive regulation of cAMP-mediated signaling	peptide hormone receptor binding
GO:0035928	2	GO:0101019	9	9	0.106071428571429	4.25777983179409e-15	2.14224783343295	rRNA import into mitochondrion	nucleolar exosome (RNase complex)
GO:0101019	9	GO:2000627	4	9	0.106071428571429	4.25777983179409e-15	2.14224783343295	nucleolar exosome (RNase complex)	positive regulation of miRNA catabolic process
GO:0001535	5	GO:0036157	10	8	0.055	1.97767681559617e-15	2.1418403127652	radial spoke head	outer dynein arm
GO:0060402	8	GO:0098970	7	9	0.106530612244898	4.42474188369551e-15	2.14155963412449	calcium ion transport into cytosol	postsynaptic neurotransmitter receptor diffusion trapping
GO:0000965	3	GO:0045006	4	8	0.0555102040816327	2.12833291172262e-15	2.14098492606418	mitochondrial RNA 3'-end processing	DNA deamination
GO:0004022	9	GO:0004144	5	8	0.0555102040816327	2.12833291172987e-15	2.14098492606418	alcohol dehydrogenase (NAD+) activity	diacylglycerol O-acyltransferase activity
GO:0055119	11	GO:1903278	4	8	0.0556887755102041	2.18338049084332e-15	2.14068578019401	relaxation of cardiac muscle	positive regulation of sodium ion export across plasma membrane
GO:0021904	7	GO:1990788	4	8	0.0557142857142857	2.19134506555052e-15	2.14064305519501	dorsal/ventral neural tube patterning	GLI-SUFU complex
GO:0000814	3	GO:1904903	8	9	0.107142857142857	4.65637634079326e-15	2.14064305519501	ESCRT II complex	ESCRT III complex disassembly
GO:0003847	8	GO:0042171	4	8	0.0561224489795918	2.32227515374315e-15	2.1399597991454	1-alkyl-2-acetylglycerophosphocholine esterase activity	lysophosphatidic acid acyltransferase activity
GO:0035542	11	GO:0090385	8	9	0.107602040816327	4.83709187691435e-15	2.13995638449066	regulation of SNARE complex assembly	phagosome-lysosome fusion
GO:0034475	8	GO:0051306	2	8	0.0563265306122449	2.39026497294901e-15	2.13961841365846	U4 snRNA 3'-end processing	mitotic sister chromatid separation
GO:0010524	11	GO:0097553	4	8	0.0563775510204082	2.40753162610223e-15	2.13953309252518	positive regulation of calcium ion transport into cytosol	calcium ion transmembrane import into cytosol
GO:0060213	10	GO:0070922	6	9	0.107984693877551	4.99240898487125e-15	2.13938465780587	positive regulation of nuclear-transcribed mRNA poly(A) tail shortening	RISC complex assembly
GO:0004970	8	GO:0098970	7	9	0.108367346938776	5.15213097557373e-15	2.13881338390221	glutamate-gated receptor activity	postsynaptic neurotransmitter receptor diffusion trapping
GO:0032741	4	GO:0140608	6	8	0.0569642857142857	2.61407014055351e-15	2.13855262415509	positive regulation of interleukin-18 production	cysteine-type endopeptidase activator activity
GO:0015288	5	GO:0140021	4	8	0.0570408163265306	2.6421186731735e-15	2.13842483517006	porin activity	mitochondrial ADP transmembrane transport
GO:0004022	9	GO:0006640	7	8	0.0572448979591837	2.71820379236294e-15	2.13808417517768	alcohol dehydrogenase (NAD+) activity	monoacylglycerol biosynthetic process
GO:0034458	3	GO:0045006	4	8	0.0572448979591837	2.71820379235214e-15	2.13808417517768	3'-5' RNA helicase activity	DNA deamination
GO:0004366	4	GO:0006071	10	8	0.0575	2.81599624020249e-15	2.13765857629789	glycerol-3-phosphate O-acyltransferase activity	glycerol metabolic process
GO:0097422	5	GO:0098837	7	8	0.0575255102040816	2.82594239649475e-15	2.13761603021746	tubular endosome	postsynaptic recycling endosome
GO:0008503	11	GO:1902513	3	8	0.0577040816326531	2.89642874372741e-15	2.13731827789769	benzodiazepine receptor activity	regulation of organelle transport along microtubule
GO:0004526	10	GO:0070922	6	10	0.161326530612245	2.84210591690531e-15	2.13692795245726	ribonuclease P activity	RISC complex assembly
GO:0004526	10	GO:0047044	6	10	0.161326530612245	2.84210591690531e-15	2.13692795245726	ribonuclease P activity	androstan-3-alpha,17-beta-diol dehydrogenase (NAD+) activity
GO:0098970	4	GO:1990454	6	8	0.0581122448979592	3.0633338969593e-15	2.13663816233009	postsynaptic neurotransmitter receptor diffusion trapping	L-type voltage-gated calcium channel complex
GO:0005244	9	GO:0140021	4	8	0.0581377551020408	3.0740387555479e-15	2.13659567639078	voltage-gated monoatomic ion channel activity	mitochondrial ADP transmembrane transport
GO:0006435	2	GO:0106074	7	8	0.0581632653061225	3.08477627097713e-15	2.13655319295365	threonyl-tRNA aminoacylation	aminoacyl-tRNA metabolism involved in translational fidelity
GO:0002161	7	GO:0006435	2	8	0.0581632653061225	3.08477627097713e-15	2.13655319295365	aminoacyl-tRNA editing activity	threonyl-tRNA aminoacylation
GO:0004829	2	GO:0106074	7	8	0.0581632653061225	3.08477627097713e-15	2.13655319295365	threonine-tRNA ligase activity	aminoacyl-tRNA metabolism involved in translational fidelity
GO:0002161	7	GO:0004829	2	8	0.0581632653061225	3.08477627097713e-15	2.13655319295365	aminoacyl-tRNA editing activity	threonine-tRNA ligase activity
GO:0004586	2	GO:0006596	4	7	0.00653061224489796	9.99458864467619e-20	2.1363861636968	ornithine decarboxylase activity	polyamine biosynthetic process
GO:0014834	2	GO:0042813	11	8	0.0583673469387755	3.17186229324719e-15	2.13621341550015	skeletal muscle satellite cell maintenance involved in skeletal muscle regeneration	Wnt receptor activity
GO:0016024	13	GO:0046167	2	8	0.0583673469387755	3.17186229324719e-15	2.13621341550015	CDP-diacylglycerol biosynthetic process	glycerol-3-phosphate biosynthetic process
GO:0004370	2	GO:0016024	13	8	0.0583673469387755	3.17186229324719e-15	2.13621341550015	glycerol kinase activity	CDP-diacylglycerol biosynthetic process
GO:0005471	5	GO:0015288	5	8	0.0583673469387755	3.17186229324719e-15	2.13621341550015	ATP:ADP antiporter activity	porin activity
GO:0004740	4	GO:0034604	3	7	0.00688775510204082	1.45042764569638e-19	2.135711241153	pyruvate dehydrogenase (acetyl-transferring) kinase activity	pyruvate dehydrogenase (NAD+) activity
GO:0003847	8	GO:0047184	4	8	0.0586734693877551	3.30651694795685e-15	2.13570404921764	1-alkyl-2-acetylglycerophosphocholine esterase activity	1-acylglycerophosphocholine O-acyltransferase activity
GO:0004740	4	GO:0006086	4	7	0.00714285714285714	1.87050557948696e-19	2.13522953995283	pyruvate dehydrogenase (acetyl-transferring) kinase activity	pyruvate decarboxylation to acetyl-CoA
GO:0030119	7	GO:0110010	4	9	0.110867346938776	6.31186408464542e-15	2.13509215350913	AP-type membrane coat adaptor complex	basolateral protein secretion
GO:0004033	10	GO:0099508	10	9	0.111020408163265	6.38984546875882e-15	2.1348649455109	aldo-keto reductase (NADPH) activity	voltage-gated monoatomic ion channel activity involved in regulation of presynaptic membrane potential
GO:0008503	11	GO:0140545	4	8	0.0591836734693878	3.54205348388956e-15	2.13485590388719	benzodiazepine receptor activity	ATP-dependent protein disaggregase activity
GO:0019346	5	GO:0046655	9	10	0.163035714285714	3.15308625290321e-15	2.1346327927924	transsulfuration	folic acid metabolic process
GO:0006750	12	GO:0008235	4	8	0.0593877551020408	3.64029275929105e-15	2.134516924783	glutathione biosynthetic process	metalloexopeptidase activity
GO:0005244	9	GO:0005471	5	8	0.0594897959183674	3.69029858805673e-15	2.13434749494771	voltage-gated monoatomic ion channel activity	ATP:ADP antiporter activity
GO:0042813	12	GO:1903377	5	10	0.163265306122449	3.19710487515384e-15	2.13432504337747	Wnt receptor activity	negative regulation of oxidative stress-induced neuron intrinsic apoptotic signaling pathway
GO:0003836	5	GO:0008107	2	8	0.0596938775510204	3.79211215322178e-15	2.13400875461725	beta-galactoside (CMP) alpha-2,3-sialyltransferase activity	galactoside 2-alpha-L-fucosyltransferase activity
GO:0003836	5	GO:0031127	2	8	0.0596938775510204	3.79211215322178e-15	2.13400875461725	beta-galactoside (CMP) alpha-2,3-sialyltransferase activity	alpha-(1,2)-fucosyltransferase activity
GO:0051006	7	GO:0060621	2	8	0.0597704081632653	3.83092096111013e-15	2.13388176799243	positive regulation of lipoprotein lipase activity	negative regulation of cholesterol import
GO:0051006	7	GO:0070653	2	8	0.0597704081632653	3.83092096111013e-15	2.13388176799243	positive regulation of lipoprotein lipase activity	high-density lipoprotein particle receptor binding
GO:0010430	6	GO:0019372	7	8	0.06	3.94943390293884e-15	2.13350094219188	fatty acid omega-oxidation	lipoxygenase pathway
GO:0004535	8	GO:1900153	8	8	0.06	3.94943390293884e-15	2.13350094219188	poly(A)-specific ribonuclease activity	positive regulation of nuclear-transcribed mRNA catabolic process, deadenylation-dependent decay
GO:0005127	5	GO:0046888	9	8	0.0601020408163265	4.00312576332147e-15	2.13333175079426	ciliary neurotrophic factor receptor binding	negative regulation of hormone secretion
GO:0008091	7	GO:2001259	7	8	0.0601020408163265	4.00312576332147e-15	2.13333175079426	spectrin	positive regulation of cation channel activity
GO:0000444	4	GO:0031262	2	7	0.00829081632653061	5.30395357889725e-19	2.13306585638293	MIS12/MIND type complex	Ndc80 complex
GO:0030719	5	GO:0097433	3	7	0.00857142857142857	6.6939878768077e-19	2.13253794160438	P granule organization	dense body
GO:0030123	9	GO:0033263	5	9	0.11265306122449	7.27636480093849e-15	2.13244583606967	AP-3 adaptor complex	CORVET complex
GO:0010524	11	GO:1904062	4	8	0.0607142857142857	4.33886772447088e-15	2.13231743491993	positive regulation of calcium ion transport into cytosol	regulation of monoatomic cation transmembrane transport
GO:0000002	8	GO:0006264	6	8	0.0611479591836735	4.59132171438592e-15	2.13159982314248	mitochondrial genome maintenance	mitochondrial DNA replication
GO:0098976	7	GO:1905665	7	8	0.0612244897959184	4.63717902349828e-15	2.13147325984354	excitatory chemical synaptic transmission	positive regulation of calcium ion import across plasma membrane
GO:0016013	3	GO:0099536	6	7	0.00918367346938776	1.08441335155953e-18	2.13138746684624	syntrophin complex	synaptic signaling
GO:0006685	4	GO:0006686	9	8	0.0616836734693878	4.92081638002698e-15	2.13071434602242	sphingomyelin catabolic process	sphingomyelin biosynthetic process
GO:0006686	9	GO:0017040	5	8	0.0616836734693878	4.92081638002698e-15	2.13071434602242	sphingomyelin biosynthetic process	N-acylsphingosine amidohydrolase activity
GO:0046888	9	GO:0070120	4	8	0.0616836734693878	4.92081638002698e-15	2.13071434602242	negative regulation of hormone secretion	ciliary neurotrophic factor-mediated signaling pathway
GO:0045242	3	GO:0045252	8	8	0.0619897959183674	5.11821920922797e-15	2.13020884668817	isocitrate dehydrogenase complex (NAD+)	oxoglutarate dehydrogenase complex
GO:0004449	3	GO:0045252	8	8	0.0619897959183674	5.11821920922797e-15	2.13020884668817	isocitrate dehydrogenase (NAD+) activity	oxoglutarate dehydrogenase complex
GO:0016332	2	GO:0042813	12	9	0.114285714285714	8.27022878866762e-15	2.13003481224016	establishment or maintenance of polarity of embryonic epithelium	Wnt receptor activity
GO:0042813	12	GO:0060501	3	9	0.114285714285714	8.27022878866763e-15	2.13003481224016	Wnt receptor activity	positive regulation of epithelial cell proliferation involved in lung morphogenesis
GO:0003857	4	GO:0030681	9	9	0.114285714285714	8.27022878866763e-15	2.13003481224016	3-hydroxyacyl-CoA dehydrogenase activity	multimeric ribonuclease P complex
GO:0003857	4	GO:0033204	9	9	0.114285714285714	8.27022878866763e-15	2.13003481224016	3-hydroxyacyl-CoA dehydrogenase activity	ribonuclease P RNA binding
GO:0031054	10	GO:0060213	10	9	0.114336734693878	8.30313590917828e-15	2.12995959744207	pre-miRNA processing	positive regulation of nuclear-transcribed mRNA poly(A) tail shortening
GO:0034993	8	GO:0051664	5	8	0.0621938775510204	5.25363110887025e-15	2.12987204382437	meiotic nuclear membrane microtubule tethering complex	nuclear pore localization
GO:0005608	3	GO:0043259	3	7	0.0101020408163265	2.11151762906668e-18	2.12966518782566	laminin-3 complex	laminin-10 complex
GO:0015288	5	GO:1990544	6	8	0.0623469387755102	5.35723294107587e-15	2.12961954483558	porin activity	mitochondrial ATP transmembrane transport
GO:0006534	4	GO:0103068	4	8	0.0624489795918367	5.42728791708341e-15	2.12945126126537	cysteine metabolic process	leukotriene C4 gamma-glutamyl transferase activity
GO:0004022	9	GO:0047376	3	8	0.0624489795918367	5.42728791708341e-15	2.12945126126537	alcohol dehydrogenase (NAD+) activity	all-trans-retinyl-palmitate hydrolase, all-trans-retinol forming activity
GO:0042813	12	GO:0048341	4	10	0.16734693877551	4.07742605361556e-15	2.1288757444092	Wnt receptor activity	paraxial mesoderm formation
GO:0005502	5	GO:0052650	7	8	0.0630102040816327	5.82707592157368e-15	2.1285264027291	11-cis retinal binding	all-trans-retinol dehydrogenase (NADP+) activity
GO:0035253	10	GO:0097418	4	8	0.0631377551020408	5.92144188872584e-15	2.12831637287744	ciliary rootlet	neurofibrillary tangle
GO:0005244	9	GO:1990544	6	8	0.0635459183673469	6.23244148885498e-15	2.12764468800512	voltage-gated monoatomic ion channel activity	mitochondrial ATP transmembrane transport
GO:0030116	4	GO:0098797	11	8	0.0635714285714286	6.25234382727057e-15	2.12760272845996	glial cell-derived neurotrophic factor receptor binding	plasma membrane protein complex
GO:0001518	13	GO:0050891	8	9	0.11594387755102	9.4009761650163e-15	2.12759433684381	voltage-gated sodium channel complex	multicellular organismal-level water homeostasis
GO:0004629	4	GO:0008503	11	8	0.0636224489795918	6.29231506087793e-15	2.12751881669107	phospholipase C activity	benzodiazepine receptor activity
GO:0001936	4	GO:0030259	7	8	0.06375	6.39322090800582e-15	2.12730907996397	regulation of endothelial cell proliferation	lipid glycosylation
GO:0031995	7	GO:0051147	2	7	0.0117091836734694	5.92661308545991e-18	2.12666105895633	insulin-like growth factor II binding	regulation of muscle cell differentiation
GO:0003846	6	GO:0004022	9	8	0.0641836734693878	6.74694951773765e-15	2.12659643089554	2-acylglycerol O-acyltransferase activity	alcohol dehydrogenase (NAD+) activity
GO:0018243	8	GO:1903238	10	8	0.0642857142857143	6.83262096489979e-15	2.12642885103175	protein O-linked glycosylation via threonine	positive regulation of leukocyte tethering or rolling
GO:0034498	10	GO:1990072	12	12	0.274821428571429	3.00733495116878e-16	2.12562069803514	early endosome to Golgi transport	TRAPPIII protein complex
GO:0001816	7	GO:0004909	2	7	0.0123979591836735	8.83710398945012e-18	2.12537739520997	cytokine production	interleukin-1, type I, activating receptor activity
GO:0004909	2	GO:0005149	10	7	0.0123979591836735	8.83710398945012e-18	2.12537739520997	interleukin-1, type I, activating receptor activity	interleukin-1 receptor binding
GO:0006691	7	GO:0019372	7	8	0.065	7.4593820076494e-15	2.1252568807976	leukotriene metabolic process	lipoxygenase pathway
GO:0006534	4	GO:1901750	6	8	0.0650510204081633	7.50601142715043e-15	2.12517324145372	cysteine metabolic process	leukotriene D4 biosynthetic process
GO:0006534	4	GO:0036374	6	8	0.0650510204081633	7.50601142715043e-15	2.12517324145372	cysteine metabolic process	glutathione hydrolase activity
GO:0030131	5	GO:0044599	4	8	0.0650510204081633	7.50601142715043e-15	2.12517324145372	clathrin adaptor complex	AP-5 adaptor complex
GO:0034372	5	GO:0050996	5	8	0.0653061224489796	7.74299702581571e-15	2.12475519014069	very-low-density lipoprotein particle remodeling	positive regulation of lipid catabolic process
GO:0042813	12	GO:0072079	1	8	0.0653061224489796	7.74299702575631e-15	2.12475519014069	Wnt receptor activity	nephron tubule formation
GO:0006623	11	GO:0019075	2	8	0.0654336734693878	7.86392063333302e-15	2.12454625530348	protein targeting to vacuole	virus maturation
GO:0046703	7	GO:2000502	1	7	0.0128571428571429	1.1376193313545e-17	2.1245228866949	natural killer cell lectin-like receptor binding	negative regulation of natural killer cell chemotaxis
GO:0030719	5	GO:0140991	3	7	0.0130612244897959	1.27201960878922e-17	2.12414342981059	P granule organization	piRNA-mediated gene silencing by mRNA destabilization
GO:0009058	11	GO:0034354	6	9	0.118392857142857	1.13218106276852e-14	2.12400497775786	biosynthetic process	'de novo' NAD biosynthetic process from L-tryptophan
GO:0031848	6	GO:0043047	2	7	0.013265306122449	1.41758773306079e-17	2.12376417243043	protection from non-homologous end joining at telomere	single-stranded telomeric DNA binding
GO:0004022	9	GO:0005502	5	8	0.0659183673469388	8.33860241034764e-15	2.12375285437899	alcohol dehydrogenase (NAD+) activity	11-cis retinal binding
GO:0005160	9	GO:0034616	6	8	0.0659438775510204	8.36426398319153e-15	2.12371112059897	transforming growth factor beta receptor binding	response to laminar fluid shear stress
GO:0097084	10	GO:0150059	4	8	0.0661224489795918	8.54583383974229e-15	2.1234190517259	vascular associated smooth muscle cell development	amylin receptor 1 signaling pathway
GO:0000836	3	GO:1904380	11	8	0.0664285714285714	8.86511182196096e-15	2.12291863719286	Hrd1p ubiquitin ligase complex	endoplasmic reticulum mannose trimming
GO:0000964	2	GO:0034475	8	8	0.0668877551020408	9.3635545849561e-15	2.12216866569528	mitochondrial RNA 5'-end processing	U4 snRNA 3'-end processing
GO:0006171	9	GO:0010854	2	7	0.0142857142857143	2.37933197724133e-17	2.12187087076494	cAMP biosynthetic process	adenylate cyclase regulator activity
GO:0021695	4	GO:0030681	9	9	0.12	1.27640970752247e-14	2.1216591300955	cerebellar cortex development	multimeric ribonuclease P complex
GO:0021695	4	GO:0033204	9	9	0.12	1.27640970752247e-14	2.1216591300955	cerebellar cortex development	ribonuclease P RNA binding
GO:0010510	5	GO:0034604	3	7	0.0144642857142857	2.59508997294731e-17	2.12154005327671	regulation of acetyl-CoA biosynthetic process from pyruvate	pyruvate dehydrogenase (NAD+) activity
GO:0010430	6	GO:0034440	6	8	0.0673469387755102	9.88629425096741e-15	2.12141947311925	fatty acid omega-oxidation	lipid oxidation
GO:0005024	5	GO:0042704	2	7	0.0145408163265306	2.69256329210785e-17	2.12139832078378	transforming growth factor beta receptor activity	uterine wall breakdown
GO:0016183	5	GO:0044599	4	8	0.0676530612244898	1.02487804333327e-14	2.12092044333772	synaptic vesicle coating	AP-5 adaptor complex
GO:0006086	4	GO:0010510	5	7	0.015	3.34586763593807e-17	2.12054851013716	pyruvate decarboxylation to acetyl-CoA	regulation of acetyl-CoA biosynthetic process from pyruvate
GO:0034372	5	GO:0034379	10	9	0.120816326530612	1.35572249718682e-14	2.12047050363426	very-low-density lipoprotein particle remodeling	very-low-density lipoprotein particle assembly
GO:0004016	10	GO:0010854	2	7	0.0151020408163265	3.50817017807187e-17	2.12035979920856	adenylate cyclase activity	adenylate cyclase regulator activity
GO:0009235	5	GO:0031419	5	7	0.0151530612244898	3.59181893974588e-17	2.12026546225421	cobalamin metabolic process	cobalamin binding
GO:0097117	2	GO:0098983	4	7	0.0152551020408163	3.76424114923745e-17	2.12007682534925	guanylate kinase-associated protein clustering	symmetric, GABA-ergic, inhibitory synapse
GO:0097117	2	GO:0098985	4	7	0.0152551020408163	3.76424114923745e-17	2.12007682534925	guanylate kinase-associated protein clustering	asymmetric, glutamatergic, excitatory synapse
GO:0001518	13	GO:0015280	12	9	0.12109693877551	1.38397767641795e-14	2.12006236522228	voltage-gated sodium channel complex	ligand-gated sodium channel activity
GO:0060402	8	GO:0098943	8	9	0.121326530612245	1.40748240143978e-14	2.11972860547111	calcium ion transport into cytosol	neurotransmitter receptor transport, postsynaptic endosome to lysosome
GO:0001682	12	GO:0070922	6	10	0.174336734693878	6.10016232175616e-15	2.11963837834981	tRNA 5'-leader removal	RISC complex assembly
GO:0001682	12	GO:0047044	6	10	0.174336734693878	6.10016232175616e-15	2.11963837834981	tRNA 5'-leader removal	androstan-3-alpha,17-beta-diol dehydrogenase (NAD+) activity
GO:0070578	4	GO:0070877	2	7	0.0155357142857143	4.27546676052764e-17	2.11955832807304	RISC-loading complex	microprocessor complex
GO:0006995	6	GO:0019786	4	7	0.0157142857142857	4.6308539326689e-17	2.11922856920081	cellular response to nitrogen starvation	protein-phosphatidylethanolamide deconjugating activity
GO:0038203	5	GO:0110078	3	7	0.0159948979591837	5.24037386414645e-17	2.11871068106546	TORC2 signaling	TTT Hsp90 cochaperone complex
GO:0030049	10	GO:0032036	6	10	0.175102040816327	6.36887384892277e-15	2.11863413550288	muscle filament sliding	myosin heavy chain binding
GO:0000957	5	GO:0045006	4	8	0.0693877551020408	1.25304340579733e-14	2.11809911043074	mitochondrial RNA catabolic process	DNA deamination
GO:0004972	4	GO:0010524	11	8	0.0693877551020408	1.25304340579733e-14	2.11809911043074	NMDA glutamate receptor activity	positive regulation of calcium ion transport into cytosol
GO:0042592	8	GO:0042813	12	10	0.175510204081633	6.51648423346941e-15	2.11809911043074	homeostatic process	Wnt receptor activity
GO:0042813	12	GO:1904037	4	10	0.175510204081633	6.51648423346941e-15	2.11809911043074	Wnt receptor activity	positive regulation of epithelial cell apoptotic process
GO:0004022	9	GO:0051264	3	8	0.0693877551020408	1.25304340579733e-14	2.11809911043074	alcohol dehydrogenase (NAD+) activity	mono-olein transacylation activity
GO:0004022	9	GO:0051265	3	8	0.0693877551020408	1.25304340579733e-14	2.11809911043074	alcohol dehydrogenase (NAD+) activity	diolein transacylation activity
GO:0051620	5	GO:0098700	5	7	0.0164795918367347	6.45554579509016e-17	2.11781702184456	norepinephrine uptake	neurotransmitter loading into synaptic vesicle
GO:0001635	2	GO:1990410	4	7	0.016530612244898	6.59643595408158e-17	2.11772301682449	calcitonin gene-related peptide receptor activity	adrenomedullin receptor signaling pathway
GO:0097643	2	GO:1990410	4	7	0.016530612244898	6.59643595408158e-17	2.11772301682449	amylin receptor activity	adrenomedullin receptor signaling pathway
GO:0006684	5	GO:0006686	9	8	0.0696428571428571	1.29008301183644e-14	2.11768513766733	sphingomyelin metabolic process	sphingomyelin biosynthetic process
GO:0010430	6	GO:0051122	8	8	0.0697959183673469	1.31276256180592e-14	2.11743686799685	fatty acid omega-oxidation	hepoxilin biosynthetic process
GO:0097084	10	GO:0097647	4	8	0.0697959183673469	1.31276256180592e-14	2.11743686799685	vascular associated smooth muscle cell development	amylin receptor signaling pathway
GO:0038203	5	GO:2000003	4	7	0.0168367346938776	7.49854847862877e-17	2.11715924382163	TORC2 signaling	positive regulation of DNA damage checkpoint
GO:0030126	13	GO:0035459	7	9	0.123214285714286	1.61455746147055e-14	2.11699019780583	COPI vesicle coat	vesicle cargo loading
GO:0004559	6	GO:0004571	7	7	0.0169897959183673	7.98787220615411e-17	2.11687752246657	alpha-mannosidase activity	mannosyl-oligosaccharide 1,2-alpha-mannosidase activity
GO:0004970	8	GO:0098943	8	9	0.123418367346939	1.63848483928513e-14	2.11669477545279	glutamate-gated receptor activity	neurotransmitter receptor transport, postsynaptic endosome to lysosome
GO:0001855	2	GO:1903028	9	7	0.0171428571428571	8.50429398199895e-17	2.11659591109449	complement component C4b binding	positive regulation of opsonization
GO:0034475	8	GO:0071031	2	8	0.0704081632653061	1.40699945479362e-14	2.11644464291545	U4 snRNA 3'-end processing	nuclear mRNA surveillance of mRNA 3'-end processing
GO:0006613	7	GO:0006614	4	7	0.0173469387755102	9.23715451419736e-17	2.11622060020129	cotranslational protein targeting to membrane	SRP-dependent cotranslational protein targeting to membrane
GO:0090494	6	GO:0098700	5	7	0.0174489795918367	9.62342718309916e-17	2.11603301795594	dopamine uptake	neurotransmitter loading into synaptic vesicle
GO:0003995	6	GO:0004165	3	7	0.0177551020408163	1.08663935362033e-16	2.11547056372047	acyl-CoA dehydrogenase activity	delta(3)-delta(2)-enoyl-CoA isomerase activity
GO:0004022	9	GO:0036155	3	8	0.0711224489795918	1.52436126102373e-14	2.1152887693379	alcohol dehydrogenase (NAD+) activity	acylglycerol acyl-chain remodeling
GO:0017154	10	GO:0097491	2	7	0.0179591836734694	1.17693325080476e-16	2.11509583772739	semaphorin receptor activity	sympathetic neuron projection guidance
GO:0017154	10	GO:1901166	2	7	0.0179591836734694	1.17693325080476e-16	2.11509583772739	semaphorin receptor activity	neural crest cell migration involved in autonomic nervous system development
GO:0008499	10	GO:0018243	8	8	0.0714285714285714	1.57721869951051e-14	2.11479396137033	N-acetyl-beta-D-glucosaminide beta-(1,3)-galactosyltransferase activity	protein O-linked glycosylation via threonine
GO:0004535	8	GO:0060213	8	8	0.0714285714285714	1.57721869951051e-14	2.11479396137033	poly(A)-specific ribonuclease activity	positive regulation of nuclear-transcribed mRNA poly(A) tail shortening
GO:0097422	5	GO:2000642	2	7	0.0182397959183673	1.31153203624428e-16	2.11458090712862	tubular endosome	negative regulation of early endosome to late endosome transport
GO:0005610	3	GO:0110011	6	7	0.0183673469387755	1.3769419385778e-16	2.11434696922469	laminin-5 complex	regulation of basement membrane organization
GO:0034464	8	GO:0097711	1	7	0.0185969387755102	1.50172891036768e-16	2.11392607208908	BBSome	ciliary basal body-plasma membrane docking
GO:0005869	8	GO:0010970	3	8	0.0719897959183674	1.67829098092362e-14	2.11388769402196	dynactin complex	transport along microtubule
GO:0031390	7	GO:0031391	2	7	0.0186734693877551	1.54543029430055e-16	2.11378582760134	Ctf18 RFC-like complex	Elg1 RFC-like complex
GO:0031390	7	GO:0061860	2	7	0.0186734693877551	1.54543029430055e-16	2.11378582760134	Ctf18 RFC-like complex	DNA clamp unloader activity
GO:0043039	2	GO:0106074	8	8	0.0721683673469388	1.71161421583325e-14	2.11359957484076	tRNA aminoacylation	aminoacyl-tRNA metabolism involved in translational fidelity
GO:0002161	8	GO:0043039	2	8	0.0721683673469388	1.71161421583325e-14	2.11359957484076	aminoacyl-tRNA editing activity	tRNA aminoacylation
GO:0097105	7	GO:0097109	3	7	0.0188265306122449	1.63609394486021e-16	2.11350542039841	presynaptic membrane assembly	neuroligin family protein binding
GO:0004657	2	GO:0055129	5	7	0.0189285714285714	1.69903480442499e-16	2.11331854280139	proline dehydrogenase activity	L-proline biosynthetic process
GO:0046761	7	GO:0097528	1	7	0.0191836734693878	1.86106060055997e-16	2.11285156050992	viral budding from plasma membrane	execution phase of necroptosis
GO:0032394	4	GO:0046703	7	7	0.0192857142857143	1.93593970038085e-16	2.112664852208	MHC class Ib receptor activity	natural killer cell lectin-like receptor binding
GO:0048790	7	GO:0061789	3	7	0.0193877551020408	2.00861007897972e-16	2.11247819221978	maintenance of presynaptic active zone structure	dense core granule priming
GO:0006691	7	GO:0034440	6	8	0.0729591836734694	1.86623156745695e-14	2.11232499996249	leukotriene metabolic process	lipid oxidation
GO:0042813	12	GO:0072207	4	9	0.126530612244898	2.04441785576624e-14	2.11220451157894	Wnt receptor activity	metanephric epithelium development
GO:0042743	4	GO:0106294	4	7	0.0196428571428571	2.20058755938185e-16	2.11201175345769	hydrogen peroxide metabolic process	NADPH oxidase H202-forming activity
GO:0002116	11	GO:0097491	2	7	0.0196428571428571	2.20058755938185e-16	2.11201175345769	semaphorin receptor complex	sympathetic neuron projection guidance
GO:0002116	11	GO:1901166	2	7	0.0196428571428571	2.20058755938185e-16	2.11201175345769	semaphorin receptor complex	neural crest cell migration involved in autonomic nervous system development
GO:0036396	7	GO:0120049	1	7	0.0197448979591837	2.27603333748589e-16	2.1118252623707	RNA N6-methyladenosine methyltransferase complex	snRNA (adenine-N6)-methylation
GO:0004117	10	GO:0120302	2	7	0.0197448979591837	2.28166319173329e-16	2.1118252623707	calmodulin-activated dual specificity 3',5'-cyclic-GMP, 3',5'-cyclic-AMP phosphodiesterase activity	background adaptation
GO:0048101	10	GO:0120302	2	7	0.0197448979591837	2.28166319173329e-16	2.1118252623707	calmodulin-activated 3',5'-cyclic-GMP phosphodiesterase activity	background adaptation
GO:0005219	3	GO:0010649	7	7	0.0197704081632653	2.30232716470736e-16	2.11177864713139	ryanodine-sensitive calcium-release channel activity	regulation of cell communication by electrical coupling
GO:0051469	5	GO:1904949	5	8	0.0734693877551021	1.97233358707848e-14	2.11150388715847	vesicle fusion with vacuole	ATPase complex
GO:0061763	5	GO:1904949	5	8	0.0734693877551021	1.97233358707848e-14	2.11150388715847	multivesicular body-lysosome fusion	ATPase complex
GO:0000815	5	GO:1904949	5	8	0.0734693877551021	1.97233358707848e-14	2.11150388715847	ESCRT III complex	ATPase complex
GO:1904930	5	GO:1904949	5	8	0.0734693877551021	1.97233358707848e-14	2.11150388715847	amphisome membrane	ATPase complex
GO:0031995	7	GO:0051148	4	7	0.0199744897959184	2.47348865865828e-16	2.11140583362328	insulin-like growth factor II binding	negative regulation of muscle cell differentiation
GO:0005131	6	GO:0038161	2	7	0.02	2.49563079733115e-16	2.11135924547973	growth hormone receptor binding	prolactin signaling pathway
GO:0000460	6	GO:0071051	6	8	0.0736224489795918	2.00517390097045e-14	2.1112577354685	maturation of 5.8S rRNA	poly(A)-dependent snoRNA 3'-end processing
GO:0034197	4	GO:0055102	5	8	0.0736734693877551	2.01622623148442e-14	2.11117570356753	triglyceride transport	lipase inhibitor activity
GO:0006901	10	GO:0033106	4	9	0.12734693877551	2.1646469055062e-14	2.11103135007547	vesicle coating	cis-Golgi network membrane
GO:0000425	6	GO:0044804	4	7	0.0202040816326531	2.6789625211029e-16	2.11098664861171	pexophagy	nucleophagy
GO:0034475	8	GO:2000772	4	8	0.0739285714285714	2.07228937501663e-14	2.1107656839348	U4 snRNA 3'-end processing	regulation of cellular senescence
GO:0021828	5	GO:0048841	2	7	0.0203571428571429	2.82392044787363e-16	2.11070732720631	gonadotrophin-releasing hormone neuronal migration to the hypothalamus	regulation of axon extension involved in axon guidance
GO:0008511	3	GO:0071474	8	7	0.0204081632653061	2.87370871448467e-16	2.11061424410141	sodium:potassium:chloride symporter activity	cellular hyperosmotic response
GO:0030906	4	GO:0034498	10	8	0.0741581632653061	2.1239048035989e-14	2.11039686542462	retromer, cargo-selective complex	early endosome to Golgi transport
GO:0006561	3	GO:0010133	3	7	0.0205612244897959	3.0276103105433e-16	2.11033506683399	proline biosynthetic process	proline catabolic process to glutamate
GO:0043047	2	GO:0070198	9	7	0.0205612244897959	3.02761034706992e-16	2.11033506683399	single-stranded telomeric DNA binding	protein localization to chromosome, telomeric region
GO:0010903	3	GO:0051006	7	8	0.0742602040816327	2.14720286202856e-14	2.11023300659708	negative regulation of very-low-density lipoprotein particle remodeling	positive regulation of lipoprotein lipase activity
GO:0030629	1	GO:0036396	8	7	0.0206632653061225	3.13406847552545e-16	2.11014900866416	U6 snRNA 3'-end binding	RNA N6-methyladenosine methyltransferase complex
GO:0060263	2	GO:0106292	5	7	0.0206632653061225	3.13408705143382e-16	2.11014900866416	regulation of respiratory burst	superoxide-generating NADPH oxidase activity
GO:0045916	3	GO:2000427	3	7	0.0208418367346939	3.32814680121891e-16	2.10982352229882	negative regulation of complement activation	positive regulation of apoptotic cell clearance
GO:0005610	3	GO:0098637	8	7	0.0209183673469388	3.41441241587919e-16	2.10968407308864	laminin-5 complex	protein complex involved in cell-matrix adhesion
GO:0001855	2	GO:0002752	10	7	0.0210714285714286	3.59270198629469e-16	2.10940525551623	complement component C4b binding	cell surface pattern recognition receptor signaling pathway
GO:0032214	1	GO:0070198	8	7	0.0212244897959184	3.77888159083752e-16	2.10912654567165	negative regulation of telomere maintenance via semi-conservative replication	protein localization to chromosome, telomeric region
GO:0070198	8	GO:1905778	1	7	0.0212244897959184	3.77888159083752e-16	2.10912654567165	protein localization to chromosome, telomeric region	negative regulation of exonuclease activity
GO:0070198	8	GO:1905839	1	7	0.0212244897959184	3.77888159083752e-16	2.10912654567165	protein localization to chromosome, telomeric region	negative regulation of telomeric D-loop disassembly
GO:0016247	9	GO:0060402	8	9	0.128724489795918	2.38178900463273e-14	2.10905595627015	channel regulator activity	calcium ion transport into cytosol
GO:0001936	4	GO:0003836	5	8	0.075	2.32289042998713e-14	2.10904614195141	regulation of endothelial cell proliferation	beta-galactoside (CMP) alpha-2,3-sialyltransferase activity
GO:0070083	4	GO:0140788	3	7	0.0213265306122449	3.90758013192939e-16	2.10894079891629	clathrin-sculpted monoamine transport vesicle membrane	L-glutamate uniporter activity
GO:0021637	5	GO:0060666	3	7	0.0214285714285714	4.03998905342683e-16	2.10875509997835	trigeminal nerve structural organization	dichotomous subdivision of terminal units involved in salivary gland branching
GO:0031391	2	GO:1900264	7	7	0.0214285714285714	4.03998905342683e-16	2.10875509997835	Elg1 RFC-like complex	positive regulation of DNA-directed DNA polymerase activity
GO:0061860	2	GO:1900264	7	7	0.0214285714285714	4.03998905342683e-16	2.10875509997835	DNA clamp unloader activity	positive regulation of DNA-directed DNA polymerase activity
GO:0015288	4	GO:0046902	8	8	0.0752040816326531	2.3735107194761e-14	2.10871907437816	porin activity	regulation of mitochondrial membrane permeability
GO:0098943	5	GO:1990454	6	8	0.0752040816326531	2.3735107194761e-14	2.10871907437816	neurotransmitter receptor transport, postsynaptic endosome to lysosome	L-type voltage-gated calcium channel complex
GO:0006691	7	GO:0051122	8	8	0.0756122448979592	2.47764753151911e-14	2.10806538378477	leukotriene metabolic process	hepoxilin biosynthetic process
GO:0021785	6	GO:0060666	3	7	0.0219387755102041	4.76124491297427e-16	2.10782732168911	branchiomotor neuron axon guidance	dichotomous subdivision of terminal units involved in salivary gland branching
GO:0000126	3	GO:0042791	6	7	0.0219642857142857	4.80002757187077e-16	2.10778096408359	transcription factor TFIIIB complex	5S class rRNA transcription by RNA polymerase III
GO:0000126	3	GO:0000127	6	7	0.0219642857142857	4.80002757187077e-16	2.10778096408359	transcription factor TFIIIB complex	transcription factor TFIIIC complex
GO:0031995	7	GO:0048633	4	7	0.0220408163265306	4.91800307418936e-16	2.10764190913946	insulin-like growth factor II binding	positive regulation of skeletal muscle tissue growth
GO:0036501	2	GO:1904153	9	8	0.0758928571428571	2.55153455507303e-14	2.10761631488179	UFD1-NPL4 complex	negative regulation of retrograde protein transport, ER to cytosol
GO:0021527	6	GO:0042813	12	10	0.183673469387755	1.0191436460748e-14	2.10748110793048	spinal cord association neuron differentiation	Wnt receptor activity
GO:0042813	12	GO:0045199	6	10	0.183673469387755	1.0191436460748e-14	2.10748110793048	Wnt receptor activity	maintenance of epithelial cell apical/basal polarity
GO:0000808	6	GO:0036298	2	7	0.0221938775510204	5.16142023742481e-16	2.10736387964269	origin recognition complex	recombinational interstrand cross-link repair
GO:0000808	6	GO:0070716	2	7	0.0221938775510204	5.16142023742481e-16	2.10736387964269	origin recognition complex	mismatch repair involved in maintenance of fidelity involved in DNA-dependent DNA replication
GO:0000808	6	GO:0097362	2	7	0.0221938775510204	5.16142023742481e-16	2.10736387964269	origin recognition complex	MCM8-MCM9 complex
GO:0000808	6	GO:0032406	2	7	0.0221938775510204	5.16142023742481e-16	2.10736387964269	origin recognition complex	MutLbeta complex binding
GO:0000808	6	GO:0032408	2	7	0.0221938775510204	5.16142023742481e-16	2.10736387964269	origin recognition complex	MutSbeta complex binding
GO:0008331	11	GO:0070679	7	9	0.13	2.59982959618494e-14	2.10723169875941	high voltage-gated calcium channel activity	inositol 1,4,5 trisphosphate binding
GO:0003958	3	GO:0042361	5	7	0.0222959183673469	5.32936807653003e-16	2.10717858616095	NADPH-hemoprotein reductase activity	menaquinone catabolic process
GO:0097114	4	GO:0098983	4	7	0.0222959183673469	5.32936807653003e-16	2.10717858616095	NMDA glutamate receptor clustering	symmetric, GABA-ergic, inhibitory synapse
GO:0004579	5	GO:0006613	7	8	0.0763265306122449	2.66950743365345e-14	2.10692284872453	dolichyl-diphosphooligosaccharide-protein glycotransferase activity	cotranslational protein targeting to membrane
GO:0004022	9	GO:0006776	6	8	0.0763265306122449	2.66950743365345e-14	2.10692284872453	alcohol dehydrogenase (NAD+) activity	vitamin A metabolic process
GO:0016559	10	GO:1990429	3	8	0.0763520408163265	2.67659286661152e-14	2.10688207735131	peroxisome fission	peroxisomal importomer complex
GO:0030126	13	GO:0030137	7	9	0.130255102040816	2.64550028219839e-14	2.10686740022106	COPI vesicle coat	COPI-coated vesicle
GO:0031860	3	GO:0098505	6	7	0.0225	5.67934505049235e-16	2.10680814192611	telomeric 3' overhang formation	G-rich strand telomeric DNA binding
GO:0042813	12	GO:0060502	2	9	0.130612244897959	2.7106331113339e-14	2.10635769115598	Wnt receptor activity	epithelial cell proliferation involved in lung morphogenesis
GO:0033106	4	GO:1990071	11	9	0.130612244897959	2.7106331113339e-14	2.10635769115598	cis-Golgi network membrane	TRAPPII protein complex
GO:0005391	6	GO:1901018	6	8	0.0767602040816327	2.79221368301976e-14	2.10623004858949	P-type sodium:potassium-exchanging transporter activity	positive regulation of potassium ion transmembrane transporter activity
GO:0003696	4	GO:0042659	7	7	0.0228571428571429	6.33925982918585e-16	2.10616032192707	satellite DNA binding	regulation of cell fate specification
GO:0031432	7	GO:0031433	5	7	0.0228826530612245	6.38880886371571e-16	2.10611407132465	titin binding	telethonin binding
GO:0004970	8	GO:0016247	9	9	0.13094387755102	2.77238155328515e-14	2.10588471215809	glutamate-gated receptor activity	channel regulator activity
GO:0005545	11	GO:0030125	9	8	0.0770663265306122	2.88176709034606e-14	2.10574141350192	1-phosphatidylinositol binding	clathrin vesicle coat
GO:0045916	3	GO:1903028	9	7	0.023265306122449	7.17284255245587e-16	2.10542066790641	negative regulation of complement activation	positive regulation of opsonization
GO:0000813	10	GO:0099159	6	9	0.131428571428571	2.86487111950585e-14	2.10519399254435	ESCRT I complex	regulation of modification of postsynaptic structure
GO:0010310	3	GO:0106292	5	7	0.0234183673469388	7.50875704651826e-16	2.10514349306325	regulation of hydrogen peroxide metabolic process	superoxide-generating NADPH oxidase activity
GO:0045141	7	GO:0070198	9	8	0.0775	3.01292250162519e-14	2.10504974657465	meiotic telomere clustering	protein localization to chromosome, telomeric region
GO:0017151	6	GO:0032926	10	8	0.0775510204081633	3.02868979843526e-14	2.10496841757964	DEAD/H-box RNA helicase binding	negative regulation of activin receptor signaling pathway
GO:0042813	12	GO:0060748	1	8	0.0775510204081633	3.02868979838042e-14	2.10496841757964	Wnt receptor activity	tertiary branching involved in mammary gland duct morphogenesis
GO:0042813	12	GO:0072033	1	8	0.0775510204081633	3.02868979838042e-14	2.10496841757964	Wnt receptor activity	renal vesicle formation
GO:0042813	12	GO:2000225	1	8	0.0775510204081633	3.02868979838042e-14	2.10496841757964	Wnt receptor activity	negative regulation of testosterone biosynthetic process
GO:0000800	8	GO:1990414	6	9	0.131607142857143	2.89962902210281e-14	2.10493968352693	lateral element	replication-born double-strand break repair via sister chromatid exchange
GO:0098882	6	GO:0099525	5	7	0.0235969387755102	7.91760035922818e-16	2.1048202569638	structural constituent of presynaptic active zone	presynaptic dense core vesicle exocytosis
GO:0015278	5	GO:0033018	6	7	0.0237244897959184	8.22117008474667e-16	2.10458946268237	intracellularly gated calcium channel activity	sarcoplasmic reticulum lumen
GO:0033018	6	GO:0048763	4	7	0.0237244897959184	8.22117008474667e-16	2.10458946268237	sarcoplasmic reticulum lumen	calcium-induced calcium release activity
GO:0001867	9	GO:2000427	3	8	0.0778826530612245	3.13294411508241e-14	2.10444000250145	complement activation, lectin pathway	positive regulation of apoptotic cell clearance
GO:0000268	1	GO:0006625	8	7	0.0238775510204082	8.59849320539913e-16	2.10431260698124	peroxisome targeting sequence binding	protein targeting to peroxisome
GO:0005052	1	GO:0006625	8	7	0.0238775510204082	8.59849320539913e-16	2.10431260698124	peroxisome matrix targeting signal-1 binding	protein targeting to peroxisome
GO:0004022	9	GO:0016411	4	8	0.0780612244897959	3.19036777497749e-14	2.10415563155512	alcohol dehydrogenase (NAD+) activity	acylglycerol O-acyltransferase activity
GO:0003958	3	GO:0042376	6	7	0.0240561224489796	9.05751081933052e-16	2.10398974290455	NADPH-hemoprotein reductase activity	phylloquinone catabolic process
GO:0004579	5	GO:0015693	9	9	0.132448979591837	3.06857113227056e-14	2.10374200429153	dolichyl-diphosphooligosaccharide-protein glycotransferase activity	magnesium ion transport
GO:0016185	7	GO:0030125	9	8	0.0784183673469388	3.30797708676154e-14	2.10358722575736	synaptic vesicle budding from presynaptic endocytic zone membrane	clathrin vesicle coat
GO:0004558	4	GO:0005980	8	8	0.0784438775510204	3.31652067449799e-14	2.10354664247678	alpha-1,4-glucosidase activity	glycogen catabolic process
GO:0016045	8	GO:0140608	6	8	0.0785714285714286	3.35952814264862e-14	2.10334376031529	detection of bacterium	cysteine-type endopeptidase activator activity
GO:0032958	10	GO:0034485	6	8	0.0786224489795918	3.3768669374291e-14	2.10326262342521	inositol phosphate biosynthetic process	phosphatidylinositol-3,4,5-trisphosphate 5-phosphatase activity
GO:0005664	7	GO:0036298	2	7	0.0244897959183673	1.02603198628774e-15	2.10320624553669	nuclear origin of replication recognition complex	recombinational interstrand cross-link repair
GO:0005664	7	GO:0070716	2	7	0.0244897959183673	1.02603198628774e-15	2.10320624553669	nuclear origin of replication recognition complex	mismatch repair involved in maintenance of fidelity involved in DNA-dependent DNA replication
GO:0005664	7	GO:0097362	2	7	0.0244897959183673	1.02603198628774e-15	2.10320624553669	nuclear origin of replication recognition complex	MCM8-MCM9 complex
GO:0005664	7	GO:0032406	2	7	0.0244897959183673	1.02603198628774e-15	2.10320624553669	nuclear origin of replication recognition complex	MutLbeta complex binding
GO:0005664	7	GO:0032408	2	7	0.0244897959183673	1.02603198628774e-15	2.10320624553669	nuclear origin of replication recognition complex	MutSbeta complex binding
GO:0031017	4	GO:0031995	7	7	0.0247959183673469	1.11894781927672e-15	2.10265370049209	exocrine pancreas development	insulin-like growth factor II binding
GO:0003847	8	GO:0047144	6	8	0.0790816326530612	3.53646461262793e-14	2.10253280180329	1-alkyl-2-acetylglycerophosphocholine esterase activity	2-acylglycerol-3-phosphate O-acyltransferase activity
GO:0034089	4	GO:0051177	6	8	0.0792091836734694	3.58194906508863e-14	2.10233020454864	establishment of meiotic sister chromatid cohesion	meiotic sister chromatid cohesion
GO:0003283	5	GO:0042813	12	10	0.187755102040816	1.26496757083592e-14	2.10223014737906	atrial septum development	Wnt receptor activity
GO:0022408	5	GO:0042813	12	10	0.187755102040816	1.26496757083592e-14	2.10223014737906	negative regulation of cell-cell adhesion	Wnt receptor activity
GO:0042813	12	GO:0070365	9	10	0.187755102040816	1.26496757083592e-14	2.10223014737906	Wnt receptor activity	hepatocyte differentiation
GO:0010587	8	GO:0101019	9	9	0.133571428571429	3.30736854000232e-14	2.10214818568091	miRNA catabolic process	nucleolar exosome (RNase complex)
GO:0030906	4	GO:1990459	8	8	0.0793622448979592	3.63720369297401e-14	2.10208716292894	retromer, cargo-selective complex	transferrin receptor binding
GO:0000808	6	GO:0042555	4	7	0.0251530612244898	1.23637072857002e-15	2.10200959908529	origin recognition complex	MCM complex
GO:0004117	10	GO:0097719	3	7	0.0252295918367347	1.26286020782137e-15	2.10187165214869	calmodulin-activated dual specificity 3',5'-cyclic-GMP, 3',5'-cyclic-AMP phosphodiesterase activity	neural tissue regeneration
GO:0048101	10	GO:0097719	3	7	0.0252295918367347	1.26286020782137e-15	2.10187165214869	calmodulin-activated 3',5'-cyclic-GMP phosphodiesterase activity	neural tissue regeneration
GO:0036396	8	GO:1905869	2	7	0.0252551020408163	1.27179733138658e-15	2.10182567569816	RNA N6-methyladenosine methyltransferase complex	negative regulation of 3'-UTR-mediated mRNA stabilization
GO:0001849	5	GO:0001867	9	8	0.0796938775510204	3.7594804139524e-14	2.10156085350384	complement component C1q complex binding	complement activation, lectin pathway
GO:0016182	2	GO:0030131	5	7	0.0255102040816327	1.36418930579258e-15	2.10136607229271	synaptic vesicle budding from endosome	clathrin adaptor complex
GO:0034365	1	GO:0042627	8	7	0.0255102040816327	1.36417698354568e-15	2.10136607229271	discoidal high-density lipoprotein particle	chylomicron
GO:0034498	10	GO:0097422	5	8	0.0799744897959184	3.8657321169543e-14	2.10111581449677	early endosome to Golgi transport	tubular endosome
GO:0006839	5	GO:0061617	9	8	0.0799744897959184	3.8657321169543e-14	2.10111581449677	mitochondrial transport	MICOS complex
GO:0004465	8	GO:0008126	1	7	0.0257142857142857	1.44217132003362e-15	2.10099860029269	lipoprotein lipase activity	acetylesterase activity
GO:0071218	8	GO:1904153	9	9	0.134438775510204	3.50302138166059e-14	2.10091900602724	cellular response to misfolded protein	negative regulation of retrograde protein transport, ER to cytosol
GO:0033391	8	GO:0071547	4	7	0.0260204081632653	1.56632554585055e-15	2.1004477430529	chromatoid body	piP-body
GO:0006546	3	GO:0046655	9	8	0.0804591836734694	4.05543983568824e-14	2.10034775687771	glycine catabolic process	folic acid metabolic process
GO:0019464	3	GO:0046655	9	8	0.0804591836734694	4.05543983568824e-14	2.10034775687771	glycine decarboxylation via glycine cleavage system	folic acid metabolic process
GO:0005960	3	GO:0046655	9	8	0.0804591836734694	4.05543983568824e-14	2.10034775687771	glycine cleavage complex	folic acid metabolic process
GO:0051434	3	GO:1902237	6	7	0.0261734693877551	1.63175221485641e-15	2.1001724721011	BH3 domain binding	positive regulation of endoplasmic reticulum stress-induced intrinsic apoptotic signaling pathway
GO:0031995	7	GO:0060669	3	7	0.0261734693877551	1.63175221485641e-15	2.1001724721011	insulin-like growth factor II binding	embryonic placenta morphogenesis
GO:0007512	11	GO:0031672	8	9	0.135025510204082	3.64112213260653e-14	2.10008868824319	adult heart development	A band
GO:0061669	6	GO:0099525	5	7	0.0264285714285714	1.745999311203e-15	2.09971392048662	spontaneous neurotransmitter secretion	presynaptic dense core vesicle exocytosis
GO:0001855	2	GO:1905370	11	7	0.0264285714285714	1.745999311203e-15	2.09971392048662	complement component C4b binding	serine-type endopeptidase complex
GO:0035646	9	GO:0099078	8	9	0.13530612244898	3.70885874919565e-14	2.09969191733912	endosome to melanosome transport	BORC complex
GO:0005610	3	GO:2001046	9	7	0.026530612244898	1.79357851635436e-15	2.09953058142846	laminin-5 complex	positive regulation of integrin-mediated signaling pathway
GO:0030132	4	GO:0032051	4	7	0.0268622448979592	1.95595851941514e-15	2.09893505110119	clathrin coat of coated pit	clathrin light chain binding
GO:0016174	7	GO:0042743	4	7	0.0269387755102041	1.99516766667065e-15	2.09879769081887	NAD(P)H oxidase H2O2-forming activity	hydrogen peroxide metabolic process
GO:0016175	8	GO:0032010	2	7	0.0269387755102041	1.99516766667065e-15	2.09879769081887	superoxide-generating NAD(P)H oxidase activity	phagolysosome
GO:0031209	9	GO:0051764	7	8	0.0814540816326531	4.47045859372507e-14	2.09877377503536	SCAR complex	actin crosslink formation
GO:0033176	4	GO:0036295	3	7	0.0269897959183673	2.02167929704096e-15	2.09870613182649	proton-transporting V-type ATPase complex	cellular response to increased oxygen levels
GO:0009235	8	GO:0140318	11	8	0.0815816326530612	4.52625699295173e-14	2.09857223064567	cobalamin metabolic process	protein transporter activity
GO:0033080	2	GO:0042813	12	8	0.0816326530612245	4.54874595237487e-14	2.09849162865436	immature T cell proliferation in thymus	Wnt receptor activity
GO:0042813	12	GO:0072162	2	8	0.0816326530612245	4.54874595237487e-14	2.09849162865436	Wnt receptor activity	metanephric mesenchymal cell differentiation
GO:0021817	3	GO:0090435	7	7	0.0271428571428571	2.10303181601156e-15	2.09843152455697	nucleokinesis involved in cell motility in cerebral cortex radial glia guided migration	protein localization to nuclear envelope
GO:0060676	5	GO:0070700	9	8	0.081734693877551	4.5940165885015e-14	2.09833045168566	ureteric bud formation	BMP receptor binding
GO:0070877	2	GO:0070922	6	7	0.0273214285714286	2.20147070329999e-15	2.09811128147937	microprocessor complex	RISC complex assembly
GO:0071233	7	GO:1990877	10	10	0.191020408163265	1.49855363658923e-14	2.09805672755575	cellular response to L-leucine	FNIP-folliculin RagC/D GAP
GO:0033108	6	GO:0044284	8	8	0.0821173469387755	4.76730271028363e-14	2.09772635859245	mitochondrial respiratory chain complex assembly	mitochondrial crista junction
GO:0005024	5	GO:0007435	5	7	0.0275510204081633	2.33381103813694e-15	2.09769974917548	transforming growth factor beta receptor activity	salivary gland morphogenesis
GO:0021612	7	GO:0060666	3	7	0.0275510204081633	2.33381103813694e-15	2.09769974917548	facial nerve structural organization	dichotomous subdivision of terminal units involved in salivary gland branching
GO:0061180	6	GO:1904956	2	7	0.0275510204081633	2.33381103813694e-15	2.09769974917548	mammary gland epithelium development	regulation of midbrain dopaminergic neuron differentiation
GO:0017154	10	GO:0097490	3	7	0.0277551020408163	2.45710743444045e-15	2.09733413967934	semaphorin receptor activity	sympathetic neuron projection extension
GO:0005664	7	GO:0042555	4	7	0.0277551020408163	2.45710743444045e-15	2.09733413967934	nuclear origin of replication recognition complex	MCM complex
GO:0010524	11	GO:0098976	6	8	0.0823979591836735	4.89797841178714e-14	2.09728367829598	positive regulation of calcium ion transport into cytosol	excitatory chemical synaptic transmission
GO:0035646	9	GO:0051036	9	9	0.137040816326531	4.1529385682678e-14	2.09724398448832	endosome to melanosome transport	regulation of endosome size
GO:0035646	9	GO:0062196	9	9	0.137040816326531	4.1529385682678e-14	2.09724398448832	endosome to melanosome transport	regulation of lysosome size
GO:0003720	2	GO:0070198	8	7	0.0278571428571429	2.52081854822914e-15	2.09715140439769	telomerase activity	protein localization to chromosome, telomeric region
GO:0005862	4	GO:0006942	8	8	0.0825	4.94626587373119e-14	2.09712277097423	muscle thin filament tropomyosin	regulation of striated muscle contraction
GO:0030119	6	GO:0030121	10	10	0.191811224489796	1.56064101534459e-14	2.09704959909554	AP-type membrane coat adaptor complex	AP-1 adaptor complex
GO:0005652	8	GO:0140444	5	8	0.0826530612244898	5.0194759875006e-14	2.09688147727054	nuclear lamina	cytoskeleton-nuclear membrane anchor activity
GO:0005610	3	GO:0051149	9	7	0.0280612244897959	2.65249388183517e-15	2.09678607264997	laminin-5 complex	positive regulation of muscle cell differentiation
GO:0000808	6	GO:0010571	5	7	0.0281122448979592	2.68631771327158e-15	2.09669476861587	origin recognition complex	positive regulation of nuclear cell cycle DNA replication
GO:0010833	3	GO:1904357	6	7	0.0281122448979592	2.68631771327158e-15	2.09669476861587	telomere maintenance via telomere lengthening	negative regulation of telomere maintenance via telomere lengthening
GO:0090292	3	GO:0090435	7	7	0.0281122448979592	2.68631771327158e-15	2.09669476861587	nuclear matrix anchoring at nuclear membrane	protein localization to nuclear envelope
GO:0031995	7	GO:0046622	5	7	0.0282397959183673	2.77249715367098e-15	2.09646655907857	insulin-like growth factor II binding	positive regulation of organ growth
GO:0001849	5	GO:1905370	11	8	0.0830612244897959	5.21934551713632e-14	2.09623842171608	complement component C1q complex binding	serine-type endopeptidase complex
GO:0006561	3	GO:0006562	4	7	0.028469387755102	2.93359335215283e-15	2.09605596376128	proline biosynthetic process	proline catabolic process
GO:0008278	4	GO:1990414	5	8	0.083265306122449	5.32185905418826e-14	2.09591710878407	cohesin complex	replication-born double-strand break repair via sister chromatid exchange
GO:0006995	6	GO:0051697	5	7	0.0285714285714286	3.00772377223246e-15	2.09587355194581	cellular response to nitrogen starvation	protein delipidation
GO:0006995	6	GO:0019777	2	7	0.0285714285714286	3.00772377223246e-15	2.09587355194581	cellular response to nitrogen starvation	Atg12 transferase activity
GO:0002752	10	GO:0045916	3	7	0.0285969387755102	3.02650494353386e-15	2.09582795619848	cell surface pattern recognition receptor signaling pathway	negative regulation of complement activation
GO:0051693	9	GO:2001259	7	8	0.0833673469387755	5.37377149741982e-14	2.09575650597355	actin filament capping	positive regulation of cation channel activity
GO:0044878	1	GO:1904903	7	7	0.0288520408163265	3.20829981889318e-15	2.09537215716875	mitotic cytokinesis checkpoint signaling	ESCRT III complex disassembly
GO:0016247	6	GO:1990454	6	8	0.08375	5.57240012374288e-14	2.09515456369464	channel regulator activity	L-type voltage-gated calcium channel complex
GO:0016076	2	GO:0071035	6	7	0.0290816326530612	3.40292161470242e-15	2.0949621841424	snRNA catabolic process	nuclear polyadenylation-dependent rRNA catabolic process
GO:0016076	2	GO:0071038	6	7	0.0290816326530612	3.40292161470242e-15	2.0949621841424	snRNA catabolic process	TRAMP-dependent tRNA surveillance pathway
GO:0000268	1	GO:0016558	8	7	0.0290816326530612	3.40288167171559e-15	2.0949621841424	peroxisome targeting sequence binding	protein import into peroxisome matrix
GO:0005052	1	GO:0016558	8	7	0.0290816326530612	3.40288167171559e-15	2.0949621841424	peroxisome matrix targeting signal-1 binding	protein import into peroxisome matrix
GO:0038179	2	GO:0038180	10	7	0.0290816326530612	3.40292161470242e-15	2.0949621841424	neurotrophin signaling pathway	nerve growth factor signaling pathway
GO:0005030	2	GO:0038180	10	7	0.0290816326530612	3.40292161470242e-15	2.0949621841424	neurotrophin receptor activity	nerve growth factor signaling pathway
GO:0021707	5	GO:0042813	12	9	0.138775510204082	4.64348872091739e-14	2.09480433074583	cerebellar granule cell differentiation	Wnt receptor activity
GO:0036435	6	GO:1904153	9	9	0.138775510204082	4.64348872091739e-14	2.09480433074583	K48-linked polyubiquitin modification-dependent protein binding	negative regulation of retrograde protein transport, ER to cytosol
GO:0004022	8	GO:0005503	2	7	0.0295663265306122	3.8187209652609e-15	2.09409744995333	alcohol dehydrogenase (NAD+) activity	all-trans retinal binding
GO:0046639	3	GO:0097108	3	7	0.0298469387755102	4.07876138735322e-15	2.09359728776461	negative regulation of alpha-beta T cell differentiation	hedgehog family protein binding
GO:0036396	8	GO:0070475	3	7	0.0298469387755102	4.07876153782404e-15	2.09359728776461	RNA N6-methyladenosine methyltransferase complex	rRNA base methylation
GO:0006901	11	GO:0032964	7	11	0.250102040816327	4.77142437003677e-15	2.09281551124484	vesicle coating	collagen biosynthetic process
GO:0002116	11	GO:0097490	3	7	0.0303571428571429	4.59052347484935e-15	2.09268878950795	semaphorin receptor complex	sympathetic neuron projection extension
GO:0030915	9	GO:0106068	2	7	0.0303571428571429	4.59052347484935e-15	2.09268878950795	Smc5-Smc6 complex	SUMO ligase complex
GO:0042446	10	GO:0106292	5	8	0.0854081632653061	6.50907558224367e-14	2.09255193597446	hormone biosynthetic process	superoxide-generating NADPH oxidase activity
GO:0000290	7	GO:0031087	3	7	0.0305357142857143	4.78216664476041e-15	2.09237108524364	deadenylation-dependent decapping of nuclear-transcribed mRNA	deadenylation-independent decapping of nuclear-transcribed mRNA
GO:0035253	10	GO:0060052	9	8	0.0855867346938775	6.61769955557799e-14	2.09227221225585	ciliary rootlet	neurofilament cytoskeleton organization
GO:0016559	10	GO:0051646	6	8	0.0856632653061224	6.66473474178254e-14	2.09215236385963	peroxisome fission	mitochondrion localization
GO:0042813	12	GO:0061205	2	8	0.0857142857142857	6.69625335126894e-14	2.09207247598974	Wnt receptor activity	paramesonephric duct development
GO:0016558	7	GO:0060152	1	7	0.0307142857142857	4.96150413982927e-15	2.09205352084474	protein import into peroxisome matrix	microtubule-based peroxisome localization
GO:0042813	12	GO:0060484	5	10	0.195918367346939	1.92174263498933e-14	2.09184152468655	Wnt receptor activity	lung-associated mesenchyme development
GO:0005664	7	GO:0010571	5	7	0.0310204081632653	5.33723799689066e-15	2.09150944977902	nuclear origin of replication recognition complex	positive regulation of nuclear cell cycle DNA replication
GO:0005862	4	GO:0030172	2	7	0.0310714285714286	5.39867724161098e-15	2.09141881115096	muscle thin filament tropomyosin	troponin C binding
GO:0061180	6	GO:0090175	3	7	0.0312244897959184	5.58693926630434e-15	2.09114696358021	mammary gland epithelium development	regulation of establishment of planar polarity
GO:0004022	9	GO:0005185	2	7	0.0312244897959184	5.58693926630434e-15	2.09114696358021	alcohol dehydrogenase (NAD+) activity	neurohypophyseal hormone activity
GO:0017154	12	GO:0048880	3	7	0.0312244897959184	5.58693926630434e-15	2.09114696358021	semaphorin receptor activity	sensory system development
GO:0009257	2	GO:0046653	4	7	0.03125	5.61876761719712e-15	2.09110166561037	10-formyltetrahydrofolate biosynthetic process	tetrahydrofolate metabolic process
GO:0004329	2	GO:0046653	4	7	0.03125	5.61876761719712e-15	2.09110166561037	formate-tetrahydrofolate ligase activity	tetrahydrofolate metabolic process
GO:0010524	11	GO:0017146	5	8	0.086734693877551	7.35453900766922e-14	2.09047657374489	positive regulation of calcium ion transport into cytosol	NMDA selective glutamate receptor complex
GO:0030131	5	GO:0035646	9	8	0.086734693877551	7.35453900766922e-14	2.09047657374489	clathrin adaptor complex	endosome to melanosome transport
GO:0045762	3	GO:0070679	7	7	0.0318367346938776	6.39695900357806e-15	2.09006059662722	positive regulation of adenylate cyclase activity	inositol 1,4,5 trisphosphate binding
GO:0000221	5	GO:0051452	3	7	0.0318367346938776	6.39695900357806e-15	2.09006059662722	vacuolar proton-transporting V-type ATPase, V1 domain	intracellular pH reduction
GO:0010706	4	GO:0048729	3	7	0.0319897959183673	6.61448577626054e-15	2.08978926033648	ganglioside biosynthetic process via lactosylceramide	tissue morphogenesis
GO:0003829	3	GO:0010706	4	7	0.0319897959183673	6.61448577626054e-15	2.08978926033648	beta-1,3-galactosyl-O-glycosyl-glycoprotein beta-1,6-N-acetylglucosaminyltransferase activity	ganglioside biosynthetic process via lactosylceramide
GO:0008299	9	GO:0033384	1	7	0.0322448979591837	6.99110671570258e-15	2.08933725987025	isoprenoid biosynthetic process	geranyl diphosphate biosynthetic process
GO:0008299	9	GO:0045337	1	7	0.0322448979591837	6.99110671570258e-15	2.08933725987025	isoprenoid biosynthetic process	farnesyl diphosphate biosynthetic process
GO:0004161	1	GO:0008299	9	7	0.0322448979591837	6.99110671570258e-15	2.08933725987025	dimethylallyltranstransferase activity	isoprenoid biosynthetic process
GO:0004337	1	GO:0008299	9	7	0.0322448979591837	6.99110671570258e-15	2.08933725987025	(2E,6E)-farnesyl diphosphate synthase activity	isoprenoid biosynthetic process
GO:0010898	6	GO:0034366	6	8	0.0875510204081633	7.92113701533844e-14	2.08920238923086	positive regulation of triglyceride catabolic process	spherical high-density lipoprotein particle
GO:0030049	10	GO:0032038	2	8	0.0875510204081633	7.92113701533843e-14	2.08920238923086	muscle filament sliding	myosin II heavy chain binding
GO:0042813	12	GO:2000095	3	9	0.142857142857143	6.00555619220652e-14	2.08909630871296	Wnt receptor activity	regulation of Wnt signaling pathway, planar cell polarity pathway
GO:0050803	5	GO:0070083	4	7	0.0325510204081633	7.4671500483572e-15	2.0887952329039	regulation of synapse structure or activity	clathrin-sculpted monoamine transport vesicle membrane
GO:0034475	8	GO:0043457	4	8	0.0880102040816327	8.25629046754737e-14	2.08848664828862	U4 snRNA 3'-end processing	regulation of cellular respiration
GO:0000800	7	GO:0008278	4	8	0.0881632653061225	8.3707244128384e-14	2.08824822570491	lateral element	cohesin complex
GO:0004022	9	GO:0032849	3	7	0.0329591836734694	8.144843029002e-15	2.08807316325357	alcohol dehydrogenase (NAD+) activity	positive regulation of cellular pH reduction
GO:0016012	6	GO:0099536	7	7	0.0330357142857143	8.27759994626834e-15	2.08793785562437	sarcoglycan complex	synaptic signaling
GO:0002116	13	GO:0048880	3	7	0.0330612244897959	8.32226183545397e-15	2.08789275872082	semaphorin receptor complex	sensory system development
GO:0035654	7	GO:0044599	4	8	0.0884693877551021	8.60375084672977e-14	2.08777161682041	clathrin-coated vesicle cargo loading, AP-3-mediated	AP-5 adaptor complex
GO:0000813	10	GO:0007175	4	8	0.0885714285714286	8.68267397622376e-14	2.08761281714548	ESCRT I complex	negative regulation of epidermal growth factor-activated receptor activity
GO:0004526	10	GO:0005849	6	10	0.199285714285714	2.27184089778473e-14	2.08759942600016	ribonuclease P activity	mRNA cleavage factor complex
GO:0032466	3	GO:1904903	7	7	0.0332908163265306	8.73358879461254e-15	2.08748701340942	negative regulation of cytokinesis	ESCRT III complex disassembly
GO:0000931	9	GO:0046599	7	8	0.0887244897959184	8.80224301005852e-14	2.08737468316133	gamma-tubulin ring complex	regulation of centriole replication
GO:0070478	2	GO:0071028	8	7	0.0333928571428571	8.92191180703805e-15	2.08730675539125	nuclear-transcribed mRNA catabolic process, 3'-5' exonucleolytic nonsense-mediated decay	nuclear mRNA surveillance
GO:0055087	2	GO:0071028	8	7	0.0333928571428571	8.92191180703805e-15	2.08730675539125	Ski complex	nuclear mRNA surveillance
GO:0034098	7	GO:0036513	7	10	0.199795918367347	2.32959930645597e-14	2.08695885449865	VCP-NPL4-UFD1 AAA ATPase complex	Derlin-1 retrotranslocation complex
GO:0003863	2	GO:0006090	8	7	0.0336734693877551	9.45782629758796e-15	2.08681127797785	3-methyl-2-oxobutanoate dehydrogenase (2-methylpropanoyl-transferring) activity	pyruvate metabolic process
GO:0051224	5	GO:0097422	5	7	0.0336734693877551	9.45782629758796e-15	2.08681127797785	negative regulation of protein transport	tubular endosome
GO:0007206	3	GO:0030160	4	7	0.0338265306122449	9.76158513799612e-15	2.08654116094775	phospholipase C-activating G protein-coupled glutamate receptor signaling pathway	synaptic receptor adaptor activity
GO:0060201	3	GO:0098700	5	7	0.0339285714285714	9.96869725175407e-15	2.08636113910493	clathrin-sculpted acetylcholine transport vesicle membrane	neurotransmitter loading into synaptic vesicle
GO:0032964	7	GO:1990071	12	11	0.255918367346939	6.1117106976228e-15	2.08613469191411	collagen biosynthetic process	TRAPPII protein complex
GO:0006686	9	GO:0046514	6	8	0.0895408163265306	9.46452547290573e-14	2.08610596124175	sphingomyelin biosynthetic process	ceramide catabolic process
GO:0019841	9	GO:0052650	7	8	0.0895408163265306	9.46452547290573e-14	2.08610596124175	retinol binding	all-trans-retinol dehydrogenase (NADP+) activity
GO:0016558	8	GO:0021795	5	8	0.0896683673469388	9.57183838411218e-14	2.08590792485878	protein import into peroxisome matrix	cerebral cortex cell migration
GO:0033108	6	GO:0061617	9	8	0.0896683673469388	9.57183838411218e-14	2.08590792485878	mitochondrial respiratory chain complex assembly	MICOS complex
GO:0061700	7	GO:0140007	3	7	0.0342857142857143	1.07234899328158e-14	2.08573141621863	GATOR2 complex	KICSTOR complex
GO:0046930	10	GO:0140021	4	8	0.0899489795918367	9.81167077722878e-14	2.085472436098	pore complex	mitochondrial ADP transmembrane transport
GO:0030681	9	GO:0070922	6	9	0.145714285714286	7.15878801829497e-14	2.08512739900064	multimeric ribonuclease P complex	RISC complex assembly
GO:0033204	9	GO:0070922	6	9	0.145714285714286	7.15878801829497e-14	2.08512739900064	ribonuclease P RNA binding	RISC complex assembly
GO:0030681	9	GO:0047044	6	9	0.145714285714286	7.15878801829497e-14	2.08512739900064	multimeric ribonuclease P complex	androstan-3-alpha,17-beta-diol dehydrogenase (NAD+) activity
GO:0033204	9	GO:0047044	6	9	0.145714285714286	7.15878801829497e-14	2.08512739900064	ribonuclease P RNA binding	androstan-3-alpha,17-beta-diol dehydrogenase (NAD+) activity
GO:0019992	8	GO:0048790	7	7	0.0346938775510204	1.16455122160683e-14	2.08501240542355	diacylglycerol binding	maintenance of presynaptic active zone structure
GO:0004022	9	GO:0071626	2	7	0.0346938775510204	1.16455122160682e-14	2.08501240542355	alcohol dehydrogenase (NAD+) activity	mastication
GO:0004022	9	GO:1903350	2	7	0.0346938775510204	1.16455122160682e-14	2.08501240542355	alcohol dehydrogenase (NAD+) activity	response to dopamine
GO:0005244	9	GO:0005757	6	8	0.0905867346938776	1.03763337434877e-13	2.08448366559413	voltage-gated monoatomic ion channel activity	mitochondrial permeability transition pore complex
GO:0006760	3	GO:0035999	5	7	0.0350765306122449	1.25707093011999e-14	2.08433898307455	folic acid-containing compound metabolic process	tetrahydrofolate interconversion
GO:0031891	2	GO:0043950	10	8	0.0906887755102041	1.04692613665222e-13	2.08432558801273	type 1 vasoactive intestinal polypeptide receptor binding	positive regulation of cAMP-mediated signaling
GO:0031892	2	GO:0043950	10	8	0.0906887755102041	1.04692613665222e-13	2.08432558801273	type 2 vasoactive intestinal polypeptide receptor binding	positive regulation of cAMP-mediated signaling
GO:0034464	8	GO:0042670	2	7	0.0351275510204082	1.26986952055958e-14	2.08424924090966	BBSome	retinal cone cell differentiation
GO:0045252	8	GO:1901289	2	7	0.0351275510204082	1.26986952055958e-14	2.08424924090966	oxoglutarate dehydrogenase complex	succinyl-CoA catabolic process
GO:0042709	2	GO:0045252	8	7	0.0351275510204082	1.26986952055958e-14	2.08424924090966	succinate-CoA ligase complex	oxoglutarate dehydrogenase complex
GO:0005024	5	GO:0010936	9	7	0.0352040816326531	1.28927646340651e-14	2.08411464859274	transforming growth factor beta receptor activity	negative regulation of macrophage cytokine production
GO:0005848	2	GO:0005849	6	7	0.0353571428571429	1.32885295246292e-14	2.08384553927403	mRNA cleavage stimulating factor complex	mRNA cleavage factor complex
GO:0042813	11	GO:0048103	4	8	0.0911989795918367	1.09448751557811e-13	2.08353571931027	Wnt receptor activity	somatic stem cell division
GO:0032232	3	GO:0099572	9	7	0.0357142857142857	1.42526268057874e-14	2.08321800768122	negative regulation of actin filament bundle assembly	postsynaptic specialization
GO:0034372	4	GO:0045833	2	7	0.0357142857142857	1.42523745405028e-14	2.08321800768122	very-low-density lipoprotein particle remodeling	negative regulation of lipid metabolic process
GO:0016557	3	GO:0016560	3	7	0.0358163265306122	1.45388358690509e-14	2.08303881316522	peroxisome membrane biogenesis	protein import into peroxisome matrix, docking
GO:0016557	3	GO:0016561	3	7	0.0358163265306122	1.45388358690509e-14	2.08303881316522	peroxisome membrane biogenesis	protein import into peroxisome matrix, translocation
GO:0016557	3	GO:0044721	3	7	0.0358163265306122	1.45388358690509e-14	2.08303881316522	peroxisome membrane biogenesis	protein import into peroxisome matrix, substrate release
GO:0045916	3	GO:1905370	11	7	0.0358673469387755	1.46837767592872e-14	2.08294923259752	negative regulation of complement activation	serine-type endopeptidase complex
GO:0048771	9	GO:0051045	4	7	0.0361224489795918	1.54271751327338e-14	2.08250149655159	tissue remodeling	negative regulation of membrane protein ectodomain proteolysis
GO:0003272	9	GO:0038098	3	7	0.0362244897959184	1.57334255789401e-14	2.08232247991822	endocardial cushion formation	sequestering of BMP from receptor via BMP binding
GO:0003272	9	GO:0090027	4	7	0.0362244897959184	1.57334255789401e-14	2.08232247991822	endocardial cushion formation	negative regulation of monocyte chemotaxis
GO:0005471	5	GO:0046930	10	8	0.0920408163265306	1.17709096086585e-13	2.08223432387352	ATP:ADP antiporter activity	pore complex
GO:0003073	7	GO:1990408	6	7	0.0363775510204082	1.62025519686987e-14	2.08205403824033	regulation of systemic arterial blood pressure	calcitonin gene-related peptide receptor signaling pathway
GO:0004022	9	GO:0031394	3	7	0.0364285714285714	1.63615641045443e-14	2.08196457987593	alcohol dehydrogenase (NAD+) activity	positive regulation of prostaglandin biosynthetic process
GO:0034382	4	GO:0055090	3	7	0.0364795918367347	1.65219099250333e-14	2.08187513260438	chylomicron remnant clearance	acylglycerol homeostasis
GO:0052650	7	GO:1904768	2	7	0.0364795918367347	1.65219099250333e-14	2.08187513260438	all-trans-retinol dehydrogenase (NADP+) activity	all-trans-retinol binding
GO:0030906	4	GO:0034452	9	8	0.0923724489795918	1.21109469270697e-13	2.08172229689165	retromer, cargo-selective complex	dynactin binding
GO:0098842	5	GO:1990460	3	7	0.036734693877551	1.73439711010518e-14	2.08142806254332	postsynaptic early endosome	leptin receptor binding
GO:0032741	4	GO:0072558	4	7	0.0369897959183673	1.82007892632908e-14	2.08098126939156	positive regulation of interleukin-18 production	NLRP1 inflammasome complex
GO:0000172	8	GO:0008207	1	7	0.0371173469387755	1.86422535765362e-14	2.08075797654952	ribonuclease MRP complex	C21-steroid hormone metabolic process
GO:0002031	5	GO:0141163	7	7	0.0371938775510204	1.89120828145629e-14	2.08062403401447	G protein-coupled receptor internalization	positive regulation of cAMP/PKA signal transduction
GO:0034464	8	GO:0120229	3	7	0.0371938775510204	1.89120828145629e-14	2.08062403401447	BBSome	protein localization to motile cilium
GO:0039536	5	GO:1904153	9	8	0.0932397959183673	1.30411073564469e-13	2.0803848651804	negative regulation of RIG-I signaling pathway	negative regulation of retrograde protein transport, ER to cytosol
GO:0034703	9	GO:0045762	3	7	0.0373469387755102	1.94610422669328e-14	2.08035622353416	cation channel complex	positive regulation of adenylate cyclase activity
GO:1904751	2	GO:1990454	9	7	0.0375	2.0023581876075e-14	2.08008851244538	positive regulation of protein localization to nucleolus	L-type voltage-gated calcium channel complex
GO:0005980	9	GO:0008466	2	7	0.0376530612244898	2.05999797340032e-14	2.07982090067438	glycogen catabolic process	glycogenin glucosyltransferase activity
GO:0008046	10	GO:0048846	10	9	0.149617346938776	9.04970369536553e-14	2.07974063649904	axon guidance receptor activity	axon extension involved in axon guidance
GO:0004526	10	GO:0047035	6	10	0.205612244897959	3.08753626951145e-14	2.07969626402146	ribonuclease P activity	testosterone dehydrogenase (NAD+) activity
GO:0070578	4	GO:0070878	5	7	0.0377295918367347	2.08934636435902e-14	2.07968713201003	RISC-loading complex	primary miRNA binding
GO:0004993	9	GO:0008504	8	7	0.0378061224489796	2.11905184495064e-14	2.07955338814751	G protein-coupled serotonin receptor activity	monoamine transmembrane transporter activity
GO:0005344	10	GO:0030492	4	7	0.0378826530612245	2.14911801925054e-14	2.07941966907762	oxygen carrier activity	hemoglobin binding
GO:0006287	9	GO:0160002	2	7	0.0380357142857143	2.21034701000323e-14	2.07915230527899	base-excision repair, gap-filling	ADP-D-ribose modification-dependent protein binding
GO:0005313	10	GO:0070083	4	7	0.0381632653061225	2.26250561821235e-14	2.07892957778766	L-glutamate transmembrane transporter activity	clathrin-sculpted monoamine transport vesicle membrane
GO:0030892	5	GO:1990414	5	8	0.0942857142857143	1.42451746355173e-13	2.07877537098389	mitotic cohesin complex	replication-born double-strand break repair via sister chromatid exchange
GO:0061337	6	GO:0099508	10	8	0.0946938775510204	1.47407105053591e-13	2.07814824856191	cardiac conduction	voltage-gated monoatomic ion channel activity involved in regulation of presynaptic membrane potential
GO:0035646	9	GO:0098574	11	9	0.150918367346939	9.77164943545526e-14	2.0779539512631	endosome to melanosome transport	cytoplasmic side of lysosomal membrane
GO:0034475	8	GO:0070478	2	7	0.0387244897959184	2.50471177304895e-14	2.07795039299796	U4 snRNA 3'-end processing	nuclear-transcribed mRNA catabolic process, 3'-5' exonucleolytic nonsense-mediated decay
GO:0034475	8	GO:0055087	2	7	0.0387244897959184	2.50471177304895e-14	2.07795039299796	U4 snRNA 3'-end processing	Ski complex
GO:0071920	2	GO:0180010	8	7	0.0387755102040816	2.52779059776288e-14	2.07786144207357	cleavage body	co-transcriptional mRNA 3'-end processing, cleavage and polyadenylation pathway
GO:0005513	10	GO:0015279	9	9	0.151020408163265	9.83037129804295e-14	2.07781400606517	detection of calcium ion	store-operated calcium channel activity
GO:0034475	8	GO:0035928	2	8	0.0950510204081633	1.51865720973484e-13	2.07759996332534	U4 snRNA 3'-end processing	rRNA import into mitochondrion
GO:0034475	8	GO:2000627	4	8	0.0950510204081633	1.51865720973484e-13	2.07759996332534	U4 snRNA 3'-end processing	positive regulation of miRNA catabolic process
GO:0001780	8	GO:0046655	9	8	0.095280612244898	1.54793693803575e-13	2.07724771418326	neutrophil homeostasis	folic acid metabolic process
GO:0061702	7	GO:1904270	1	7	0.0391836734693878	2.70575363840327e-14	2.07715022927704	canonical inflammasome complex	pyroptosome complex assembly
GO:0034705	5	GO:0099508	10	7	0.0391836734693878	2.7190642348811e-14	2.07715022927704	potassium channel complex	voltage-gated monoatomic ion channel activity involved in regulation of presynaptic membrane potential
GO:0042813	12	GO:0061037	5	10	0.208163265306122	3.48463793650079e-14	2.07653384106751	Wnt receptor activity	negative regulation of cartilage development
GO:0010916	3	GO:0034372	4	7	0.0395408163265306	2.89645777818808e-14	2.07652849278062	negative regulation of very-low-density lipoprotein particle clearance	very-low-density lipoprotein particle remodeling
GO:0006625	6	GO:0045046	3	7	0.0395408163265306	2.89645777818809e-14	2.07652849278062	protein targeting to peroxisome	protein import into peroxisome membrane
GO:0002125	3	GO:0004022	9	7	0.0398979591836735	3.08366303022583e-14	2.07590729170352	maternal aggressive behavior	alcohol dehydrogenase (NAD+) activity
GO:0004022	9	GO:0007621	4	7	0.0398979591836735	3.08366303022583e-14	2.07590729170352	alcohol dehydrogenase (NAD+) activity	negative regulation of female receptivity
GO:0031084	3	GO:0035646	9	7	0.0398979591836735	3.08366303022583e-14	2.07590729170352	BLOC-2 complex	endosome to melanosome transport
GO:0004022	9	GO:0031894	3	7	0.0398979591836735	3.08366303022583e-14	2.07590729170352	alcohol dehydrogenase (NAD+) activity	V1A vasopressin receptor binding
GO:0048743	5	GO:0071837	10	7	0.0398979591836735	3.08366303022583e-14	2.07590729170352	positive regulation of skeletal muscle fiber development	HMG box domain binding
GO:0008331	11	GO:0034703	9	9	0.1525	1.07176665922789e-13	2.07578784578171	high voltage-gated calcium channel activity	cation channel complex
GO:0016176	6	GO:0106294	4	7	0.0401785714285714	3.23792663721697e-14	2.07541958015571	superoxide-generating NADPH oxidase activator activity	NADPH oxidase H202-forming activity
GO:0045295	8	GO:0071603	2	7	0.0404081632653061	3.36900876434999e-14	2.07502078855588	gamma-catenin binding	endothelial cell-cell adhesion
GO:0044341	7	GO:0070083	4	7	0.0404081632653061	3.36900876434999e-14	2.07502078855588	sodium-dependent phosphate transport	clathrin-sculpted monoamine transport vesicle membrane
GO:0005436	7	GO:0070083	4	7	0.0404081632653061	3.36900876434999e-14	2.07502078855588	sodium:phosphate symporter activity	clathrin-sculpted monoamine transport vesicle membrane
GO:0046638	5	GO:0097108	3	7	0.0405612244897959	3.45889707130294e-14	2.07475504991945	positive regulation of alpha-beta T cell differentiation	hedgehog family protein binding
GO:0099094	1	GO:2000311	13	7	0.0405612244897959	3.45889707130294e-14	2.07475504991945	ligand-gated monoatomic cation channel activity	regulation of AMPA receptor activity
GO:0000254	3	GO:0033489	4	7	0.0406377551020408	3.50460545982548e-14	2.07462221730321	C-4 methylsterol oxidase activity	cholesterol biosynthetic process via desmosterol
GO:0000254	3	GO:0033490	4	7	0.0406377551020408	3.50460545982548e-14	2.07462221730321	C-4 methylsterol oxidase activity	cholesterol biosynthetic process via lathosterol
GO:0001851	8	GO:0008228	7	7	0.0407142857142857	3.55082971797882e-14	2.07448940914294	complement component C3b binding	opsonization
GO:0015966	2	GO:0106074	8	8	0.0972704081632653	1.82303725659868e-13	2.07420207219023	diadenosine tetraphosphate biosynthetic process	aminoacyl-tRNA metabolism involved in translational fidelity
GO:0002161	8	GO:0015966	2	8	0.0972704081632653	1.82303725659868e-13	2.07420207219023	aminoacyl-tRNA editing activity	diadenosine tetraphosphate biosynthetic process
GO:0005652	8	GO:0034993	8	8	0.0973469387755102	1.83441890988454e-13	2.07408518852791	nuclear lamina	meiotic nuclear membrane microtubule tethering complex
GO:0004439	7	GO:0032958	10	8	0.0974234693877551	1.84586249488185e-13	2.07396832380178	phosphatidylinositol-4,5-bisphosphate 5-phosphatase activity	inositol phosphate biosynthetic process
GO:0008331	10	GO:0060402	7	8	0.0975765306122449	1.86893661012611e-13	2.07373465113357	high voltage-gated calcium channel activity	calcium ion transport into cytosol
GO:0061702	7	GO:0097169	1	7	0.0412244897959184	3.85259113566608e-14	2.07360464572963	canonical inflammasome complex	AIM2 inflammasome complex
GO:0048263	5	GO:0060687	3	7	0.0413265306122449	3.93978220134728e-14	2.07342782319646	determination of dorsal identity	regulation of branching involved in prostate gland morphogenesis
GO:0034464	8	GO:1990635	5	7	0.0413265306122449	3.93978220134728e-14	2.07342782319646	BBSome	proximal dendrite
GO:0032202	3	GO:1904357	8	7	0.0414540816326531	4.02524414395311e-14	2.07320685596531	telomere assembly	negative regulation of telomere maintenance via telomere lengthening
GO:0042813	12	GO:0070172	3	8	0.0979591836734694	1.92772594621988e-13	2.07315080041741	Wnt receptor activity	positive regulation of tooth mineralization
GO:0001665	5	GO:0009101	9	7	0.0416326530612245	4.14755287511064e-14	2.07289761551331	alpha-N-acetylgalactosaminide alpha-2,6-sialyltransferase activity	glycoprotein biosynthetic process
GO:0005757	5	GO:0046930	9	8	0.0982142857142857	1.96780909055737e-13	2.07276182897609	mitochondrial permeability transition pore complex	pore complex
GO:0004659	5	GO:0031314	6	7	0.0417857142857143	4.25490631071789e-14	2.07263265774341	prenyltransferase activity	extrinsic component of mitochondrial inner membrane
GO:0008118	2	GO:0017083	6	7	0.0417857142857143	4.25490631071787e-14	2.07263265774341	N-acetyllactosaminide alpha-2,3-sialyltransferase activity	4-galactosyl-N-acetylglucosaminide 3-alpha-L-fucosyltransferase activity
GO:0008118	2	GO:0046920	6	7	0.0417857142857143	4.25490631071787e-14	2.07263265774341	N-acetyllactosaminide alpha-2,3-sialyltransferase activity	alpha-(1->3)-fucosyltransferase activity
GO:0046930	10	GO:1990544	6	8	0.0983163265306122	1.98404473682325e-13	2.07260629910907	pore complex	mitochondrial ATP transmembrane transport
GO:0042813	12	GO:0060669	3	9	0.155102040816327	1.24512699759716e-13	2.07223834529712	Wnt receptor activity	embryonic placenta morphogenesis
GO:0042813	12	GO:1904861	7	9	0.155102040816327	1.24512699759716e-13	2.07223834529712	Wnt receptor activity	excitatory synapse assembly
GO:0034366	7	GO:0051838	6	8	0.0985714285714286	2.0251460484986e-13	2.07221762108876	spherical high-density lipoprotein particle	cytolysis by host of symbiont cells
GO:0008278	5	GO:0034421	3	7	0.0421683673469388	4.53374791349814e-14	2.07197068878767	cohesin complex	post-translational protein acetylation
GO:0008503	11	GO:1902857	6	8	0.0991326530612245	2.11819218736219e-13	2.07136326591756	benzodiazepine receptor activity	positive regulation of non-motile cilium assembly
GO:1902414	9	GO:1990131	4	8	0.0991836734693877	2.12683288998827e-13	2.07128564741849	protein localization to cell junction	Gtr1-Gtr2 GTPase complex
GO:0004993	9	GO:0015844	7	7	0.0426530612244898	4.90927349074491e-14	2.07113306590434	G protein-coupled serotonin receptor activity	monoamine transport
GO:0071034	1	GO:0101019	7	7	0.0428571428571429	5.04799999538828e-14	2.0707806733617	CUT catabolic process	nucleolar exosome (RNase complex)
GO:0019871	6	GO:1904045	7	7	0.0428826530612245	5.09624284327151e-14	2.07073663639576	sodium channel inhibitor activity	cellular response to aldosterone
GO:0031053	6	GO:0070578	4	7	0.0429081632653061	5.11738830700696e-14	2.07069260211802	primary miRNA processing	RISC-loading complex
GO:0000931	9	GO:0061511	1	7	0.0431632653061225	5.33300526087774e-14	2.07025240712026	gamma-tubulin ring complex	centriole elongation
GO:0042074	8	GO:0061303	8	8	0.1	2.26932695007147e-13	2.07004488595077	cell migration involved in gastrulation	cornea development in camera-type eye
GO:0048846	10	GO:0050925	2	7	0.0433673469387755	5.51105180413707e-14	2.06990044442948	axon extension involved in axon guidance	negative regulation of negative chemotaxis
GO:0060402	8	GO:2000311	13	9	0.156836734693878	1.37407078574526e-13	2.06988167790884	calcium ion transport into cytosol	regulation of AMPA receptor activity
GO:0042693	5	GO:0071837	10	7	0.0434183673469388	5.55634952705052e-14	2.06981248058321	muscle cell fate commitment	HMG box domain binding
GO:0006285	4	GO:0006287	9	7	0.043469387755102	5.60196542384058e-14	2.06972452746228	base-excision repair, AP site formation	base-excision repair, gap-filling
GO:0006431	2	GO:0106074	8	8	0.100408163265306	2.34364518318912e-13	2.06942530461962	methionyl-tRNA aminoacylation	aminoacyl-tRNA metabolism involved in translational fidelity
GO:0002161	8	GO:0006431	2	8	0.100408163265306	2.34364518318912e-13	2.06942530461962	aminoacyl-tRNA editing activity	methionyl-tRNA aminoacylation
GO:0004825	2	GO:0106074	8	8	0.100408163265306	2.34364518318912e-13	2.06942530461962	methionine-tRNA ligase activity	aminoacyl-tRNA metabolism involved in translational fidelity
GO:0002161	8	GO:0004825	2	8	0.100408163265306	2.34364518318912e-13	2.06942530461962	aminoacyl-tRNA editing activity	methionine-tRNA ligase activity
GO:0045295	8	GO:0106006	3	7	0.0437755102040816	5.88244692465015e-14	2.06919703382236	gamma-catenin binding	cytoskeletal protein-membrane anchor activity
GO:0020027	5	GO:0031720	8	7	0.0438775510204082	5.97857123872121e-14	2.0690212882933	hemoglobin metabolic process	haptoglobin binding
GO:0006937	8	GO:0014883	5	8	0.100765306122449	2.41040596302427e-13	2.06888360715887	regulation of muscle contraction	transition between fast and slow fiber
GO:0050732	4	GO:0061180	6	7	0.0440816326530612	6.17485753522333e-14	2.06866992563636	negative regulation of peptidyl-tyrosine phosphorylation	mammary gland epithelium development
GO:0008499	9	GO:0030259	6	8	0.100918367346939	2.43952161485905e-13	2.0686515755736	N-acetyl-beta-D-glucosaminide beta-(1,3)-galactosyltransferase activity	lipid glycosylation
GO:0004687	4	GO:0030049	10	8	0.101020408163265	2.45910202345142e-13	2.06849692930429	myosin light chain kinase activity	muscle filament sliding
GO:0045503	5	GO:0060285	12	8	0.101224489795918	2.49867443394109e-13	2.06818773619178	dynein light chain binding	cilium-dependent cell motility
GO:0005244	9	GO:0046902	9	8	0.10140306122449	2.53375472627985e-13	2.06791730089187	voltage-gated monoatomic ion channel activity	regulation of mitochondrial membrane permeability
GO:0034366	7	GO:0034447	2	7	0.0445918367346939	6.68985972621597e-14	2.06779226702895	spherical high-density lipoprotein particle	very-low-density lipoprotein particle clearance
GO:0001682	12	GO:0005849	6	10	0.215357142857143	4.86266029978925e-14	2.06768976694347	tRNA 5'-leader removal	mRNA cleavage factor complex
GO:0034382	3	GO:0060228	3	7	0.045	7.12790685372373e-14	2.0670909081789	chylomicron remnant clearance	phosphatidylcholine-sterol O-acyltransferase activator activity
GO:0002001	2	GO:0004022	9	7	0.0451020408163265	7.24117557568813e-14	2.06691567496525	renin secretion into blood stream	alcohol dehydrogenase (NAD+) activity
GO:0004022	9	GO:0035812	2	7	0.0451020408163265	7.24117557568813e-14	2.06691567496525	alcohol dehydrogenase (NAD+) activity	renal sodium excretion
GO:0008503	10	GO:0071420	4	7	0.0451020408163265	7.24117557568813e-14	2.06691567496525	benzodiazepine receptor activity	cellular response to histamine
GO:0042813	12	GO:2000051	4	9	0.159183673469388	1.56729114262727e-13	2.06670545128382	Wnt receptor activity	negative regulation of non-canonical Wnt signaling pathway
GO:0035519	5	GO:0043240	8	7	0.0454081632653061	7.59026631159598e-14	2.0663902305906	protein K29-linked ubiquitination	Fanconi anaemia nuclear complex
GO:0034464	8	GO:0051490	2	7	0.0454591836734694	7.64982534287378e-14	2.06630269372738	BBSome	negative regulation of filopodium assembly
GO:0090611	2	GO:1904903	6	7	0.045765306122449	8.01564431778524e-14	2.06577769550883	ubiquitin-independent protein catabolic process via the multivesicular body sorting pathway	ESCRT III complex disassembly
GO:0071372	9	GO:0103068	4	8	0.102857142857143	2.83577000152632e-13	2.06571895082432	cellular response to follicle-stimulating hormone stimulus	leukotriene C4 gamma-glutamyl transferase activity
GO:0033700	9	GO:2001140	6	7	0.0460459183673469	8.3640234917469e-14	2.06529678257094	phospholipid efflux	positive regulation of phospholipid transport
GO:0034499	6	GO:0097422	5	7	0.0463010204081633	8.69189212185763e-14	2.06485986703944	late endosome to Golgi transport	tubular endosome
GO:0010706	4	GO:0060993	7	7	0.046530612244898	8.99631326121124e-14	2.06446686919783	ganglioside biosynthetic process via lactosylceramide	kidney morphogenesis
GO:0030892	6	GO:0034421	3	7	0.046530612244898	8.99631326121124e-14	2.06446686919783	mitotic cohesin complex	post-translational protein acetylation
GO:0004477	3	GO:0005542	6	7	0.046530612244898	8.99631326121124e-14	2.06446686919783	methenyltetrahydrofolate cyclohydrolase activity	folic acid binding
GO:0004487	3	GO:0005542	6	7	0.046530612244898	8.99631326121124e-14	2.06446686919783	methylenetetrahydrofolate dehydrogenase (NAD+) activity	folic acid binding
GO:0003906	9	GO:0009314	8	8	0.104081632653061	3.11398106290249e-13	2.06387289090328	DNA-(apurinic or apyrimidinic site) endonuclease activity	response to radiation
GO:0000177	12	GO:0010587	8	9	0.161326530612245	1.76432581605156e-13	2.06381758203174	cytoplasmic exosome (RNase complex)	miRNA catabolic process
GO:0051005	5	GO:0060230	4	7	0.0471428571428571	9.85307966014086e-14	2.06341992050832	negative regulation of lipoprotein lipase activity	lipoprotein lipase activator activity
GO:0030049	10	GO:0043462	3	8	0.104387755102041	3.18714355433643e-13	2.06341211316775	muscle filament sliding	regulation of ATP-dependent activity
GO:0000012	7	GO:0045008	7	7	0.0471938775510204	9.92752408150313e-14	2.06333274333492	single strand break repair	depyrimidination
GO:0099626	3	GO:1990454	8	7	0.0475	1.0384374326833e-13	2.06280990142719	voltage-gated calcium channel activity involved in regulation of presynaptic cytosolic calcium levels	L-type voltage-gated calcium channel complex
GO:0009086	2	GO:0046655	7	7	0.0480867346938776	1.13104338721317e-13	2.06180884578819	methionine biosynthetic process	folic acid metabolic process
GO:0000813	10	GO:0032511	7	9	0.162857142857143	1.91818535537676e-13	2.06176187382814	ESCRT I complex	late endosome to vacuole transport via multivesicular body sorting pathway
GO:0004022	9	GO:0050253	5	8	0.105816326530612	3.54875298199023e-13	2.06126570025862	alcohol dehydrogenase (NAD+) activity	retinyl-palmitate esterase activity
GO:0021846	5	GO:0042813	12	9	0.163265306122449	1.96116951625138e-13	2.06121467295195	cell proliferation in forebrain	Wnt receptor activity
GO:0042813	12	GO:0048864	3	9	0.163265306122449	1.96116951625138e-13	2.06121467295195	Wnt receptor activity	stem cell development
GO:0016558	8	GO:0032994	2	7	0.048469387755102	1.19516998127706e-13	2.06115673106506	protein import into peroxisome matrix	protein-lipid complex
GO:0042627	8	GO:2001140	6	7	0.048469387755102	1.19516998127706e-13	2.06115673106506	chylomicron	positive regulation of phospholipid transport
GO:0042813	12	GO:0060126	4	8	0.106122448979592	3.63073371903106e-13	2.06080658439262	Wnt receptor activity	somatotropin secreting cell differentiation
GO:0042813	12	GO:0140013	2	8	0.106122448979592	3.63073371903106e-13	2.06080658439262	Wnt receptor activity	meiotic nuclear division
GO:0031848	5	GO:0090656	7	7	0.0488265306122449	1.25780228393247e-13	2.06054862208184	protection from non-homologous end joining at telomere	t-circle formation
GO:0004526	10	GO:0006388	11	10	0.221428571428571	6.38593723936859e-14	2.06030907790892	ribonuclease P activity	tRNA splicing, via endonucleolytic cleavage and ligation
GO:0072557	2	GO:0140608	6	7	0.0491071428571429	1.30896314806401e-13	2.06007118154425	IPAF inflammasome complex	cysteine-type endopeptidase activator activity
GO:0006623	11	GO:0042058	8	8	0.106632653061224	3.77104125306575e-13	2.06004204004925	protein targeting to vacuole	regulation of epidermal growth factor receptor signaling pathway
GO:0006101	3	GO:0006102	5	7	0.0494387755102041	1.37171142375537e-13	2.05950734074557	citrate metabolic process	isocitrate metabolic process
GO:0005025	5	GO:0005114	7	7	0.0494387755102041	1.37171142375537e-13	2.05950734074557	transforming growth factor beta receptor activity, type I	type II transforming growth factor beta receptor binding
GO:0005026	5	GO:0005114	7	7	0.0494387755102041	1.37171142375537e-13	2.05950734074557	transforming growth factor beta receptor activity, type II	type II transforming growth factor beta receptor binding
GO:0005114	7	GO:0016361	5	7	0.0494387755102041	1.37171142375537e-13	2.05950734074557	type II transforming growth factor beta receptor binding	activin receptor activity, type I
GO:0005114	7	GO:0016362	5	7	0.0494387755102041	1.37171142375537e-13	2.05950734074557	type II transforming growth factor beta receptor binding	activin receptor activity, type II
GO:0000172	8	GO:0070901	2	7	0.0494897959183674	1.38158968219991e-13	2.05942063511166	ribonuclease MRP complex	mitochondrial tRNA methylation
GO:0000172	8	GO:0098795	1	7	0.0494897959183674	1.38154274269943e-13	2.05942063511166	ribonuclease MRP complex	global gene silencing by mRNA cleavage
GO:0001682	12	GO:0047035	6	10	0.22219387755102	6.60552447838122e-14	2.05938407561874	tRNA 5'-leader removal	testosterone dehydrogenase (NAD+) activity
GO:0071372	9	GO:1901750	6	8	0.107142857142857	3.91605361468763e-13	2.05927830517595	cellular response to follicle-stimulating hormone stimulus	leukotriene D4 biosynthetic process
GO:0036374	6	GO:0071372	9	8	0.107142857142857	3.91605361468763e-13	2.05927830517595	glutathione hydrolase activity	cellular response to follicle-stimulating hormone stimulus
GO:0000931	9	GO:1905832	7	8	0.107908163265306	4.14268738790381e-13	2.05813421687832	gamma-tubulin ring complex	positive regulation of spindle assembly
GO:0006896	8	GO:0044599	4	8	0.107984693877551	4.1659673585669e-13	2.05801990778681	Golgi to vacuole transport	AP-5 adaptor complex
GO:0006002	7	GO:0061729	2	7	0.0504591836734694	1.5811856505406e-13	2.05777520515414	fructose 6-phosphate metabolic process	GDP-D-mannose biosynthetic process from fructose-6-phosphate
GO:0034087	7	GO:0034421	3	7	0.0508928571428571	1.67816427268123e-13	2.05704030515065	establishment of mitotic sister chromatid cohesion	post-translational protein acetylation
GO:0003272	9	GO:0060996	11	8	0.108673469387755	4.38067400628149e-13	2.05699194028104	endocardial cushion formation	dendritic spine development
GO:0016045	8	GO:0072558	4	7	0.0510204081632653	1.70763758286101e-13	2.0568243005015	detection of bacterium	NLRP1 inflammasome complex
GO:1902305	7	GO:1904045	7	7	0.05125	1.7618060930463e-13	2.0564356550562	regulation of sodium ion transmembrane transport	cellular response to aldosterone
GO:0016558	8	GO:0140597	4	8	0.10905612244898	4.50407440600554e-13	2.05642147957876	protein import into peroxisome matrix	protein carrier chaperone
GO:0001921	8	GO:0008503	11	8	0.109489795918367	4.64758241603387e-13	2.0557755023529	positive regulation of receptor recycling	benzodiazepine receptor activity
GO:0034464	8	GO:1904390	4	7	0.0516581632653061	1.86173879777057e-13	2.05574524641779	BBSome	cone retinal bipolar cell differentiation
GO:1901386	3	GO:1990454	9	8	0.109821428571429	4.75999803840437e-13	2.05528190979919	negative regulation of voltage-gated calcium channel activity	L-type voltage-gated calcium channel complex
GO:0000172	8	GO:1990180	3	7	0.0519642857142857	1.93983376587238e-13	2.05522787324127	ribonuclease MRP complex	mitochondrial tRNA 3'-end processing
GO:0016024	13	GO:0047144	6	10	0.226173469387755	7.86021702157876e-14	2.05459309184603	CDP-diacylglycerol biosynthetic process	2-acylglycerol-3-phosphate O-acyltransferase activity
GO:0000814	3	GO:0046755	4	7	0.0525	2.08325041662544e-13	2.05432336212533	ESCRT II complex	viral budding
GO:0060230	4	GO:1905920	5	7	0.0527551020408163	2.15466995441884e-13	2.05389304085716	lipoprotein lipase activator activity	positive regulation of CoA-transferase activity
GO:0006538	3	GO:0019240	4	7	0.0528061224489796	2.16920231422597e-13	2.05380700740003	glutamate catabolic process	citrulline biosynthetic process
GO:0042487	4	GO:0048263	5	7	0.0528061224489796	2.16920231422601e-13	2.05380700740003	regulation of odontogenesis of dentin-containing tooth	determination of dorsal identity
GO:0086012	9	GO:0099508	10	8	0.111020408163265	5.18645172353962e-13	2.05350019549184	membrane depolarization during cardiac muscle cell action potential	voltage-gated monoatomic ion channel activity involved in regulation of presynaptic membrane potential
GO:0005344	11	GO:0020027	5	7	0.0530612244897959	2.24312830961122e-13	2.05337699396229	oxygen carrier activity	hemoglobin metabolic process
GO:0031748	4	GO:1905394	9	7	0.0530612244897959	2.24312830961122e-13	2.05337699396229	D1 dopamine receptor binding	retromer complex binding
GO:0034197	4	GO:0034382	4	7	0.0533163265306123	2.31919841564864e-13	2.05294723671369	triglyceride transport	chylomicron remnant clearance
GO:0010836	4	GO:0140078	7	7	0.0533418367346939	2.32692532222664e-13	2.05290427506748	negative regulation of protein ADP-ribosylation	class I DNA-(apurinic or apyrimidinic site) endonuclease activity
GO:0006623	11	GO:0046761	7	10	0.22780612244898	8.43389884674943e-14	2.05263672818782	protein targeting to vacuole	viral budding from plasma membrane
GO:0002476	9	GO:0023024	6	7	0.0535714285714286	2.39746401628728e-13	2.05251773534914	antigen processing and presentation of endogenous peptide antigen via MHC class Ib	MHC class I protein complex binding
GO:0002486	9	GO:0023024	6	7	0.0535714285714286	2.39746401628728e-13	2.05251773534914	antigen processing and presentation of endogenous peptide antigen via MHC class I via ER pathway, TAP-independent	MHC class I protein complex binding
GO:0035646	9	GO:0072384	10	9	0.17	2.80467110214125e-13	2.05224527774684	endosome to melanosome transport	organelle transport along microtubule
GO:0043220	8	GO:0090559	4	7	0.0538775510204082	2.49435457945678e-13	2.0520026710499	Schmidt-Lanterman incisure	regulation of membrane permeability
GO:0140007	3	GO:1990130	4	7	0.0542857142857143	2.62873719291681e-13	2.05131649024149	KICSTOR complex	GATOR1 complex
GO:0000172	8	GO:0051731	2	7	0.0544387755102041	2.68070231722501e-13	2.05105934062659	ribonuclease MRP complex	polynucleotide 5'-hydroxyl-kinase activity
GO:0000172	8	GO:0051736	2	7	0.0544387755102041	2.68070231722501e-13	2.05105934062659	ribonuclease MRP complex	ATP-dependent polyribonucleotide 5'-hydroxyl-kinase activity
GO:0006896	7	GO:0030119	6	8	0.11280612244898	5.88329546827507e-13	2.05085470992435	Golgi to vacuole transport	AP-type membrane coat adaptor complex
GO:0002116	13	GO:0016322	7	8	0.112959183673469	5.94665356679013e-13	2.05062840481804	semaphorin receptor complex	neuron remodeling
GO:0006090	8	GO:0160157	3	7	0.054719387755102	2.77825564944701e-13	2.05058813762133	pyruvate metabolic process	branched-chain alpha-ketoacid dehydrogenase complex
GO:0006090	8	GO:0047101	3	7	0.054719387755102	2.77825564944701e-13	2.05058813762133	pyruvate metabolic process	branched-chain alpha-keto acid dehydrogenase activity
GO:0000253	4	GO:0047035	6	7	0.054719387755102	2.77825564944701e-13	2.05058813762133	3-beta-hydroxysteroid 3-dehydrogenase (NADP+) activity	testosterone dehydrogenase (NAD+) activity
GO:0031629	8	GO:0099525	5	7	0.0547448979591837	2.78727273925942e-13	2.05054531624347	synaptic vesicle fusion to presynaptic active zone membrane	presynaptic dense core vesicle exocytosis
GO:0016562	5	GO:0022615	4	7	0.055	2.8788290262056e-13	2.05011724221723	protein import into peroxisome matrix, receptor recycling	protein to membrane docking
GO:0032232	3	GO:0097105	8	7	0.0551020408163265	2.9161649703106e-13	2.04994608371116	negative regulation of actin filament bundle assembly	presynaptic membrane assembly
GO:0033700	6	GO:0034366	4	7	0.0551020408163265	2.9161649703106e-13	2.04994608371116	phospholipid efflux	spherical high-density lipoprotein particle
GO:0016174	7	GO:0016176	6	7	0.0551020408163265	2.9161649703106e-13	2.04994608371116	NAD(P)H oxidase H2O2-forming activity	superoxide-generating NADPH oxidase activator activity
GO:0004359	4	GO:0006538	3	7	0.0551530612244898	2.93498769521183e-13	2.04986051968515	glutaminase activity	glutamate catabolic process
GO:0042813	11	GO:0060428	4	9	0.172219387755102	3.14567535578585e-13	2.04931372008461	Wnt receptor activity	lung epithelium development
GO:0004022	9	GO:0016036	3	7	0.0555102040816327	3.0696798428065e-13	2.04926185551621	alcohol dehydrogenase (NAD+) activity	cellular response to phosphate starvation
GO:0017154	10	GO:0061549	5	7	0.0555102040816327	3.0696798428065e-13	2.04926185551621	semaphorin receptor activity	sympathetic ganglion development
GO:0045606	6	GO:0140853	3	7	0.0557142857142857	3.14899369447913e-13	2.04891998464704	positive regulation of epidermal cell differentiation	cholesterol-protein transferase activity
GO:0030991	7	GO:1990079	3	7	0.0557142857142857	3.14899369447913e-13	2.04891998464704	intraciliary transport particle A	cartilage homeostasis
GO:0034464	8	GO:1903565	3	7	0.0557908163265306	3.17918480785357e-13	2.0487918248314	BBSome	negative regulation of protein localization to cilium
GO:0034382	4	GO:0050996	5	7	0.0561224489795918	3.31289090293232e-13	2.04823672859743	chylomicron remnant clearance	positive regulation of lipid catabolic process
GO:0000172	8	GO:0044594	2	7	0.0569132653061225	3.65127951996598e-13	2.04691475884233	ribonuclease MRP complex	17-beta-hydroxysteroid dehydrogenase (NAD+) activity
GO:0036502	2	GO:1904380	12	7	0.0569642857142857	3.67408989373606e-13	2.04682955360712	Derlin-1-VIMP complex	endoplasmic reticulum mannose trimming
GO:0034372	5	GO:0034380	3	7	0.0571428571428571	3.75488845646785e-13	2.04653141451611	very-low-density lipoprotein particle remodeling	high-density lipoprotein particle assembly
GO:0006643	2	GO:0008417	9	7	0.0571938775510204	3.77825092263024e-13	2.04644625454665	membrane lipid metabolic process	fucosyltransferase activity
GO:0003945	2	GO:0008417	9	7	0.0571938775510204	3.77825092263024e-13	2.04644625454665	N-acetyllactosamine synthase activity	fucosyltransferase activity
GO:0008191	9	GO:0048771	9	7	0.0571938775510204	3.77825092263024e-13	2.04644625454665	metalloendopeptidase inhibitor activity	tissue remodeling
GO:0004022	9	GO:0097205	2	7	0.0572448979591837	3.80173757009224e-13	2.04636110462972	alcohol dehydrogenase (NAD+) activity	renal filtration
GO:1904693	2	GO:1904948	6	7	0.0572448979591837	3.80173757009214e-13	2.04636110462972	midbrain morphogenesis	midbrain dopaminergic neuron differentiation
GO:0002087	9	GO:0042297	5	7	0.0575255102040816	3.93315843208744e-13	2.04589295966949	regulation of respiratory gaseous exchange by nervous system process	vocal learning
GO:1990454	6	GO:2000311	10	8	0.116224489795918	7.44770635273145e-13	2.0458173989366	L-type voltage-gated calcium channel complex	regulation of AMPA receptor activity
GO:0003129	6	GO:0060996	11	8	0.116326530612245	7.49949849976546e-13	2.04566757080844	heart induction	dendritic spine development
GO:0014883	5	GO:0030049	9	8	0.116326530612245	7.49949849976546e-13	2.04566757080844	transition between fast and slow fiber	muscle filament sliding
GO:0030991	7	GO:0035630	2	7	0.0577040816326531	4.01879651786981e-13	2.04559520734972	intraciliary transport particle A	bone mineralization involved in bone maturation
GO:0030991	7	GO:0061975	3	7	0.0577040816326531	4.01879651786981e-13	2.04559520734972	intraciliary transport particle A	articular cartilage development
GO:0030991	7	GO:1902140	3	7	0.0577040816326531	4.01879651786981e-13	2.04559520734972	intraciliary transport particle A	response to inositol
GO:0042813	11	GO:0060054	8	8	0.116734693877551	7.70982013018412e-13	2.04506856930386	Wnt receptor activity	positive regulation of epithelial cell proliferation involved in wound healing
GO:0004117	10	GO:0007632	6	7	0.0581377551020408	4.233440140172e-13	2.04487260584281	calmodulin-activated dual specificity 3',5'-cyclic-GMP, 3',5'-cyclic-AMP phosphodiesterase activity	visual behavior
GO:0007632	6	GO:0048101	10	7	0.0581377551020408	4.233440140172e-13	2.04487260584281	visual behavior	calmodulin-activated 3',5'-cyclic-GMP phosphodiesterase activity
GO:0008311	5	GO:0033314	9	7	0.0581632653061225	4.24636566749384e-13	2.04483012240569	double-stranded DNA 3'-5' DNA exonuclease activity	mitotic DNA replication checkpoint signaling
GO:0005861	6	GO:0030049	9	9	0.176020408163265	3.81557010979749e-13	2.04432051622381	troponin complex	muscle filament sliding
GO:0009086	4	GO:0046653	4	7	0.05875	4.55311106991864e-13	2.04385369327915	methionine biosynthetic process	tetrahydrofolate metabolic process
GO:0004022	9	GO:0014046	4	7	0.0589795918367347	4.67819491150048e-13	2.04347197181301	alcohol dehydrogenase (NAD+) activity	dopamine secretion
GO:0004022	9	GO:0051970	5	7	0.0589795918367347	4.67819491150048e-13	2.04347197181301	alcohol dehydrogenase (NAD+) activity	negative regulation of transmission of nerve impulse
GO:0004022	9	GO:0008171	4	7	0.0589795918367347	4.67819491150048e-13	2.04347197181301	alcohol dehydrogenase (NAD+) activity	O-methyltransferase activity
GO:0055062	9	GO:0070083	4	7	0.0594897959183674	4.96671917784136e-13	2.04262442439974	phosphate ion homeostasis	clathrin-sculpted monoamine transport vesicle membrane
GO:0034382	3	GO:0051006	6	7	0.0596173469387755	5.04118156451654e-13	2.04241269305288	chylomicron remnant clearance	positive regulation of lipoprotein lipase activity
GO:0006556	4	GO:0036396	8	7	0.0596938775510204	5.08631551037711e-13	2.04228568406929	S-adenosylmethionine biosynthetic process	RNA N6-methyladenosine methyltransferase complex
GO:0034366	6	GO:0060230	3	7	0.0596938775510204	5.08631551037711e-13	2.04228568406929	spherical high-density lipoprotein particle	lipoprotein lipase activator activity
GO:0006623	11	GO:0046755	4	8	0.11875	8.82544557019147e-13	2.04211826858402	protein targeting to vacuole	viral budding
GO:0034354	6	GO:0042427	3	7	0.0598469387755102	5.17762071482368e-13	2.04203173317054	'de novo' NAD biosynthetic process from L-tryptophan	serotonin biosynthetic process
GO:0046653	4	GO:0048703	6	7	0.06	5.27032363413733e-13	2.04177787164392	tetrahydrofolate metabolic process	embryonic viscerocranium morphogenesis
GO:0008417	9	GO:0035250	2	7	0.0602040816326531	5.39613238865573e-13	2.04143952852306	fucosyltransferase activity	UDP-galactosyltransferase activity
GO:0032400	3	GO:0034058	10	7	0.0603571428571429	5.49216583029837e-13	2.04118587528698	melanosome localization	endosomal vesicle fusion
GO:0061180	6	GO:1904693	2	7	0.0606122448979592	5.65546937575033e-13	2.04076331800207	mammary gland epithelium development	midbrain morphogenesis
GO:0010587	8	GO:0034475	8	8	0.11969387755102	9.39462173949807e-13	2.04074062043738	miRNA catabolic process	U4 snRNA 3'-end processing
GO:0004022	9	GO:0021696	3	7	0.0607142857142857	5.72194338986768e-13	2.04059436437196	alcohol dehydrogenase (NAD+) activity	cerebellar cortex morphogenesis
GO:0002116	11	GO:0061549	5	7	0.0607142857142857	5.72194338986768e-13	2.04059436437196	semaphorin receptor complex	sympathetic ganglion development
GO:1902414	9	GO:1990130	5	8	0.11984693877551	9.48987216375037e-13	2.04051746575023	protein localization to cell junction	GATOR1 complex
GO:0061654	2	GO:2000436	4	6	0.00232142857142857	2.16937842105737e-19	2.03927970093444	NEDD8 conjugating enzyme activity	positive regulation of protein neddylation
GO:0032182	4	GO:0061654	2	6	0.00232142857142857	2.16937842105737e-19	2.03927970093444	ubiquitin-like protein binding	NEDD8 conjugating enzyme activity
GO:0005757	6	GO:0006820	6	7	0.061530612244898	6.27821285581543e-13	2.03924415804337	mitochondrial permeability transition pore complex	monoatomic anion transport
GO:0005849	6	GO:0030681	9	9	0.18	4.64934565027852e-13	2.03912950696025	mRNA cleavage factor complex	multimeric ribonuclease P complex
GO:0005849	6	GO:0033204	9	9	0.18	4.64934565027852e-13	2.03912950696025	mRNA cleavage factor complex	ribonuclease P RNA binding
GO:0006772	2	GO:0046940	6	6	0.00244897959183673	2.98997034577742e-19	2.03903589536872	thiamine metabolic process	nucleoside monophosphate phosphorylation
GO:0004017	6	GO:0006772	2	6	0.00244897959183673	2.98997034577742e-19	2.03903589536872	adenylate kinase activity	thiamine metabolic process
GO:0005785	3	GO:0048500	2	6	0.00244897959183673	2.98892433776682e-19	2.03903589536872	signal recognition particle receptor complex	signal recognition particle
GO:0001682	12	GO:0006388	11	10	0.239285714285714	1.36463978007716e-13	2.0390288467949	tRNA 5'-leader removal	tRNA splicing, via endonucleolytic cleavage and ligation
GO:0009229	4	GO:0046940	6	6	0.00285714285714286	7.53695090418906e-19	2.0382562708449	thiamine diphosphate biosynthetic process	nucleoside monophosphate phosphorylation
GO:0004017	6	GO:0009229	4	6	0.00285714285714286	7.53695090418906e-19	2.0382562708449	adenylate kinase activity	thiamine diphosphate biosynthetic process
GO:0097039	3	GO:1990108	2	6	0.00285714285714286	7.53387475468756e-19	2.0382562708449	protein linear polyubiquitination	protein linear deubiquitination
GO:0042074	8	GO:1904948	6	8	0.121428571428571	1.05245161070438e-12	2.03821556733962	cell migration involved in gastrulation	midbrain dopaminergic neuron differentiation
GO:0008073	3	GO:1902269	2	6	0.00298469387755102	9.78971470957688e-19	2.03801281088091	ornithine decarboxylase inhibitor activity	positive regulation of polyamine transmembrane transport
GO:0008073	3	GO:0042978	2	6	0.00298469387755102	9.78971470957688e-19	2.03801281088091	ornithine decarboxylase inhibitor activity	ornithine decarboxylase activator activity
GO:0046761	7	GO:0097527	3	7	0.0623469387755102	6.88007829256266e-13	2.03789647428761	viral budding from plasma membrane	necroptotic signaling pathway
GO:0008454	3	GO:0030144	2	6	0.00306122448979592	1.13948629156732e-18	2.03786677433412	alpha-1,3-mannosylglycoprotein 4-beta-N-acetylglucosaminyltransferase activity	alpha-1,6-mannosylglycoprotein 6-beta-N-acetylglucosaminyltransferase activity
GO:0042813	12	GO:0072034	2	8	0.122448979591837	1.12430213350546e-12	2.03673436041169	Wnt receptor activity	renal vesicle induction
GO:0004586	2	GO:0008073	3	6	0.0036734693877551	3.40040531659273e-18	2.03669954508195	ornithine decarboxylase activity	ornithine decarboxylase inhibitor activity
GO:0001572	2	GO:0008417	9	7	0.0632142857142857	7.57294449821614e-13	2.03646731376563	lactosylceramide biosynthetic process	fucosyltransferase activity
GO:0008417	9	GO:0036438	5	7	0.0632142857142857	7.57294449821614e-13	2.03646731376563	fucosyltransferase activity	maintenance of lens transparency
GO:0000800	7	GO:0034089	3	7	0.0633673469387755	7.70120505273064e-13	2.03621540263318	lateral element	establishment of meiotic sister chromatid cohesion
GO:0033387	3	GO:1902268	2	6	0.00397959183673469	5.4950339098392e-18	2.036116637963	putrescine biosynthetic process from arginine, via ornithine	negative regulation of polyamine transmembrane transport
GO:0005388	4	GO:1901877	2	6	0.00408163265306122	6.39958269114322e-18	2.03592244021774	P-type calcium transporter activity	negative regulation of calcium ion binding
GO:0005388	4	GO:1901894	2	6	0.00408163265306122	6.39958269114322e-18	2.03592244021774	P-type calcium transporter activity	regulation of ATPase-coupled calcium transmembrane transporter activity
GO:0030242	3	GO:0061908	2	6	0.00413265306122449	6.8904311932673e-18	2.03582536094695	autophagy of peroxisome	phagophore
GO:0000808	6	GO:0032407	6	7	0.0636224489795918	7.9191001565742e-13	2.03579574614311	origin recognition complex	MutSalpha complex binding
GO:0004117	10	GO:0060221	6	7	0.0636224489795918	7.91910015657421e-13	2.03579574614311	calmodulin-activated dual specificity 3',5'-cyclic-GMP, 3',5'-cyclic-AMP phosphodiesterase activity	retinal rod cell differentiation
GO:0048101	10	GO:0060221	6	7	0.0636224489795918	7.91910015657421e-13	2.03579574614311	calmodulin-activated 3',5'-cyclic-GMP phosphodiesterase activity	retinal rod cell differentiation
GO:0005114	7	GO:0098821	6	7	0.06375	8.03000946764609e-13	2.035586009416	type II transforming growth factor beta receptor binding	BMP receptor activity
GO:0010510	5	GO:0046940	6	6	0.00428571428571429	8.5745529264999e-18	2.03553420149984	regulation of acetyl-CoA biosynthetic process from pyruvate	nucleoside monophosphate phosphorylation
GO:0004017	6	GO:0010510	5	6	0.00428571428571429	8.5745529264999e-18	2.03553420149984	adenylate kinase activity	regulation of acetyl-CoA biosynthetic process from pyruvate
GO:0019788	4	GO:2000436	4	6	0.00428571428571429	8.5745529264999e-18	2.03553420149984	NEDD8 transferase activity	positive regulation of protein neddylation
GO:0019788	4	GO:0032182	4	6	0.00428571428571429	8.5745529264999e-18	2.03553420149984	NEDD8 transferase activity	ubiquitin-like protein binding
GO:0006623	11	GO:1904903	8	10	0.24234693877551	1.54532319464038e-13	2.03544301909377	protein targeting to vacuole	ESCRT III complex disassembly
GO:0061739	4	GO:0061908	2	6	0.00436224489795918	9.53463277245863e-18	2.03538866583497	protein lipidation involved in autophagosome assembly	phagophore
GO:0006398	5	GO:0180010	8	7	0.0639795918367347	8.23299441222008e-13	2.03520863691436	mRNA 3'-end processing by stem-loop binding and cleavage	co-transcriptional mRNA 3'-end processing, cleavage and polyadenylation pathway
GO:0032509	6	GO:0032511	7	7	0.0639795918367347	8.23299441222008e-13	2.03520863691436	endosome transport via multivesicular body sorting pathway	late endosome to vacuole transport via multivesicular body sorting pathway
GO:0005388	4	GO:1901020	3	6	0.00459183673469388	1.29681157978154e-17	2.03495223493302	P-type calcium transporter activity	negative regulation of calcium ion transmembrane transporter activity
GO:0033857	2	GO:0052836	3	6	0.00459183673469388	1.29596097141009e-17	2.03495223493302	5-diphosphoinositol pentakisphosphate 1-kinase activity	inositol 5-diphosphate pentakisphosphate 5-kinase activity
GO:0033857	2	GO:0052839	3	6	0.00459183673469388	1.29596097141009e-17	2.03495223493302	5-diphosphoinositol pentakisphosphate 1-kinase activity	diphosphoinositol tetrakisphosphate kinase activity
GO:0005047	5	GO:0036513	6	7	0.0641836734693878	8.41709191519043e-13	2.03487336034758	signal recognition particle binding	Derlin-1 retrotranslocation complex
GO:0004594	3	GO:0017159	2	6	0.00469387755102041	1.47849382285447e-17	2.03475835036783	pantothenate kinase activity	pantetheine hydrolase activity
GO:0004352	2	GO:0006102	6	7	0.0642857142857143	8.51045258142128e-13	2.03470578048378	glutamate dehydrogenase (NAD+) activity	isocitrate metabolic process
GO:0004353	2	GO:0006102	6	7	0.0642857142857143	8.51045258142128e-13	2.03470578048378	glutamate dehydrogenase [NAD(P)+] activity	isocitrate metabolic process
GO:0004354	2	GO:0006102	6	7	0.0642857142857143	8.51045258142128e-13	2.03470578048378	glutamate dehydrogenase (NADP+) activity	isocitrate metabolic process
GO:0048541	3	GO:1990454	9	7	0.0642857142857143	8.51045258142176e-13	2.03470578048378	Peyer's patch development	L-type voltage-gated calcium channel complex
GO:0033263	7	GO:0061909	7	7	0.0642857142857143	8.51045258142176e-13	2.03470578048378	CORVET complex	autophagosome-lysosome fusion
GO:0042813	12	GO:0060710	7	9	0.183673469387755	5.55806632692221e-13	2.03437073750496	Wnt receptor activity	chorio-allantoic fusion
GO:0006782	8	GO:0046685	6	7	0.064719387755102	8.91717912021369e-13	2.03399400007095	protoporphyrinogen IX biosynthetic process	response to arsenic-containing substance
GO:0006782	8	GO:0051597	3	7	0.064719387755102	8.91717912021369e-13	2.03399400007095	protoporphyrinogen IX biosynthetic process	response to methylmercury
GO:0004995	3	GO:0031836	2	6	0.00510204081632653	2.43733534950972e-17	2.03398333281227	tachykinin receptor activity	neuromedin K receptor binding
GO:0000012	7	GO:0140078	6	7	0.0648979591836735	9.08942000027465e-13	2.03370111803664	single strand break repair	class I DNA-(apurinic or apyrimidinic site) endonuclease activity
GO:0030049	10	GO:0090131	4	8	0.124591836734694	1.28923561900752e-12	2.03363369082753	muscle filament sliding	mesenchyme migration
GO:0006596	4	GO:1902269	2	6	0.00530612244897959	3.08571625153026e-17	2.03359613606629	polyamine biosynthetic process	positive regulation of polyamine transmembrane transport
GO:0006596	4	GO:0042978	2	6	0.00530612244897959	3.08571625153026e-17	2.03359613606629	polyamine biosynthetic process	ornithine decarboxylase activator activity
GO:0000050	10	GO:0033387	3	7	0.065	9.18911416604064e-13	2.03353381024963	urea cycle	putrescine biosynthetic process from arginine, via ornithine
GO:0005885	9	GO:0008064	4	7	0.065	9.18911416604064e-13	2.03353381024963	Arp2/3 protein complex	regulation of actin polymerization or depolymerization
GO:0042813	12	GO:0060638	2	7	0.0653061224489796	9.49382486030215e-13	2.03303211959273	Wnt receptor activity	mesenchymal-epithelial cell signaling
GO:0004720	3	GO:0071953	5	6	0.00571428571428571	4.81185091703581e-17	2.03282236552232	protein-lysine 6-oxidase activity	elastic fiber
GO:0008331	11	GO:0015279	9	9	0.185	5.92289183127921e-13	2.0326599791065	high voltage-gated calcium channel activity	store-operated calcium channel activity
GO:0032400	3	GO:0035542	10	7	0.0656632653061225	9.86019862514941e-13	2.03244725448359	melanosome localization	regulation of SNARE complex assembly
GO:0030991	7	GO:0071895	6	7	0.0656632653061225	9.86019862514941e-13	2.03244725448359	intraciliary transport particle A	odontoblast differentiation
GO:0042015	3	GO:0045518	2	6	0.00596938775510204	6.24674494080318e-17	2.03233918007962	interleukin-20 binding	interleukin-22 receptor binding
GO:0006614	4	GO:0006617	3	6	0.00612244897959184	7.27678561150599e-17	2.03204942409241	SRP-dependent cotranslational protein targeting to membrane	SRP-dependent cotranslational protein targeting to membrane, signal sequence recognition
GO:0004022	9	GO:0032835	4	7	0.0659183673469388	1.01292334169785e-12	2.03202978383102	alcohol dehydrogenase (NAD+) activity	glomerulus development
GO:0004022	9	GO:1902074	5	7	0.0659183673469388	1.01292334169785e-12	2.03202978383102	alcohol dehydrogenase (NAD+) activity	response to salt
GO:0000813	10	GO:0032509	6	8	0.125714285714286	1.38375736369577e-12	2.03201483413974	ESCRT I complex	endosome transport via multivesicular body sorting pathway
GO:0030681	9	GO:0047035	6	9	0.185714285714286	6.12798005752385e-13	2.03174047927461	multimeric ribonuclease P complex	testosterone dehydrogenase (NAD+) activity
GO:0033204	9	GO:0047035	6	9	0.185714285714286	6.12798005752385e-13	2.03174047927461	ribonuclease P RNA binding	testosterone dehydrogenase (NAD+) activity
GO:0004962	2	GO:0031708	3	6	0.00630102040816327	8.63766432553729e-17	2.03171152248065	endothelin receptor activity	endothelin B receptor binding
GO:0004465	8	GO:0030157	5	7	0.0661224489795918	1.03489553471805e-12	2.03169598117794	lipoprotein lipase activity	pancreatic juice secretion
GO:0005146	2	GO:0038165	3	6	0.00642857142857143	9.74007840929163e-17	2.03147026105814	leukemia inhibitory factor receptor binding	oncostatin-M-mediated signaling pathway
GO:0003100	3	GO:0086100	4	6	0.00642857142857143	9.74903057231917e-17	2.03147026105814	regulation of systemic arterial blood pressure by endothelin	endothelin receptor signaling pathway
GO:0005958	3	GO:0097196	2	6	0.00642857142857143	9.74007840929163e-17	2.03147026105814	DNA-dependent protein kinase-DNA ligase 4 complex	Shu complex
GO:0070878	5	GO:0070922	6	7	0.0663520408163265	1.06009999406364e-12	2.03132063773675	primary miRNA binding	RISC complex assembly
GO:0036465	10	GO:0044599	4	8	0.126198979591837	1.42640478771415e-12	2.0313169039573	synaptic vesicle recycling	AP-5 adaptor complex
GO:0006218	2	GO:0009224	3	6	0.00653061224489796	1.07042115716171e-16	2.03127731000163	uridine catabolic process	CMP biosynthetic process
GO:0006218	2	GO:0044211	3	6	0.00653061224489796	1.07042115716171e-16	2.03127731000163	uridine catabolic process	CTP salvage
GO:0004849	3	GO:0006218	2	6	0.00653061224489796	1.07042115716171e-16	2.03127731000163	uridine kinase activity	uridine catabolic process
GO:0006218	2	GO:0043771	3	6	0.00653061224489796	1.07042115716171e-16	2.03127731000163	uridine catabolic process	cytidine kinase activity
GO:0004850	2	GO:0009224	3	6	0.00653061224489796	1.07042115716171e-16	2.03127731000163	uridine phosphorylase activity	CMP biosynthetic process
GO:0009224	3	GO:0047847	2	6	0.00653061224489796	1.07042115716171e-16	2.03127731000163	CMP biosynthetic process	deoxyuridine phosphorylase activity
GO:0004850	2	GO:0044211	3	6	0.00653061224489796	1.07042115716171e-16	2.03127731000163	uridine phosphorylase activity	CTP salvage
GO:0044211	3	GO:0047847	2	6	0.00653061224489796	1.07042115716171e-16	2.03127731000163	CTP salvage	deoxyuridine phosphorylase activity
GO:0031095	5	GO:1901877	2	6	0.00653061224489796	1.07142061661811e-16	2.03127731000163	platelet dense tubular network membrane	negative regulation of calcium ion binding
GO:0031095	5	GO:1901894	2	6	0.00653061224489796	1.07142061661811e-16	2.03127731000163	platelet dense tubular network membrane	regulation of ATPase-coupled calcium transmembrane transporter activity
GO:0004849	3	GO:0004850	2	6	0.00653061224489796	1.07042115716171e-16	2.03127731000163	uridine kinase activity	uridine phosphorylase activity
GO:0004849	3	GO:0047847	2	6	0.00653061224489796	1.07042115716171e-16	2.03127731000163	uridine kinase activity	deoxyuridine phosphorylase activity
GO:0004850	2	GO:0043771	3	6	0.00653061224489796	1.07042115716171e-16	2.03127731000163	uridine phosphorylase activity	cytidine kinase activity
GO:0043771	3	GO:0047847	2	6	0.00653061224489796	1.07042115716171e-16	2.03127731000163	cytidine kinase activity	deoxyuridine phosphorylase activity
GO:0034472	7	GO:0080154	2	6	0.00660714285714286	1.14892136680136e-16	2.03113263057201	snRNA 3'-end processing	regulation of fertilization
GO:0033089	10	GO:0097108	3	7	0.0665816326530612	1.08582728954747e-12	2.03094548949889	positive regulation of T cell differentiation in thymus	hedgehog family protein binding
GO:0006782	9	GO:0034379	10	8	0.126479591836735	1.4516152111561e-12	2.030913147543	protoporphyrinogen IX biosynthetic process	very-low-density lipoprotein particle assembly
GO:0051424	2	GO:0051431	4	6	0.00729591836734694	2.08176428596771e-16	2.02983181986371	corticotropin-releasing hormone binding	corticotropin-releasing hormone receptor 2 binding
GO:0008090	8	GO:0008503	11	8	0.127244897959184	1.52235476602569e-12	2.02981314094477	retrograde axonal transport	benzodiazepine receptor activity
GO:0031095	5	GO:1901020	3	6	0.0073469387755102	2.170557483072e-16	2.02973555676616	platelet dense tubular network membrane	negative regulation of calcium ion transmembrane transporter activity
GO:0120518	3	GO:1990189	3	6	0.0073469387755102	2.17055748307075e-16	2.02973555676616	protein N-terminal-methionine acetyltransferase activity	protein N-terminal-serine acetyltransferase activity
GO:0009156	3	GO:0019303	2	6	0.00739795918367347	2.26009240569221e-16	2.0296393065131	ribonucleoside monophosphate biosynthetic process	D-ribose catabolic process
GO:0004749	3	GO:0019303	2	6	0.00739795918367347	2.26009240569221e-16	2.0296393065131	ribose phosphate diphosphokinase activity	D-ribose catabolic process
GO:0044804	4	GO:0061908	2	6	0.0075765306122449	2.61017488169754e-16	2.02930253172837	nucleophagy	phagophore
GO:0001915	6	GO:0043323	5	7	0.0676530612244898	1.21306778506018e-12	2.02919737278975	negative regulation of T cell mediated cytotoxicity	positive regulation of natural killer cell degranulation
GO:0004022	9	GO:0014049	5	7	0.0676530612244898	1.21306778506018e-12	2.02919737278975	alcohol dehydrogenase (NAD+) activity	positive regulation of glutamate secretion
GO:0008535	3	GO:0016531	4	6	0.0076530612244898	2.77223443652635e-16	2.02915824779541	respiratory chain complex IV assembly	copper chaperone activity
GO:0046511	2	GO:1900060	3	6	0.0076530612244898	2.76920398242896e-16	2.02915824779541	sphinganine biosynthetic process	negative regulation of ceramide biosynthetic process
GO:0006623	10	GO:0045324	4	8	0.127933673469388	1.58856978316268e-12	2.02882456717626	protein targeting to vacuole	late endosome to vacuole transport
GO:0061180	6	GO:0071481	5	7	0.0679591836734694	1.25168127732414e-12	2.02869868799945	mammary gland epithelium development	cellular response to X-ray
GO:0015939	5	GO:1905502	3	6	0.00803571428571429	3.71384115759856e-16	2.02843726070846	pantothenate metabolic process	acetyl-CoA binding
GO:0005388	4	GO:1901895	3	6	0.00816326530612245	4.08143042628481e-16	2.0281970917299	P-type calcium transporter activity	negative regulation of ATPase-coupled calcium transmembrane transporter activity
GO:0043567	6	GO:0051147	2	6	0.00823979591836735	4.31617631553741e-16	2.02805302871565	regulation of insulin-like growth factor receptor signaling pathway	regulation of muscle cell differentiation
GO:0042074	8	GO:0061180	6	8	0.128571428571429	1.6521034779706e-12	2.02791042750197	cell migration involved in gastrulation	mammary gland epithelium development
GO:0042813	12	GO:0043568	9	10	0.248979591836735	2.01218421656569e-13	2.02773434091105	Wnt receptor activity	positive regulation of insulin-like growth factor receptor signaling pathway
GO:0008239	4	GO:0070012	2	6	0.00841836734693878	4.90796230238581e-16	2.02771699352885	dipeptidyl-peptidase activity	oligopeptidase activity
GO:0004459	3	GO:1902031	2	6	0.00857142857142857	5.46090022440629e-16	2.02742908790921	L-lactate dehydrogenase activity	regulation of NADP metabolic process
GO:0006820	6	GO:0046902	9	7	0.0688775510204082	1.37388982894756e-12	2.02720469881416	monoatomic anion transport	regulation of mitochondrial membrane permeability
GO:0010466	7	GO:0048002	3	6	0.00872448979591837	6.07939383175353e-16	2.02714129715317	negative regulation of peptidase activity	antigen processing and presentation of peptide antigen
GO:0030242	3	GO:0120013	7	6	0.00872448979591837	6.07939383175353e-16	2.02714129715317	autophagy of peroxisome	lipid transfer activity
GO:0030124	4	GO:0110010	4	7	0.0689540816326531	1.38451869692761e-12	2.02708033927236	AP-4 adaptor complex	basolateral protein secretion
GO:0097116	3	GO:0098983	3	6	0.00880102040816326	6.40604121320743e-16	2.02699744482036	gephyrin clustering involved in postsynaptic density assembly	symmetric, GABA-ergic, inhibitory synapse
GO:0009156	3	GO:0019144	2	6	0.00887755102040816	6.73862197214973e-16	2.02685362116912	ribonucleoside monophosphate biosynthetic process	ADP-sugar diphosphatase activity
GO:0004749	3	GO:0019144	2	6	0.00887755102040816	6.73862197214973e-16	2.02685362116912	ribose phosphate diphosphokinase activity	ADP-sugar diphosphatase activity
GO:0005047	6	GO:0034098	7	8	0.129413265306122	1.73935143662791e-12	2.02670553424106	signal recognition particle binding	VCP-NPL4-UFD1 AAA ATPase complex
GO:0000172	8	GO:0043527	4	7	0.0692857142857143	1.43139324372397e-12	2.02654169553178	ribonuclease MRP complex	tRNA methyltransferase complex
GO:0008195	5	GO:0016024	13	7	0.0693112244897959	1.4350544771553e-12	2.02650027805292	phosphatidate phosphatase activity	CDP-diacylglycerol biosynthetic process
GO:0016045	8	GO:0072559	6	7	0.0693877551020408	1.44608623843247e-12	2.02637603988277	detection of bacterium	NLRP3 inflammasome complex
GO:0004022	9	GO:0071314	8	7	0.0693877551020408	1.44608623843247e-12	2.02637603988277	alcohol dehydrogenase (NAD+) activity	cellular response to cocaine
GO:0001992	5	GO:0005185	2	6	0.00918367346938776	8.26699627413776e-16	2.02627861315107	regulation of systemic arterial blood pressure by vasopressin	neurohypophyseal hormone activity
GO:0030202	5	GO:0031708	3	6	0.00920918367346939	8.40555615808213e-16	2.02623071649952	heparin proteoglycan metabolic process	endothelin B receptor binding
GO:0061739	4	GO:0120013	7	6	0.00920918367346939	8.40555615808213e-16	2.02623071649952	protein lipidation involved in autophagosome assembly	lipid transfer activity
GO:0000931	9	GO:1903724	4	7	0.0695408163265306	1.468367344178e-12	2.02612762771693	gamma-tubulin ring complex	positive regulation of centriole elongation
GO:0031371	2	GO:0033503	4	6	0.00928571428571429	8.8328948369149e-16	2.0260870456236	ubiquitin conjugating enzyme complex	HULC complex
GO:0031372	2	GO:0033503	4	6	0.00928571428571429	8.8328948369149e-16	2.0260870456236	UBC13-MMS2 complex	HULC complex
GO:0003418	3	GO:0030991	7	7	0.0696428571428571	1.48338385404605e-12	2.02596206711936	growth plate cartilage chondrocyte differentiation	intraciliary transport particle A
GO:0009235	8	GO:0038016	2	6	0.00941326530612245	9.58529497641153e-16	2.02584765773422	cobalamin metabolic process	insulin receptor internalization
GO:0015937	8	GO:0017159	2	6	0.00959183673469388	1.07277314354329e-15	2.02551264809854	coenzyme A biosynthetic process	pantetheine hydrolase activity
GO:0009156	3	GO:0055086	3	6	0.00961734693877551	1.08998226002271e-15	2.02546480227751	ribonucleoside monophosphate biosynthetic process	nucleobase-containing small molecule metabolic process
GO:0004749	3	GO:0055086	3	6	0.00961734693877551	1.08998226002271e-15	2.02546480227751	ribose phosphate diphosphokinase activity	nucleobase-containing small molecule metabolic process
GO:0061092	4	GO:0140351	3	6	0.00964285714285714	1.10742068908122e-15	2.02541695962981	positive regulation of phospholipid translocation	glycosylceramide flippase activity
GO:0016015	6	GO:0070700	9	9	0.190714285714286	7.7483213648627e-13	2.0253365911243	morphogen activity	BMP receptor binding
GO:0004993	9	GO:0021941	1	6	0.00969387755102041	1.14299524669965e-15	2.0253212838527	G protein-coupled serotonin receptor activity	negative regulation of cerebellar granule cell precursor proliferation
GO:0048495	6	GO:0050925	2	6	0.00969387755102041	1.14299524670165e-15	2.0253212838527	Roundabout binding	negative regulation of negative chemotaxis
GO:0070245	1	GO:0097136	7	6	0.00979591836734694	1.21700249487839e-15	2.02512997035988	positive regulation of thymocyte apoptotic process	Bcl-2 family protein complex
GO:0097136	7	GO:1903749	1	6	0.00979591836734694	1.21700249487839e-15	2.02512997035988	Bcl-2 family protein complex	positive regulation of establishment of protein localization to mitochondrion
GO:0015247	2	GO:0140345	5	6	0.00979591836734694	1.21700457965406e-15	2.02512997035988	aminophospholipid flippase activity	phosphatidylcholine flippase activity
GO:0005664	7	GO:0032407	6	7	0.0702040816326531	1.56834268937652e-12	2.02505216243764	nuclear origin of replication recognition complex	MutSalpha complex binding
GO:0008999	2	GO:0031417	3	6	0.00997448979591837	1.35419055350768e-15	2.02479529379096	protein-N-terminal-alanine acetyltransferase activity	NatC complex
GO:0031417	3	GO:1990190	2	6	0.00997448979591837	1.35419055350768e-15	2.02479529379096	NatC complex	protein-N-terminal-glutamate acetyltransferase activity
GO:0098820	2	GO:0098983	4	6	0.00997448979591837	1.35612258221991e-15	2.02479529379096	trans-synaptic protein complex	symmetric, GABA-ergic, inhibitory synapse
GO:0098820	2	GO:0098985	4	6	0.00997448979591837	1.35612258221991e-15	2.02479529379096	trans-synaptic protein complex	asymmetric, glutamatergic, excitatory synapse
GO:0000015	3	GO:0019543	2	6	0.0101020408163265	1.46128510130609e-15	2.02455633413049	phosphopyruvate hydratase complex	propionate catabolic process
GO:0004634	3	GO:0019543	2	6	0.0101020408163265	1.46128510130609e-15	2.02455633413049	phosphopyruvate hydratase activity	propionate catabolic process
GO:0000015	3	GO:0046327	2	6	0.0101020408163265	1.46128510130609e-15	2.02455633413049	phosphopyruvate hydratase complex	glycerol biosynthetic process from pyruvate
GO:0004634	3	GO:0046327	2	6	0.0101020408163265	1.46128510130609e-15	2.02455633413049	phosphopyruvate hydratase activity	glycerol biosynthetic process from pyruvate
GO:0000015	3	GO:0004613	2	6	0.0101020408163265	1.46128510130609e-15	2.02455633413049	phosphopyruvate hydratase complex	phosphoenolpyruvate carboxykinase (GTP) activity
GO:0004613	2	GO:0004634	3	6	0.0101020408163265	1.46128510130609e-15	2.02455633413049	phosphoenolpyruvate carboxykinase (GTP) activity	phosphopyruvate hydratase activity
GO:0031837	3	GO:0035106	4	6	0.0102040816326531	1.55422146161614e-15	2.02436522338081	substance K receptor binding	operant conditioning
GO:0045295	8	GO:0050982	8	7	0.0707142857142857	1.64915261506427e-12	2.02422597116596	gamma-catenin binding	detection of mechanical stimulus
GO:0030867	6	GO:0050211	3	6	0.010280612244898	1.62537938440134e-15	2.02422192353852	rough endoplasmic reticulum membrane	procollagen galactosyltransferase activity
GO:0004657	2	GO:0004735	3	6	0.0103571428571429	1.69671638157465e-15	2.0240786521579	proline dehydrogenase activity	pyrroline-5-carboxylate reductase activity
GO:0005869	8	GO:0045503	5	8	0.131275510204082	1.94674401124703e-12	2.02404729306465	dynactin complex	dynein light chain binding
GO:0042382	8	GO:1990247	9	8	0.131326530612245	1.95271665899596e-12	2.02397460222764	paraspeckles	N6-methyladenosine-containing RNA reader activity
GO:0031417	3	GO:1990189	3	6	0.0105612244897959	1.90995035035111e-15	2.02369673420302	NatC complex	protein N-terminal-serine acetyltransferase activity
GO:0004022	9	GO:0046959	4	7	0.0711224489795918	1.71633753622923e-12	2.02356569878993	alcohol dehydrogenase (NAD+) activity	habituation
GO:0046653	4	GO:0048702	8	7	0.07125	1.7378066001454e-12	2.02335948755373	tetrahydrofolate metabolic process	embryonic neurocranium morphogenesis
GO:0034372	4	GO:0048261	5	7	0.0714285714285714	1.76824859184645e-12	2.02307089082236	very-low-density lipoprotein particle remodeling	negative regulation of receptor-mediated endocytosis
GO:0006620	6	GO:0043529	3	6	0.0109438775510204	2.36385791110366e-15	2.02298118259147	post-translational protein targeting to endoplasmic reticulum membrane	GET complex
GO:0000425	6	GO:0030242	3	6	0.0110204081632653	2.46462933146282e-15	2.02283815740603	pexophagy	autophagy of peroxisome
GO:0005003	6	GO:0005168	2	6	0.0110714285714286	2.53377776185465e-15	2.02274282303459	ephrin receptor activity	neurotrophin TRKA receptor binding
GO:0006702	3	GO:0071395	2	6	0.0110969387755102	2.5648814929741e-15	2.02269516057328	androgen biosynthetic process	cellular response to jasmonic acid stimulus
GO:0006702	3	GO:0047086	2	6	0.0110969387755102	2.5648814929741e-15	2.02269516057328	androgen biosynthetic process	ketosteroid monooxygenase activity
GO:0003865	3	GO:0071395	2	6	0.0110969387755102	2.5648814929741e-15	2.02269516057328	3-oxo-5-alpha-steroid 4-dehydrogenase activity	cellular response to jasmonic acid stimulus
GO:0003865	3	GO:0047086	2	6	0.0110969387755102	2.5648814929741e-15	2.02269516057328	3-oxo-5-alpha-steroid 4-dehydrogenase activity	ketosteroid monooxygenase activity
GO:0047751	3	GO:0071395	2	6	0.0110969387755102	2.5648814929741e-15	2.02269516057328	3-oxo-5-alpha-steroid 4-dehydrogenase (NADP+) activity	cellular response to jasmonic acid stimulus
GO:0047086	2	GO:0047751	3	6	0.0110969387755102	2.5648814929741e-15	2.02269516057328	ketosteroid monooxygenase activity	3-oxo-5-alpha-steroid 4-dehydrogenase (NADP+) activity
GO:0000172	8	GO:0046404	3	7	0.0717602040816327	1.82599393078815e-12	2.02253523159883	ribonuclease MRP complex	ATP-dependent polydeoxyribonucleotide 5'-hydroxyl-kinase activity
GO:0006421	2	GO:0070681	3	6	0.0112244897959184	2.7465810946491e-15	2.02245689549417	asparaginyl-tRNA aminoacylation	glutaminyl-tRNAGln biosynthesis via transamidation
GO:0006421	2	GO:0030956	3	6	0.0112244897959184	2.7465810946491e-15	2.02245689549417	asparaginyl-tRNA aminoacylation	glutamyl-tRNA(Gln) amidotransferase complex
GO:0006421	2	GO:0050567	3	6	0.0112244897959184	2.7465810946491e-15	2.02245689549417	asparaginyl-tRNA aminoacylation	glutaminyl-tRNA synthase (glutamine-hydrolyzing) activity
GO:0032414	4	GO:0055064	5	6	0.0112244897959184	2.7509914204222e-15	2.02245689549417	positive regulation of ion transmembrane transporter activity	chloride ion homeostasis
GO:0004816	2	GO:0070681	3	6	0.0112244897959184	2.7465810946491e-15	2.02245689549417	asparagine-tRNA ligase activity	glutaminyl-tRNAGln biosynthesis via transamidation
GO:0004816	2	GO:0030956	3	6	0.0112244897959184	2.7465810946491e-15	2.02245689549417	asparagine-tRNA ligase activity	glutamyl-tRNA(Gln) amidotransferase complex
GO:0004816	2	GO:0050567	3	6	0.0112244897959184	2.7465810946491e-15	2.02245689549417	asparagine-tRNA ligase activity	glutaminyl-tRNA synthase (glutamine-hydrolyzing) activity
GO:0004794	2	GO:0006563	4	6	0.0113265306122449	2.90424345417958e-15	2.02226634007886	threonine deaminase activity	L-serine metabolic process
GO:0032957	3	GO:0046030	2	6	0.0114285714285714	3.05953777701217e-15	2.0220758349885	inositol trisphosphate metabolic process	inositol trisphosphate phosphatase activity
GO:0031716	2	GO:0150061	3	6	0.0114285714285714	3.05953777701217e-15	2.0220758349885	calcitonin receptor binding	amylin receptor 3 signaling pathway
GO:0001635	3	GO:0031716	2	6	0.0114285714285714	3.05953777701217e-15	2.0220758349885	calcitonin gene-related peptide receptor activity	calcitonin receptor binding
GO:0031716	2	GO:0097643	3	6	0.0114285714285714	3.05953777701217e-15	2.0220758349885	calcitonin receptor binding	amylin receptor activity
GO:0032202	3	GO:0032205	2	6	0.0114795918367347	3.1422494631652e-15	2.02198060130688	telomere assembly	negative regulation of telomere maintenance
GO:0010521	4	GO:0098505	5	6	0.0115051020408163	3.18953954412229e-15	2.0219329891805	telomerase inhibitor activity	G-rich strand telomeric DNA binding
GO:0000425	6	GO:0061739	4	6	0.0116326530612245	3.40729961587846e-15	2.02169497567636	pexophagy	protein lipidation involved in autophagosome assembly
GO:0007418	3	GO:0021776	2	6	0.0116326530612245	3.40163851683714e-15	2.02169497567636	ventral midline development	smoothened signaling pathway involved in spinal cord motor neuron cell fate specification
GO:0005163	5	GO:0038179	2	6	0.0116326530612245	3.40729961587844e-15	2.02169497567636	nerve growth factor receptor binding	neurotrophin signaling pathway
GO:0004993	9	GO:1990708	2	6	0.0116326530612245	3.40729961587846e-15	2.02169497567636	G protein-coupled serotonin receptor activity	conditioned place preference
GO:0002189	2	GO:0047631	3	6	0.0116326530612245	3.40163851683714e-15	2.02169497567636	ribose phosphate diphosphokinase complex	ADP-ribose diphosphatase activity
GO:0005030	2	GO:0005163	5	6	0.0116326530612245	3.40729961587844e-15	2.02169497567636	neurotrophin receptor activity	nerve growth factor receptor binding
GO:0016297	2	GO:0047676	9	6	0.0116326530612245	3.40729961587846e-15	2.02169497567636	fatty acyl-[ACP] hydrolase activity	arachidonate-CoA ligase activity
GO:0006474	8	GO:0048659	1	6	0.0117091836734694	3.54379749964267e-15	2.02155220526116	N-terminal protein amino acid acetylation	smooth muscle cell proliferation
GO:0002934	6	GO:0045295	8	7	0.0723979591836735	1.94158243547207e-12	2.02150623436228	desmosome organization	gamma-catenin binding
GO:0006089	4	GO:1902031	2	6	0.0117857142857143	3.68481895565262e-15	2.02140946309775	lactate metabolic process	regulation of NADP metabolic process
GO:0042335	2	GO:0042743	4	6	0.0117857142857143	3.68481895565262e-15	2.02140946309775	cuticle development	hydrogen peroxide metabolic process
GO:0042743	4	GO:0106293	2	6	0.0117857142857143	3.68481895565262e-15	2.02140946309775	hydrogen peroxide metabolic process	NADH oxidase H202-forming activity
GO:0046601	3	GO:0120098	2	6	0.0117857142857143	3.67861624259774e-15	2.02140946309775	positive regulation of centriole replication	procentriole
GO:0004596	6	GO:0031417	2	6	0.0118622448979592	3.83048298440131e-15	2.02126674917495	protein-N-terminal amino-acid acetyltransferase activity	NatC complex
GO:0033700	9	GO:1903573	6	8	0.133290816326531	2.19514957057657e-12	2.02118156029125	phospholipid efflux	negative regulation of response to endoplasmic reticulum stress
GO:0030991	7	GO:0061548	1	6	0.0119387755102041	3.98090075803099e-15	2.02112406348158	intraciliary transport particle A	ganglion development
GO:0030991	7	GO:0120160	1	6	0.0119387755102041	3.98090075803099e-15	2.02112406348158	intraciliary transport particle A	intraciliary transport particle A binding
GO:0044284	7	GO:1903852	1	6	0.0120918367346939	4.29654424942242e-15	2.02083877673852	mitochondrial crista junction	positive regulation of cristae formation
GO:0061789	3	GO:0098882	6	6	0.0121173469387755	4.35113477754507e-15	2.02079123991551	dense core granule priming	structural constituent of presynaptic active zone
GO:0042659	7	GO:0042711	9	7	0.0728571428571429	2.02862700282601e-12	2.02076626419607	regulation of cell fate specification	maternal behavior
GO:0035197	6	GO:0042659	7	7	0.0728571428571429	2.02862700282601e-12	2.02076626419607	siRNA binding	regulation of cell fate specification
GO:0048269	3	GO:0071267	2	6	0.0121428571428571	4.39864833207998e-15	2.02074370622498	methionine adenosyltransferase complex	L-methionine salvage
GO:0010463	9	GO:0090080	4	7	0.0729591836734694	2.04841654705142e-12	2.02060192941453	mesenchymal cell proliferation	positive regulation of MAPKKK cascade by fibroblast growth factor receptor signaling pathway
GO:0140627	9	GO:2001214	8	7	0.0729591836734694	2.04841654705142e-12	2.02060192941453	ubiquitin-dependent protein catabolic process via the C-end degron rule pathway	positive regulation of vasculogenesis
GO:0006015	6	GO:0019303	2	6	0.0122448979591837	4.63277098076043e-15	2.0205536027793	5-phosphoribose 1-diphosphate biosynthetic process	D-ribose catabolic process
GO:0038098	3	GO:0060686	2	6	0.0122448979591837	4.62466878192816e-15	2.0205536027793	sequestering of BMP from receptor via BMP binding	negative regulation of prostatic bud formation
GO:0038098	3	GO:0072125	2	6	0.0122448979591837	4.62466878192816e-15	2.0205536027793	sequestering of BMP from receptor via BMP binding	negative regulation of glomerular mesangial cell proliferation
GO:0009235	8	GO:0072341	6	7	0.0732142857142857	2.09861358006795e-12	2.02019125617802	cobalamin metabolic process	modified amino acid binding
GO:0006839	5	GO:0044284	8	7	0.0732397959183674	2.10369059342353e-12	2.02015020171055	mitochondrial transport	mitochondrial crista junction
GO:0034379	10	GO:0051006	7	8	0.134030612244898	2.29302687103331e-12	2.02013243259094	very-low-density lipoprotein particle assembly	positive regulation of lipoprotein lipase activity
GO:0051601	1	GO:0090522	8	6	0.0125510204081633	5.3711847721285e-15	2.01998359285597	exocyst localization	vesicle tethering involved in exocytosis
GO:0002159	3	GO:0086083	3	6	0.0126020408163265	5.50328726523917e-15	2.0198886349778	desmosome assembly	cell adhesive protein binding involved in bundle of His cell-Purkinje myocyte communication
GO:0010521	5	GO:0010833	5	6	0.0126020408163265	5.50328726526669e-15	2.0198886349778	telomerase inhibitor activity	telomere maintenance via telomere lengthening
GO:0004477	3	GO:0015942	2	6	0.0126020408163265	5.49338197551707e-15	2.0198886349778	methenyltetrahydrofolate cyclohydrolase activity	formate metabolic process
GO:0004487	3	GO:0015942	2	6	0.0126020408163265	5.49338197551707e-15	2.0198886349778	methylenetetrahydrofolate dehydrogenase (NAD+) activity	formate metabolic process
GO:0004993	9	GO:0032227	2	6	0.0126020408163265	5.50328726526669e-15	2.0198886349778	G protein-coupled serotonin receptor activity	negative regulation of synaptic transmission, dopaminergic
GO:0005335	3	GO:0140788	3	6	0.0126020408163265	5.50328726523917e-15	2.0198886349778	serotonin:sodium:chloride symporter activity	L-glutamate uniporter activity
GO:0035256	3	GO:0099530	2	6	0.0126020408163265	5.49338197551707e-15	2.0198886349778	G protein-coupled glutamate receptor binding	G protein-coupled receptor activity involved in regulation of postsynaptic membrane potential
GO:0035256	3	GO:0099583	2	6	0.0126020408163265	5.49338197551707e-15	2.0198886349778	G protein-coupled glutamate receptor binding	neurotransmitter receptor activity involved in regulation of postsynaptic cytosolic calcium ion concentration
GO:0097646	2	GO:1903143	3	6	0.0126530612244898	5.62789525321392e-15	2.0197936895982	calcitonin family receptor signaling pathway	adrenomedullin receptor complex
GO:0001605	3	GO:0097646	2	6	0.0126530612244898	5.62789525321392e-15	2.0197936895982	adrenomedullin receptor activity	calcitonin family receptor signaling pathway
GO:0031716	2	GO:1903143	3	6	0.0126530612244898	5.62789525321392e-15	2.0197936895982	calcitonin receptor binding	adrenomedullin receptor complex
GO:0001605	3	GO:0031716	2	6	0.0126530612244898	5.62789525321392e-15	2.0197936895982	adrenomedullin receptor activity	calcitonin receptor binding
GO:0030991	7	GO:0097500	3	7	0.0736224489795918	2.18111489136626e-12	2.01953466492054	intraciliary transport particle A	receptor localization to non-motile cilium
GO:0023029	5	GO:0042612	3	6	0.0128571428571429	6.20509975111942e-15	2.01941403299973	MHC class Ib protein binding	MHC class I protein complex
GO:0001838	2	GO:0042813	12	8	0.13469387755102	2.38398937788084e-12	2.01919313083396	embryonic epithelial tube formation	Wnt receptor activity
GO:0032349	3	GO:0042813	12	8	0.13469387755102	2.38398937788084e-12	2.01919313083396	positive regulation of aldosterone biosynthetic process	Wnt receptor activity
GO:0097535	1	GO:0140288	6	6	0.0130102040816327	6.64847282858831e-15	2.01912942162478	lymphoid lineage cell migration into thymus	GBAF complex
GO:0000814	3	GO:0045324	5	7	0.0739285714285714	2.24479514547967e-12	2.01904261338683	ESCRT II complex	late endosome to vacuole transport
GO:0008046	10	GO:0061002	5	7	0.0739285714285714	2.24479514547967e-12	2.01904261338683	axon guidance receptor activity	negative regulation of dendritic spine morphogenesis
GO:0031095	5	GO:1901895	3	6	0.0130612244897959	6.81882213642373e-15	2.01903457611542	platelet dense tubular network membrane	negative regulation of ATPase-coupled calcium transmembrane transporter activity
GO:0032825	5	GO:0038110	3	6	0.0130867346938776	6.89897058352071e-15	2.01898715803682	positive regulation of natural killer cell differentiation	interleukin-2-mediated signaling pathway
GO:0004911	3	GO:0032825	5	6	0.0130867346938776	6.89897058352071e-15	2.01898715803682	interleukin-2 receptor activity	positive regulation of natural killer cell differentiation
GO:0019976	3	GO:0032825	5	6	0.0130867346938776	6.89897058352071e-15	2.01898715803682	interleukin-2 binding	positive regulation of natural killer cell differentiation
GO:0004427	4	GO:0045851	5	6	0.0130867346938776	6.89897058352071e-15	2.01898715803682	inorganic diphosphate phosphatase activity	pH reduction
GO:0004316	2	GO:0047676	9	6	0.0130867346938776	6.89897058352071e-15	2.01898715803682	3-oxoacyl-[acyl-carrier-protein] reductase (NADPH) activity	arachidonate-CoA ligase activity
GO:0019171	2	GO:0047676	9	6	0.0130867346938776	6.89897058352071e-15	2.01898715803682	(3R)-hydroxyacyl-[acyl-carrier-protein] dehydratase activity	arachidonate-CoA ligase activity
GO:0016303	3	GO:0016314	2	6	0.0132142857142857	7.29778002741971e-15	2.01875011438826	1-phosphatidylinositol-3-kinase activity	phosphatidylinositol-3,4,5-trisphosphate 3-phosphatase activity
GO:0016314	2	GO:0035005	3	6	0.0132142857142857	7.29778002741971e-15	2.01875011438826	phosphatidylinositol-3,4,5-trisphosphate 3-phosphatase activity	1-phosphatidylinositol-4-phosphate 3-kinase activity
GO:0004028	3	GO:0052595	2	6	0.0132142857142857	7.29778002741971e-15	2.01875011438826	3-chloroallyl aldehyde dehydrogenase activity	aliphatic amine oxidase activity
GO:0004030	3	GO:0052595	2	6	0.0132142857142857	7.29778002741971e-15	2.01875011438826	aldehyde dehydrogenase [NAD(P)+] activity	aliphatic amine oxidase activity
GO:0009950	5	GO:0042813	12	9	0.195918367346939	9.82662761701279e-13	2.01873115426103	dorsal/ventral axis specification	Wnt receptor activity
GO:0150060	3	GO:1903143	2	6	0.013265306122449	7.46809981706021e-15	2.01865531873526	amylin receptor 2 signaling pathway	adrenomedullin receptor complex
GO:0001605	2	GO:0150060	3	6	0.013265306122449	7.46809981706021e-15	2.01865531873526	adrenomedullin receptor activity	amylin receptor 2 signaling pathway
GO:0001653	4	GO:0008048	5	6	0.013265306122449	7.48227569439081e-15	2.01865531873526	peptide receptor activity	calcium sensitive guanylate cyclase activator activity
GO:0031930	1	GO:0044284	8	6	0.0133163265306122	7.6562776158437e-15	2.01856053553817	mitochondria-nucleus signaling pathway	mitochondrial crista junction
GO:0044284	8	GO:1903109	1	6	0.0133163265306122	7.6562776158437e-15	2.01856053553817	mitochondrial crista junction	positive regulation of mitochondrial transcription
GO:0000172	8	GO:0006550	3	7	0.074234693877551	2.31005734474702e-12	2.0185508972666	ribonuclease MRP complex	isoleucine catabolic process
GO:0000172	8	GO:0030283	3	7	0.074234693877551	2.31005734474702e-12	2.0185508972666	ribonuclease MRP complex	testosterone dehydrogenase [NAD(P)+] activity
GO:0016081	8	GO:0016188	6	7	0.0742857142857143	2.32109044881354e-12	2.01846897715744	synaptic vesicle docking	synaptic vesicle maturation
GO:0071547	5	GO:0097433	3	6	0.0133928571428571	7.92358999747688e-15	2.01841838409019	piP-body	dense body
GO:0030991	7	GO:0035735	7	8	0.13530612244898	2.47072873469984e-12	2.01832716732007	intraciliary transport particle A	intraciliary transport involved in cilium assembly
GO:0003400	5	GO:0030120	2	6	0.0134438775510204	8.10607985939497e-15	2.01832363201853	regulation of COPII vesicle coating	vesicle coat
GO:0006458	3	GO:0014808	3	6	0.0134438775510204	8.10607985934253e-15	2.01832363201853	'de novo' protein folding	release of sequestered calcium ion into cytosol by sarcoplasmic reticulum
GO:0030644	6	GO:0055064	4	6	0.0134438775510204	8.10607985939504e-15	2.01832363201853	intracellular chloride ion homeostasis	chloride ion homeostasis
GO:0015311	3	GO:0015386	6	6	0.0134948979591837	8.29205608830555e-15	2.01822889239134	monoamine:proton antiporter activity	potassium:proton antiporter activity
GO:0017059	8	GO:0141111	2	6	0.0135459183673469	8.48157169304018e-15	2.01813416520532	serine palmitoyltransferase complex	positive regulation of cGAS/STING signaling pathway
GO:0004314	2	GO:0047676	9	6	0.0135714285714286	8.57767349069035e-15	2.01808680627674	[acyl-carrier-protein] S-malonyltransferase activity	arachidonate-CoA ligase activity
GO:0004022	9	GO:0042420	7	7	0.0745918367346939	2.38823929669057e-12	2.01797765177545	alcohol dehydrogenase (NAD+) activity	dopamine catabolic process
GO:0098842	5	GO:1990459	8	7	0.0746938775510204	2.41098791164997e-12	2.01781395098717	postsynaptic early endosome	transferrin receptor binding
GO:0033693	3	GO:1990049	3	6	0.0137755102040816	9.37964333902318e-15	2.01770804674037	neurofilament bundle assembly	retrograde neuronal dense core vesicle transport
GO:0097119	5	GO:0098983	3	6	0.0137755102040816	9.37964333909014e-15	2.01770804674037	postsynaptic density protein 95 clustering	symmetric, GABA-ergic, inhibitory synapse
GO:0097119	5	GO:0098985	3	6	0.0137755102040816	9.37964333909014e-15	2.01770804674037	postsynaptic density protein 95 clustering	asymmetric, glutamatergic, excitatory synapse
GO:0001634	3	GO:0031891	2	6	0.0137755102040816	9.36118940289327e-15	2.01770804674037	pituitary adenylate cyclase-activating polypeptide receptor activity	type 1 vasoactive intestinal polypeptide receptor binding
GO:0001634	3	GO:0031892	2	6	0.0137755102040816	9.36118940289327e-15	2.01770804674037	pituitary adenylate cyclase-activating polypeptide receptor activity	type 2 vasoactive intestinal polypeptide receptor binding
GO:0004618	2	GO:0004619	3	6	0.0137755102040816	9.36118940289327e-15	2.01770804674037	phosphoglycerate kinase activity	phosphoglycerate mutase activity
GO:0004999	3	GO:0031891	2	6	0.0137755102040816	9.36118940289327e-15	2.01770804674037	vasoactive intestinal polypeptide receptor activity	type 1 vasoactive intestinal polypeptide receptor binding
GO:0004999	3	GO:0031892	2	6	0.0137755102040816	9.36118940289327e-15	2.01770804674037	vasoactive intestinal polypeptide receptor activity	type 2 vasoactive intestinal polypeptide receptor binding
GO:0043567	6	GO:0051148	4	6	0.0140561224489796	1.05834905466938e-14	2.01718757689228	regulation of insulin-like growth factor receptor signaling pathway	negative regulation of muscle cell differentiation
GO:0014012	7	GO:0034366	7	8	0.136122448979592	2.5906506708928e-12	2.0171741640449	peripheral nervous system axon regeneration	spherical high-density lipoprotein particle
GO:0021692	2	GO:0110142	6	6	0.0140816326530612	1.06990275453051e-14	2.01714028006766	cerebellar Purkinje cell layer morphogenesis	ubiquinone biosynthesis complex
GO:0031433	5	GO:0070080	2	6	0.0140816326530612	1.0699027545305e-14	2.01714028006766	telethonin binding	titin Z domain binding
GO:0007632	6	GO:0036038	12	9	0.197397959183673	1.05010995050141e-12	2.01686412853288	visual behavior	MKS complex
GO:0004465	8	GO:0006108	6	7	0.0753061224489796	2.55140606878682e-12	2.01683252563789	lipoprotein lipase activity	malate metabolic process
GO:0006249	5	GO:0009224	3	6	0.0142857142857143	1.1661704988668e-14	2.01676201706977	dCMP catabolic process	CMP biosynthetic process
GO:0006249	5	GO:0044211	3	6	0.0142857142857143	1.1661704988668e-14	2.01676201706977	dCMP catabolic process	CTP salvage
GO:0004849	3	GO:0006249	5	6	0.0142857142857143	1.1661704988668e-14	2.01676201706977	uridine kinase activity	dCMP catabolic process
GO:0006249	5	GO:0043771	3	6	0.0142857142857143	1.1661704988668e-14	2.01676201706977	dCMP catabolic process	cytidine kinase activity
GO:0060666	3	GO:0097491	3	6	0.0142857142857143	1.16617049885717e-14	2.01676201706977	dichotomous subdivision of terminal units involved in salivary gland branching	sympathetic neuron projection guidance
GO:0060666	3	GO:1901166	3	6	0.0142857142857143	1.16617049885717e-14	2.01676201706977	dichotomous subdivision of terminal units involved in salivary gland branching	neural crest cell migration involved in autonomic nervous system development
GO:0097647	2	GO:1990408	4	6	0.0142857142857143	1.16617049212507e-14	2.01676201706977	amylin receptor signaling pathway	calcitonin gene-related peptide receptor signaling pathway
GO:0150061	3	GO:1990406	2	6	0.0142857142857143	1.16379116688956e-14	2.01676201706977	amylin receptor 3 signaling pathway	CGRP receptor complex
GO:0035701	2	GO:0140288	6	6	0.0143112244897959	1.17869532869431e-14	2.01671474813882	hematopoietic stem cell migration	GBAF complex
GO:0043368	2	GO:0140288	6	6	0.0143112244897959	1.17869532869431e-14	2.01671474813882	positive T cell selection	GBAF complex
GO:0031053	6	GO:0070922	6	7	0.0754591836734694	2.58758244795458e-12	2.01658737779511	primary miRNA processing	RISC complex assembly
GO:0004315	2	GO:0047676	9	6	0.0145408163265306	1.29654646315573e-14	2.01628946708861	3-oxoacyl-[acyl-carrier-protein] synthase activity	arachidonate-CoA ligase activity
GO:0008332	2	GO:0070679	7	6	0.0145918367346939	1.32402484923867e-14	2.01619499422875	low voltage-gated calcium channel activity	inositol 1,4,5 trisphosphate binding
GO:0035303	5	GO:1905746	2	6	0.0146683673469388	1.36615051484428e-14	2.01605330813399	regulation of dephosphorylation	positive regulation of mRNA cis splicing, via spliceosome
GO:0006015	6	GO:0019144	2	6	0.0146938775510204	1.38043794584072e-14	2.01600608561946	5-phosphoribose 1-diphosphate biosynthetic process	ADP-sugar diphosphatase activity
GO:0015917	4	GO:0140345	5	6	0.0146938775510204	1.38043794584072e-14	2.01600608561946	aminophospholipid transport	phosphatidylcholine flippase activity
GO:0003858	2	GO:0046951	6	6	0.0146938775510204	1.38043794584072e-14	2.01600608561946	3-hydroxybutyrate dehydrogenase activity	ketone body biosynthetic process
GO:0003863	2	GO:0004459	3	6	0.0146938775510204	1.37754099475462e-14	2.01600608561946	3-methyl-2-oxobutanoate dehydrogenase (2-methylpropanoyl-transferring) activity	L-lactate dehydrogenase activity
GO:0033829	3	GO:0051152	4	6	0.0147448979591837	1.40938625356866e-14	2.01591164986355	O-fucosylpeptide 3-beta-N-acetylglucosaminyltransferase activity	positive regulation of smooth muscle cell differentiation
GO:0004735	3	GO:0006560	2	6	0.0147959183673469	1.43579777874792e-14	2.01581722646916	pyrroline-5-carboxylate reductase activity	proline metabolic process
GO:0046511	2	GO:0090156	5	6	0.0147959183673469	1.43883825044475e-14	2.01581722646916	sphinganine biosynthetic process	intracellular sphingolipid homeostasis
GO:0038098	3	GO:0060485	4	6	0.0147959183673469	1.43883825044477e-14	2.01581722646916	sequestering of BMP from receptor via BMP binding	mesenchyme development
GO:0001635	2	GO:0150060	3	6	0.0147959183673469	1.43579777874792e-14	2.01581722646916	calcitonin gene-related peptide receptor activity	amylin receptor 2 signaling pathway
GO:0097643	2	GO:0150060	3	6	0.0147959183673469	1.43579777874792e-14	2.01581722646916	amylin receptor activity	amylin receptor 2 signaling pathway
GO:0038098	3	GO:1905312	3	6	0.0147959183673469	1.4388382504311e-14	2.01581722646916	sequestering of BMP from receptor via BMP binding	positive regulation of cardiac neural crest cell migration involved in outflow tract morphogenesis
GO:0099128	4	GO:0140647	2	6	0.0149234693877551	1.51471783275163e-14	2.01558122204355	mitochondrial [2Fe-2S] assembly complex	P450-containing electron transport chain
GO:0097647	3	GO:1903143	2	6	0.015	1.55847787320016e-14	2.01543965644199	amylin receptor signaling pathway	adrenomedullin receptor complex
GO:0001605	2	GO:0097647	3	6	0.015	1.55847787320016e-14	2.01543965644199	adrenomedullin receptor activity	amylin receptor signaling pathway
GO:0150061	3	GO:1990409	2	6	0.015	1.55847787320016e-14	2.01543965644199	amylin receptor 3 signaling pathway	adrenomedullin binding
GO:0097643	3	GO:1990409	2	6	0.015	1.55847787320016e-14	2.01543965644199	amylin receptor activity	adrenomedullin binding
GO:0061700	8	GO:1902010	2	6	0.0150510204081633	1.59390027719415e-14	2.01534529480663	GATOR2 complex	negative regulation of translation in response to endoplasmic reticulum stress
GO:0032542	2	GO:0061700	8	6	0.0150510204081633	1.59390027719415e-14	2.01534529480663	sulfiredoxin activity	GATOR2 complex
GO:0035497	8	GO:1990589	2	6	0.0150510204081633	1.59390027719415e-14	2.01534529480663	cAMP response element binding	ATF4-CREB1 transcription factor complex
GO:0044571	10	GO:0120510	2	6	0.0151020408163265	1.62652345110414e-14	2.01525094551339	[2Fe-2S] cluster assembly	mitochondrial [4Fe-4S] assembly complex
GO:0099160	4	GO:1990049	3	6	0.0151530612244898	1.65970067839176e-14	2.01515660855904	postsynaptic intermediate filament cytoskeleton	retrograde neuronal dense core vesicle transport
GO:0006020	6	GO:0052836	3	6	0.0153061224489796	1.76263196629763e-14	2.01487367169703	inositol metabolic process	inositol 5-diphosphate pentakisphosphate 5-kinase activity
GO:0006020	6	GO:0052839	3	6	0.0153061224489796	1.76263196629763e-14	2.01487367169703	inositol metabolic process	diphosphoinositol tetrakisphosphate kinase activity
GO:0004791	6	GO:0016260	2	6	0.0153061224489796	1.76263196629763e-14	2.01487367169703	thioredoxin-disulfide reductase (NADPH) activity	selenocysteine biosynthetic process
GO:0031836	2	GO:0070474	7	6	0.0153061224489796	1.76263196629763e-14	2.01487367169703	neuromedin K receptor binding	positive regulation of uterine smooth muscle contraction
GO:1900060	3	GO:1904504	4	6	0.0153061224489796	1.76263196629763e-14	2.01487367169703	negative regulation of ceramide biosynthetic process	positive regulation of lipophagy
GO:0004756	2	GO:0004791	6	6	0.0153061224489796	1.76263196629763e-14	2.01487367169703	selenide, water dikinase activity	thioredoxin-disulfide reductase (NADPH) activity
GO:0000931	9	GO:1904951	6	7	0.076734693877551	2.90648204186886e-12	2.01454771257695	gamma-tubulin ring complex	positive regulation of establishment of protein localization
GO:0043567	6	GO:0048633	4	6	0.0155102040816327	1.90809356287917e-14	2.01449659509647	regulation of insulin-like growth factor receptor signaling pathway	positive regulation of skeletal muscle tissue growth
GO:0004477	3	GO:0016155	2	6	0.0155102040816327	1.90386688950417e-14	2.01449659509647	methenyltetrahydrofolate cyclohydrolase activity	formyltetrahydrofolate dehydrogenase activity
GO:0004487	3	GO:0016155	2	6	0.0155102040816327	1.90386688950417e-14	2.01449659509647	methylenetetrahydrofolate dehydrogenase (NAD+) activity	formyltetrahydrofolate dehydrogenase activity
GO:0004605	3	GO:0008195	5	6	0.0155102040816327	1.90809356287917e-14	2.01449659509647	phosphatidate cytidylyltransferase activity	phosphatidate phosphatase activity
GO:0006002	7	GO:0009298	5	7	0.0767857142857143	2.91990634826675e-12	2.01446624580625	fructose 6-phosphate metabolic process	GDP-mannose biosynthetic process
GO:0004507	2	GO:0006702	3	6	0.0155357142857143	1.92268342449922e-14	2.01444947437787	steroid 11-beta-monooxygenase activity	androgen biosynthetic process
GO:0006702	3	GO:0047783	2	6	0.0155357142857143	1.92268342449922e-14	2.01444947437787	androgen biosynthetic process	corticosterone 18-monooxygenase activity
GO:0061520	3	GO:0098639	3	6	0.0155357142857143	1.92695890556419e-14	2.01444947437787	Langerhans cell differentiation	collagen binding involved in cell-matrix adhesion
GO:1903408	2	GO:1903416	3	6	0.0155357142857143	1.92268342449922e-14	2.01444947437787	positive regulation of P-type sodium:potassium-exchanging transporter activity	response to glycoside
GO:0003865	3	GO:0004507	2	6	0.0155357142857143	1.92268342449922e-14	2.01444947437787	3-oxo-5-alpha-steroid 4-dehydrogenase activity	steroid 11-beta-monooxygenase activity
GO:0003865	3	GO:0047783	2	6	0.0155357142857143	1.92268342449922e-14	2.01444947437787	3-oxo-5-alpha-steroid 4-dehydrogenase activity	corticosterone 18-monooxygenase activity
GO:0004507	2	GO:0047751	3	6	0.0155357142857143	1.92268342449922e-14	2.01444947437787	steroid 11-beta-monooxygenase activity	3-oxo-5-alpha-steroid 4-dehydrogenase (NADP+) activity
GO:0047751	3	GO:0047783	2	6	0.0155357142857143	1.92268342449922e-14	2.01444947437787	3-oxo-5-alpha-steroid 4-dehydrogenase (NADP+) activity	corticosterone 18-monooxygenase activity
GO:0001967	8	GO:0016558	8	8	0.138137755102041	2.90866151844468e-12	2.01433555341736	suckling behavior	protein import into peroxisome matrix
GO:0007386	3	GO:0051152	4	6	0.0156122448979592	1.98448924361381e-14	2.0143081306877	compartment pattern specification	positive regulation of smooth muscle cell differentiation
GO:0038196	7	GO:0140865	3	6	0.0156887755102041	2.04344254056637e-14	2.01416681468755	type III interferon-mediated signaling pathway	interleukin-22-mediated signaling pathway
GO:0005388	4	GO:0043086	10	6	0.0158163265306122	2.14493632842568e-14	2.01393134952455	P-type calcium transporter activity	negative regulation of catalytic activity
GO:0035721	10	GO:1990079	3	7	0.0771428571428571	3.01536847346384e-12	2.01389623588291	intraciliary retrograde transport	cartilage homeostasis
GO:0031731	4	GO:0051673	6	6	0.0158418367346939	2.16573031363624e-14	2.01388426571393	CCR6 chemokine receptor binding	disruption of plasma membrane integrity in another organism
GO:0000098	2	GO:0004459	3	6	0.0159183673469388	2.22405427007965e-14	2.01374303271877	sulfur amino acid catabolic process	L-lactate dehydrogenase activity
GO:0006015	6	GO:0055086	3	6	0.0159183673469388	2.22912196765593e-14	2.01374303271877	5-phosphoribose 1-diphosphate biosynthetic process	nucleobase-containing small molecule metabolic process
GO:0004459	3	GO:0009440	2	6	0.0159183673469388	2.22405427007965e-14	2.01374303271877	L-lactate dehydrogenase activity	cyanate catabolic process
GO:0004459	3	GO:0016784	2	6	0.0159183673469388	2.22405427007965e-14	2.01374303271877	L-lactate dehydrogenase activity	3-mercaptopyruvate sulfurtransferase activity
GO:0000177	12	GO:0034046	7	11	0.32265306122449	7.35568777743466e-14	2.01360648205109	cytoplasmic exosome (RNase complex)	poly(G) binding
GO:0015842	3	GO:0140788	3	6	0.0159948979591837	2.29405094426913e-14	2.01360182737029	aminergic neurotransmitter loading into synaptic vesicle	L-glutamate uniporter activity
GO:0044804	4	GO:0120013	7	6	0.0159948979591837	2.2940509442989e-14	2.01360182737029	nucleophagy	lipid transfer activity
GO:0030125	7	GO:0030132	2	6	0.0159948979591837	2.2940509442989e-14	2.01360182737029	clathrin vesicle coat	clathrin coat of coated pit
GO:0006388	11	GO:0030681	9	9	0.2	1.1787063532441e-12	2.01359241466312	tRNA splicing, via endonucleolytic cleavage and ligation	multimeric ribonuclease P complex
GO:0006388	11	GO:0033204	9	9	0.2	1.1787063532441e-12	2.01359241466312	tRNA splicing, via endonucleolytic cleavage and ligation	ribonuclease P RNA binding
GO:1905064	5	GO:1905949	2	6	0.0160459183673469	2.33820561320996e-14	2.01350770582521	negative regulation of vascular associated smooth muscle cell differentiation	negative regulation of calcium ion import across plasma membrane
GO:0005955	2	GO:1905064	5	6	0.0160459183673469	2.33820561320996e-14	2.01350770582521	calcineurin complex	negative regulation of vascular associated smooth muscle cell differentiation
GO:0046755	3	GO:0046761	6	7	0.0773979591836735	3.0851769720918e-12	2.0134893615304	viral budding	viral budding from plasma membrane
GO:0006000	7	GO:0019661	1	6	0.0160714285714286	2.36053599494174e-14	2.01346064965764	fructose metabolic process	glucose catabolic process to lactate via pyruvate
GO:0006000	7	GO:1904024	1	6	0.0160714285714286	2.36053599494174e-14	2.01346064965764	fructose metabolic process	negative regulation of glucose catabolic process to lactate via pyruvate
GO:0006000	7	GO:1905857	1	6	0.0160714285714286	2.36053599494174e-14	2.01346064965764	fructose metabolic process	positive regulation of pentose-phosphate shunt
GO:0150060	2	GO:1990408	4	6	0.0160714285714286	2.36054685758716e-14	2.01346064965764	amylin receptor 2 signaling pathway	calcitonin gene-related peptide receptor signaling pathway
GO:0004300	4	GO:1905202	2	6	0.0160714285714286	2.36054685758716e-14	2.01346064965764	enoyl-CoA hydratase activity	methylcrotonoyl-CoA carboxylase complex
GO:0004300	4	GO:0004485	2	6	0.0160714285714286	2.36054685758716e-14	2.01346064965764	enoyl-CoA hydratase activity	methylcrotonoyl-CoA carboxylase activity
GO:0030049	10	GO:1903919	2	7	0.0774489795918367	3.09930309060536e-12	2.01340801419223	muscle filament sliding	negative regulation of actin filament severing
GO:0120510	2	GO:1990229	11	6	0.0161224489795918	2.40576285603376e-14	2.01336654653046	mitochondrial [4Fe-4S] assembly complex	iron-sulfur cluster assembly complex
GO:0030991	7	GO:2000051	4	7	0.0776020408163265	3.14201349022268e-12	2.01316402720515	intraciliary transport particle A	negative regulation of non-canonical Wnt signaling pathway
GO:0048790	7	GO:0099011	2	6	0.0163265306122449	2.59390604727239e-14	2.01299025673557	maintenance of presynaptic active zone structure	neuronal dense core vesicle exocytosis
GO:0031084	3	GO:0033299	5	6	0.0164285714285714	2.69247468120088e-14	2.01280218542165	BLOC-2 complex	secretion of lysosomal enzymes
GO:0003100	3	GO:0070294	9	6	0.0164285714285714	2.69247468120088e-14	2.01280218542165	regulation of systemic arterial blood pressure by endothelin	renal sodium ion absorption
GO:0003100	3	GO:0072112	8	6	0.0164285714285714	2.69247468120088e-14	2.01280218542165	regulation of systemic arterial blood pressure by endothelin	podocyte differentiation
GO:0097112	4	GO:0098983	4	6	0.0164285714285714	2.69247468120088e-14	2.01280218542165	gamma-aminobutyric acid receptor clustering	symmetric, GABA-ergic, inhibitory synapse
GO:0006081	6	GO:0052595	2	6	0.0164285714285714	2.69247468120088e-14	2.01280218542165	aldehyde metabolic process	aliphatic amine oxidase activity
GO:0031848	5	GO:0032202	2	6	0.0164795918367347	2.74291623486545e-14	2.01270816814938	protection from non-homologous end joining at telomere	telomere assembly
GO:0031264	2	GO:0045569	5	6	0.0164795918367347	2.74291623486545e-14	2.01270816814938	death-inducing signaling complex	TRAIL binding
GO:0030905	4	GO:1905394	9	7	0.0779336734693878	3.23628077510108e-12	2.01263567167172	retromer, tubulation complex	retromer complex binding
GO:0035721	10	GO:0061548	1	6	0.016530612244898	2.79414207688807e-14	2.01261416312932	intraciliary retrograde transport	ganglion development
GO:0035721	10	GO:0120160	1	6	0.016530612244898	2.79414207688807e-14	2.01261416312932	intraciliary retrograde transport	intraciliary transport particle A binding
GO:0150061	2	GO:1990410	4	6	0.016530612244898	2.79414205186298e-14	2.01261416312932	amylin receptor 3 signaling pathway	adrenomedullin receptor signaling pathway
GO:0017154	11	GO:0150020	2	6	0.016530612244898	2.79414207688813e-14	2.01261416312932	semaphorin receptor activity	basal dendrite arborization
GO:0032202	3	GO:0032214	2	6	0.0165816326530612	2.83942191364503e-14	2.01252017035826	telomere assembly	negative regulation of telomere maintenance via semi-conservative replication
GO:0004053	3	GO:0033387	3	6	0.0165816326530612	2.8461619162863e-14	2.01252017035826	arginase activity	putrescine biosynthetic process from arginine, via ornithine
GO:0032202	3	GO:1905778	2	6	0.0165816326530612	2.83942191364503e-14	2.01252017035826	telomere assembly	negative regulation of exonuclease activity
GO:0032202	3	GO:1905839	2	6	0.0165816326530612	2.83942191364503e-14	2.01252017035826	telomere assembly	negative regulation of telomeric D-loop disassembly
GO:0004022	9	GO:0050891	8	7	0.0780612244897959	3.27317525377821e-12	2.01243256100715	alcohol dehydrogenase (NAD+) activity	multicellular organismal-level water homeostasis
GO:0000012	7	GO:0003909	2	6	0.0167857142857143	3.06237857568696e-14	2.01214432170032	single strand break repair	DNA ligase activity
GO:0000012	7	GO:0003910	2	6	0.0167857142857143	3.06237857568696e-14	2.01214432170032	single strand break repair	DNA ligase (ATP) activity
GO:0055064	4	GO:0070294	9	6	0.0167857142857143	3.06237857568696e-14	2.01214432170032	chloride ion homeostasis	renal sodium ion absorption
GO:0008109	3	GO:0008417	9	7	0.078265306122449	3.33295379300273e-12	2.0121077028524	N-acetyllactosaminide beta-1,6-N-acetylglucosaminyltransferase activity	fucosyltransferase activity
GO:0038098	3	GO:0045839	5	6	0.0168367346938776	3.11851719197559e-14	2.01205039012646	sequestering of BMP from receptor via BMP binding	negative regulation of mitotic nuclear division
GO:0038098	3	GO:0048762	4	6	0.0168367346938776	3.11851719197559e-14	2.01205039012646	sequestering of BMP from receptor via BMP binding	mesenchymal cell differentiation
GO:0005388	4	GO:0090281	9	6	0.0168367346938776	3.11851719197559e-14	2.01205039012646	P-type calcium transporter activity	negative regulation of calcium ion import
GO:0017154	11	GO:0048841	1	6	0.0169642857142857	3.26262330729305e-14	2.01181561469055	semaphorin receptor activity	regulation of axon extension involved in axon guidance
GO:0047676	9	GO:0141148	2	6	0.0169642857142857	3.26262330729305e-14	2.01181561469055	arachidonate-CoA ligase activity	enoyl-[acyl-carrier-protein] reductase (NADPH) activity
GO:0005000	6	GO:0005185	2	6	0.0169897959183673	3.29209943476329e-14	2.0117686687714	vasopressin receptor activity	neurohypophyseal hormone activity
GO:0004735	3	GO:0019470	3	6	0.017015306122449	3.32179692946211e-14	2.01172172590733	pyrroline-5-carboxylate reductase activity	4-hydroxyproline catabolic process
GO:0008332	2	GO:0034703	9	6	0.0171173469387755	3.4428271845139e-14	2.01153398499393	low voltage-gated calcium channel activity	cation channel complex
GO:0021628	2	GO:0036486	3	6	0.0171428571428571	3.46514722608993e-14	2.01148705739931	olfactory nerve formation	ventral trunk neural crest cell migration
GO:0005638	2	GO:0021817	3	6	0.0171428571428571	3.46514722608993e-14	2.01148705739931	lamin filament	nucleokinesis involved in cell motility in cerebral cortex radial glia guided migration
GO:0021817	3	GO:0160123	2	6	0.0171428571428571	3.46514722608993e-14	2.01148705739931	nucleokinesis involved in cell motility in cerebral cortex radial glia guided migration	structural constituent of nuclear lamina
GO:0060666	3	GO:0097490	4	6	0.0173469387755102	3.72862012166068e-14	2.01111174650612	dichotomous subdivision of terminal units involved in salivary gland branching	sympathetic neuron projection extension
GO:0002159	3	GO:0086073	4	6	0.0174489795918367	3.86183131538232e-14	2.01092416426077	desmosome assembly	bundle of His cell-Purkinje myocyte adhesion involved in cell communication
GO:0031017	4	GO:0043567	6	6	0.0174489795918367	3.86183131538232e-14	2.01092416426077	exocrine pancreas development	regulation of insulin-like growth factor receptor signaling pathway
GO:0003839	1	GO:0006750	10	6	0.0174489795918367	3.86183131538221e-14	2.01092416426077	gamma-glutamylcyclotransferase activity	glutathione biosynthetic process
GO:0001640	5	GO:0035256	3	6	0.0174489795918367	3.86183131538232e-14	2.01092416426077	adenylate cyclase inhibiting G protein-coupled glutamate receptor activity	G protein-coupled glutamate receptor binding
GO:0005024	5	GO:0070483	2	6	0.0176020408163265	4.0690616929306e-14	2.01064288232293	transforming growth factor beta receptor activity	detection of hypoxia
GO:0015311	3	GO:0051938	6	6	0.0176020408163265	4.06906169293072e-14	2.01064288232293	monoamine:proton antiporter activity	L-glutamate import
GO:0045324	5	GO:0090611	4	7	0.0792091836734694	3.62171899846081e-12	2.01060713400067	late endosome to vacuole transport	ubiquitin-independent protein catabolic process via the multivesicular body sorting pathway
GO:0006703	7	GO:0018812	7	8	0.140816326530612	3.3836520992555e-12	2.01057992377866	estrogen biosynthetic process	3-hydroxyacyl-CoA dehydratase activity
GO:0006702	3	GO:0006705	2	6	0.0177551020408163	4.27460113038112e-14	2.0103617100253	androgen biosynthetic process	mineralocorticoid biosynthetic process
GO:0006702	3	GO:0016655	4	6	0.0177551020408163	4.28546752391732e-14	2.0103617100253	androgen biosynthetic process	oxidoreductase activity, acting on NAD(P)H, quinone or similar compound as acceptor
GO:0002116	12	GO:0150020	2	6	0.0177551020408163	4.28546752391732e-14	2.0103617100253	semaphorin receptor complex	basal dendrite arborization
GO:0005579	7	GO:0005745	2	6	0.0177551020408163	4.28546752391732e-14	2.0103617100253	membrane attack complex	m-AAA complex
GO:0005638	2	GO:0090292	3	6	0.0177551020408163	4.27460113038112e-14	2.0103617100253	lamin filament	nuclear matrix anchoring at nuclear membrane
GO:0003865	3	GO:0006705	2	6	0.0177551020408163	4.27460113038112e-14	2.0103617100253	3-oxo-5-alpha-steroid 4-dehydrogenase activity	mineralocorticoid biosynthetic process
GO:0003865	3	GO:0016655	4	6	0.0177551020408163	4.28546752391732e-14	2.0103617100253	3-oxo-5-alpha-steroid 4-dehydrogenase activity	oxidoreductase activity, acting on NAD(P)H, quinone or similar compound as acceptor
GO:0006705	2	GO:0047751	3	6	0.0177551020408163	4.27460113038112e-14	2.0103617100253	mineralocorticoid biosynthetic process	3-oxo-5-alpha-steroid 4-dehydrogenase (NADP+) activity
GO:0016655	4	GO:0047751	3	6	0.0177551020408163	4.28546752391732e-14	2.0103617100253	oxidoreductase activity, acting on NAD(P)H, quinone or similar compound as acceptor	3-oxo-5-alpha-steroid 4-dehydrogenase (NADP+) activity
GO:0090292	3	GO:0160123	2	6	0.0177551020408163	4.27460113038112e-14	2.0103617100253	nuclear matrix anchoring at nuclear membrane	structural constituent of nuclear lamina
GO:0006458	3	GO:0014701	7	6	0.017780612244898	4.32244967876859e-14	2.01031485862915	'de novo' protein folding	junctional sarcoplasmic reticulum membrane
GO:0006706	3	GO:0034650	4	6	0.0178571428571429	4.43499401267371e-14	2.0101743226959	steroid catabolic process	cortisol metabolic process
GO:0016167	5	GO:2001260	2	6	0.0179081632653061	4.51137038372324e-14	2.01008064728243	glial cell-derived neurotrophic factor receptor activity	regulation of semaphorin-plexin signaling pathway
GO:0002116	12	GO:0048841	1	6	0.0180357142857143	4.70711521154566e-14	2.00984651195613	semaphorin receptor complex	regulation of axon extension involved in axon guidance
GO:0004022	9	GO:0042415	5	7	0.0797959183673469	3.81178164459496e-12	2.00967591881956	alcohol dehydrogenase (NAD+) activity	norepinephrine metabolic process
GO:0035630	2	GO:0035721	10	7	0.0798979591836735	3.84569063227976e-12	2.00951409099601	bone mineralization involved in bone maturation	intraciliary retrograde transport
GO:0035721	10	GO:0061975	3	7	0.0798979591836735	3.84569063227976e-12	2.00951409099601	intraciliary retrograde transport	articular cartilage development
GO:0035721	10	GO:1902140	3	7	0.0798979591836735	3.84569063227976e-12	2.00951409099601	intraciliary retrograde transport	response to inositol
GO:0005160	9	GO:0038092	9	7	0.0799744897959184	3.87129117097341e-12	2.0093927439488	transforming growth factor beta receptor binding	nodal signaling pathway
GO:0038098	3	GO:0060687	3	6	0.0183673469387755	5.24940297654272e-14	2.00923811552952	sequestering of BMP from receptor via BMP binding	regulation of branching involved in prostate gland morphogenesis
GO:0000048	2	GO:0003839	3	6	0.0183673469387755	5.23563355727537e-14	2.00923811552952	peptidyltransferase activity	gamma-glutamylcyclotransferase activity
GO:0002951	2	GO:0003839	3	6	0.0183673469387755	5.23563355727537e-14	2.00923811552952	leukotriene-C(4) hydrolase	gamma-glutamylcyclotransferase activity
GO:0004383	8	GO:0008048	5	6	0.0183673469387755	5.24940297666115e-14	2.00923811552952	guanylate cyclase activity	calcium sensitive guanylate cyclase activator activity
GO:0004477	3	GO:0009258	3	6	0.0184183673469388	5.33726951427644e-14	2.00914456160675	methenyltetrahydrofolate cyclohydrolase activity	10-formyltetrahydrofolate catabolic process
GO:0004487	3	GO:0009258	3	6	0.0184183673469388	5.33726951427644e-14	2.00914456160675	methylenetetrahydrofolate dehydrogenase (NAD+) activity	10-formyltetrahydrofolate catabolic process
GO:0043567	6	GO:0060669	3	6	0.0184183673469388	5.3372695143982e-14	2.00914456160675	regulation of insulin-like growth factor receptor signaling pathway	embryonic placenta morphogenesis
GO:0031708	3	GO:0048066	7	6	0.0184183673469388	5.3372695143982e-14	2.00914456160675	endothelin B receptor binding	developmental pigmentation
GO:0031837	3	GO:0043117	8	6	0.0184948979591837	5.4713627392236e-14	2.00900425346864	substance K receptor binding	positive regulation of vascular permeability
GO:0031931	2	GO:0038203	5	6	0.0185204081632653	5.51667882032092e-14	2.00895749015331	TORC1 complex	TORC2 signaling
GO:0006556	4	GO:0071267	2	6	0.0185714285714286	5.6082486460516e-14	2.00886397261633	S-adenosylmethionine biosynthetic process	L-methionine salvage
GO:0033503	4	GO:1902523	5	6	0.0185714285714286	5.60824871726906e-14	2.00886397261633	HULC complex	positive regulation of protein K63-linked ubiquitination
GO:0004322	4	GO:0006788	2	6	0.01875	5.93877083646069e-14	2.00853675667947	ferroxidase activity	heme oxidation
GO:0060022	5	GO:0098639	3	6	0.01875	5.93877091407116e-14	2.00853675667947	hard palate development	collagen binding involved in cell-matrix adhesion
GO:0004322	4	GO:0004392	2	6	0.01875	5.93877083646069e-14	2.00853675667947	ferroxidase activity	heme oxygenase (decyclizing) activity
GO:0010586	7	GO:0140517	4	6	0.0187755102040816	5.98728499841344e-14	2.00849002366009	miRNA metabolic process	protein-RNA adaptor activity
GO:0002159	3	GO:0098911	5	6	0.0189030612244898	6.23483303732642e-14	2.00825640396687	desmosome assembly	regulation of ventricular cardiac muscle cell action potential
GO:0008504	8	GO:0140788	3	6	0.0189030612244898	6.23483303732642e-14	2.00825640396687	monoamine transmembrane transporter activity	L-glutamate uniporter activity
GO:0001614	7	GO:1903539	2	6	0.0189795918367347	6.38740883009604e-14	2.00811626845979	purinergic nucleotide receptor activity	protein localization to postsynaptic membrane
GO:0004931	7	GO:1903539	2	6	0.0189795918367347	6.38740883009604e-14	2.00811626845979	extracellularly ATP-gated monoatomic cation channel activity	protein localization to postsynaptic membrane
GO:0030049	10	GO:0070080	2	7	0.0808163265306122	4.1626479853669e-12	2.00805927197426	muscle filament sliding	titin Z domain binding
GO:0016199	4	GO:0051414	4	6	0.0191326530612245	6.70189660568006e-14	2.00783607909117	axon midline choice point recognition	response to cortisol
GO:0004488	4	GO:0016155	2	6	0.0191836734693878	6.80954657382035e-14	2.00774270681475	methylenetetrahydrofolate dehydrogenase (NADP+) activity	formyltetrahydrofolate dehydrogenase activity
GO:0030121	11	GO:0030131	5	8	0.142857142857143	3.78957682561716e-12	2.0077315586939	AP-1 adaptor complex	clathrin adaptor complex
GO:0005335	3	GO:0050803	5	6	0.019234693877551	6.91863224148922e-14	2.00764934662301	serotonin:sodium:chloride symporter activity	regulation of synapse structure or activity
GO:0002031	5	GO:0150061	3	6	0.0192857142857143	7.02916856623252e-14	2.00755599851283	G protein-coupled receptor internalization	amylin receptor 3 signaling pathway
GO:0001635	3	GO:0002031	5	6	0.0192857142857143	7.02916856623252e-14	2.00755599851283	calcitonin gene-related peptide receptor activity	G protein-coupled receptor internalization
GO:0002031	5	GO:0097643	3	6	0.0192857142857143	7.02916856623252e-14	2.00755599851283	G protein-coupled receptor internalization	amylin receptor activity
GO:0048188	6	GO:0140999	5	6	0.0192857142857143	7.02916856623251e-14	2.00755599851283	Set1C/COMPASS complex	histone H3K4 trimethyltransferase activity
GO:0023024	6	GO:0023029	5	6	0.0192857142857143	7.02916856623251e-14	2.00755599851283	MHC class I protein complex binding	MHC class Ib protein binding
GO:0098971	6	GO:0099185	3	6	0.0193622448979592	7.19772685610632e-14	2.00741599899362	anterograde dendritic transport of neurotransmitter receptor complex	postsynaptic intermediate filament cytoskeleton organization
GO:0098971	6	GO:0099184	3	6	0.0193622448979592	7.19772685610632e-14	2.00741599899362	anterograde dendritic transport of neurotransmitter receptor complex	structural constituent of postsynaptic intermediate filament cytoskeleton
GO:0006534	4	GO:0009082	2	6	0.019515306122449	7.5449497780139e-14	2.0071360814424	cysteine metabolic process	branched-chain amino acid biosynthetic process
GO:0006534	4	GO:0009098	2	6	0.019515306122449	7.5449497780139e-14	2.0071360814424	cysteine metabolic process	L-leucine biosynthetic process
GO:0006534	4	GO:0009099	2	6	0.019515306122449	7.5449497780139e-14	2.0071360814424	cysteine metabolic process	L-valine biosynthetic process
GO:0001067	2	GO:0140288	6	6	0.019515306122449	7.54494988918403e-14	2.0071360814424	transcription regulatory region nucleic acid binding	GBAF complex
GO:0004084	2	GO:0006534	4	6	0.019515306122449	7.5449497780139e-14	2.0071360814424	branched-chain-amino-acid transaminase activity	cysteine metabolic process
GO:0006534	4	GO:0052654	2	6	0.019515306122449	7.5449497780139e-14	2.0071360814424	cysteine metabolic process	L-leucine-2-oxoglutarate transaminase activity
GO:0006534	4	GO:0052655	2	6	0.019515306122449	7.5449497780139e-14	2.0071360814424	cysteine metabolic process	L-valine-2-oxoglutarate transaminase activity
GO:0006534	4	GO:0052656	2	6	0.019515306122449	7.5449497780139e-14	2.0071360814424	cysteine metabolic process	L-isoleucine-2-oxoglutarate transaminase activity
GO:0042659	7	GO:0070742	8	7	0.0814285714285714	4.38612758690682e-12	2.00709102012359	regulation of cell fate specification	C2H2 zinc finger domain binding
GO:0000828	8	GO:0046030	2	6	0.0195918367346939	7.72372122454088e-14	2.00699616338931	inositol hexakisphosphate kinase activity	inositol trisphosphate phosphatase activity
GO:0004052	3	GO:0097258	2	6	0.0195918367346939	7.70211138708197e-14	2.00699616338931	arachidonate 12(S)-lipoxygenase activity	20-hydroxy-leukotriene B4 omega oxidase activity
GO:0004052	3	GO:0097259	2	6	0.0195918367346939	7.70211138708197e-14	2.00699616338931	arachidonate 12(S)-lipoxygenase activity	20-aldehyde-leukotriene B4 20-monooxygenase activity
GO:0003272	9	GO:0048263	5	7	0.0815051020408163	4.41476987297721e-12	2.00697007997401	endocardial cushion formation	determination of dorsal identity
GO:0004022	9	GO:0097018	5	7	0.081530612244898	4.42435273558613e-12	2.00692977109633	alcohol dehydrogenase (NAD+) activity	renal albumin absorption
GO:0006164	9	GO:0019303	2	6	0.0196428571428571	7.84484984331401e-14	2.00690289976252	purine nucleotide biosynthetic process	D-ribose catabolic process
GO:0005113	4	GO:0097108	2	6	0.0196428571428571	7.8448497254444e-14	2.00690289976252	patched binding	hedgehog family protein binding
GO:0000172	8	GO:0000214	4	7	0.0816581632653061	4.47253402966451e-12	2.00672826048786	ribonuclease MRP complex	tRNA-intron endonuclease complex
GO:0002729	6	GO:0023029	5	6	0.0197448979591837	8.09185471726783e-14	2.00671640867553	positive regulation of natural killer cell cytokine production	MHC class Ib protein binding
GO:0003720	3	GO:0032202	3	6	0.0197704081632653	8.15460698404331e-14	2.00666979343622	telomerase activity	telomere assembly
GO:1903408	2	GO:1990239	5	6	0.0198214285714286	8.28132725031011e-14	2.0065765719938	positive regulation of P-type sodium:potassium-exchanging transporter activity	steroid hormone binding
GO:0043567	6	GO:0046622	5	6	0.0198724489795918	8.40968239613317e-14	2.00648336259705	regulation of insulin-like growth factor receptor signaling pathway	positive regulation of organ growth
GO:0002003	6	GO:0004945	4	6	0.0198979591836735	8.47447829289093e-14	2.00643676241483	angiotensin maturation	angiotensin type II receptor activity
GO:0021953	4	GO:0030991	7	6	0.0198979591836735	8.47447829289093e-14	2.00643676241483	central nervous system neuron differentiation	intraciliary transport particle A
GO:0001510	7	GO:0120049	2	6	0.0198979591836735	8.47447829289093e-14	2.00643676241483	RNA methylation	snRNA (adenine-N6)-methylation
GO:0008109	3	GO:0016263	3	6	0.0198979591836735	8.47447829262762e-14	2.00643676241483	N-acetyllactosaminide beta-1,6-N-acetylglucosaminyltransferase activity	glycoprotein-N-acetylgalactosamine 3-beta-galactosyltransferase activity
GO:0097267	4	GO:1990136	2	6	0.0199489795918367	8.60531715674885e-14	2.00634357108075	omega-hydroxylase P450 pathway	linoleate 9S-lipoxygenase activity
GO:0052869	4	GO:1990136	2	6	0.0199489795918367	8.60531715674885e-14	2.00634357108075	arachidonate omega-hydroxylase activity	linoleate 9S-lipoxygenase activity
GO:0006702	3	GO:0032342	3	6	0.0199744897959184	8.67136464185587e-14	2.00629697992811	androgen biosynthetic process	aldosterone biosynthetic process
GO:0006702	3	GO:0034651	3	6	0.0199744897959184	8.67136464185587e-14	2.00629697992811	androgen biosynthetic process	cortisol biosynthetic process
GO:0003865	3	GO:0032342	3	6	0.0199744897959184	8.67136464185587e-14	2.00629697992811	3-oxo-5-alpha-steroid 4-dehydrogenase activity	aldosterone biosynthetic process
GO:0003865	3	GO:0034651	3	6	0.0199744897959184	8.67136464185587e-14	2.00629697992811	3-oxo-5-alpha-steroid 4-dehydrogenase activity	cortisol biosynthetic process
GO:0030172	2	GO:0031014	3	6	0.0199744897959184	8.64662975554288e-14	2.00629697992811	troponin C binding	troponin T binding
GO:0032342	3	GO:0047751	3	6	0.0199744897959184	8.67136464185587e-14	2.00629697992811	aldosterone biosynthetic process	3-oxo-5-alpha-steroid 4-dehydrogenase (NADP+) activity
GO:0034651	3	GO:0047751	3	6	0.0199744897959184	8.67136464185587e-14	2.00629697992811	cortisol biosynthetic process	3-oxo-5-alpha-steroid 4-dehydrogenase (NADP+) activity
GO:0000012	8	GO:0006273	2	6	0.02	8.73783340403336e-14	2.00625039178456	single strand break repair	lagging strand elongation
GO:0016155	2	GO:0046653	4	6	0.02	8.73783326545662e-14	2.00625039178456	formyltetrahydrofolate dehydrogenase activity	tetrahydrofolate metabolic process
GO:0003863	2	GO:0006089	4	6	0.0202040816326531	9.28501316679153e-14	2.00587779491654	3-methyl-2-oxobutanoate dehydrogenase (2-methylpropanoyl-transferring) activity	lactate metabolic process
GO:0010820	8	GO:0055064	5	6	0.0202040816326531	9.28501331859883e-14	2.00587779491654	positive regulation of T cell chemotaxis	chloride ion homeostasis
GO:0018242	7	GO:0047223	3	6	0.0202040816326531	9.28501331859883e-14	2.00587779491654	protein O-linked glycosylation via serine	beta-1,3-galactosyl-O-glycosyl-glycoprotein beta-1,3-N-acetylglucosaminyltransferase activity
GO:0044341	7	GO:0051939	3	6	0.0202040816326531	9.28501331859883e-14	2.00587779491654	sodium-dependent phosphate transport	gamma-aminobutyric acid import
GO:0015185	3	GO:0044341	7	6	0.0202040816326531	9.28501331859883e-14	2.00587779491654	gamma-aminobutyric acid transmembrane transporter activity	sodium-dependent phosphate transport
GO:0005436	7	GO:0051939	3	6	0.0202040816326531	9.28501331859883e-14	2.00587779491654	sodium:phosphate symporter activity	gamma-aminobutyric acid import
GO:0070863	7	GO:0140345	5	6	0.0202040816326531	9.28501331859883e-14	2.00587779491654	positive regulation of protein exit from endoplasmic reticulum	phosphatidylcholine flippase activity
GO:0004459	3	GO:0004792	3	6	0.0202040816326531	9.28501331829218e-14	2.00587779491654	L-lactate dehydrogenase activity	thiosulfate-cyanide sulfurtransferase activity
GO:0005436	7	GO:0015185	3	6	0.0202040816326531	9.28501331859883e-14	2.00587779491654	sodium:phosphate symporter activity	gamma-aminobutyric acid transmembrane transporter activity
GO:0097258	2	GO:2001303	3	6	0.0202040816326531	9.25822369338781e-14	2.00587779491654	20-hydroxy-leukotriene B4 omega oxidase activity	lipoxin A4 biosynthetic process
GO:0016165	3	GO:0097258	2	6	0.0202040816326531	9.25822369338781e-14	2.00587779491654	linoleate 13S-lipoxygenase activity	20-hydroxy-leukotriene B4 omega oxidase activity
GO:0050473	3	GO:0097258	2	6	0.0202040816326531	9.25822369338781e-14	2.00587779491654	arachidonate 15-lipoxygenase activity	20-hydroxy-leukotriene B4 omega oxidase activity
GO:0097259	2	GO:2001303	3	6	0.0202040816326531	9.25822369338781e-14	2.00587779491654	20-aldehyde-leukotriene B4 20-monooxygenase activity	lipoxin A4 biosynthetic process
GO:0016165	3	GO:0097259	2	6	0.0202040816326531	9.25822369338781e-14	2.00587779491654	linoleate 13S-lipoxygenase activity	20-aldehyde-leukotriene B4 20-monooxygenase activity
GO:0050473	3	GO:0097259	2	6	0.0202040816326531	9.25822369338781e-14	2.00587779491654	arachidonate 15-lipoxygenase activity	20-aldehyde-leukotriene B4 20-monooxygenase activity
GO:0038092	9	GO:0060279	2	6	0.0203571428571429	9.71385984127541e-14	2.00559847351114	nodal signaling pathway	positive regulation of ovulation
GO:0004659	5	GO:0005965	2	6	0.0203571428571429	9.71385984127479e-14	2.00559847351114	prenyltransferase activity	protein farnesyltransferase complex
GO:0004659	5	GO:0004660	2	6	0.0203571428571429	9.71385984127479e-14	2.00559847351114	prenyltransferase activity	protein farnesyltransferase activity
GO:0035810	8	GO:1903537	4	6	0.0204081632653061	9.86042016475023e-14	2.00550539040623	positive regulation of urine volume	meiotic cell cycle process involved in oocyte maturation
GO:0004052	3	GO:0036101	3	6	0.0204081632653061	9.86042016441121e-14	2.00550539040623	arachidonate 12(S)-lipoxygenase activity	leukotriene B4 catabolic process
GO:0071547	5	GO:0140991	3	6	0.0204081632653061	9.86042016475023e-14	2.00550539040623	piP-body	piRNA-mediated gene silencing by mRNA destabilization
GO:0097528	1	GO:1904903	8	6	0.0204081632653061	9.86041999860184e-14	2.00550539040623	execution phase of necroptosis	ESCRT III complex disassembly
GO:0098536	3	GO:1904951	6	6	0.0204081632653061	9.86042016475023e-14	2.00550539040623	deuterosome	positive regulation of establishment of protein localization
GO:0004052	3	GO:0050051	3	6	0.0204081632653061	9.86042016441121e-14	2.00550539040623	arachidonate 12(S)-lipoxygenase activity	leukotriene-B4 20-monooxygenase activity
GO:0001401	12	GO:0031930	1	6	0.0205102040816327	1.01590669091269e-13	2.00531926022317	SAM complex	mitochondria-nucleus signaling pathway
GO:0031930	1	GO:0140275	12	6	0.0205102040816327	1.01590669091269e-13	2.00531926022317	mitochondria-nucleus signaling pathway	MIB complex
GO:0001401	12	GO:1903109	1	6	0.0205102040816327	1.01590669091269e-13	2.00531926022317	SAM complex	positive regulation of mitochondrial transcription
GO:0140275	12	GO:1903109	1	6	0.0205102040816327	1.01590669091269e-13	2.00531926022317	MIB complex	positive regulation of mitochondrial transcription
GO:0102033	5	GO:1990136	2	6	0.0205357142857143	1.0234893257096e-13	2.00527273518072	long-chain fatty acid omega-hydroxylase activity	linoleate 9S-lipoxygenase activity
GO:0001614	7	GO:0033058	2	6	0.0205612244897959	1.03111900952937e-13	2.00522621313882	purinergic nucleotide receptor activity	directional locomotion
GO:0004931	7	GO:0033058	2	6	0.0205612244897959	1.03111900952937e-13	2.00522621313882	extracellularly ATP-gated monoatomic cation channel activity	directional locomotion
GO:0004465	8	GO:0046514	6	7	0.0826530612244898	4.86397541656291e-12	2.00515840672258	lipoprotein lipase activity	ceramide catabolic process
GO:0006097	2	GO:0045242	3	6	0.0206632653061225	1.05897881630913e-13	2.00504015496899	glyoxylate cycle	isocitrate dehydrogenase complex (NAD+)
GO:0004450	2	GO:0045242	3	6	0.0206632653061225	1.05897881630913e-13	2.00504015496899	isocitrate dehydrogenase (NADP+) activity	isocitrate dehydrogenase complex (NAD+)
GO:0004449	3	GO:0006097	2	6	0.0206632653061225	1.05897881630913e-13	2.00504015496899	isocitrate dehydrogenase (NAD+) activity	glyoxylate cycle
GO:0004449	3	GO:0004450	2	6	0.0206632653061225	1.05897881630913e-13	2.00504015496899	isocitrate dehydrogenase (NAD+) activity	isocitrate dehydrogenase (NADP+) activity
GO:0004510	2	GO:0004833	3	6	0.0206632653061225	1.05897881630913e-13	2.00504015496899	tryptophan 5-monooxygenase activity	tryptophan 2,3-dioxygenase activity
GO:0006901	11	GO:1903020	2	8	0.144795918367347	4.21384307644369e-12	2.00503599003676	vesicle coating	positive regulation of glycoprotein metabolic process
GO:0045822	4	GO:1903288	3	6	0.0207142857142857	1.07789823737076e-13	2.00494714387732	negative regulation of heart contraction	positive regulation of potassium ion import across plasma membrane
GO:0042800	5	GO:0048188	6	6	0.0207142857142857	1.07789823737076e-13	2.00494714387732	histone H3K4 methyltransferase activity	Set1C/COMPASS complex
GO:0004656	4	GO:0004735	3	6	0.0207142857142857	1.07789823737076e-13	2.00494714387732	procollagen-proline 4-dioxygenase activity	pyrroline-5-carboxylate reductase activity
GO:0042813	11	GO:0060856	6	8	0.144897959183673	4.23727472090473e-12	2.00489439664726	Wnt receptor activity	establishment of blood-brain barrier
GO:0008332	2	GO:0015279	9	6	0.020765306122449	1.09387835839409e-13	2.00485414477702	low voltage-gated calcium channel activity	store-operated calcium channel activity
GO:0051045	3	GO:0071492	7	6	0.0208163265306122	1.1100551805589e-13	2.00476115766501	negative regulation of membrane protein ectodomain proteolysis	cellular response to UV-A
GO:0033829	3	GO:0072104	3	6	0.0208163265306122	1.11005518051759e-13	2.00476115766501	O-fucosylpeptide 3-beta-N-acetylglucosaminyltransferase activity	glomerular capillary formation
GO:0004117	10	GO:0017071	6	6	0.0208418367346939	1.11821795656436e-13	2.00471466860364	calmodulin-activated dual specificity 3',5'-cyclic-GMP, 3',5'-cyclic-AMP phosphodiesterase activity	intracellular cyclic nucleotide activated cation channel complex
GO:0017071	6	GO:0048101	10	6	0.0208418367346939	1.11821795656436e-13	2.00471466860364	intracellular cyclic nucleotide activated cation channel complex	calmodulin-activated 3',5'-cyclic-GMP phosphodiesterase activity
GO:0042587	5	GO:0047676	9	6	0.0208418367346939	1.11821795656436e-13	2.00471466860364	glycogen granule	arachidonate-CoA ligase activity
GO:0007033	11	GO:0051469	5	8	0.145102040816327	4.28447864820486e-12	2.00461129322116	vacuole organization	vesicle fusion with vacuole
GO:0007033	11	GO:0061763	5	8	0.145102040816327	4.28447864820486e-12	2.00461129322116	vacuole organization	multivesicular body-lysosome fusion
GO:0000815	5	GO:0007033	11	8	0.145102040816327	4.28447864820486e-12	2.00461129322116	ESCRT III complex	vacuole organization
GO:0007033	11	GO:1904930	5	8	0.145102040816327	4.28447864820486e-12	2.00461129322116	vacuole organization	amphisome membrane
GO:0034584	4	GO:0071547	4	6	0.0209183673469388	1.14300665495991e-13	2.00457521939347	piRNA binding	piP-body
GO:0046058	4	GO:1990454	9	7	0.0830357142857143	5.02213065895304e-12	2.00455552534988	cAMP metabolic process	L-type voltage-gated calcium channel complex
GO:0046755	3	GO:1904903	7	7	0.0830612244897959	5.0328286884268e-12	2.00451535116811	viral budding	ESCRT III complex disassembly
GO:0036101	3	GO:2001303	3	6	0.0210459183673469	1.18533708631751e-13	2.00434286393311	leukotriene B4 catabolic process	lipoxin A4 biosynthetic process
GO:0016165	3	GO:0036101	3	6	0.0210459183673469	1.18533708631751e-13	2.00434286393311	linoleate 13S-lipoxygenase activity	leukotriene B4 catabolic process
GO:0036101	3	GO:0050473	3	6	0.0210459183673469	1.18533708631751e-13	2.00434286393311	leukotriene B4 catabolic process	arachidonate 15-lipoxygenase activity
GO:0050051	3	GO:2001303	3	6	0.0210459183673469	1.18533708631751e-13	2.00434286393311	leukotriene-B4 20-monooxygenase activity	lipoxin A4 biosynthetic process
GO:0016165	3	GO:0050051	3	6	0.0210459183673469	1.18533708631751e-13	2.00434286393311	linoleate 13S-lipoxygenase activity	leukotriene-B4 20-monooxygenase activity
GO:0050051	3	GO:0050473	3	6	0.0210459183673469	1.18533708631751e-13	2.00434286393311	leukotriene-B4 20-monooxygenase activity	arachidonate 15-lipoxygenase activity
GO:0010248	10	GO:0021678	1	6	0.0211224489795918	1.21135580289205e-13	2.00420348657388	establishment or maintenance of transmembrane electrochemical gradient	third ventricle development
GO:0010248	10	GO:0010734	1	6	0.0211224489795918	1.21135580289205e-13	2.00420348657388	establishment or maintenance of transmembrane electrochemical gradient	negative regulation of protein glutathionylation
GO:0015386	6	GO:0051610	7	6	0.0211224489795918	1.21135580289214e-13	2.00420348657388	potassium:proton antiporter activity	serotonin uptake
GO:0003909	3	GO:0072572	6	6	0.0211224489795918	1.21135580289214e-13	2.00420348657388	DNA ligase activity	poly-ADP-D-ribose binding
GO:0003910	3	GO:0072572	6	6	0.0211224489795918	1.21135580289214e-13	2.00420348657388	DNA ligase (ATP) activity	poly-ADP-D-ribose binding
GO:0030492	3	GO:0031838	7	6	0.0211224489795918	1.21135580289214e-13	2.00420348657388	hemoglobin binding	haptoglobin-hemoglobin complex
GO:0003084	10	GO:0004022	9	7	0.083265306122449	5.11911590021298e-12	2.0041940382361	positive regulation of systemic arterial blood pressure	alcohol dehydrogenase (NAD+) activity
GO:0001601	3	GO:0060575	9	6	0.0211734693877551	1.22896431427822e-13	2.00411058329338	peptide YY receptor activity	intestinal epithelial cell differentiation
GO:0010833	5	GO:0048476	4	6	0.0212244897959184	1.24678534999928e-13	2.00401769197648	telomere maintenance via telomere lengthening	Holliday junction resolvase complex
GO:0046882	3	GO:0048185	7	6	0.0212244897959184	1.24678534999928e-13	2.00401769197648	negative regulation of follicle-stimulating hormone secretion	activin binding
GO:0004052	3	GO:0018685	3	6	0.0212244897959184	1.24678534994914e-13	2.00401769197648	arachidonate 12(S)-lipoxygenase activity	alkane 1-monooxygenase activity
GO:0006776	6	GO:0102354	2	6	0.0213265306122449	1.2830731798358e-13	2.00383194522112	vitamin A metabolic process	11-cis-retinol dehydrogenase activity
GO:0007418	3	GO:0061005	2	6	0.0213265306122449	1.27916559970387e-13	2.00383194522112	ventral midline development	cell differentiation involved in kidney development
GO:0015844	7	GO:0140788	3	6	0.0213265306122449	1.2830731798358e-13	2.00383194522112	monoamine transport	L-glutamate uniporter activity
GO:0034405	4	GO:0097553	5	6	0.0213265306122449	1.2830731798358e-13	2.00383194522112	response to fluid shear stress	calcium ion transmembrane import into cytosol
GO:0002031	5	GO:1903143	3	6	0.0213520408163265	1.29228117443718e-13	2.00378551600471	G protein-coupled receptor internalization	adrenomedullin receptor complex
GO:0001605	3	GO:0002031	5	6	0.0213520408163265	1.29228117443718e-13	2.00378551600471	adrenomedullin receptor activity	G protein-coupled receptor internalization
GO:0017136	3	GO:0034356	7	6	0.0213520408163265	1.29228117443718e-13	2.00378551600471	histone deacetylase activity, NAD-dependent	NAD biosynthesis via nicotinamide riboside salvage pathway
GO:0000309	3	GO:0017136	3	6	0.0213520408163265	1.29228117438395e-13	2.00378551600471	nicotinamide-nucleotide adenylyltransferase activity	histone deacetylase activity, NAD-dependent
GO:0004515	3	GO:0017136	3	6	0.0213520408163265	1.29228117438395e-13	2.00378551600471	nicotinate-nucleotide adenylyltransferase activity	histone deacetylase activity, NAD-dependent
GO:0030121	11	GO:0044599	4	8	0.145714285714286	4.42884933530494e-12	2.00376264898158	AP-1 adaptor complex	AP-5 adaptor complex
GO:0030991	7	GO:0044691	4	7	0.0835714285714286	5.25091478280163e-12	2.00371233703593	intraciliary transport particle A	tooth eruption
GO:0002767	3	GO:0023024	6	6	0.0214285714285714	1.3202358098577e-13	2.00364624628318	immune response-inhibiting cell surface receptor signaling pathway	MHC class I protein complex binding
GO:0004833	3	GO:0009072	3	6	0.0214285714285714	1.32023580980253e-13	2.00364624628318	tryptophan 2,3-dioxygenase activity	aromatic amino acid metabolic process
GO:0038098	3	GO:0060426	5	6	0.0214285714285714	1.3202358098577e-13	2.00364624628318	sequestering of BMP from receptor via BMP binding	lung vasculature development
GO:0000825	2	GO:0052659	5	6	0.0214285714285714	1.3202358098576e-13	2.00364624628318	inositol-1,3,4,5-tetrakisphosphate 6-kinase activity	inositol-1,3,4,5-tetrakisphosphate 5-phosphatase activity
GO:0008247	3	GO:0047159	2	6	0.0214285714285714	1.31619582080428e-13	2.00364624628318	1-alkyl-2-acetylglycerophosphocholine esterase complex	plasmalogen synthase activity
GO:0008247	3	GO:0047192	2	6	0.0214285714285714	1.31619582080428e-13	2.00364624628318	1-alkyl-2-acetylglycerophosphocholine esterase complex	1-alkylglycerophosphocholine O-acetyltransferase activity
GO:0005114	7	GO:0042813	12	9	0.208163265306122	1.67721120517491e-12	2.00342347064199	type II transforming growth factor beta receptor binding	Wnt receptor activity
GO:0019992	8	GO:0098882	6	6	0.0216836734693878	1.41708016914054e-13	2.00318220797805	diacylglycerol binding	structural constituent of presynaptic active zone
GO:0004028	3	GO:0008131	3	6	0.0217091836734694	1.42708136182526e-13	2.00313582056152	3-chloroallyl aldehyde dehydrogenase activity	primary methylamine oxidase activity
GO:0004030	3	GO:0008131	3	6	0.0217091836734694	1.42708136182526e-13	2.00313582056152	aldehyde dehydrogenase [NAD(P)+] activity	primary methylamine oxidase activity
GO:0006817	7	GO:0015311	3	6	0.0217091836734694	1.42708136188808e-13	2.00313582056152	phosphate ion transport	monoamine:proton antiporter activity
GO:0043240	8	GO:0044314	6	7	0.0840051020408163	5.44258508631195e-12	2.0030304771699	Fanconi anaemia nuclear complex	protein K27-linked ubiquitination
GO:0004666	1	GO:0006690	8	6	0.0217857142857143	1.45743807551014e-13	2.00299667620737	prostaglandin-endoperoxide synthase activity	icosanoid metabolic process
GO:0017129	1	GO:0033700	9	6	0.0218112244897959	1.4676756597141e-13	2.00295030071984	triglyceride binding	phospholipid efflux
GO:0035256	3	GO:0099566	7	6	0.0218112244897959	1.46767565977993e-13	2.00295030071984	G protein-coupled glutamate receptor binding	regulation of postsynaptic cytosolic calcium ion concentration
GO:0000098	2	GO:0006089	4	6	0.0218877551020408	1.49874809465524e-13	2.00281119214349	sulfur amino acid catabolic process	lactate metabolic process
GO:0000722	8	GO:0032798	2	6	0.0218877551020408	1.49874812580779e-13	2.00281119214349	telomere maintenance via recombination	Swi5-Sfr1 complex
GO:0006089	4	GO:0009440	2	6	0.0218877551020408	1.49874809465524e-13	2.00281119214349	lactate metabolic process	cyanate catabolic process
GO:0006089	4	GO:0016784	2	6	0.0218877551020408	1.49874809465524e-13	2.00281119214349	lactate metabolic process	3-mercaptopyruvate sulfurtransferase activity
GO:0010833	5	GO:0072429	4	6	0.0218877551020408	1.49874812580779e-13	2.00281119214349	telomere maintenance via telomere lengthening	response to intra-S DNA damage checkpoint signaling
GO:0018685	3	GO:2001303	3	6	0.0218877551020408	1.49874812573962e-13	2.00281119214349	alkane 1-monooxygenase activity	lipoxin A4 biosynthetic process
GO:0016702	3	GO:2001303	3	6	0.0218877551020408	1.49874812573962e-13	2.00281119214349	oxidoreductase activity, acting on single donors with incorporation of molecular oxygen, incorporation of two atoms of oxygen	lipoxin A4 biosynthetic process
GO:0000220	6	GO:0016469	1	6	0.0218877551020408	1.49406364180575e-13	2.00281119214349	vacuolar proton-transporting V-type ATPase, V0 domain	proton-transporting two-sector ATPase complex
GO:0008622	3	GO:0043625	3	6	0.0218877551020408	1.49874812573962e-13	2.00281119214349	epsilon DNA polymerase complex	delta DNA polymerase complex
GO:0016165	3	GO:0018685	3	6	0.0218877551020408	1.49874812573962e-13	2.00281119214349	linoleate 13S-lipoxygenase activity	alkane 1-monooxygenase activity
GO:0016165	3	GO:0016702	3	6	0.0218877551020408	1.49874812573962e-13	2.00281119214349	linoleate 13S-lipoxygenase activity	oxidoreductase activity, acting on single donors with incorporation of molecular oxygen, incorporation of two atoms of oxygen
GO:0016702	3	GO:0050473	3	6	0.0218877551020408	1.49874812573962e-13	2.00281119214349	oxidoreductase activity, acting on single donors with incorporation of molecular oxygen, incorporation of two atoms of oxygen	arachidonate 15-lipoxygenase activity
GO:0018685	3	GO:0050473	3	6	0.0218877551020408	1.49874812573962e-13	2.00281119214349	alkane 1-monooxygenase activity	arachidonate 15-lipoxygenase activity
GO:0004117	10	GO:0005223	7	6	0.0219387755102041	1.51976573425088e-13	2.00271846799394	calmodulin-activated dual specificity 3',5'-cyclic-GMP, 3',5'-cyclic-AMP phosphodiesterase activity	intracellularly cGMP-activated cation channel activity
GO:0005223	7	GO:0048101	10	6	0.0219387755102041	1.51976573425088e-13	2.00271846799394	intracellularly cGMP-activated cation channel activity	calmodulin-activated 3',5'-cyclic-GMP phosphodiesterase activity
GO:0006995	5	GO:0035973	7	6	0.0220408163265306	1.56253741659685e-13	2.00253305544429	cellular response to nitrogen starvation	aggrephagy
GO:0032041	3	GO:0034356	7	6	0.0220408163265306	1.56253741659685e-13	2.00253305544429	histone H3K14 deacetylase activity, NAD-dependent	NAD biosynthesis via nicotinamide riboside salvage pathway
GO:0034356	7	GO:0034979	3	6	0.0220408163265306	1.56253741659685e-13	2.00253305544429	NAD biosynthesis via nicotinamide riboside salvage pathway	NAD-dependent protein lysine deacetylase activity
GO:0034356	7	GO:0046969	3	6	0.0220408163265306	1.56253741659685e-13	2.00253305544429	NAD biosynthesis via nicotinamide riboside salvage pathway	histone H3K9 deacetylase activity, NAD-dependent
GO:0034356	7	GO:0046970	3	6	0.0220408163265306	1.56253741659685e-13	2.00253305544429	NAD biosynthesis via nicotinamide riboside salvage pathway	histone H4K16 deacetylase activity, NAD-dependent
GO:0034356	7	GO:0097372	3	6	0.0220408163265306	1.56253741659685e-13	2.00253305544429	NAD biosynthesis via nicotinamide riboside salvage pathway	histone H3K18 deacetylase activity, NAD-dependent
GO:0034356	7	GO:0140765	3	6	0.0220408163265306	1.56253741659685e-13	2.00253305544429	NAD biosynthesis via nicotinamide riboside salvage pathway	histone H3K56 deacetylase activity, NAD-dependent
GO:0034356	7	GO:0141222	3	6	0.0220408163265306	1.56253741659685e-13	2.00253305544429	NAD biosynthesis via nicotinamide riboside salvage pathway	histone H3K4 deacetylase activity, NAD-dependent
GO:0007386	3	GO:0072104	3	6	0.0220408163265306	1.56253741652376e-13	2.00253305544429	compartment pattern specification	glomerular capillary formation
GO:0031716	2	GO:0141163	7	6	0.0220408163265306	1.56253741659685e-13	2.00253305544429	calcitonin receptor binding	positive regulation of cAMP/PKA signal transduction
GO:0000309	3	GO:0032041	3	6	0.0220408163265306	1.56253741652376e-13	2.00253305544429	nicotinamide-nucleotide adenylyltransferase activity	histone H3K14 deacetylase activity, NAD-dependent
GO:0000309	3	GO:0034979	3	6	0.0220408163265306	1.56253741652376e-13	2.00253305544429	nicotinamide-nucleotide adenylyltransferase activity	NAD-dependent protein lysine deacetylase activity
GO:0000309	3	GO:0046969	3	6	0.0220408163265306	1.56253741652376e-13	2.00253305544429	nicotinamide-nucleotide adenylyltransferase activity	histone H3K9 deacetylase activity, NAD-dependent
GO:0000309	3	GO:0046970	3	6	0.0220408163265306	1.56253741652376e-13	2.00253305544429	nicotinamide-nucleotide adenylyltransferase activity	histone H4K16 deacetylase activity, NAD-dependent
GO:0000309	3	GO:0097372	3	6	0.0220408163265306	1.56253741652376e-13	2.00253305544429	nicotinamide-nucleotide adenylyltransferase activity	histone H3K18 deacetylase activity, NAD-dependent
GO:0000309	3	GO:0140765	3	6	0.0220408163265306	1.56253741652376e-13	2.00253305544429	nicotinamide-nucleotide adenylyltransferase activity	histone H3K56 deacetylase activity, NAD-dependent
GO:0000309	3	GO:0141222	3	6	0.0220408163265306	1.56253741652376e-13	2.00253305544429	nicotinamide-nucleotide adenylyltransferase activity	histone H3K4 deacetylase activity, NAD-dependent
GO:0004515	3	GO:0032041	3	6	0.0220408163265306	1.56253741652376e-13	2.00253305544429	nicotinate-nucleotide adenylyltransferase activity	histone H3K14 deacetylase activity, NAD-dependent
GO:0004515	3	GO:0034979	3	6	0.0220408163265306	1.56253741652376e-13	2.00253305544429	nicotinate-nucleotide adenylyltransferase activity	NAD-dependent protein lysine deacetylase activity
GO:0004515	3	GO:0046969	3	6	0.0220408163265306	1.56253741652376e-13	2.00253305544429	nicotinate-nucleotide adenylyltransferase activity	histone H3K9 deacetylase activity, NAD-dependent
GO:0004515	3	GO:0046970	3	6	0.0220408163265306	1.56253741652376e-13	2.00253305544429	nicotinate-nucleotide adenylyltransferase activity	histone H4K16 deacetylase activity, NAD-dependent
GO:0004515	3	GO:0097372	3	6	0.0220408163265306	1.56253741652376e-13	2.00253305544429	nicotinate-nucleotide adenylyltransferase activity	histone H3K18 deacetylase activity, NAD-dependent
GO:0004515	3	GO:0140765	3	6	0.0220408163265306	1.56253741652376e-13	2.00253305544429	nicotinate-nucleotide adenylyltransferase activity	histone H3K56 deacetylase activity, NAD-dependent
GO:0004515	3	GO:0141222	3	6	0.0220408163265306	1.56253741652376e-13	2.00253305544429	nicotinate-nucleotide adenylyltransferase activity	histone H3K4 deacetylase activity, NAD-dependent
GO:0003906	9	GO:0034039	2	6	0.0221173469387755	1.59526955995422e-13	2.00239402730076	DNA-(apurinic or apyrimidinic site) endonuclease activity	8-oxo-7,8-dihydroguanine DNA N-glycosylase activity
GO:0005105	5	GO:0090080	3	6	0.0221428571428571	1.60630626061095e-13	2.00234769054016	type 1 fibroblast growth factor receptor binding	positive regulation of MAPKKK cascade by fibroblast growth factor receptor signaling pathway
GO:0006102	6	GO:0006538	3	7	0.0844897959183673	5.6638460288137e-12	2.00226916045497	isocitrate metabolic process	glutamate catabolic process
GO:0045933	3	GO:0061577	2	6	0.0221938775510204	1.62340895995405e-13	2.00225502594751	positive regulation of muscle contraction	calcium ion transmembrane transport via high voltage-gated calcium channel
GO:0045933	3	GO:0098903	2	6	0.0221938775510204	1.62340895995405e-13	2.00225502594751	positive regulation of muscle contraction	regulation of membrane repolarization during action potential
GO:0032000	7	GO:0047676	9	6	0.0222959183673469	1.67386967718377e-13	2.00206973246578	positive regulation of fatty acid beta-oxidation	arachidonate-CoA ligase activity
GO:0042361	5	GO:1990136	2	6	0.0222959183673469	1.6738696771836e-13	2.00206973246578	menaquinone catabolic process	linoleate 9S-lipoxygenase activity
GO:0042272	6	GO:1905746	2	6	0.0222959183673469	1.67386967718377e-13	2.00206973246578	nuclear RNA export factor complex	positive regulation of mRNA cis splicing, via spliceosome
GO:0042813	12	GO:0045836	3	8	0.146938775510204	4.73034981613968e-12	2.00206834985751	Wnt receptor activity	positive regulation of meiotic nuclear division
GO:0032010	3	GO:0106294	4	6	0.0223214285714286	1.68535685529872e-13	2.00202341653135	phagolysosome	NADPH oxidase H202-forming activity
GO:0034405	4	GO:1904062	5	6	0.0224489795918367	1.74378173545115e-13	2.0017918814562	response to fluid shear stress	regulation of monoatomic cation transmembrane transport
GO:0034445	2	GO:0045833	3	6	0.0225	1.76193947769255e-13	2.00169928823093	negative regulation of plasma lipoprotein oxidation	negative regulation of lipid metabolic process
GO:0046881	4	GO:0048185	7	6	0.0225510204081633	1.79172647933584e-13	2.00160670688954	positive regulation of follicle-stimulating hormone secretion	activin binding
GO:0016702	3	GO:0097267	4	6	0.0225510204081633	1.79172647933584e-13	2.00160670688954	oxidoreductase activity, acting on single donors with incorporation of molecular oxygen, incorporation of two atoms of oxygen	omega-hydroxylase P450 pathway
GO:0005313	10	GO:0005335	3	6	0.0225510204081633	1.79172647933584e-13	2.00160670688954	L-glutamate transmembrane transporter activity	serotonin:sodium:chloride symporter activity
GO:0016702	3	GO:0052869	4	6	0.0225510204081633	1.79172647933584e-13	2.00160670688954	oxidoreductase activity, acting on single donors with incorporation of molecular oxygen, incorporation of two atoms of oxygen	arachidonate omega-hydroxylase activity
GO:0045569	5	GO:0097527	3	6	0.0225510204081633	1.79172647933584e-13	2.00160670688954	TRAIL binding	necroptotic signaling pathway
GO:0004028	3	GO:0009308	5	6	0.0226530612244898	1.840763299967e-13	2.0014215798462	3-chloroallyl aldehyde dehydrogenase activity	amine metabolic process
GO:0004030	3	GO:0009308	5	6	0.0226530612244898	1.840763299967e-13	2.0014215798462	aldehyde dehydrogenase [NAD(P)+] activity	amine metabolic process
GO:0046599	7	GO:0120098	3	6	0.0226530612244898	1.840763299967e-13	2.0014215798462	regulation of centriole replication	procentriole
GO:0008287	4	GO:1905064	5	6	0.0226530612244898	1.840763299967e-13	2.0014215798462	protein serine/threonine phosphatase complex	negative regulation of vascular associated smooth muscle cell differentiation
GO:0034445	1	GO:0042627	7	6	0.0227040816326531	1.86568024382808e-13	2.00132903413814	negative regulation of plasma lipoprotein oxidation	chylomicron
GO:0030015	6	GO:1900248	2	6	0.0227295918367347	1.87826947023526e-13	2.00128276573619	CCR4-NOT core complex	negative regulation of cytoplasmic translational elongation
GO:0004488	4	GO:0009258	3	6	0.022780612244898	1.90362519348258e-13	2.00119023783451	methylenetetrahydrofolate dehydrogenase (NADP+) activity	10-formyltetrahydrofolate catabolic process
GO:0031264	2	GO:0036462	5	6	0.022780612244898	1.90362519348237e-13	2.00119023783451	death-inducing signaling complex	TRAIL-activated apoptotic signaling pathway
GO:0031708	3	GO:0097018	5	6	0.022780612244898	1.90362519348258e-13	2.00119023783451	endothelin B receptor binding	renal albumin absorption
GO:0007196	9	GO:0035256	3	6	0.022780612244898	1.90362519348258e-13	2.00119023783451	adenylate cyclase-inhibiting G protein-coupled glutamate receptor signaling pathway	G protein-coupled glutamate receptor binding
GO:0033353	4	GO:0071267	2	6	0.0228571428571429	1.94219244812187e-13	2.0010514682319	S-adenosylmethionine cycle	L-methionine salvage
GO:0006742	1	GO:0009435	9	6	0.0228826530612245	1.95519185473286e-13	2.00100521762947	NADP catabolic process	NAD biosynthetic process
GO:0044721	3	GO:0060152	2	6	0.0228826530612245	1.94880304597538e-13	2.00100521762947	protein import into peroxisome matrix, substrate release	microtubule-based peroxisome localization
GO:0030160	4	GO:0098983	4	6	0.0228826530612245	1.9551918548391e-13	2.00100521762947	synaptic receptor adaptor activity	symmetric, GABA-ergic, inhibitory synapse
GO:0000210	1	GO:0009435	9	6	0.0228826530612245	1.95519185473286e-13	2.00100521762947	NAD+ diphosphatase activity	NAD biosynthetic process
GO:0009435	9	GO:0010943	1	6	0.0228826530612245	1.95519185473286e-13	2.00100521762947	NAD biosynthetic process	NADPH pyrophosphatase activity
GO:0009435	9	GO:0035529	1	6	0.0228826530612245	1.95519185473286e-13	2.00100521762947	NAD biosynthetic process	NADH pyrophosphatase activity
GO:0009435	9	GO:0110153	1	6	0.0228826530612245	1.95519185473286e-13	2.00100521762947	NAD biosynthetic process	RNA NAD-cap (NMN-forming) hydrolase activity
GO:0009435	9	GO:1990174	1	6	0.0228826530612245	1.95519185473286e-13	2.00100521762947	NAD biosynthetic process	phosphodiesterase decapping endonuclease activity
GO:0002476	9	GO:0023029	5	6	0.0229591836734694	1.99462519580255e-13	2.00086648361223	antigen processing and presentation of endogenous peptide antigen via MHC class Ib	MHC class Ib protein binding
GO:0002476	9	GO:2000502	1	6	0.0229591836734694	1.99462519569271e-13	2.00086648361223	antigen processing and presentation of endogenous peptide antigen via MHC class Ib	negative regulation of natural killer cell chemotaxis
GO:0002486	9	GO:0023029	5	6	0.0229591836734694	1.99462519580255e-13	2.00086648361223	antigen processing and presentation of endogenous peptide antigen via MHC class I via ER pathway, TAP-independent	MHC class Ib protein binding
GO:0002486	9	GO:2000502	1	6	0.0229591836734694	1.99462519569271e-13	2.00086648361223	antigen processing and presentation of endogenous peptide antigen via MHC class I via ER pathway, TAP-independent	negative regulation of natural killer cell chemotaxis
GO:0038098	3	GO:0060272	6	6	0.0229591836734694	1.99462519580255e-13	2.00086648361223	sequestering of BMP from receptor via BMP binding	embryonic skeletal joint morphogenesis
GO:0098535	3	GO:1905832	7	6	0.0229591836734694	1.99462519580255e-13	2.00086648361223	de novo centriole assembly involved in multi-ciliated epithelial cell differentiation	positive regulation of spindle assembly
GO:0017129	1	GO:0042627	8	6	0.0229591836734694	1.99462514795365e-13	2.00086648361223	triglyceride binding	chylomicron
GO:0006171	7	GO:0007191	6	6	0.0230102040816327	2.02128002718116e-13	2.00077400908862	cAMP biosynthetic process	adenylate cyclase-activating dopamine receptor signaling pathway
GO:0098890	4	GO:2000427	3	6	0.0230357142857143	2.03471819622109e-13	2.00072777627204	extrinsic component of postsynaptic membrane	positive regulation of apoptotic cell clearance
GO:0016702	3	GO:0102033	5	6	0.0232142857142857	2.13088334444259e-13	2.00040422949808	oxidoreductase activity, acting on single donors with incorporation of molecular oxygen, incorporation of two atoms of oxygen	long-chain fatty acid omega-hydroxylase activity
GO:1903020	2	GO:1990071	12	8	0.148163265306122	5.04956927221302e-12	2.00037802097521	positive regulation of glycoprotein metabolic process	TRAPPII protein complex
GO:0038092	9	GO:0046882	3	6	0.023265306122449	2.15904336978606e-13	2.00031181421124	nodal signaling pathway	negative regulation of follicle-stimulating hormone secretion
GO:0005655	6	GO:0030677	1	6	0.023265306122449	2.1518705272336e-13	2.00031181421124	nucleolar ribonuclease P complex	ribonuclease P complex
GO:0045569	5	GO:0097342	3	6	0.0234183673469388	2.2453883754163e-13	2.00003463936808	TRAIL binding	ripoptosome
GO:0038098	3	GO:0042487	4	6	0.023469387755102	2.27480074752652e-13	1.99994227141604	sequestering of BMP from receptor via BMP binding	regulation of odontogenesis of dentin-containing tooth
GO:0038100	3	GO:0090009	9	6	0.023469387755102	2.27480074752652e-13	1.99994227141604	nodal binding	primitive streak formation
GO:0000015	3	GO:0006107	5	6	0.0235714285714286	2.3345880414267e-13	1.99975757098732	phosphopyruvate hydratase complex	oxaloacetate metabolic process
GO:0004634	3	GO:0006107	5	6	0.0235714285714286	2.3345880414267e-13	1.99975757098732	phosphopyruvate hydratase activity	oxaloacetate metabolic process
GO:0006164	9	GO:0019144	2	6	0.0235714285714286	2.3345880414267e-13	1.99975757098732	purine nucleotide biosynthetic process	ADP-sugar diphosphatase activity
GO:0034445	2	GO:0060230	4	6	0.0235714285714286	2.33458798082318e-13	1.99975757098732	negative regulation of plasma lipoprotein oxidation	lipoprotein lipase activator activity
GO:0016212	3	GO:0043420	3	6	0.0235714285714286	2.33458804128388e-13	1.99975757098732	kynurenine-oxoglutarate transaminase activity	anthranilate metabolic process
GO:0000825	2	GO:0052658	5	6	0.0235714285714286	2.3345880414264e-13	1.99975757098732	inositol-1,3,4,5-tetrakisphosphate 6-kinase activity	inositol-1,4,5-trisphosphate 5-phosphatase activity
GO:0046599	7	GO:0098536	3	6	0.0235969387755102	2.34973742169058e-13	1.99971140326863	regulation of centriole replication	deuterosome
GO:0004052	3	GO:0006082	4	6	0.0236734693877551	2.39567729951458e-13	1.99957291783888	arachidonate 12(S)-lipoxygenase activity	organic acid metabolic process
GO:0045324	5	GO:0046755	4	7	0.08625	6.53321941944226e-12	1.99951111653809	late endosome to vacuole transport	viral budding
GO:0004924	2	GO:0046888	9	6	0.0237244897959184	2.42671719419049e-13	1.9994806089872	oncostatin-M receptor activity	negative regulation of hormone secretion
GO:0005003	6	GO:0072178	4	6	0.0237244897959184	2.42671719419049e-13	1.9994806089872	ephrin receptor activity	nephric duct morphogenesis
GO:0017136	3	GO:0140768	4	6	0.0237244897959184	2.42671719419049e-13	1.9994806089872	histone deacetylase activity, NAD-dependent	protein ADP-ribosyltransferase-substrate adaptor activity
GO:0045242	3	GO:0051538	2	6	0.0237244897959184	2.41849602410574e-13	1.9994806089872	isocitrate dehydrogenase complex (NAD+)	3 iron, 4 sulfur cluster binding
GO:0004449	3	GO:0051538	2	6	0.0237244897959184	2.41849602410574e-13	1.9994806089872	isocitrate dehydrogenase (NAD+) activity	3 iron, 4 sulfur cluster binding
GO:0072553	4	GO:0097109	4	6	0.0237244897959184	2.42671719419049e-13	1.9994806089872	terminal button organization	neuroligin family protein binding
GO:0009258	3	GO:0046653	4	6	0.02375	2.44236219888266e-13	1.99943445899068	10-formyltetrahydrofolate catabolic process	tetrahydrofolate metabolic process
GO:0000290	9	GO:0071409	1	6	0.0238775510204082	2.52185211428304e-13	1.99920375328607	deadenylation-dependent decapping of nuclear-transcribed mRNA	cellular response to cycloheximide
GO:0006782	7	GO:0070541	1	6	0.0238775510204082	2.52182645889866e-13	1.99920375328607	protoporphyrinogen IX biosynthetic process	response to platinum ion
GO:0035590	9	GO:1903539	2	6	0.0238775510204082	2.52185211444549e-13	1.99920375328607	purinergic nucleotide receptor signaling pathway	protein localization to postsynaptic membrane
GO:0060314	8	GO:0060315	5	6	0.0238775510204082	2.52185211444549e-13	1.99920375328607	regulation of ryanodine-sensitive calcium-release channel activity	negative regulation of ryanodine-sensitive calcium-release channel activity
GO:0004459	3	GO:0160157	3	6	0.0238775510204082	2.52185211428304e-13	1.99920375328607	L-lactate dehydrogenase activity	branched-chain alpha-ketoacid dehydrogenase complex
GO:0001634	3	GO:0051428	6	6	0.0238775510204082	2.52185211444549e-13	1.99920375328607	pituitary adenylate cyclase-activating polypeptide receptor activity	peptide hormone receptor binding
GO:0004459	3	GO:0047101	3	6	0.0238775510204082	2.52185211428304e-13	1.99920375328607	L-lactate dehydrogenase activity	branched-chain alpha-keto acid dehydrogenase activity
GO:0004999	3	GO:0051428	6	6	0.0238775510204082	2.52185211444549e-13	1.99920375328607	vasoactive intestinal polypeptide receptor activity	peptide hormone receptor binding
GO:0005335	3	GO:0044341	7	6	0.0238775510204082	2.52185211444549e-13	1.99920375328607	serotonin:sodium:chloride symporter activity	sodium-dependent phosphate transport
GO:0005335	3	GO:0005436	7	6	0.0238775510204082	2.52185211444549e-13	1.99920375328607	serotonin:sodium:chloride symporter activity	sodium:phosphate symporter activity
GO:0046761	7	GO:0090541	1	6	0.0239795918367347	2.58695705762559e-13	1.99901924183336	viral budding from plasma membrane	MIT domain binding
GO:0042376	6	GO:1990136	2	6	0.0240561224489796	2.63674562507044e-13	1.99888088920938	phylloquinone catabolic process	linoleate 9S-lipoxygenase activity
GO:0019871	6	GO:0050914	4	6	0.0240561224489796	2.63674562507044e-13	1.99888088920938	sodium channel inhibitor activity	sensory perception of salty taste
GO:0010916	4	GO:0034445	2	6	0.0241071428571429	2.67036072802798e-13	1.99878866886657	negative regulation of very-low-density lipoprotein particle clearance	negative regulation of plasma lipoprotein oxidation
GO:0032375	3	GO:0034445	2	6	0.0241071428571429	2.66116837305245e-13	1.99878866886657	negative regulation of cholesterol transport	negative regulation of plasma lipoprotein oxidation
GO:0034370	3	GO:0034445	2	6	0.0241071428571429	2.66116837305245e-13	1.99878866886657	triglyceride-rich lipoprotein particle remodeling	negative regulation of plasma lipoprotein oxidation
GO:0016562	4	GO:1990429	2	6	0.0241071428571429	2.67036072802798e-13	1.99878866886657	protein import into peroxisome matrix, receptor recycling	peroxisomal importomer complex
GO:0004556	5	GO:0004574	2	6	0.0241071428571429	2.6703608021803e-13	1.99878866886657	alpha-amylase activity	oligo-1,6-glucosidase activity
GO:0002189	2	GO:0006098	9	6	0.024234693877551	2.75596224987394e-13	1.99855816957704	ribose phosphate diphosphokinase complex	pentose-phosphate shunt
GO:0004488	3	GO:0006760	3	6	0.024234693877551	2.75596224968556e-13	1.99855816957704	methylenetetrahydrofolate dehydrogenase (NADP+) activity	folic acid-containing compound metabolic process
GO:0021649	2	GO:0060754	4	6	0.024234693877551	2.75596217212341e-13	1.99855816957704	vestibulocochlear nerve structural organization	positive regulation of mast cell chemotaxis
GO:0004993	9	GO:0042713	5	6	0.024234693877551	2.75596224987394e-13	1.99855816957704	G protein-coupled serotonin receptor activity	sperm ejaculation
GO:0060754	4	GO:1903375	2	6	0.024234693877551	2.75596217212341e-13	1.99855816957704	positive regulation of mast cell chemotaxis	facioacoustic ganglion development
GO:0060754	4	GO:1904835	2	6	0.024234693877551	2.75596217212341e-13	1.99855816957704	positive regulation of mast cell chemotaxis	dorsal root ganglion morphogenesis
GO:0033700	9	GO:0034365	1	6	0.024234693877551	2.75596224968556e-13	1.99855816957704	phospholipid efflux	discoidal high-density lipoprotein particle
GO:0016558	6	GO:1990429	1	6	0.0242857142857143	2.7811578580776e-13	1.99846599048032	protein import into peroxisome matrix	peroxisomal importomer complex
GO:0070083	3	GO:0098700	4	6	0.0242857142857143	2.7908361436771e-13	1.99846599048032	clathrin-sculpted monoamine transport vesicle membrane	neurotransmitter loading into synaptic vesicle
GO:0015842	3	GO:0050803	5	6	0.0244132653061225	2.87963083074279e-13	1.99823559425988	aminergic neurotransmitter loading into synaptic vesicle	regulation of synapse structure or activity
GO:0006082	4	GO:2001303	3	6	0.0244132653061225	2.87963083074279e-13	1.99823559425988	organic acid metabolic process	lipoxin A4 biosynthetic process
GO:0006082	4	GO:0016165	3	6	0.0244132653061225	2.87963083074279e-13	1.99823559425988	organic acid metabolic process	linoleate 13S-lipoxygenase activity
GO:0006082	4	GO:0050473	3	6	0.0244132653061225	2.87963083074279e-13	1.99823559425988	organic acid metabolic process	arachidonate 15-lipoxygenase activity
GO:0004052	3	GO:0008392	4	6	0.0244897959183673	2.93402702673807e-13	1.99809739184151	arachidonate 12(S)-lipoxygenase activity	arachidonate epoxygenase activity
GO:0032041	3	GO:0140768	4	6	0.0244897959183673	2.93402702673807e-13	1.99809739184151	histone H3K14 deacetylase activity, NAD-dependent	protein ADP-ribosyltransferase-substrate adaptor activity
GO:0034979	3	GO:0140768	4	6	0.0244897959183673	2.93402702673807e-13	1.99809739184151	NAD-dependent protein lysine deacetylase activity	protein ADP-ribosyltransferase-substrate adaptor activity
GO:0046969	3	GO:0140768	4	6	0.0244897959183673	2.93402702673807e-13	1.99809739184151	histone H3K9 deacetylase activity, NAD-dependent	protein ADP-ribosyltransferase-substrate adaptor activity
GO:0046970	3	GO:0140768	4	6	0.0244897959183673	2.93402702673807e-13	1.99809739184151	histone H4K16 deacetylase activity, NAD-dependent	protein ADP-ribosyltransferase-substrate adaptor activity
GO:0097372	3	GO:0140768	4	6	0.0244897959183673	2.93402702673807e-13	1.99809739184151	histone H3K18 deacetylase activity, NAD-dependent	protein ADP-ribosyltransferase-substrate adaptor activity
GO:0140765	3	GO:0140768	4	6	0.0244897959183673	2.93402702673807e-13	1.99809739184151	histone H3K56 deacetylase activity, NAD-dependent	protein ADP-ribosyltransferase-substrate adaptor activity
GO:0140768	4	GO:0141222	3	6	0.0244897959183673	2.93402702673807e-13	1.99809739184151	protein ADP-ribosyltransferase-substrate adaptor activity	histone H3K4 deacetylase activity, NAD-dependent
GO:0003073	7	GO:1903143	3	6	0.024515306122449	2.95234798826051e-13	1.99805133025212	regulation of systemic arterial blood pressure	adrenomedullin receptor complex
GO:0001605	3	GO:0003073	7	6	0.024515306122449	2.95234798826051e-13	1.99805133025212	adrenomedullin receptor activity	regulation of systemic arterial blood pressure
GO:0000076	8	GO:0044778	2	6	0.0245408163265306	2.97076405074185e-13	1.9980052716038	DNA replication checkpoint signaling	meiotic DNA integrity checkpoint signaling
GO:0004339	2	GO:0008184	3	6	0.0245408163265306	2.96035362737783e-13	1.9980052716038	glucan 1,4-alpha-glucosidase activity	glycogen phosphorylase activity
GO:0004339	2	GO:0031220	3	6	0.0245408163265306	2.96035362737783e-13	1.9980052716038	glucan 1,4-alpha-glucosidase activity	maltodextrin phosphorylase activity
GO:0031084	3	GO:0032816	6	6	0.0246428571428571	3.0453871991609e-13	1.99782106641372	BLOC-2 complex	positive regulation of natural killer cell activation
GO:0033754	2	GO:0042427	3	6	0.0246428571428571	3.03467092023311e-13	1.99782106641372	indoleamine 2,3-dioxygenase activity	serotonin biosynthetic process
GO:0106292	4	GO:0106294	3	6	0.0246428571428571	3.0453871991609e-13	1.99782106641372	superoxide-generating NADPH oxidase activity	NADPH oxidase H202-forming activity
GO:0004972	5	GO:0034405	4	6	0.0246938775510204	3.08327966878877e-13	1.99772898145534	NMDA glutamate receptor activity	response to fluid shear stress
GO:0002068	4	GO:0047676	9	6	0.024719387755102	3.10237252509113e-13	1.99768294338401	glandular epithelial cell development	arachidonate-CoA ligase activity
GO:0030223	4	GO:0047676	9	6	0.024719387755102	3.10237252509113e-13	1.99768294338401	neutrophil differentiation	arachidonate-CoA ligase activity
GO:0038092	9	GO:0046881	4	6	0.024719387755102	3.10237252509113e-13	1.99768294338401	nodal signaling pathway	positive regulation of follicle-stimulating hormone secretion
GO:0006689	7	GO:0051001	1	6	0.0247959183673469	3.16020773895214e-13	1.99754484679692	ganglioside catabolic process	negative regulation of nitric-oxide synthase activity
GO:0006689	7	GO:0090325	1	6	0.0247959183673469	3.16020773895214e-13	1.99754484679692	ganglioside catabolic process	regulation of locomotion involved in locomotory behavior
GO:0016121	1	GO:0052650	7	6	0.0248724489795918	3.2189722401164e-13	1.99740677664233	carotene catabolic process	all-trans-retinol dehydrogenase (NADP+) activity
GO:0060754	4	GO:0097374	3	6	0.0248724489795918	3.21900777275393e-13	1.99740677664233	positive regulation of mast cell chemotaxis	sensory neuron axon guidance
GO:0010436	1	GO:0052650	7	6	0.0248724489795918	3.2189722401164e-13	1.99740677664233	carotenoid dioxygenase activity	all-trans-retinol dehydrogenase (NADP+) activity
GO:0004477	1	GO:0046655	7	6	0.0248979591836735	3.23876130104762e-13	1.99736075912961	methenyltetrahydrofolate cyclohydrolase activity	folic acid metabolic process
GO:0004487	1	GO:0046655	7	6	0.0248979591836735	3.23876130104762e-13	1.99736075912961	methylenetetrahydrofolate dehydrogenase (NAD+) activity	folic acid metabolic process
GO:0004535	10	GO:1900248	2	6	0.0249744897959184	3.29877362827188e-13	1.99722272420262	poly(A)-specific ribonuclease activity	negative regulation of cytoplasmic translational elongation
GO:0016558	6	GO:0016561	1	6	0.025	3.30712182626795e-13	1.99717671842943	protein import into peroxisome matrix	protein import into peroxisome matrix, translocation
GO:0046469	3	GO:0047179	4	6	0.025	3.31896998827353e-13	1.99717671842943	platelet activating factor metabolic process	platelet-activating factor acetyltransferase activity
GO:0003365	3	GO:0120192	5	6	0.0251020408163265	3.40078748578306e-13	1.99699272467242	establishment of cell polarity involved in ameboidal cell migration	tight junction assembly
GO:0004016	8	GO:0007191	6	6	0.0251020408163265	3.40078748578306e-13	1.99699272467242	adenylate cyclase activity	adenylate cyclase-activating dopamine receptor signaling pathway
GO:0031994	9	GO:0051147	2	6	0.0251530612244898	3.44232133831681e-13	1.99690074539012	insulin-like growth factor I binding	regulation of muscle cell differentiation
GO:0004359	4	GO:0004360	2	6	0.0251785714285714	3.46324590714868e-13	1.99685476014672	glutaminase activity	glutamine-fructose-6-phosphate transaminase (isomerizing) activity
GO:0004477	3	GO:0006740	3	6	0.0252040816326531	3.48427642866843e-13	1.99680877783464	methenyltetrahydrofolate cyclohydrolase activity	NADPH regeneration
GO:0004487	3	GO:0006740	3	6	0.0252040816326531	3.48427642866843e-13	1.99680877783464	methylenetetrahydrofolate dehydrogenase (NAD+) activity	NADPH regeneration
GO:0016702	3	GO:0042361	5	6	0.0252040816326531	3.48427642894704e-13	1.99680877783464	oxidoreductase activity, acting on single donors with incorporation of molecular oxygen, incorporation of two atoms of oxygen	menaquinone catabolic process
GO:0042704	2	GO:0048185	7	6	0.0252040816326531	3.48427642894704e-13	1.99680877783464	uterine wall breakdown	activin binding
GO:0045295	7	GO:0071681	1	6	0.0252040816326531	3.4842369361322e-13	1.99680877783464	gamma-catenin binding	cellular response to indole-3-methanol
GO:0004993	9	GO:0005335	3	6	0.0252040816326531	3.48427642894704e-13	1.99680877783464	G protein-coupled serotonin receptor activity	serotonin:sodium:chloride symporter activity
GO:0035194	11	GO:1900153	10	7	0.0880102040816327	7.51409425008512e-12	1.99676357774065	regulatory ncRNA-mediated post-transcriptional gene silencing	positive regulation of nuclear-transcribed mRNA catabolic process, deadenylation-dependent decay
GO:0006543	2	GO:0019240	4	6	0.0252551020408163	3.5266560472195e-13	1.99671682200298	glutamine catabolic process	citrulline biosynthetic process
GO:0016539	2	GO:0097108	3	6	0.0252551020408163	3.513938186498e-13	1.99671682200298	intein-mediated protein splicing	hedgehog family protein binding
GO:0008392	4	GO:2001303	3	6	0.0252551020408163	3.52665615981186e-13	1.99671682200298	arachidonate epoxygenase activity	lipoxin A4 biosynthetic process
GO:0004591	3	GO:0045242	3	6	0.0252551020408163	3.52665615952757e-13	1.99671682200298	oxoglutarate dehydrogenase (succinyl-transferring) activity	isocitrate dehydrogenase complex (NAD+)
GO:0004449	3	GO:0004591	3	6	0.0252551020408163	3.52665615952757e-13	1.99671682200298	isocitrate dehydrogenase (NAD+) activity	oxoglutarate dehydrogenase (succinyl-transferring) activity
GO:0008392	4	GO:0016165	3	6	0.0252551020408163	3.52665615981186e-13	1.99671682200298	arachidonate epoxygenase activity	linoleate 13S-lipoxygenase activity
GO:0008392	4	GO:0050473	3	6	0.0252551020408163	3.52665615981186e-13	1.99671682200298	arachidonate epoxygenase activity	arachidonate 15-lipoxygenase activity
GO:0031095	5	GO:0043086	10	6	0.0253061224489796	3.56946395351038e-13	1.99662487789217	platelet dense tubular network membrane	negative regulation of catalytic activity
GO:0030123	11	GO:0044599	4	8	0.150918367346939	5.83720577142912e-12	1.99658920124404	AP-3 adaptor complex	AP-5 adaptor complex
GO:0001574	9	GO:1905379	2	6	0.025484693877551	3.72271212292492e-13	1.99630316576278	ganglioside biosynthetic process	beta-N-acetylhexosaminidase complex
GO:0016561	2	GO:0016562	4	6	0.025484693877551	3.7227120008035e-13	1.99630316576278	protein import into peroxisome matrix, translocation	protein import into peroxisome matrix, receptor recycling
GO:0006164	9	GO:0055086	3	6	0.0255357142857143	3.76748910671691e-13	1.99621127435878	purine nucleotide biosynthetic process	nucleobase-containing small molecule metabolic process
GO:0070358	7	GO:2000601	6	7	0.0883928571428572	7.74319887054114e-12	1.99616766897446	actin polymerization-dependent cell motility	positive regulation of Arp2/3 complex-mediated actin nucleation
GO:1901385	3	GO:1990454	9	7	0.0883928571428572	7.74319887054114e-12	1.99616766897446	regulation of voltage-gated calcium channel activity	L-type voltage-gated calcium channel complex
GO:0033176	5	GO:0042625	2	6	0.0255867346938776	3.81271334699572e-13	1.99611939465919	proton-transporting V-type ATPase complex	ATPase-coupled ion transmembrane transporter activity
GO:0004022	9	GO:0042711	9	7	0.0884693877551021	7.78972841066135e-12	1.99604854627244	alcohol dehydrogenase (NAD+) activity	maternal behavior
GO:0044788	5	GO:0047676	9	6	0.0256887755102041	3.90451784837698e-13	1.99593567036137	modulation by host of viral process	arachidonate-CoA ligase activity
GO:0001963	10	GO:0008504	8	7	0.0885459183673469	7.83649650202121e-12	1.99592944323899	synaptic transmission, dopaminergic	monoamine transmembrane transporter activity
GO:0008299	10	GO:0031314	6	7	0.0885459183673469	7.83649650202121e-12	1.99592944323899	isoprenoid biosynthetic process	extrinsic component of mitochondrial inner membrane
GO:0023024	6	GO:2001199	5	6	0.0257142857142857	3.92775409326857e-13	1.99588974659752	MHC class I protein complex binding	negative regulation of dendritic cell differentiation
GO:0000825	2	GO:0000828	8	6	0.0257142857142857	3.92775409326857e-13	1.99588974659752	inositol-1,3,4,5-tetrakisphosphate 6-kinase activity	inositol hexakisphosphate kinase activity
GO:0097553	4	GO:0099604	4	6	0.0257142857142857	3.92775409326857e-13	1.99588974659752	calcium ion transmembrane import into cytosol	ligand-gated calcium channel activity
GO:0006538	3	GO:0006543	2	6	0.0258163265306122	4.00702718013824e-13	1.99570608077337	glutamate catabolic process	glutamine catabolic process
GO:0033058	2	GO:0035590	9	6	0.0258673469387755	4.06960141943165e-13	1.99561426539484	directional locomotion	purinergic nucleotide receptor signaling pathway
GO:0005945	3	GO:0042132	2	6	0.0258673469387755	4.05456983858021e-13	1.99561426539484	6-phosphofructokinase complex	fructose 1,6-bisphosphate 1-phosphatase activity
GO:0003872	3	GO:0042132	2	6	0.0258673469387755	4.05456983858021e-13	1.99561426539484	6-phosphofructokinase activity	fructose 1,6-bisphosphate 1-phosphatase activity
GO:0003857	4	GO:0009083	10	7	0.0887755102040816	7.97824222198486e-12	1.99557225208515	3-hydroxyacyl-CoA dehydrogenase activity	branched-chain amino acid catabolic process
GO:0006702	3	GO:0034650	4	6	0.0258928571428571	4.09365187848849e-13	1.99556836208766	androgen biosynthetic process	cortisol metabolic process
GO:0003865	3	GO:0034650	4	6	0.0258928571428571	4.09365187848849e-13	1.99556836208766	3-oxo-5-alpha-steroid 4-dehydrogenase activity	cortisol metabolic process
GO:0034650	4	GO:0047751	3	6	0.0258928571428571	4.09365187848849e-13	1.99556836208766	cortisol metabolic process	3-oxo-5-alpha-steroid 4-dehydrogenase (NADP+) activity
GO:0060666	3	GO:0061549	6	6	0.0260204081632653	4.21568571064416e-13	1.99533888935773	dichotomous subdivision of terminal units involved in salivary gland branching	sympathetic ganglion development
GO:0038098	3	GO:1901331	5	6	0.0260204081632653	4.21568571064416e-13	1.99533888935773	sequestering of BMP from receptor via BMP binding	positive regulation of odontoblast differentiation
GO:0030976	4	GO:0045242	3	6	0.0260204081632653	4.21568571064416e-13	1.99533888935773	thiamine pyrophosphate binding	isocitrate dehydrogenase complex (NAD+)
GO:0004449	3	GO:0030976	4	6	0.0260204081632653	4.21568571064416e-13	1.99533888935773	isocitrate dehydrogenase (NAD+) activity	thiamine pyrophosphate binding
GO:0014808	3	GO:0014809	4	6	0.0260969387755102	4.29034801749729e-13	1.99520124075118	release of sequestered calcium ion into cytosol by sarcoplasmic reticulum	regulation of skeletal muscle contraction by regulation of release of sequestered calcium ion
GO:0016155	2	GO:0035999	6	6	0.0261224489795918	4.31547860443218e-13	1.99515536371867	formyltetrahydrofolate dehydrogenase activity	tetrahydrofolate interconversion
GO:0009235	8	GO:0035612	5	6	0.0261479591836735	4.34073155513393e-13	1.99510948960371	cobalamin metabolic process	AP-2 adaptor complex binding
GO:0009308	5	GO:0042420	7	6	0.0263265306122449	4.52096846223526e-13	1.99478845245926	amine metabolic process	dopamine catabolic process
GO:0009435	9	GO:0019677	2	6	0.0264030612244898	4.60009623384865e-13	1.99465090883782	NAD biosynthetic process	NAD catabolic process
GO:0009435	9	GO:0110155	2	6	0.0264030612244898	4.60009623384865e-13	1.99465090883782	NAD biosynthetic process	NAD-cap decapping
GO:0004571	7	GO:0006013	7	6	0.0264285714285714	4.62672683423979e-13	1.99460506679145	mannosyl-oligosaccharide 1,2-alpha-mannosidase activity	mannose metabolic process
GO:0034372	3	GO:0034382	2	6	0.0264285714285714	4.60926684112777e-13	1.99460506679145	very-low-density lipoprotein particle remodeling	chylomicron remnant clearance
GO:0034584	4	GO:0071546	6	6	0.0264285714285714	4.62672683423979e-13	1.99460506679145	piRNA binding	pi-body
GO:0016303	3	GO:0043813	3	6	0.0264285714285714	4.62672683379255e-13	1.99460506679145	1-phosphatidylinositol-3-kinase activity	phosphatidylinositol-3,5-bisphosphate 5-phosphatase activity
GO:0035005	3	GO:0043813	3	6	0.0264285714285714	4.62672683379255e-13	1.99460506679145	1-phosphatidylinositol-4-phosphate 3-kinase activity	phosphatidylinositol-3,5-bisphosphate 5-phosphatase activity
GO:0006702	3	GO:0047023	5	6	0.0266326530612245	4.84442665325253e-13	1.99423843526109	androgen biosynthetic process	androsterone dehydrogenase [NAD(P)+] activity
GO:0003865	3	GO:0047023	5	6	0.0266326530612245	4.84442665325253e-13	1.99423843526109	3-oxo-5-alpha-steroid 4-dehydrogenase activity	androsterone dehydrogenase [NAD(P)+] activity
GO:0047023	5	GO:0047751	3	6	0.0266326530612245	4.84442665325253e-13	1.99423843526109	androsterone dehydrogenase [NAD(P)+] activity	3-oxo-5-alpha-steroid 4-dehydrogenase (NADP+) activity
GO:0036152	4	GO:0047159	2	6	0.0267857142857143	5.01323681858422e-13	1.99396358384971	phosphatidylethanolamine acyl-chain remodeling	plasmalogen synthase activity
GO:0036152	4	GO:0047192	2	6	0.0267857142857143	5.01323681858422e-13	1.99396358384971	phosphatidylethanolamine acyl-chain remodeling	1-alkylglycerophosphocholine O-acetyltransferase activity
GO:0036486	3	GO:0060754	4	6	0.0267857142857143	5.01323700952458e-13	1.99396358384971	ventral trunk neural crest cell migration	positive regulation of mast cell chemotaxis
GO:0005862	4	GO:1990584	2	6	0.0267857142857143	5.01323681858422e-13	1.99396358384971	muscle thin filament tropomyosin	cardiac Troponin complex
GO:0001734	3	GO:0070925	5	6	0.0267857142857143	5.01323700952458e-13	1.99396358384971	mRNA m(6)A methyltransferase activity	organelle assembly
GO:0047159	2	GO:0047179	4	6	0.0267857142857143	5.01323681858422e-13	1.99396358384971	plasmalogen synthase activity	platelet-activating factor acetyltransferase activity
GO:0047179	4	GO:0047192	2	6	0.0267857142857143	5.01323681858422e-13	1.99396358384971	platelet-activating factor acetyltransferase activity	1-alkylglycerophosphocholine O-acetyltransferase activity
GO:0001574	9	GO:0004563	3	6	0.0268622448979592	5.09946006163696e-13	1.99382619740602	ganglioside biosynthetic process	beta-N-acetylhexosaminidase activity
GO:0001574	9	GO:0016231	3	6	0.0268622448979592	5.09946006163696e-13	1.99382619740602	ganglioside biosynthetic process	beta-N-acetylglucosaminidase activity
GO:0016560	3	GO:0043335	4	6	0.0268622448979592	5.09946006163696e-13	1.99382619740602	protein import into peroxisome matrix, docking	protein unfolding
GO:0043335	4	GO:0044721	3	6	0.0268622448979592	5.09946006163696e-13	1.99382619740602	protein unfolding	protein import into peroxisome matrix, substrate release
GO:0001614	7	GO:0098878	2	6	0.0268877551020408	5.12847380124726e-13	1.99378040773892	purinergic nucleotide receptor activity	neurotransmitter receptor complex
GO:0001614	7	GO:0022824	2	6	0.0268877551020408	5.12847380124726e-13	1.99378040773892	purinergic nucleotide receptor activity	transmitter-gated monoatomic ion channel activity
GO:0004931	7	GO:0098878	2	6	0.0268877551020408	5.12847380124726e-13	1.99378040773892	extracellularly ATP-gated monoatomic cation channel activity	neurotransmitter receptor complex
GO:0004931	7	GO:0022824	2	6	0.0268877551020408	5.12847380124726e-13	1.99378040773892	extracellularly ATP-gated monoatomic cation channel activity	transmitter-gated monoatomic ion channel activity
GO:0031095	5	GO:0090281	9	6	0.0269387755102041	5.18691345662872e-13	1.99368883712369	platelet dense tubular network membrane	negative regulation of calcium ion import
GO:0005588	2	GO:0048407	8	6	0.0269387755102041	5.18691345662872e-13	1.99368883712369	collagen type V trimer	platelet-derived growth factor binding
GO:0005760	3	GO:0008622	3	6	0.0269387755102041	5.18691345608749e-13	1.99368883712369	gamma DNA polymerase complex	epsilon DNA polymerase complex
GO:0032476	2	GO:0110142	6	6	0.0269897959183673	5.2459061360173e-13	1.99359727813132	polyprenyl diphosphate synthase complex	ubiquinone biosynthesis complex
GO:0032478	2	GO:0110142	6	6	0.0269897959183673	5.2459061360173e-13	1.99359727813132	heterotetrameric polyprenyl diphosphate synthase complex	ubiquinone biosynthesis complex
GO:0052923	2	GO:0110142	6	6	0.0269897959183673	5.2459061360173e-13	1.99359727813132	all-trans-nonaprenyl-diphosphate synthase (geranyl-diphosphate specific) activity	ubiquinone biosynthesis complex
GO:0097269	2	GO:0110142	6	6	0.0269897959183673	5.2459061360173e-13	1.99359727813132	all-trans-decaprenyl-diphosphate synthase activity	ubiquinone biosynthesis complex
GO:0006081	6	GO:0008131	3	6	0.0269897959183673	5.2459061360173e-13	1.99359727813132	aldehyde metabolic process	primary methylamine oxidase activity
GO:0030125	9	GO:0030135	2	6	0.0270408163265306	5.30545600675294e-13	1.99350573075884	clathrin vesicle coat	coated vesicle
GO:0046949	7	GO:0047676	8	6	0.0270918367346939	5.36556725955439e-13	1.99341419500332	fatty-acyl-CoA biosynthetic process	arachidonate-CoA ligase activity
GO:0060478	4	GO:0061669	6	6	0.0271428571428571	5.42624410860531e-13	1.9933226708618	acrosomal vesicle exocytosis	spontaneous neurotransmitter secretion
GO:0004993	9	GO:0071321	7	6	0.0271428571428571	5.42624410860531e-13	1.9933226708618	G protein-coupled serotonin receptor activity	cellular response to cGMP
GO:0016702	3	GO:0042376	6	6	0.0271938775510204	5.48749079164039e-13	1.99323115833133	oxidoreductase activity, acting on single donors with incorporation of molecular oxygen, incorporation of two atoms of oxygen	phylloquinone catabolic process
GO:0019871	6	GO:0034706	5	6	0.0271938775510204	5.48749079164039e-13	1.99323115833133	sodium channel inhibitor activity	sodium channel complex
GO:0050795	10	GO:0061702	8	8	0.153520408163265	6.67719984380484e-12	1.99302905238658	regulation of behavior	canonical inflammasome complex
GO:0060754	4	GO:0061551	4	6	0.0274234693877551	5.77026737649625e-13	1.99281949555208	positive regulation of mast cell chemotaxis	trigeminal ganglion development
GO:0001574	9	GO:0051651	3	6	0.0275510204081633	5.93253387985236e-13	1.9925908954803	ganglioside biosynthetic process	maintenance of location in cell
GO:0021953	4	GO:0035721	10	6	0.0275510204081633	5.93253387985236e-13	1.9925908954803	central nervous system neuron differentiation	intraciliary retrograde transport
GO:0051610	7	GO:0051938	6	6	0.0275510204081633	5.93253387985236e-13	1.9925908954803	serotonin uptake	L-glutamate import
GO:0048263	5	GO:0060686	2	6	0.0275510204081633	5.93253387985067e-13	1.9925908954803	determination of dorsal identity	negative regulation of prostatic bud formation
GO:0048263	5	GO:0072125	2	6	0.0275510204081633	5.93253387985067e-13	1.9925908954803	determination of dorsal identity	negative regulation of glomerular mesangial cell proliferation
GO:0141163	7	GO:1990406	2	6	0.0275510204081633	5.93253387985236e-13	1.9925908954803	positive regulation of cAMP/PKA signal transduction	CGRP receptor complex
GO:0003994	3	GO:0045242	3	6	0.0275510204081633	5.93253387917513e-13	1.9925908954803	aconitate hydratase activity	isocitrate dehydrogenase complex (NAD+)
GO:0003994	3	GO:0004449	3	6	0.0275510204081633	5.93253387917513e-13	1.9925908954803	aconitate hydratase activity	isocitrate dehydrogenase (NAD+) activity
GO:0004557	2	GO:0009313	10	6	0.0275765306122449	5.96543841183949e-13	1.99254518415806	alpha-galactosidase activity	oligosaccharide catabolic process
GO:0034616	6	GO:0071141	4	6	0.0275765306122449	5.96543841183949e-13	1.99254518415806	response to laminar fluid shear stress	SMAD protein complex
GO:0008228	7	GO:0045916	3	6	0.0276275510204082	6.03170314551741e-13	1.99245377020274	opsonization	negative regulation of complement activation
GO:0008066	11	GO:0035256	3	6	0.0276275510204082	6.03170314551741e-13	1.99245377020274	glutamate receptor activity	G protein-coupled glutamate receptor binding
GO:0005528	6	GO:0014808	3	6	0.0276785714285714	6.09857916284073e-13	1.99236236783054	FK506 binding	release of sequestered calcium ion into cytosol by sarcoplasmic reticulum
GO:0048858	6	GO:0051388	3	6	0.0276785714285714	6.09857916284073e-13	1.99236236783054	cell projection morphogenesis	positive regulation of neurotrophin TRK receptor signaling pathway
GO:0000177	11	GO:0061014	10	11	0.343571428571429	1.440149293773e-13	1.99229558111275	cytoplasmic exosome (RNase complex)	positive regulation of mRNA catabolic process
GO:0035721	10	GO:0071895	6	7	0.0909183673469388	9.41029196887266e-12	1.99224696951354	intraciliary retrograde transport	odontoblast differentiation
GO:0004792	3	GO:0006089	4	6	0.027780612244898	6.23418303403072e-13	1.99217959782375	thiosulfate-cyanide sulfurtransferase activity	lactate metabolic process
GO:0000467	6	GO:0016076	2	6	0.0278571428571429	6.33752413215161e-13	1.99204255070252	exonucleolytic trimming to generate mature 3'-end of 5.8S rRNA from tricistronic rRNA transcript (SSU-rRNA, 5.8S rRNA, LSU-rRNA)	snRNA catabolic process
GO:0009957	2	GO:0140853	3	6	0.0278571428571429	6.31231594666933e-13	1.99204255070252	epidermal cell fate specification	cholesterol-protein transferase activity
GO:0004659	5	GO:0018343	3	6	0.0278571428571429	6.33752413215161e-13	1.99204255070252	prenyltransferase activity	protein farnesylation
GO:0004659	5	GO:0033384	2	6	0.0278571428571429	6.33752413214969e-13	1.99204255070252	prenyltransferase activity	geranyl diphosphate biosynthetic process
GO:0004659	5	GO:0045337	2	6	0.0278571428571429	6.33752413214969e-13	1.99204255070252	prenyltransferase activity	farnesyl diphosphate biosynthetic process
GO:0045833	3	GO:0055090	3	6	0.0278571428571429	6.33752413139546e-13	1.99204255070252	negative regulation of lipid metabolic process	acylglycerol homeostasis
GO:0004161	2	GO:0004659	5	6	0.0278571428571429	6.33752413214969e-13	1.99204255070252	dimethylallyltranstransferase activity	prenyltransferase activity
GO:0004337	2	GO:0004659	5	6	0.0278571428571429	6.33752413214969e-13	1.99204255070252	(2E,6E)-farnesyl diphosphate synthase activity	prenyltransferase activity
GO:0034405	4	GO:0098976	7	6	0.0280612244897959	6.62009123814273e-13	1.9916772189548	response to fluid shear stress	excitatory chemical synaptic transmission
GO:0016213	2	GO:0042761	12	6	0.0280612244897959	6.62009123814273e-13	1.9916772189548	linoleoyl-CoA desaturase activity	very long-chain fatty acid biosynthetic process
GO:0000445	6	GO:0051096	3	6	0.0280612244897959	6.62009123814273e-13	1.9916772189548	THO complex part of transcription export complex	positive regulation of helicase activity
GO:0002950	2	GO:0008081	10	6	0.0280612244897959	6.62009123814274e-13	1.9916772189548	ceramide phosphoethanolamine synthase activity	phosphoric diester hydrolase activity
GO:0008081	10	GO:0033188	2	6	0.0280612244897959	6.62009123814274e-13	1.9916772189548	phosphoric diester hydrolase activity	sphingomyelin synthase activity
GO:0008081	10	GO:0047493	2	6	0.0280612244897959	6.62009123814274e-13	1.9916772189548	phosphoric diester hydrolase activity	ceramide cholinephosphotransferase activity
GO:0006082	4	GO:0042361	5	6	0.0281122448979592	6.69234695365057e-13	1.9915859149207	organic acid metabolic process	menaquinone catabolic process
GO:0000808	6	GO:0071169	4	6	0.0281122448979592	6.69234695365057e-13	1.9915859149207	origin recognition complex	establishment of protein localization to chromatin
GO:0006081	6	GO:0009308	5	6	0.0281632653061225	6.76525761055608e-13	1.99149462244188	aldehyde metabolic process	amine metabolic process
GO:0043335	4	GO:1990429	3	6	0.0282397959183673	6.87586195848536e-13	1.9913577053834	protein unfolding	peroxisomal importomer complex
GO:0044346	6	GO:0140806	6	6	0.0283163265306122	6.98796662762399e-13	1.99122081430785	fibroblast apoptotic process	NAD+-protein-aspartate ADP-ribosyltransferase activity
GO:0004028	3	GO:0016805	3	6	0.0283163265306122	6.98796662673392e-13	1.99122081430785	3-chloroallyl aldehyde dehydrogenase activity	dipeptidase activity
GO:0004030	3	GO:0016805	3	6	0.0283163265306122	6.98796662673392e-13	1.99122081430785	aldehyde dehydrogenase [NAD(P)+] activity	dipeptidase activity
GO:0031860	3	GO:0070198	9	6	0.028469387755102	7.21674182108554e-13	1.99094711006611	telomeric 3' overhang formation	protein localization to chromosome, telomeric region
GO:0005003	6	GO:1900025	10	6	0.028469387755102	7.21674182108554e-13	1.99094711006611	ephrin receptor activity	negative regulation of substrate adhesion-dependent cell spreading
GO:0006995	6	GO:0034274	3	6	0.0285714285714286	7.37269336258323e-13	1.99076469825064	cellular response to nitrogen starvation	Atg12-Atg5-Atg16 complex
GO:0003953	9	GO:0150078	2	6	0.0285714285714286	7.37269336258323e-13	1.99076469825064	NAD+ nucleosidase activity	positive regulation of neuroinflammatory response
GO:0010878	5	GO:0033489	4	6	0.0285969387755102	7.41211620981662e-13	1.9907191025033	cholesterol storage	cholesterol biosynthetic process via desmosterol
GO:0010878	5	GO:0033490	4	6	0.0285969387755102	7.41211620981662e-13	1.9907191025033	cholesterol storage	cholesterol biosynthetic process via lathosterol
GO:0005313	10	GO:0015842	3	6	0.0286224489795918	7.45171427743193e-13	1.99067350963786	L-glutamate transmembrane transporter activity	aminergic neurotransmitter loading into synaptic vesicle
GO:0031209	9	GO:1905232	3	7	0.0919642857142857	1.01854252385187e-11	1.99062946502993	SCAR complex	cellular response to L-glutamate
GO:0003691	5	GO:0032202	3	6	0.0286989795918367	7.57156601753745e-13	1.99053674832918	double-stranded telomeric DNA binding	telomere assembly
GO:0050914	4	GO:1902305	7	6	0.02875	7.65235470233844e-13	1.99044558852615	sensory perception of salty taste	regulation of sodium ion transmembrane transport
GO:0006700	4	GO:0006702	3	6	0.0288520408163265	7.81608475677468e-13	1.99026330347358	C21-steroid hormone biosynthetic process	androgen biosynthetic process
GO:0060342	4	GO:1903288	3	6	0.0288520408163265	7.81608475677468e-13	1.99026330347358	photoreceptor inner segment membrane	positive regulation of potassium ion import across plasma membrane
GO:0003865	3	GO:0006700	4	6	0.0288520408163265	7.81608475677468e-13	1.99026330347358	3-oxo-5-alpha-steroid 4-dehydrogenase activity	C21-steroid hormone biosynthetic process
GO:0008504	8	GO:0050803	5	6	0.0288520408163265	7.81608475677468e-13	1.99026330347358	monoamine transmembrane transporter activity	regulation of synapse structure or activity
GO:0006700	4	GO:0047751	3	6	0.0288520408163265	7.81608475677468e-13	1.99026330347358	C21-steroid hormone biosynthetic process	3-oxo-5-alpha-steroid 4-dehydrogenase (NADP+) activity
GO:0000814	3	GO:0019075	2	6	0.0289285714285714	7.90798632890194e-13	1.990126619907	ESCRT II complex	virus maturation
GO:0036486	3	GO:0097485	4	6	0.0289285714285714	7.94078585046746e-13	1.990126619907	ventral trunk neural crest cell migration	neuron projection guidance
GO:0141163	7	GO:1990409	2	6	0.0289285714285714	7.94078585046746e-13	1.990126619907	positive regulation of cAMP/PKA signal transduction	adrenomedullin binding
GO:0005862	4	GO:0031014	3	6	0.0289285714285714	7.94078585046746e-13	1.990126619907	muscle thin filament tropomyosin	troponin T binding
GO:0030015	6	GO:0060212	3	6	0.0289285714285714	7.94078585046746e-13	1.990126619907	CCR4-NOT core complex	negative regulation of nuclear-transcribed mRNA poly(A) tail shortening
GO:0030015	6	GO:0060390	2	6	0.0289285714285714	7.94078585046746e-13	1.990126619907	CCR4-NOT core complex	regulation of SMAD protein signal transduction
GO:0006287	9	GO:0061819	1	6	0.0289795918367347	8.0248359358578e-13	1.99003551191567	base-excision repair, gap-filling	telomeric DNA-containing double minutes formation
GO:0006287	9	GO:1903518	1	6	0.0289795918367347	8.0248359358578e-13	1.99003551191567	base-excision repair, gap-filling	positive regulation of single strand break repair
GO:0006287	9	GO:1905765	1	6	0.0289795918367347	8.0248359358578e-13	1.99003551191567	base-excision repair, gap-filling	negative regulation of protection from non-homologous end joining at telomere
GO:0006287	9	GO:1990599	1	6	0.0289795918367347	8.0248359358578e-13	1.99003551191567	base-excision repair, gap-filling	3' overhang single-stranded DNA endodeoxyribonuclease activity
GO:0001823	9	GO:0038098	3	6	0.0290816326530612	8.1951577319535e-13	1.98985333044723	mesonephros development	sequestering of BMP from receptor via BMP binding
GO:0005655	6	GO:0008207	1	6	0.0290816326530612	8.1611285158065e-13	1.98985333044723	nucleolar ribonuclease P complex	C21-steroid hormone metabolic process
GO:0010706	4	GO:0016263	3	6	0.0290816326530612	8.1951577319535e-13	1.98985333044723	ganglioside biosynthetic process via lactosylceramide	glycoprotein-N-acetylgalactosamine 3-beta-galactosyltransferase activity
GO:0031708	3	GO:0048484	6	6	0.0290816326530612	8.1951577319535e-13	1.98985333044723	endothelin B receptor binding	enteric nervous system development
GO:0044613	4	GO:0050658	7	6	0.0290816326530612	8.1951577319535e-13	1.98985333044723	nuclear pore central transport channel	RNA transport
GO:0017146	6	GO:0034405	4	6	0.0291836734693878	8.36847629823073e-13	1.9896711949784	NMDA selective glutamate receptor complex	response to fluid shear stress
GO:0048149	8	GO:0051431	4	6	0.0291836734693878	8.36847629823073e-13	1.9896711949784	behavioral response to ethanol	corticotropin-releasing hormone receptor 2 binding
GO:0032237	4	GO:0070679	7	6	0.0291836734693878	8.36847629823073e-13	1.9896711949784	activation of store-operated calcium channel activity	inositol 1,4,5 trisphosphate binding
GO:0071532	5	GO:1904355	4	6	0.0293367346938776	8.63416488898883e-13	1.98939807797365	ankyrin repeat binding	positive regulation of telomere capping
GO:0021776	2	GO:0030850	9	6	0.0293877551020408	8.72427181653744e-13	1.98930706194672	smoothened signaling pathway involved in spinal cord motor neuron cell fate specification	prostate gland development
GO:0045163	4	GO:0099508	10	6	0.0293877551020408	8.72427181653744e-13	1.98930706194672	clustering of voltage-gated potassium channels	voltage-gated monoatomic ion channel activity involved in regulation of presynaptic membrane potential
GO:0006271	3	GO:0008622	3	6	0.0294642857142857	8.86089816156436e-13	1.98917055943511	DNA strand elongation involved in DNA replication	epsilon DNA polymerase complex
GO:0034087	7	GO:0045875	1	6	0.0294642857142857	8.86076092491296e-13	1.98917055943511	establishment of mitotic sister chromatid cohesion	negative regulation of sister chromatid cohesion
GO:0034382	4	GO:0034445	2	6	0.0294642857142857	8.86089771374378e-13	1.98917055943511	chylomicron remnant clearance	negative regulation of plasma lipoprotein oxidation
GO:0030893	7	GO:0048638	1	6	0.0294642857142857	8.86076092491296e-13	1.98917055943511	meiotic cohesin complex	regulation of developmental growth
GO:0004470	3	GO:1990204	6	6	0.0294642857142857	8.86089816288737e-13	1.98917055943511	malic enzyme activity	oxidoreductase complex
GO:0004473	3	GO:1990204	6	6	0.0294642857142857	8.86089816288737e-13	1.98917055943511	malate dehydrogenase (decarboxylating) (NADP+) activity	oxidoreductase complex
GO:0006760	4	GO:0046452	2	6	0.0294897959183673	8.90683344334527e-13	1.98912506433747	folic acid-containing compound metabolic process	dihydrofolate metabolic process
GO:0004146	2	GO:0006760	4	6	0.0294897959183673	8.90683344334527e-13	1.98912506433747	dihydrofolate reductase activity	folic acid-containing compound metabolic process
GO:0003214	7	GO:0031841	3	6	0.0295918367346939	9.09256300752274e-13	1.98894311263504	cardiac left ventricle morphogenesis	neuropeptide Y receptor binding
GO:0021978	5	GO:0038098	3	6	0.0295918367346939	9.09256300752274e-13	1.98894311263504	telencephalon regionalization	sequestering of BMP from receptor via BMP binding
GO:0090156	5	GO:1904504	4	6	0.0295918367346939	9.09256300752274e-13	1.98894311263504	intracellular sphingolipid homeostasis	positive regulation of lipophagy
GO:0003857	4	GO:0003995	6	6	0.0295918367346939	9.09256300752274e-13	1.98894311263504	3-hydroxyacyl-CoA dehydrogenase activity	acyl-CoA dehydrogenase activity
GO:0002554	1	GO:0010524	12	6	0.0296938775510204	9.28150281970549e-13	1.98876120681629	serotonin secretion by platelet	positive regulation of calcium ion transport into cytosol
GO:0003056	1	GO:0010524	12	6	0.0296938775510204	9.28150281970549e-13	1.98876120681629	regulation of vascular associated smooth muscle contraction	positive regulation of calcium ion transport into cytosol
GO:0010524	12	GO:0043924	1	6	0.0296938775510204	9.28150281970549e-13	1.98876120681629	positive regulation of calcium ion transport into cytosol	suramin binding
GO:0006704	5	GO:0033218	3	6	0.0297448979591837	9.37719050719956e-13	1.98867027110606	glucocorticoid biosynthetic process	amide binding
GO:0035497	8	GO:0036500	7	7	0.0933163265306122	1.12676946633955e-11	1.98854390491674	cAMP response element binding	ATF6-mediated unfolded protein response
GO:0003691	5	GO:0010833	5	6	0.0298469387755102	9.57102922824591e-13	1.98848843406944	double-stranded telomeric DNA binding	telomere maintenance via telomere lengthening
GO:0010916	4	GO:0055090	3	6	0.0298469387755102	9.57102922824591e-13	1.98848843406944	negative regulation of very-low-density lipoprotein particle clearance	acylglycerol homeostasis
GO:0032375	3	GO:0055090	3	6	0.0298469387755102	9.5710292267412e-13	1.98848843406944	negative regulation of cholesterol transport	acylglycerol homeostasis
GO:0004339	2	GO:0004556	5	6	0.0298469387755102	9.57102922824182e-13	1.98848843406944	glucan 1,4-alpha-glucosidase activity	alpha-amylase activity
GO:0047196	1	GO:0052650	7	6	0.0298469387755102	9.57087711828697e-13	1.98848843406944	long-chain-alcohol O-fatty-acyltransferase activity	all-trans-retinol dehydrogenase (NADP+) activity
GO:0031390	7	GO:0033314	9	7	0.0933673469387755	1.13103852181662e-11	1.9884653224753	Ctf18 RFC-like complex	mitotic DNA replication checkpoint signaling
GO:0031133	6	GO:0042813	12	9	0.220408163265306	2.77474683421693e-12	1.98843389189555	regulation of axon diameter	Wnt receptor activity
GO:0099185	3	GO:0099641	8	6	0.0299234693877551	9.71858575700446e-13	1.98835208636647	postsynaptic intermediate filament cytoskeleton organization	anterograde axonal protein transport
GO:0140288	6	GO:1903860	3	6	0.0299234693877551	9.71858575700446e-13	1.98835208636647	GBAF complex	negative regulation of dendrite extension
GO:0003906	9	GO:0003909	3	6	0.0299234693877551	9.71858575700446e-13	1.98835208636647	DNA-(apurinic or apyrimidinic site) endonuclease activity	DNA ligase activity
GO:0003906	9	GO:0003910	3	6	0.0299234693877551	9.71858575700446e-13	1.98835208636647	DNA-(apurinic or apyrimidinic site) endonuclease activity	DNA ligase (ATP) activity
GO:0099184	3	GO:0099641	8	6	0.0299234693877551	9.71858575700446e-13	1.98835208636647	structural constituent of postsynaptic intermediate filament cytoskeleton	anterograde axonal protein transport
GO:0009313	10	GO:0016139	4	6	0.0299744897959184	9.81800425329469e-13	1.98826120221359	oligosaccharide catabolic process	glycoside catabolic process
GO:0008484	5	GO:0009313	10	6	0.0299744897959184	9.81800425329469e-13	1.98826120221359	sulfuric ester hydrolase activity	oligosaccharide catabolic process
GO:0042063	5	GO:0070925	5	6	0.0299744897959184	9.81800425329469e-13	1.98826120221359	gliogenesis	organelle assembly
GO:0006707	6	GO:0035754	4	6	0.03	9.86802987356086e-13	1.9882157644308	cholesterol catabolic process	B cell chemotaxis
GO:0003073	7	GO:0097647	4	6	0.0300510204081633	9.96871742454113e-13	1.98812489745071	regulation of systemic arterial blood pressure	amylin receptor signaling pathway
GO:0045956	8	GO:0060478	4	6	0.0300510204081633	9.96871742454113e-13	1.98812489745071	positive regulation of calcium ion-dependent exocytosis	acrosomal vesicle exocytosis
GO:0004427	4	GO:0005391	7	6	0.0300510204081633	9.96871742454113e-13	1.98812489745071	inorganic diphosphate phosphatase activity	P-type sodium:potassium-exchanging transporter activity
GO:0017059	8	GO:0140639	6	6	0.0301020408163265	1.00702581653413e-12	1.98803404191555	serine palmitoyltransferase complex	positive regulation of pyroptotic inflammatory response
GO:0001401	12	GO:0030943	5	8	0.157244897959184	8.0619974637043e-12	1.98796353505831	SAM complex	mitochondrion targeting sequence binding
GO:0030943	5	GO:0140275	12	8	0.157244897959184	8.0619974637043e-12	1.98796353505831	mitochondrion targeting sequence binding	MIB complex
GO:0044346	6	GO:0140822	7	6	0.0302040816326531	1.02759222704188e-12	1.98785236516848	fibroblast apoptotic process	NAD+-histone H2BE35 glutamate ADP-ribosyltransferase activity
GO:0044346	6	GO:0140844	7	6	0.0302040816326531	1.02759222704188e-12	1.98785236516848	fibroblast apoptotic process	NAD+-histone H2BE2 glutamate ADP-ribosyltransferase activity
GO:0044346	6	GO:0140867	7	6	0.0302040816326531	1.02759222704188e-12	1.98785236516848	fibroblast apoptotic process	NAD+-histone H2BE18 glutamate ADP-ribosyltransferase activity
GO:0097720	4	GO:1905064	5	6	0.0302040816326531	1.02759222704188e-12	1.98785236516848	calcineurin-mediated signaling	negative regulation of vascular associated smooth muscle cell differentiation
GO:0005760	3	GO:0016035	3	6	0.0302040816326531	1.02759222687246e-12	1.98785236516848	gamma DNA polymerase complex	zeta DNA polymerase complex
GO:0008623	3	GO:0016035	3	6	0.0302040816326531	1.02759222687246e-12	1.98785236516848	CHRAC	zeta DNA polymerase complex
GO:0033353	4	GO:0047804	2	6	0.0302040816326531	1.02759217093404e-12	1.98785236516848	S-adenosylmethionine cycle	cysteine-S-conjugate beta-lyase activity
GO:0015842	3	GO:0044341	7	6	0.0303061224489796	1.04850685863956e-12	1.98767073416653	aminergic neurotransmitter loading into synaptic vesicle	sodium-dependent phosphate transport
GO:0005436	7	GO:0015842	3	6	0.0303061224489796	1.04850685863956e-12	1.98767073416653	sodium:phosphate symporter activity	aminergic neurotransmitter loading into synaptic vesicle
GO:0097105	8	GO:0098919	3	6	0.0303061224489796	1.04850685863956e-12	1.98767073416653	presynaptic membrane assembly	structural constituent of postsynaptic density
GO:0019841	9	GO:1904768	2	6	0.0303061224489796	1.04850685863956e-12	1.98767073416653	retinol binding	all-trans-retinol binding
GO:0030492	4	GO:0031720	7	6	0.0303061224489796	1.04850685863956e-12	1.98767073416653	hemoglobin binding	haptoglobin binding
GO:0006082	4	GO:0042376	6	6	0.0303316326530612	1.0537904742335e-12	1.98762533356102	organic acid metabolic process	phylloquinone catabolic process
GO:0051388	3	GO:0098858	4	6	0.0303571428571429	1.0590962199907e-12	1.98757993581277	positive regulation of neurotrophin TRK receptor signaling pathway	actin-based cell projection
GO:0031084	3	GO:1990742	6	6	0.0305102040816327	1.09139957717066e-12	1.98730760930588	BLOC-2 complex	microvesicle
GO:0045145	2	GO:0047184	4	6	0.0305102040816327	1.09139951574933e-12	1.98730760930588	single-stranded DNA 5'-3' DNA exonuclease activity	1-acylglycerophosphocholine O-acyltransferase activity
GO:0008611	6	GO:0047676	9	6	0.0305357142857143	1.09686231254301e-12	1.98726223154847	ether lipid biosynthetic process	arachidonate-CoA ligase activity
GO:0016174	7	GO:0032010	3	6	0.0306122448979592	1.11338717756672e-12	1.98712611540117	NAD(P)H oxidase H2O2-forming activity	phagolysosome
GO:0099604	5	GO:1904062	5	6	0.0306122448979592	1.11338717756672e-12	1.98712611540117	ligand-gated calcium channel activity	regulation of monoatomic cation transmembrane transport
GO:0098888	3	GO:2000427	3	6	0.0307142857142857	1.13574202639128e-12	1.98694466714957	extrinsic component of presynaptic membrane	positive regulation of apoptotic cell clearance
GO:0004117	10	GO:0005222	9	6	0.0307142857142857	1.13574202659151e-12	1.98694466714957	calmodulin-activated dual specificity 3',5'-cyclic-GMP, 3',5'-cyclic-AMP phosphodiesterase activity	intracellularly cAMP-activated cation channel activity
GO:0005222	9	GO:0048101	10	6	0.0307142857142857	1.13574202659151e-12	1.98694466714957	intracellularly cAMP-activated cation channel activity	calmodulin-activated 3',5'-cyclic-GMP phosphodiesterase activity
GO:0031860	3	GO:0061820	7	6	0.030765306122449	1.1470586910724e-12	1.98685396013651	telomeric 3' overhang formation	telomeric D-loop disassembly
GO:0006729	7	GO:0033076	1	6	0.0307908163265306	1.15273260455219e-12	1.9868086109069	tetrahydrobiopterin biosynthetic process	isoquinoline alkaloid metabolic process
GO:0016560	3	GO:0140036	4	6	0.0308418367346939	1.16420946341538e-12	1.98671792099976	protein import into peroxisome matrix, docking	ubiquitin-modified protein reader activity
GO:0044721	3	GO:0140036	4	6	0.0308418367346939	1.16420946341538e-12	1.98671792099976	protein import into peroxisome matrix, substrate release	ubiquitin-modified protein reader activity
GO:0008948	4	GO:1990204	6	6	0.0308673469387755	1.16997356969657e-12	1.98667258032151	oxaloacetate decarboxylase activity	oxidoreductase complex
GO:0009258	3	GO:0035999	6	6	0.0310204081632653	1.20505906158032e-12	1.98640059608385	10-formyltetrahydrofolate catabolic process	tetrahydrofolate interconversion
GO:0006650	5	GO:0019563	4	6	0.0310714285714286	1.21694690647121e-12	1.98630995745579	glycerophospholipid metabolic process	glycerol catabolic process
GO:0006702	3	GO:0032052	6	6	0.0310714285714286	1.21694690647121e-12	1.98630995745579	androgen biosynthetic process	bile acid binding
GO:0030300	2	GO:0045833	3	6	0.0310714285714286	1.2115481568952e-12	1.98630995745579	regulation of intestinal cholesterol absorption	negative regulation of lipid metabolic process
GO:0045833	2	GO:0060228	3	6	0.0310714285714286	1.2115481568952e-12	1.98630995745579	negative regulation of lipid metabolic process	phosphatidylcholine-sterol O-acyltransferase activator activity
GO:0008532	5	GO:0106402	2	6	0.0310714285714286	1.21694690647058e-12	1.98630995745579	N-acetyllactosaminide beta-1,3-N-acetylglucosaminyltransferase activity	Lewis x epitope biosynthetic process
GO:0005579	7	GO:0110097	3	6	0.0310714285714286	1.21694690647121e-12	1.98630995745579	membrane attack complex	regulation of calcium import into the mitochondrion
GO:0003865	3	GO:0032052	6	6	0.0310714285714286	1.21694690647121e-12	1.98630995745579	3-oxo-5-alpha-steroid 4-dehydrogenase activity	bile acid binding
GO:0032052	6	GO:0047751	3	6	0.0310714285714286	1.21694690647121e-12	1.98630995745579	bile acid binding	3-oxo-5-alpha-steroid 4-dehydrogenase (NADP+) activity
GO:0003323	9	GO:0038098	3	6	0.0311224489795918	1.22893214290412e-12	1.98621933021521	type B pancreatic cell development	sequestering of BMP from receptor via BMP binding
GO:0086010	6	GO:0086012	6	6	0.0311479591836735	1.23496148134416e-12	1.98617402086433	membrane depolarization during action potential	membrane depolarization during cardiac muscle cell action potential
GO:0004488	4	GO:0006740	3	6	0.0311734693877551	1.24101540612911e-12	1.98612871435925	methylenetetrahydrofolate dehydrogenase (NADP+) activity	NADPH regeneration
GO:0036462	5	GO:0097527	3	6	0.0311734693877551	1.24101540612911e-12	1.98612871435925	TRAIL-activated apoptotic signaling pathway	necroptotic signaling pathway
GO:0044599	4	GO:1905037	4	6	0.0312244897959184	1.25319733447915e-12	1.98603810988504	AP-5 adaptor complex	autophagosome organization
GO:0008484	5	GO:0046479	8	6	0.03125	1.25932549840047e-12	1.9859928119152	sulfuric ester hydrolase activity	glycosphingolipid catabolic process
GO:0051388	3	GO:0099577	3	6	0.03125	1.25932549816257e-12	1.9859928119152	positive regulation of neurotrophin TRK receptor signaling pathway	regulation of translation at presynapse, modulating synaptic transmission
GO:0060754	4	GO:0097491	4	6	0.03125	1.25932549840047e-12	1.9859928119152	positive regulation of mast cell chemotaxis	sympathetic neuron projection guidance
GO:0060754	4	GO:1901166	4	6	0.03125	1.25932549840047e-12	1.9859928119152	positive regulation of mast cell chemotaxis	neural crest cell migration involved in autonomic nervous system development
GO:0005160	8	GO:0034714	2	6	0.03125	1.25932549840047e-12	1.9859928119152	transforming growth factor beta receptor binding	type III transforming growth factor beta receptor binding
GO:0033693	3	GO:0035617	4	6	0.0313775510204082	1.2903415400577e-12	1.98576636472438	neurofilament bundle assembly	stress granule disassembly
GO:0042297	5	GO:0072553	4	6	0.0313775510204082	1.2903415400577e-12	1.98576636472438	vocal learning	terminal button organization
GO:0016263	3	GO:1990743	3	6	0.0313775510204082	1.29034153980993e-12	1.98576636472438	glycoprotein-N-acetylgalactosamine 3-beta-galactosyltransferase activity	protein sialylation
GO:0016263	3	GO:0047288	3	6	0.0313775510204082	1.29034153980993e-12	1.98576636472438	glycoprotein-N-acetylgalactosamine 3-beta-galactosyltransferase activity	beta-D-galactosyl-(1->3)-N-acetyl-beta-D-galactosaminide alpha-2,3- sialyltransferase
GO:0016272	7	GO:0097255	3	6	0.0314285714285714	1.30292457423781e-12	1.98567580574862	prefoldin complex	R2TP complex
GO:0001849	5	GO:0001851	8	6	0.0314285714285714	1.30292457423781e-12	1.98567580574862	complement component C1q complex binding	complement component C3b binding
GO:0008247	3	GO:0042171	4	6	0.0314285714285714	1.30292457423781e-12	1.98567580574862	1-alkyl-2-acetylglycerophosphocholine esterase complex	lysophosphatidic acid acyltransferase activity
GO:0036305	8	GO:0090027	4	6	0.0316326530612245	1.35428233085244e-12	1.9853136834918	ameloblast differentiation	negative regulation of monocyte chemotaxis
GO:0030043	4	GO:0032233	7	6	0.0316836734693878	1.36738148384433e-12	1.98522318132488	actin filament fragmentation	positive regulation of actin filament bundle assembly
GO:0061702	6	GO:0072558	2	6	0.0317602040816327	1.38722771131436e-12	1.9850874493609	canonical inflammasome complex	NLRP1 inflammasome complex
GO:0004535	10	GO:0060212	3	6	0.0317857142857143	1.39389612324668e-12	1.98504221104786	poly(A)-specific ribonuclease activity	negative regulation of nuclear-transcribed mRNA poly(A) tail shortening
GO:0004535	10	GO:0060390	2	6	0.0317857142857143	1.39389612324668e-12	1.98504221104786	poly(A)-specific ribonuclease activity	regulation of SMAD protein signal transduction
GO:0060314	8	GO:0086036	5	6	0.0318367346938776	1.40731295864714e-12	1.98495174293205	regulation of ryanodine-sensitive calcium-release channel activity	regulation of cardiac muscle cell membrane potential
GO:0072557	2	GO:0072558	4	6	0.0318877551020408	1.42083695123631e-12	1.98486128616092	IPAF inflammasome complex	NLRP1 inflammasome complex
GO:0032511	7	GO:0061738	2	6	0.0319897959183673	1.44820968902461e-12	1.9846804066413	late endosome to vacuole transport via multivesicular body sorting pathway	late endosomal microautophagy
GO:0032511	7	GO:0061764	2	6	0.0319897959183673	1.44820968902461e-12	1.9846804066413	late endosome to vacuole transport via multivesicular body sorting pathway	late endosome to lysosome transport via multivesicular body sorting pathway
GO:0035721	10	GO:0044292	4	8	0.159795918367347	9.14897769163293e-12	1.98451441535489	intraciliary retrograde transport	dendrite terminus
GO:0005662	5	GO:0042276	8	6	0.0321428571428571	1.49009019076136e-12	1.98440917237586	DNA replication factor A complex	error-prone translesion synthesis
GO:0055119	12	GO:0098984	2	6	0.0321428571428571	1.49009019076136e-12	1.98440917237586	relaxation of cardiac muscle	neuron to neuron synapse
GO:0030905	3	GO:0098842	4	6	0.0321428571428571	1.49009019076136e-12	1.98440917237586	retromer, tubulation complex	postsynaptic early endosome
GO:0036462	5	GO:0097342	3	6	0.0323724489795918	1.55479666667003e-12	1.98400251210739	TRAIL-activated apoptotic signaling pathway	ripoptosome
GO:0140036	4	GO:1990429	3	6	0.0324234693877551	1.56948868902302e-12	1.9839121742838	ubiquitin-modified protein reader activity	peroxisomal importomer complex
GO:0006740	3	GO:0046653	4	6	0.0325	1.59174312481922e-12	1.98377668875757	NADPH regeneration	tetrahydrofolate metabolic process
GO:0034706	5	GO:1902305	7	6	0.0325	1.59174312481922e-12	1.98377668875757	sodium channel complex	regulation of sodium ion transmembrane transport
GO:0003418	3	GO:0035721	10	7	0.0964285714285714	1.4138087112222e-11	1.98376597347418	growth plate cartilage chondrocyte differentiation	intraciliary retrograde transport
GO:0014051	4	GO:1990454	9	7	0.0964285714285714	1.4138087112222e-11	1.98376597347418	gamma-aminobutyric acid secretion	L-type voltage-gated calcium channel complex
GO:0008080	7	GO:0034087	7	7	0.0964285714285714	1.4138087112222e-11	1.98376597347418	N-acetyltransferase activity	establishment of mitotic sister chromatid cohesion
GO:0034354	6	GO:0047315	2	6	0.0325255102040816	1.59921933771298e-12	1.98373153256985	'de novo' NAD biosynthetic process from L-tryptophan	kynurenine-glyoxylate transaminase activity
GO:0015844	7	GO:0050803	5	6	0.0325510204081633	1.60672473517998e-12	1.98368637920873	monoamine transport	regulation of synapse structure or activity
GO:0030300	2	GO:0060230	4	6	0.0325510204081633	1.60672462538126e-12	1.98368637920873	regulation of intestinal cholesterol absorption	lipoprotein lipase activator activity
GO:0019829	8	GO:1903288	3	6	0.0325510204081633	1.60672473517998e-12	1.98368637920873	ATPase-coupled monoatomic cation transmembrane transporter activity	positive regulation of potassium ion import across plasma membrane
GO:0005579	7	GO:0090324	3	6	0.0325510204081633	1.60672473517998e-12	1.98368637920873	membrane attack complex	negative regulation of oxidative phosphorylation
GO:0006287	9	GO:0033194	2	6	0.0326020408163265	1.6218234471239e-12	1.98359608096483	base-excision repair, gap-filling	response to hydroperoxide
GO:0022407	10	GO:0042813	12	9	0.224489795918367	3.26100630718041e-12	1.98350579402304	regulation of cell-cell adhesion	Wnt receptor activity
GO:0048846	9	GO:0060666	3	6	0.0326530612244898	1.63703998933503e-12	1.98350579402304	axon extension involved in axon guidance	dichotomous subdivision of terminal units involved in salivary gland branching
GO:0042043	12	GO:0090129	4	6	0.0326530612244898	1.63703998933503e-12	1.98350579402304	neurexin family protein binding	positive regulation of synapse maturation
GO:0006089	4	GO:0160157	3	6	0.0328316326530612	1.69123640005486e-12	1.98318987869012	lactate metabolic process	branched-chain alpha-ketoacid dehydrogenase complex
GO:0006089	4	GO:0047101	3	6	0.0328316326530612	1.69123640005486e-12	1.98318987869012	lactate metabolic process	branched-chain alpha-keto acid dehydrogenase activity
GO:0015670	10	GO:0030492	4	6	0.0328316326530612	1.69123640005486e-12	1.98318987869012	carbon dioxide transport	hemoglobin binding
GO:0010248	10	GO:0097450	4	6	0.0328571428571429	1.69909915279784e-12	1.98314475922049	establishment or maintenance of transmembrane electrochemical gradient	astrocyte end-foot
GO:0032957	3	GO:0034485	6	6	0.0328571428571429	1.69909915279784e-12	1.98314475922049	inositol trisphosphate metabolic process	phosphatidylinositol-3,4,5-trisphosphate 5-phosphatase activity
GO:0021817	3	GO:0051664	5	6	0.0328571428571429	1.69909915279784e-12	1.98314475922049	nucleokinesis involved in cell motility in cerebral cortex radial glia guided migration	nuclear pore localization
GO:0008247	3	GO:0047184	4	6	0.0328571428571429	1.69909915279784e-12	1.98314475922049	1-alkyl-2-acetylglycerophosphocholine esterase complex	1-acylglycerophosphocholine O-acyltransferase activity
GO:0004117	10	GO:0050917	5	6	0.0329081632653061	1.71491589501426e-12	1.98305452874687	calmodulin-activated dual specificity 3',5'-cyclic-GMP, 3',5'-cyclic-AMP phosphodiesterase activity	sensory perception of umami taste
GO:0048101	10	GO:0050917	5	6	0.0329081632653061	1.71491589501426e-12	1.98305452874687	calmodulin-activated 3',5'-cyclic-GMP phosphodiesterase activity	sensory perception of umami taste
GO:0022900	7	GO:0042361	5	6	0.0329591836734694	1.7308549107907e-12	1.9829643095584	electron transport chain	menaquinone catabolic process
GO:0001574	9	GO:0030209	4	6	0.0330612244897959	1.76310277650533e-12	1.98278390502565	ganglioside biosynthetic process	dermatan sulfate proteoglycan catabolic process
GO:0002690	8	GO:0086100	5	6	0.0330612244897959	1.76310277650533e-12	1.98278390502565	positive regulation of leukocyte chemotaxis	endothelin receptor signaling pathway
GO:0016717	3	GO:0042761	12	6	0.0331632653061225	1.79584881141408e-12	1.98260354559967	oxidoreductase activity, acting on paired donors, with oxidation of a pair of donors resulting in the reduction of molecular oxygen to two molecules of water	very long-chain fatty acid biosynthetic process
GO:0099530	2	GO:2001256	11	6	0.0331632653061225	1.79584881141408e-12	1.98260354559967	G protein-coupled receptor activity involved in regulation of postsynaptic membrane potential	regulation of store-operated calcium entry
GO:0099583	2	GO:2001256	11	6	0.0331632653061225	1.79584881141408e-12	1.98260354559967	neurotransmitter receptor activity involved in regulation of postsynaptic cytosolic calcium ion concentration	regulation of store-operated calcium entry
GO:0060228	3	GO:0060230	3	6	0.0332142857142857	1.81241055124136e-12	1.98251338279467	phosphatidylcholine-sterol O-acyltransferase activator activity	lipoprotein lipase activator activity
GO:0010916	4	GO:0030300	2	6	0.0332908163265306	1.83749109520583e-12	1.98237815971424	negative regulation of very-low-density lipoprotein particle clearance	regulation of intestinal cholesterol absorption
GO:0048263	5	GO:0060485	4	6	0.0332908163265306	1.8374912295277e-12	1.98237815971424	determination of dorsal identity	mesenchyme development
GO:0048263	5	GO:1905312	3	6	0.0332908163265306	1.8374912295277e-12	1.98237815971424	determination of dorsal identity	positive regulation of cardiac neural crest cell migration involved in outflow tract morphogenesis
GO:0009247	6	GO:0017083	6	7	0.0975	1.52607625388345e-11	1.98212840745775	glycolipid biosynthetic process	4-galactosyl-N-acetylglucosaminide 3-alpha-L-fucosyltransferase activity
GO:0009247	6	GO:0046920	6	7	0.0975	1.52607625388345e-11	1.98212840745775	glycolipid biosynthetic process	alpha-(1->3)-fucosyltransferase activity
GO:0004087	2	GO:0006537	4	6	0.0334438775510204	1.88851909065876e-12	1.98210778957598	carbamoyl-phosphate synthase (ammonia) activity	glutamate biosynthetic process
GO:0004088	2	GO:0006537	4	6	0.0334438775510204	1.88851909065876e-12	1.98210778957598	carbamoyl-phosphate synthase (glutamine-hydrolyzing) activity	glutamate biosynthetic process
GO:0034089	4	GO:0034421	3	6	0.0334438775510204	1.88851923062282e-12	1.98210778957598	establishment of meiotic sister chromatid cohesion	post-translational protein acetylation
GO:0008046	10	GO:0048495	6	6	0.0334438775510204	1.88851923062282e-12	1.98210778957598	axon guidance receptor activity	Roundabout binding
GO:0019871	6	GO:0050915	9	6	0.033469387755102	1.89713737970306e-12	1.98206273773694	sodium channel inhibitor activity	sensory perception of sour taste
GO:0038203	5	GO:0045792	4	6	0.0336734693877551	1.96726757518045e-12	1.98170242428268	TORC2 signaling	negative regulation of cell size
GO:0004972	5	GO:0099604	5	6	0.0336734693877551	1.96726757518045e-12	1.98170242428268	NMDA glutamate receptor activity	ligand-gated calcium channel activity
GO:0021532	4	GO:0036038	11	8	0.161938775510204	1.01584673451373e-11	1.98162984559091	neural tube patterning	MKS complex
GO:0006097	2	GO:0006101	4	6	0.03375	1.9941159498947e-12	1.98156735312407	glyoxylate cycle	citrate metabolic process
GO:0004450	2	GO:0006101	4	6	0.03375	1.9941159498947e-12	1.98156735312407	isocitrate dehydrogenase (NADP+) activity	citrate metabolic process
GO:0004510	2	GO:0019441	5	6	0.03375	1.99411610177687e-12	1.98156735312407	tryptophan 5-monooxygenase activity	L-tryptophan catabolic process to kynurenine
GO:0001827	3	GO:0046621	6	6	0.0338265306122449	2.02126868715765e-12	1.98143230725258	inner cell mass cell fate commitment	negative regulation of organ growth
GO:0035590	9	GO:0098878	2	6	0.0338265306122449	2.02126868715765e-12	1.98143230725258	purinergic nucleotide receptor signaling pathway	neurotransmitter receptor complex
GO:0022824	2	GO:0035590	9	6	0.0338265306122449	2.02126868715765e-12	1.98143230725258	transmitter-gated monoatomic ion channel activity	purinergic nucleotide receptor signaling pathway
GO:0050942	2	GO:0099078	8	6	0.0338265306122449	2.02126868715765e-12	1.98143230725258	positive regulation of pigment cell differentiation	BORC complex
GO:0005313	10	GO:0008504	8	6	0.0338265306122449	2.02126868715765e-12	1.98143230725258	L-glutamate transmembrane transporter activity	monoamine transmembrane transporter activity
GO:1990247	9	GO:1990931	2	6	0.0338265306122449	2.02126868715765e-12	1.98143230725258	N6-methyladenosine-containing RNA reader activity	mRNA N6-methyladenosine dioxygenase activity
GO:0006820	6	GO:0015853	5	6	0.0339795918367347	2.07649700892427e-12	1.98116229133311	monoatomic anion transport	adenine transport
GO:0034384	4	GO:0060228	3	6	0.0339795918367347	2.07649700892427e-12	1.98116229133311	high-density lipoprotein particle clearance	phosphatidylcholine-sterol O-acyltransferase activator activity
GO:0006817	7	GO:0051610	7	6	0.0339795918367347	2.07649700892427e-12	1.98116229133311	phosphate ion transport	serotonin uptake
GO:0050914	4	GO:0061337	6	6	0.034030612244898	2.09518297978625e-12	1.98107230848257	sensory perception of salty taste	cardiac conduction
GO:0051664	5	GO:0090292	3	6	0.034030612244898	2.09518297978625e-12	1.98107230848257	nuclear pore localization	nuclear matrix anchoring at nuclear membrane
GO:0006751	7	GO:0097069	2	6	0.034030612244898	2.09518297978625e-12	1.98107230848257	glutathione catabolic process	cellular response to thyroxine stimulus
GO:0045823	8	GO:1903288	3	6	0.034030612244898	2.09518297978625e-12	1.98107230848257	positive regulation of heart contraction	positive regulation of potassium ion import across plasma membrane
GO:0006751	7	GO:0017109	2	6	0.034030612244898	2.09518297978625e-12	1.98107230848257	glutathione catabolic process	glutamate-cysteine ligase complex
GO:0004357	2	GO:0006751	7	6	0.034030612244898	2.09518297978625e-12	1.98107230848257	glutamate-cysteine ligase activity	glutathione catabolic process
GO:0008299	10	GO:1904423	2	6	0.0340561224489796	2.10457827856572e-12	1.98102732126621	isoprenoid biosynthetic process	dehydrodolichyl diphosphate synthase complex
GO:0008299	10	GO:0045547	2	6	0.0340561224489796	2.10457827856572e-12	1.98102732126621	isoprenoid biosynthetic process	ditrans,polycis-polyprenyl diphosphate synthase [(2E,6E)-farnesyl diphosphate specific] activity
GO:0006706	3	GO:0008395	7	6	0.0341836734693878	2.15208206173694e-12	1.98080242725957	steroid catabolic process	steroid hydroxylase activity
GO:0032237	4	GO:0034703	9	6	0.034234693877551	2.17133159342945e-12	1.98071248928546	activation of store-operated calcium channel activity	cation channel complex
GO:0016556	8	GO:1990931	2	6	0.0342602040816327	2.18100992603416e-12	1.98066752450312	mRNA modification	mRNA N6-methyladenosine dioxygenase activity
GO:0050942	2	GO:0051036	9	6	0.0342602040816327	2.18100992603416e-12	1.98066752450312	positive regulation of pigment cell differentiation	regulation of endosome size
GO:0050942	2	GO:0062196	9	6	0.0342602040816327	2.18100992603416e-12	1.98066752450312	positive regulation of pigment cell differentiation	regulation of lysosome size
GO:0010916	3	GO:0060228	3	6	0.0342857142857143	2.19072410988992e-12	1.98062256252346	negative regulation of very-low-density lipoprotein particle clearance	phosphatidylcholine-sterol O-acyltransferase activator activity
GO:0008532	5	GO:1903037	3	6	0.0342857142857143	2.19072411048948e-12	1.98062256252346	N-acetyllactosaminide beta-1,3-N-acetylglucosaminyltransferase activity	regulation of leukocyte cell-cell adhesion
GO:0008532	5	GO:0017060	2	6	0.0342857142857143	2.19072411048761e-12	1.98062256252346	N-acetyllactosaminide beta-1,3-N-acetylglucosaminyltransferase activity	3-galactosyl-N-acetylglucosaminide 4-alpha-L-fucosyltransferase activity
GO:0016015	6	GO:0042487	4	7	0.0985714285714286	1.64586680910301e-11	1.98049455054079	morphogen activity	regulation of odontogenesis of dentin-containing tooth
GO:0047676	9	GO:0090557	8	6	0.0344132653061225	2.23983652161721e-12	1.98039779465312	arachidonate-CoA ligase activity	establishment of endothelial intestinal barrier
GO:0003272	9	GO:0048495	6	6	0.0344132653061225	2.23983652161721e-12	1.98039779465312	endocardial cushion formation	Roundabout binding
GO:0006689	7	GO:0008484	5	6	0.0344387755102041	2.24976804709179e-12	1.9803528494822	ganglioside catabolic process	sulfuric ester hydrolase activity
GO:0014701	7	GO:0014809	4	6	0.034515306122449	2.27978263747204e-12	1.98021803076946	junctional sarcoplasmic reticulum membrane	regulation of skeletal muscle contraction by regulation of release of sequestered calcium ion
GO:0048729	3	GO:1990743	3	6	0.034515306122449	2.27978263683123e-12	1.98021803076946	tissue morphogenesis	protein sialylation
GO:0047288	3	GO:0048729	3	6	0.034515306122449	2.27978263683123e-12	1.98021803076946	beta-D-galactosyl-(1->3)-N-acetyl-beta-D-galactosaminide alpha-2,3- sialyltransferase	tissue morphogenesis
GO:0005916	5	GO:0071681	2	6	0.034515306122449	2.27978263747003e-12	1.98021803076946	fascia adherens	cellular response to indole-3-methanol
GO:0003829	3	GO:1990743	3	6	0.034515306122449	2.27978263683123e-12	1.98021803076946	beta-1,3-galactosyl-O-glycosyl-glycoprotein beta-1,6-N-acetylglucosaminyltransferase activity	protein sialylation
GO:0030125	7	GO:0032050	7	6	0.034515306122449	2.27978263747204e-12	1.98021803076946	clathrin vesicle coat	clathrin heavy chain binding
GO:0035617	4	GO:0099160	4	6	0.034515306122449	2.27978263747204e-12	1.98021803076946	stress granule disassembly	postsynaptic intermediate filament cytoskeleton
GO:0003829	3	GO:0047288	3	6	0.034515306122449	2.27978263683123e-12	1.98021803076946	beta-1,3-galactosyl-O-glycosyl-glycoprotein beta-1,6-N-acetylglucosaminyltransferase activity	beta-D-galactosyl-(1->3)-N-acetyl-beta-D-galactosaminide alpha-2,3- sialyltransferase
GO:0032042	3	GO:0061700	8	6	0.0346173469387755	2.32031948336214e-12	1.98003831167281	mitochondrial DNA metabolic process	GATOR2 complex
GO:0045046	5	GO:0060152	2	6	0.0346173469387755	2.32031948336006e-12	1.98003831167281	protein import into peroxisome membrane	microtubule-based peroxisome localization
GO:0004300	3	GO:0006552	5	6	0.0346938775510204	2.35111395901346e-12	1.97990355172838	enoyl-CoA hydratase activity	L-leucine catabolic process
GO:0042043	9	GO:0097104	4	6	0.0346938775510204	2.35111395901345e-12	1.97990355172838	neurexin family protein binding	postsynaptic membrane assembly
GO:0000172	8	GO:0003857	4	7	0.0989795918367347	1.69356570827669e-11	1.97987310099088	ribonuclease MRP complex	3-hydroxyacyl-CoA dehydrogenase activity
GO:0006702	3	GO:0044597	6	6	0.0347704081632653	2.38224757638514e-12	1.97976881695469	androgen biosynthetic process	daunorubicin metabolic process
GO:0003865	3	GO:0044597	6	6	0.0347704081632653	2.38224757638514e-12	1.97976881695469	3-oxo-5-alpha-steroid 4-dehydrogenase activity	daunorubicin metabolic process
GO:0044597	6	GO:0047751	3	6	0.0347704081632653	2.38224757638514e-12	1.97976881695469	daunorubicin metabolic process	3-oxo-5-alpha-steroid 4-dehydrogenase (NADP+) activity
GO:0042446	10	GO:0042743	4	6	0.0347959183673469	2.39270132659814e-12	1.97972391095533	hormone biosynthetic process	hydrogen peroxide metabolic process
GO:0004897	3	GO:0046888	9	6	0.0347959183673469	2.39270132659814e-12	1.97972391095533	ciliary neurotrophic factor receptor activity	negative regulation of hormone secretion
GO:0010025	3	GO:0052650	7	6	0.0348214285714286	2.4031931996724e-12	1.97967900775133	wax biosynthetic process	all-trans-retinol dehydrogenase (NADP+) activity
GO:0021775	3	GO:0072205	8	6	0.0348214285714286	2.4031931996724e-12	1.97967900775133	smoothened signaling pathway involved in ventral spinal cord interneuron specification	metanephric collecting duct development
GO:0030160	4	GO:0097120	5	6	0.0348214285714286	2.4031931996724e-12	1.97967900775133	synaptic receptor adaptor activity	receptor localization to synapse
GO:0006047	5	GO:0019262	6	6	0.0348979591836735	2.43489866474424e-12	1.97954431490798	UDP-N-acetylglucosamine metabolic process	N-acetylneuraminate catabolic process
GO:0004993	9	GO:0051610	7	6	0.0348979591836735	2.43489866474424e-12	1.97954431490798	G protein-coupled serotonin receptor activity	serotonin uptake
GO:0005883	10	GO:1990049	3	6	0.0348979591836735	2.43489866474424e-12	1.97954431490798	neurofilament	retrograde neuronal dense core vesicle transport
GO:0004488	3	GO:0046653	3	6	0.0348979591836735	2.43489866402898e-12	1.97954431490798	methylenetetrahydrofolate dehydrogenase (NADP+) activity	tetrahydrofolate metabolic process
GO:0009072	3	GO:0019441	5	6	0.035	2.47771308438258e-12	1.97936476356407	aromatic amino acid metabolic process	L-tryptophan catabolic process to kynurenine
GO:0008417	9	GO:0047223	3	7	0.0993367346938775	1.73626525217845e-11	1.9793297714722	fucosyltransferase activity	beta-1,3-galactosyl-O-glycosyl-glycoprotein beta-1,3-N-acetylglucosaminyltransferase activity
GO:0060754	4	GO:0097490	5	6	0.0350765306122449	2.51023317121163e-12	1.97923012937938	positive regulation of mast cell chemotaxis	sympathetic neuron projection extension
GO:0001828	3	GO:0046621	6	6	0.0351275510204082	2.53210981249222e-12	1.97914038721449	inner cell mass cellular morphogenesis	negative regulation of organ growth
GO:0005003	5	GO:0022407	9	6	0.0351275510204082	2.53210981249223e-12	1.97914038721449	ephrin receptor activity	regulation of cell-cell adhesion
GO:0032463	2	GO:0140288	6	6	0.0351275510204082	2.53210981249222e-12	1.97914038721449	negative regulation of protein homooligomerization	GBAF complex
GO:0006704	5	GO:0030540	6	6	0.0351530612244898	2.54310744835302e-12	1.97909552031848	glucocorticoid biosynthetic process	female genitalia development
GO:0030125	9	GO:2000369	5	6	0.0351530612244898	2.54310744835303e-12	1.97909552031848	clathrin vesicle coat	regulation of clathrin-dependent endocytosis
GO:0005335	3	GO:0055062	9	6	0.0351530612244898	2.54310744835303e-12	1.97909552031848	serotonin:sodium:chloride symporter activity	phosphate ion homeostasis
GO:0006734	2	GO:0009435	9	6	0.0352040816326531	2.56522191995198e-12	1.97900579489757	NADH metabolic process	NAD biosynthetic process
GO:0016263	3	GO:0097503	7	6	0.0352040816326531	2.56522191995198e-12	1.97900579489757	glycoprotein-N-acetylgalactosamine 3-beta-galactosyltransferase activity	sialylation
GO:0006081	6	GO:0016805	3	6	0.0352040816326531	2.56522191995198e-12	1.97900579489757	aldehyde metabolic process	dipeptidase activity
GO:0002291	4	GO:0021637	6	6	0.0353571428571429	2.6325271820104e-12	1.97873668557886	T cell activation via T cell receptor contact with antigen bound to MHC molecule on antigen presenting cell	trigeminal nerve structural organization
GO:0006000	7	GO:0071279	3	6	0.0353571428571429	2.6325271820104e-12	1.97873668557886	fructose metabolic process	cellular response to cobalt ion
GO:0002950	2	GO:0030149	9	6	0.0353571428571429	2.6325271820104e-12	1.97873668557886	ceramide phosphoethanolamine synthase activity	sphingolipid catabolic process
GO:0030149	9	GO:0033188	2	6	0.0353571428571429	2.6325271820104e-12	1.97873668557886	sphingolipid catabolic process	sphingomyelin synthase activity
GO:0030149	9	GO:0047493	2	6	0.0353571428571429	2.6325271820104e-12	1.97873668557886	sphingolipid catabolic process	ceramide cholinephosphotransferase activity
GO:0005160	9	GO:0030897	13	8	0.164158163265306	1.13048825044252e-11	1.97865436621478	transforming growth factor beta receptor binding	HOPS complex
GO:1990130	5	GO:1990253	9	8	0.164234693877551	1.13463436359675e-11	1.97855198206579	GATOR1 complex	cellular response to leucine starvation
GO:0001963	10	GO:0015844	7	7	0.0998979591836735	1.80522048510255e-11	1.97847679392321	synaptic transmission, dopaminergic	monoamine transport
GO:0000958	2	GO:0071034	3	6	0.0355102040816327	2.68759996900616e-12	1.9784676766179	mitochondrial mRNA catabolic process	CUT catabolic process
GO:0000962	2	GO:0071034	3	6	0.0355102040816327	2.68759996900616e-12	1.9784676766179	positive regulation of mitochondrial RNA catabolic process	CUT catabolic process
GO:0006702	3	GO:0044598	7	6	0.0355102040816327	2.70129461546283e-12	1.9784676766179	androgen biosynthetic process	doxorubicin metabolic process
GO:0010641	2	GO:0030195	7	6	0.0355102040816327	2.70129461546283e-12	1.9784676766179	positive regulation of platelet-derived growth factor receptor signaling pathway	negative regulation of blood coagulation
GO:0030195	7	GO:1905286	2	6	0.0355102040816327	2.70129461546283e-12	1.9784676766179	negative regulation of blood coagulation	serine-type peptidase complex
GO:0031402	8	GO:1903288	3	6	0.0355102040816327	2.70129461546283e-12	1.9784676766179	sodium ion binding	positive regulation of potassium ion import across plasma membrane
GO:0005579	7	GO:0034982	6	6	0.0355102040816327	2.70129461546283e-12	1.9784676766179	membrane attack complex	mitochondrial protein processing
GO:0045025	2	GO:0071034	3	6	0.0355102040816327	2.68759996900616e-12	1.9784676766179	mitochondrial degradosome	CUT catabolic process
GO:0003865	3	GO:0044598	7	6	0.0355102040816327	2.70129461546283e-12	1.9784676766179	3-oxo-5-alpha-steroid 4-dehydrogenase activity	doxorubicin metabolic process
GO:0044598	7	GO:0047751	3	6	0.0355102040816327	2.70129461546283e-12	1.9784676766179	doxorubicin metabolic process	3-oxo-5-alpha-steroid 4-dehydrogenase (NADP+) activity
GO:0022900	7	GO:0042376	6	6	0.0355612244897959	2.72454636829985e-12	1.97837802925304	electron transport chain	phylloquinone catabolic process
GO:0034380	2	GO:0042627	7	6	0.0355612244897959	2.72454636829985e-12	1.97837802925304	high-density lipoprotein particle assembly	chylomicron
GO:0009165	6	GO:0017136	3	6	0.0355867346938776	2.73623451205952e-12	1.97833320974819	nucleotide biosynthetic process	histone deacetylase activity, NAD-dependent
GO:0051538	2	GO:0099128	4	6	0.0355867346938776	2.73623426775985e-12	1.97833320974819	3 iron, 4 sulfur cluster binding	mitochondrial [2Fe-2S] assembly complex
GO:0098843	5	GO:2000311	13	7	0.100051020408163	1.82442709512624e-11	1.978244338627	postsynaptic endocytic zone	regulation of AMPA receptor activity
GO:0031630	7	GO:0061669	6	6	0.0357142857142857	2.79530263492239e-12	1.97810915398604	regulation of synaptic vesicle fusion to presynaptic active zone membrane	spontaneous neurotransmitter secretion
GO:0089720	10	GO:0140608	6	7	0.100178571428571	1.84056557340502e-11	1.97805068308598	caspase binding	cysteine-type endopeptidase activator activity
GO:0002178	3	GO:0006686	9	6	0.0358163265306122	2.84331715913333e-12	1.97792995947004	palmitoyltransferase complex	sphingomyelin biosynthetic process
GO:0006689	7	GO:0046477	2	6	0.0358163265306122	2.84331715913333e-12	1.97792995947004	ganglioside catabolic process	glycosylceramide catabolic process
GO:0034384	5	GO:0055090	3	6	0.0358163265306122	2.84331715913333e-12	1.97792995947004	high-density lipoprotein particle clearance	acylglycerol homeostasis
GO:0032038	2	GO:0055003	6	6	0.0358163265306122	2.84331715913333e-12	1.97792995947004	myosin II heavy chain binding	cardiac myofibril assembly
GO:0030991	7	GO:0060434	2	6	0.0358163265306122	2.84331715913333e-12	1.97792995947004	intraciliary transport particle A	bronchus morphogenesis
GO:0008504	8	GO:0044341	7	6	0.0358163265306122	2.84331715913333e-12	1.97792995947004	monoamine transmembrane transporter activity	sodium-dependent phosphate transport
GO:0005436	7	GO:0008504	8	6	0.0358163265306122	2.84331715913333e-12	1.97792995947004	sodium:phosphate symporter activity	monoamine transmembrane transporter activity
GO:0034472	7	GO:0090435	7	6	0.0358673469387755	2.86758039818204e-12	1.97784037890235	snRNA 3'-end processing	protein localization to nuclear envelope
GO:0034663	6	GO:0034975	5	6	0.0358673469387755	2.86758039818204e-12	1.97784037890235	endoplasmic reticulum chaperone complex	protein folding in endoplasmic reticulum
GO:0005663	4	GO:0008311	5	6	0.0358673469387755	2.86758039818204e-12	1.97784037890235	DNA replication factor C complex	double-stranded DNA 3'-5' DNA exonuclease activity
GO:0036481	2	GO:0070016	6	6	0.0358928571428571	2.87977643379026e-12	1.97779559278987	intrinsic apoptotic signaling pathway in response to hydrogen peroxide	armadillo repeat domain binding
GO:0002291	4	GO:0021785	7	6	0.0359183673469388	2.8920155748334e-12	1.97775080945784	T cell activation via T cell receptor contact with antigen bound to MHC molecule on antigen presenting cell	branchiomotor neuron axon guidance
GO:0016212	3	GO:0019805	4	6	0.0359183673469388	2.8920155748334e-12	1.97775080945784	kynurenine-oxoglutarate transaminase activity	quinolinate biosynthetic process
GO:0042043	12	GO:0051490	2	6	0.0359183673469388	2.8920155748334e-12	1.97775080945784	neurexin family protein binding	negative regulation of filopodium assembly
GO:0004579	5	GO:0005784	2	6	0.0359183673469388	2.89201557483029e-12	1.97775080945784	dolichyl-diphosphooligosaccharide-protein glycotransferase activity	Sec61 translocon complex
GO:0016212	3	GO:0033353	4	6	0.0359183673469388	2.8920155748334e-12	1.97775080945784	kynurenine-oxoglutarate transaminase activity	S-adenosylmethionine cycle
GO:0042043	12	GO:0098919	3	6	0.0359183673469388	2.8920155748334e-12	1.97775080945784	neurexin family protein binding	structural constituent of postsynaptic density
GO:0031588	3	GO:0061700	8	6	0.0361224489795918	2.9914951144726e-12	1.97739264285642	nucleotide-activated protein kinase complex	GATOR2 complex
GO:0006182	11	GO:0008048	5	6	0.0362244897959184	3.04229191832134e-12	1.97721362622305	cGMP biosynthetic process	calcium sensitive guanylate cyclase activator activity
GO:0006729	7	GO:0042418	2	6	0.0362244897959184	3.04229191832134e-12	1.97721362622305	tetrahydrobiopterin biosynthetic process	epinephrine biosynthetic process
GO:0045006	3	GO:0071034	2	6	0.03625	3.03929176984247e-12	1.97716887900549	DNA deamination	CUT catabolic process
GO:0021828	5	GO:0060754	4	6	0.0363520408163265	3.1067946828684e-12	1.97698991788804	gonadotrophin-releasing hormone neuronal migration to the hypothalamus	positive regulation of mast cell chemotaxis
GO:0004439	7	GO:0046934	2	6	0.0363520408163265	3.1067946828684e-12	1.97698991788804	phosphatidylinositol-4,5-bisphosphate 5-phosphatase activity	1-phosphatidylinositol-4,5-bisphosphate 3-kinase activity
GO:0010837	5	GO:0140288	6	6	0.0364285714285714	3.14603928667446e-12	1.97685572618076	regulation of keratinocyte proliferation	GBAF complex
GO:0008532	5	GO:0036071	3	6	0.0364285714285714	3.14603928667446e-12	1.97685572618076	N-acetyllactosaminide beta-1,3-N-acetylglucosaminyltransferase activity	N-glycan fucosylation
GO:0003906	9	GO:0032357	3	6	0.0364285714285714	3.14603928667446e-12	1.97685572618076	DNA-(apurinic or apyrimidinic site) endonuclease activity	oxidized purine DNA binding
GO:0000098	2	GO:0006090	8	6	0.0364795918367347	3.17243068375125e-12	1.97676627890921	sulfur amino acid catabolic process	pyruvate metabolic process
GO:0006090	8	GO:0009440	2	6	0.0364795918367347	3.17243068375125e-12	1.97676627890921	pyruvate metabolic process	cyanate catabolic process
GO:0006090	8	GO:0016784	2	6	0.0364795918367347	3.17243068375125e-12	1.97676627890921	pyruvate metabolic process	3-mercaptopyruvate sulfurtransferase activity
GO:0033218	3	GO:0047035	6	6	0.0364795918367347	3.17243068375125e-12	1.97676627890921	amide binding	testosterone dehydrogenase (NAD+) activity
GO:0005528	6	GO:0014701	7	6	0.0366071428571429	3.2392157337474e-12	1.97654270924356	FK506 binding	junctional sarcoplasmic reticulum membrane
GO:0009165	6	GO:0032041	3	6	0.036734693877551	3.30716580930654e-12	1.97631920884814	nucleotide biosynthetic process	histone H3K14 deacetylase activity, NAD-dependent
GO:0009165	6	GO:0034979	3	6	0.036734693877551	3.30716580930654e-12	1.97631920884814	nucleotide biosynthetic process	NAD-dependent protein lysine deacetylase activity
GO:0009165	6	GO:0046969	3	6	0.036734693877551	3.30716580930654e-12	1.97631920884814	nucleotide biosynthetic process	histone H3K9 deacetylase activity, NAD-dependent
GO:0009165	6	GO:0046970	3	6	0.036734693877551	3.30716580930654e-12	1.97631920884814	nucleotide biosynthetic process	histone H4K16 deacetylase activity, NAD-dependent
GO:0009165	6	GO:0097372	3	6	0.036734693877551	3.30716580930654e-12	1.97631920884814	nucleotide biosynthetic process	histone H3K18 deacetylase activity, NAD-dependent
GO:0009165	6	GO:0140765	3	6	0.036734693877551	3.30716580930654e-12	1.97631920884814	nucleotide biosynthetic process	histone H3K56 deacetylase activity, NAD-dependent
GO:0009165	6	GO:0141222	3	6	0.036734693877551	3.30716580930654e-12	1.97631920884814	nucleotide biosynthetic process	histone H3K4 deacetylase activity, NAD-dependent
GO:0071420	5	GO:0098957	3	6	0.036734693877551	3.30716580930654e-12	1.97631920884814	cellular response to histamine	anterograde axonal transport of mitochondrion
GO:0004477	3	GO:0006546	3	6	0.0368367346938776	3.36237552827226e-12	1.97614045837754	methenyltetrahydrofolate cyclohydrolase activity	glycine catabolic process
GO:0004487	3	GO:0006546	3	6	0.0368367346938776	3.36237552827226e-12	1.97614045837754	methylenetetrahydrofolate dehydrogenase (NAD+) activity	glycine catabolic process
GO:0004477	3	GO:0019464	3	6	0.0368367346938776	3.36237552827226e-12	1.97614045837754	methenyltetrahydrofolate cyclohydrolase activity	glycine decarboxylation via glycine cleavage system
GO:0004487	3	GO:0019464	3	6	0.0368367346938776	3.36237552827226e-12	1.97614045837754	methylenetetrahydrofolate dehydrogenase (NAD+) activity	glycine decarboxylation via glycine cleavage system
GO:0004477	3	GO:0005960	3	6	0.0368367346938776	3.36237552827226e-12	1.97614045837754	methenyltetrahydrofolate cyclohydrolase activity	glycine cleavage complex
GO:0004487	3	GO:0005960	3	6	0.0368367346938776	3.36237552827226e-12	1.97614045837754	methylenetetrahydrofolate dehydrogenase (NAD+) activity	glycine cleavage complex
GO:0003129	6	GO:0048495	6	6	0.0368367346938776	3.3623755294983e-12	1.97614045837754	heart induction	Roundabout binding
GO:0017083	6	GO:0030259	7	7	0.101479591836735	2.01226297819751e-11	1.97607836053072	4-galactosyl-N-acetylglucosaminide 3-alpha-L-fucosyltransferase activity	lipid glycosylation
GO:0030259	7	GO:0046920	6	7	0.101479591836735	2.01226297819751e-11	1.97607836053072	lipid glycosylation	alpha-(1->3)-fucosyltransferase activity
GO:0006000	7	GO:0061729	2	6	0.0369642857142857	3.43246343839689e-12	1.97591708256042	fructose metabolic process	GDP-D-mannose biosynthetic process from fructose-6-phosphate
GO:0004032	6	GO:0006702	3	6	0.0369897959183673	3.44662576790148e-12	1.97587241569639	aldose reductase (NADPH) activity	androgen biosynthetic process
GO:0030311	5	GO:0106402	2	6	0.0369897959183673	3.44662576789718e-12	1.97587241569639	poly-N-acetyllactosamine biosynthetic process	Lewis x epitope biosynthetic process
GO:0003865	3	GO:0004032	6	6	0.0369897959183673	3.44662576790148e-12	1.97587241569639	3-oxo-5-alpha-steroid 4-dehydrogenase activity	aldose reductase (NADPH) activity
GO:0004032	6	GO:0047751	3	6	0.0369897959183673	3.44662576790148e-12	1.97587241569639	aldose reductase (NADPH) activity	3-oxo-5-alpha-steroid 4-dehydrogenase (NADP+) activity
GO:0036038	12	GO:1903348	9	9	0.230918367346939	4.18023863185089e-12	1.97581167319958	MKS complex	positive regulation of bicellular tight junction assembly
GO:0060230	4	GO:0060621	2	6	0.0370408163265306	3.47509588180119e-12	1.97578309026498	lipoprotein lipase activator activity	negative regulation of cholesterol import
GO:0060230	4	GO:0070653	2	6	0.0370408163265306	3.47509588180119e-12	1.97578309026498	lipoprotein lipase activator activity	high-density lipoprotein particle receptor binding
GO:0034475	6	GO:0071034	1	6	0.0371428571428571	3.51389203358404e-12	1.97560447257917	U4 snRNA 3'-end processing	CUT catabolic process
GO:0042974	5	GO:0140627	9	6	0.0371428571428571	3.53262410030558e-12	1.97560447257917	nuclear retinoic acid receptor binding	ubiquitin-dependent protein catabolic process via the C-end degron rule pathway
GO:0001574	9	GO:0006689	7	6	0.0371938775510204	3.56168364187745e-12	1.9755151803193	ganglioside biosynthetic process	ganglioside catabolic process
GO:0035721	10	GO:0097500	3	7	0.101938775510204	2.07603847269794e-11	1.97538353223447	intraciliary retrograde transport	receptor localization to non-motile cilium
GO:0006760	4	GO:0046654	3	6	0.0372959183673469	3.62039931371761e-12	1.97533662895194	folic acid-containing compound metabolic process	tetrahydrofolate biosynthetic process
GO:0097361	5	GO:0140021	4	6	0.0372959183673469	3.62039931371761e-12	1.97533662895194	cytosolic [4Fe-4S] assembly targeting complex	mitochondrial ADP transmembrane transport
GO:0001963	10	GO:0031891	2	7	0.102168367346939	2.10856775831728e-11	1.97503636890679	synaptic transmission, dopaminergic	type 1 vasoactive intestinal polypeptide receptor binding
GO:0001963	10	GO:0031892	2	7	0.102168367346939	2.10856775831728e-11	1.97503636890679	synaptic transmission, dopaminergic	type 2 vasoactive intestinal polypeptide receptor binding
GO:0006101	4	GO:0045242	3	6	0.0375	3.74024738231527e-12	1.9749796587502	citrate metabolic process	isocitrate dehydrogenase complex (NAD+)
GO:0004449	3	GO:0006101	4	6	0.0375	3.74024738231527e-12	1.9749796587502	isocitrate dehydrogenase (NAD+) activity	citrate metabolic process
GO:0031536	3	GO:0034087	7	6	0.0375	3.74024738231527e-12	1.9749796587502	positive regulation of exit from mitosis	establishment of mitotic sister chromatid cohesion
GO:0034087	7	GO:0035562	2	6	0.0375	3.74024738231527e-12	1.9749796587502	establishment of mitotic sister chromatid cohesion	negative regulation of chromatin binding
GO:0034380	3	GO:0045833	3	6	0.0375	3.74024738085058e-12	1.9749796587502	high-density lipoprotein particle assembly	negative regulation of lipid metabolic process
GO:0034445	2	GO:0048261	6	6	0.0375	3.74024738231527e-12	1.9749796587502	negative regulation of plasma lipoprotein oxidation	negative regulation of receptor-mediated endocytosis
GO:0008331	11	GO:0060024	2	6	0.0375	3.74024738231527e-12	1.9749796587502	high voltage-gated calcium channel activity	rhythmic synaptic transmission
GO:0030896	5	GO:0097681	5	6	0.0375	3.74024738231527e-12	1.9749796587502	checkpoint clamp complex	double-strand break repair via alternative nonhomologous end joining
GO:0045345	6	GO:0061702	8	7	0.10234693877551	2.13416811733869e-11	1.97476646844967	positive regulation of MHC class I biosynthetic process	canonical inflammasome complex
GO:0004022	9	GO:1990776	4	7	0.10234693877551	2.13416811733869e-11	1.97476646844967	alcohol dehydrogenase (NAD+) activity	response to angiotensin
GO:0004383	8	GO:0051427	4	6	0.0376530612244898	3.83228257988104e-12	1.97471204697921	guanylate cyclase activity	hormone receptor binding
GO:0006702	3	GO:0047044	6	6	0.0377295918367347	3.8790015631994e-12	1.97457827831486	androgen biosynthetic process	androstan-3-alpha,17-beta-diol dehydrogenase (NAD+) activity
GO:0050942	2	GO:0098574	11	6	0.0377295918367347	3.8790015631994e-12	1.97457827831486	positive regulation of pigment cell differentiation	cytoplasmic side of lysosomal membrane
GO:0003865	3	GO:0047044	6	6	0.0377295918367347	3.8790015631994e-12	1.97457827831486	3-oxo-5-alpha-steroid 4-dehydrogenase activity	androstan-3-alpha,17-beta-diol dehydrogenase (NAD+) activity
GO:0004675	3	GO:0005114	7	6	0.0377295918367347	3.8790015631994e-12	1.97457827831486	transmembrane receptor protein serine/threonine kinase activity	type II transforming growth factor beta receptor binding
GO:0047044	6	GO:0047751	3	6	0.0377295918367347	3.8790015631994e-12	1.97457827831486	androstan-3-alpha,17-beta-diol dehydrogenase (NAD+) activity	3-oxo-5-alpha-steroid 4-dehydrogenase (NADP+) activity
GO:0016303	3	GO:0052659	5	6	0.0377551020408163	3.89467939744464e-12	1.97453369427204	1-phosphatidylinositol-3-kinase activity	inositol-1,3,4,5-tetrakisphosphate 5-phosphatase activity
GO:0035005	3	GO:0052659	5	6	0.0377551020408163	3.89467939744464e-12	1.97453369427204	1-phosphatidylinositol-4-phosphate 3-kinase activity	inositol-1,3,4,5-tetrakisphosphate 5-phosphatase activity
GO:0002729	5	GO:0023024	5	6	0.0378061224489796	3.9261931685501e-12	1.97444453445233	positive regulation of natural killer cell cytokine production	MHC class I protein complex binding
GO:0004656	4	GO:0055129	5	6	0.0378571428571429	3.95791868343621e-12	1.97435538565157	procollagen-proline 4-dioxygenase activity	L-proline biosynthetic process
GO:0006476	7	GO:0034356	7	6	0.0378826530612245	3.97386119845918e-12	1.97431081538245	protein deacetylation	NAD biosynthesis via nicotinamide riboside salvage pathway
GO:0000309	3	GO:0006476	7	6	0.0378826530612245	3.97386119845918e-12	1.97431081538245	nicotinamide-nucleotide adenylyltransferase activity	protein deacetylation
GO:0004515	3	GO:0006476	7	6	0.0378826530612245	3.97386119845918e-12	1.97431081538245	nicotinate-nucleotide adenylyltransferase activity	protein deacetylation
GO:0045839	5	GO:0048263	5	6	0.0378826530612245	3.97386119845918e-12	1.97431081538245	negative regulation of mitotic nuclear division	determination of dorsal identity
GO:0048263	5	GO:0048762	4	6	0.0378826530612245	3.97386119845918e-12	1.97431081538245	determination of dorsal identity	mesenchymal cell differentiation
GO:0097418	4	GO:0098971	6	6	0.0378826530612245	3.97386119845918e-12	1.97431081538245	neurofibrillary tangle	anterograde dendritic transport of neurotransmitter receptor complex
GO:0008821	8	GO:0070522	2	6	0.0379591836734694	4.02200947817432e-12	1.974177121096	crossover junction DNA endonuclease activity	ERCC4-ERCC1 complex
GO:0008191	8	GO:0071492	7	6	0.0379591836734694	4.02200947817431e-12	1.974177121096	metalloendopeptidase inhibitor activity	cellular response to UV-A
GO:0005113	5	GO:0021775	3	6	0.0380357142857143	4.07064185575342e-12	1.97404345158382	patched binding	smoothened signaling pathway involved in ventral spinal cord interneuron specification
GO:0050252	2	GO:0052650	7	6	0.0381377551020408	4.13624476083258e-12	1.97386526408944	retinol O-fatty-acyltransferase activity	all-trans-retinol dehydrogenase (NADP+) activity
GO:0006569	5	GO:0016212	3	6	0.0381632653061225	4.15278211552952e-12	1.97382072409249	L-tryptophan catabolic process	kynurenine-oxoglutarate transaminase activity
GO:0005313	10	GO:0015844	7	6	0.0381632653061225	4.15278211552952e-12	1.97382072409249	L-glutamate transmembrane transporter activity	monoamine transport
GO:0005548	7	GO:0033700	8	6	0.0381632653061225	4.15278211552952e-12	1.97382072409249	phospholipid transporter activity	phospholipid efflux
GO:0072559	6	GO:2000494	3	6	0.0381632653061225	4.15278211552952e-12	1.97382072409249	NLRP3 inflammasome complex	positive regulation of interleukin-18-mediated signaling pathway
GO:0005471	5	GO:0097361	5	6	0.0381632653061225	4.15278211552952e-12	1.97382072409249	ATP:ADP antiporter activity	cytosolic [4Fe-4S] assembly targeting complex
GO:0001510	7	GO:0070925	5	6	0.038265306122449	4.2194824002709e-12	1.97364259160104	RNA methylation	organelle assembly
GO:0014883	5	GO:0031013	3	6	0.038265306122449	4.2194824002709e-12	1.97364259160104	transition between fast and slow fiber	troponin I binding
GO:0021861	6	GO:0070925	5	6	0.038265306122449	4.2194824002709e-12	1.97364259160104	forebrain radial glial cell differentiation	organelle assembly
GO:0033085	5	GO:0097108	3	6	0.038265306122449	4.2194824002709e-12	1.97364259160104	negative regulation of T cell differentiation in thymus	hedgehog family protein binding
GO:0098976	7	GO:0099604	5	6	0.038265306122449	4.2194824002709e-12	1.97364259160104	excitatory chemical synaptic transmission	ligand-gated calcium channel activity
GO:0004176	6	GO:0005579	7	6	0.038469387755102	4.35555755504548e-12	1.97328645853015	ATP-dependent peptidase activity	membrane attack complex
GO:0034706	5	GO:0061337	6	6	0.038469387755102	4.35555755504548e-12	1.97328645853015	sodium channel complex	cardiac conduction
GO:0006000	7	GO:1901525	4	6	0.0385714285714286	4.42495130706674e-12	1.97310845790729	fructose metabolic process	negative regulation of mitophagy
GO:0035493	7	GO:0061669	6	6	0.0385714285714286	4.42495130706674e-12	1.97310845790729	SNARE complex assembly	spontaneous neurotransmitter secretion
GO:0016174	6	GO:0106292	4	6	0.0385714285714286	4.42495130706674e-12	1.97310845790729	NAD(P)H oxidase H2O2-forming activity	superoxide-generating NADPH oxidase activity
GO:0034098	7	GO:1904780	2	6	0.0385969387755102	4.44244262466521e-12	1.97306396461381	VCP-NPL4-UFD1 AAA ATPase complex	negative regulation of protein localization to centrosome
GO:0009435	9	GO:0140773	2	6	0.0387244897959184	4.5307639929024e-12	1.97284153930279	NAD biosynthetic process	NAD-dependent protein demyristoylase activity
GO:0009435	9	GO:0140774	2	6	0.0387244897959184	4.5307639929024e-12	1.97284153930279	NAD biosynthetic process	NAD-dependent protein depalmitoylase activity
GO:0048729	3	GO:0097503	7	6	0.0387244897959184	4.5307639929024e-12	1.97284153930279	tissue morphogenesis	sialylation
GO:0000015	3	GO:0070365	9	6	0.0387244897959184	4.5307639929024e-12	1.97284153930279	phosphopyruvate hydratase complex	hepatocyte differentiation
GO:0004634	3	GO:0070365	9	6	0.0387244897959184	4.5307639929024e-12	1.97284153930279	phosphopyruvate hydratase activity	hepatocyte differentiation
GO:0003829	3	GO:0097503	7	6	0.0387244897959184	4.5307639929024e-12	1.97284153930279	beta-1,3-galactosyl-O-glycosyl-glycoprotein beta-1,6-N-acetylglucosaminyltransferase activity	sialylation
GO:0004065	8	GO:0046479	8	6	0.03875	4.54860227860117e-12	1.9727970624695	arylsulfatase activity	glycosphingolipid catabolic process
GO:0003129	6	GO:0038098	3	6	0.0387755102040816	4.56649892168596e-12	1.9727525883784	heart induction	sequestering of BMP from receptor via BMP binding
GO:0003129	6	GO:0090027	4	6	0.0387755102040816	4.56649892168596e-12	1.9727525883784	heart induction	negative regulation of monocyte chemotaxis
GO:0005655	6	GO:0070901	2	6	0.0387755102040816	4.56649892168596e-12	1.9727525883784	nucleolar ribonuclease P complex	mitochondrial tRNA methylation
GO:0005655	6	GO:0098795	1	6	0.0387755102040816	4.54122101570844e-12	1.9727525883784	nucleolar ribonuclease P complex	global gene silencing by mRNA cleavage
GO:1901843	2	GO:1902514	9	6	0.0387755102040816	4.56649892168596e-12	1.9727525883784	positive regulation of high voltage-gated calcium channel activity	regulation of calcium ion transmembrane transport via high voltage-gated calcium channel
GO:0004993	9	GO:0050998	5	6	0.0387755102040816	4.56649892168596e-12	1.9727525883784	G protein-coupled serotonin receptor activity	nitric-oxide synthase binding
GO:0000172	8	GO:0021695	4	7	0.103928571428571	2.3727346088491e-11	1.97238031964485	ribonuclease MRP complex	cerebellar cortex development
GO:0033153	3	GO:0140288	6	6	0.039030612244898	4.74870860176829e-12	1.97230799821305	T cell receptor V(D)J recombination	GBAF complex
GO:0036396	8	GO:1990931	2	6	0.039030612244898	4.74870860176829e-12	1.97230799821305	RNA N6-methyladenosine methyltransferase complex	mRNA N6-methyladenosine dioxygenase activity
GO:0022900	7	GO:0099128	4	6	0.039030612244898	4.74870860176829e-12	1.97230799821305	electron transport chain	mitochondrial [2Fe-2S] assembly complex
GO:0061702	8	GO:0141201	2	6	0.0391326530612245	4.82326512566925e-12	1.97213023884289	canonical inflammasome complex	pyroptotic cell death
GO:0000965	3	GO:0071034	3	6	0.0391836734693878	4.86090677535239e-12	1.97204137558187	mitochondrial RNA 3'-end processing	CUT catabolic process
GO:0006552	6	GO:0010142	2	6	0.0391836734693878	4.86090677762132e-12	1.97204137558187	L-leucine catabolic process	farnesyl diphosphate biosynthetic process, mevalonate pathway
GO:0004421	2	GO:0006552	6	6	0.0391836734693878	4.86090677762132e-12	1.97204137558187	hydroxymethylglutaryl-CoA synthase activity	L-leucine catabolic process
GO:0004052	3	GO:0010430	6	6	0.0391836734693878	4.86090677762132e-12	1.97204137558187	arachidonate 12(S)-lipoxygenase activity	fatty acid omega-oxidation
GO:0033353	4	GO:0097053	4	6	0.0391836734693878	4.86090677762132e-12	1.97204137558187	S-adenosylmethionine cycle	L-kynurenine catabolic process
GO:0042043	12	GO:1900738	3	6	0.0391836734693878	4.86090677762132e-12	1.97204137558187	neurexin family protein binding	positive regulation of phospholipase C-activating G protein-coupled receptor signaling pathway
GO:0031748	4	GO:0098842	5	6	0.0391836734693878	4.86090677762132e-12	1.97204137558187	D1 dopamine receptor binding	postsynaptic early endosome
GO:0001574	9	GO:0030203	9	6	0.0392602040816327	4.91782701573333e-12	1.97190810121282	ganglioside biosynthetic process	glycosaminoglycan metabolic process
GO:0030015	6	GO:0070966	3	6	0.0392602040816327	4.91782701573333e-12	1.97190810121282	CCR4-NOT core complex	nuclear-transcribed mRNA catabolic process, no-go decay
GO:0034380	3	GO:0060230	4	6	0.0392857142857143	4.93692312707844e-12	1.97186368189445	high-density lipoprotein particle assembly	lipoprotein lipase activator activity
GO:0036152	4	GO:0042171	4	6	0.0392857142857143	4.93692312707844e-12	1.97186368189445	phosphatidylethanolamine acyl-chain remodeling	lysophosphatidic acid acyltransferase activity
GO:0044323	4	GO:0048048	8	6	0.0392857142857143	4.93692312707844e-12	1.97186368189445	retinoic acid-responsive element binding	embryonic eye morphogenesis
GO:0150061	3	GO:2001214	8	6	0.0392857142857143	4.93692312707844e-12	1.97186368189445	amylin receptor 3 signaling pathway	positive regulation of vasculogenesis
GO:0001635	3	GO:2001214	8	6	0.0392857142857143	4.93692312707844e-12	1.97186368189445	calcitonin gene-related peptide receptor activity	positive regulation of vasculogenesis
GO:0097643	3	GO:2001214	8	6	0.0392857142857143	4.93692312707844e-12	1.97186368189445	amylin receptor activity	positive regulation of vasculogenesis
GO:0042171	4	GO:0047179	4	6	0.0392857142857143	4.93692312707844e-12	1.97186368189445	lysophosphatidic acid acyltransferase activity	platelet-activating factor acetyltransferase activity
GO:0071028	8	GO:1990074	3	6	0.0394642857142857	5.07232993910948e-12	1.97155282322967	nuclear mRNA surveillance	polyuridylation-dependent mRNA catabolic process
GO:0051412	10	GO:0071376	4	6	0.0394642857142857	5.07232993910948e-12	1.97155282322967	response to corticosterone	cellular response to corticotropin-releasing hormone stimulus
GO:0097422	4	GO:0098842	4	6	0.0394897959183673	5.091923398786e-12	1.97150842578264	tubular endosome	postsynaptic early endosome
GO:0032375	2	GO:0034372	4	6	0.0395408163265306	5.13129851222705e-12	1.97141963908544	negative regulation of cholesterol transport	very-low-density lipoprotein particle remodeling
GO:0034370	2	GO:0034372	4	6	0.0395408163265306	5.13129851222705e-12	1.97141963908544	triglyceride-rich lipoprotein particle remodeling	very-low-density lipoprotein particle remodeling
GO:0044572	5	GO:0051538	2	6	0.0395408163265306	5.131299140559e-12	1.97141963908544	[4Fe-4S] cluster assembly	3 iron, 4 sulfur cluster binding
GO:0005003	6	GO:1904322	9	6	0.0395408163265306	5.13129914056792e-12	1.97141963908544	ephrin receptor activity	cellular response to forskolin
GO:0008499	10	GO:1990743	3	7	0.104591836734694	2.47934698889119e-11	1.97138202089971	N-acetyl-beta-D-glucosaminide beta-(1,3)-galactosyltransferase activity	protein sialylation
GO:0008499	10	GO:0047288	3	7	0.104591836734694	2.47934698889119e-11	1.97138202089971	N-acetyl-beta-D-glucosaminide beta-(1,3)-galactosyltransferase activity	beta-D-galactosyl-(1->3)-N-acetyl-beta-D-galactosaminide alpha-2,3- sialyltransferase
GO:0006264	6	GO:0008622	3	6	0.0395663265306122	5.15108174442709e-12	1.97137524983461	mitochondrial DNA replication	epsilon DNA polymerase complex
GO:0004028	3	GO:0070573	5	6	0.0396428571428571	5.21081042482118e-12	1.97124209846913	3-chloroallyl aldehyde dehydrogenase activity	metallodipeptidase activity
GO:0004030	3	GO:0070573	5	6	0.0396428571428571	5.21081042482118e-12	1.97124209846913	aldehyde dehydrogenase [NAD(P)+] activity	metallodipeptidase activity
GO:0006102	6	GO:0006537	4	7	0.10469387755102	2.49610620268903e-11	1.97122855902902	isocitrate metabolic process	glutamate biosynthetic process
GO:0019871	6	GO:1904117	6	6	0.0397448979591837	5.29134341391597e-12	1.97106460153899	sodium channel inhibitor activity	cellular response to vasopressin
GO:0030906	3	GO:0098842	4	6	0.0397448979591837	5.29134341391597e-12	1.97106460153899	retromer, cargo-selective complex	postsynaptic early endosome
GO:0017146	6	GO:0099604	5	6	0.0397959183673469	5.33199630518725e-12	1.97097586944952	NMDA selective glutamate receptor complex	ligand-gated calcium channel activity
GO:0010248	10	GO:0044298	3	6	0.0398979591836735	5.41408143918515e-12	1.97079843800835	establishment or maintenance of transmembrane electrochemical gradient	cell body membrane
GO:0034366	7	GO:0034369	2	6	0.0398979591836735	5.41408143918515e-12	1.97079843800835	spherical high-density lipoprotein particle	plasma lipoprotein particle remodeling
GO:0050914	4	GO:0086012	9	6	0.0398979591836735	5.41408143918515e-12	1.97079843800835	sensory perception of salty taste	membrane depolarization during cardiac muscle cell action potential
GO:0004859	3	GO:0034366	7	6	0.0398979591836735	5.41408143918515e-12	1.97079843800835	phospholipase inhibitor activity	spherical high-density lipoprotein particle
GO:0004605	3	GO:0009062	9	6	0.04	5.49721451031068e-12	1.97062105019965	phosphatidate cytidylyltransferase activity	fatty acid catabolic process
GO:0016188	6	GO:0061669	6	6	0.04	5.49721451031068e-12	1.97062105019965	synaptic vesicle maturation	spontaneous neurotransmitter secretion
GO:0050915	9	GO:1902305	7	6	0.04	5.49721451031068e-12	1.97062105019965	sensory perception of sour taste	regulation of sodium ion transmembrane transport
GO:0010916	4	GO:0034380	3	6	0.0401785714285714	5.64525100751458e-12	1.97031072646053	negative regulation of very-low-density lipoprotein particle clearance	high-density lipoprotein particle assembly
GO:0021637	6	GO:0060754	4	6	0.0401785714285714	5.64525100751458e-12	1.97031072646053	trigeminal nerve structural organization	positive regulation of mast cell chemotaxis
GO:0004322	4	GO:0042167	9	6	0.0401785714285714	5.64525100751458e-12	1.97031072646053	ferroxidase activity	heme catabolic process
GO:0032279	6	GO:2000311	13	7	0.105459183673469	2.62491053788259e-11	1.97007863447425	asymmetric synapse	regulation of AMPA receptor activity
GO:0021773	3	GO:0140288	6	6	0.0403316326530612	5.77476334903129e-12	1.97004484089894	striatal medium spiny neuron differentiation	GBAF complex
GO:0048858	6	GO:0097484	6	6	0.0403316326530612	5.77476334903129e-12	1.97004484089894	cell projection morphogenesis	dendrite extension
GO:0010430	6	GO:2001303	3	6	0.0404081632653061	5.84044000782656e-12	1.96991193486071	fatty acid omega-oxidation	lipoxin A4 biosynthetic process
GO:0010430	6	GO:0016165	3	6	0.0404081632653061	5.84044000782656e-12	1.96991193486071	fatty acid omega-oxidation	linoleate 13S-lipoxygenase activity
GO:0010430	6	GO:0050473	3	6	0.0404081632653061	5.84044000782656e-12	1.96991193486071	fatty acid omega-oxidation	arachidonate 15-lipoxygenase activity
GO:0015844	7	GO:0044341	7	6	0.0404081632653061	5.84044000782656e-12	1.96991193486071	monoamine transport	sodium-dependent phosphate transport
GO:0005436	7	GO:0015844	7	6	0.0404081632653061	5.84044000782656e-12	1.96991193486071	sodium:phosphate symporter activity	monoamine transport
GO:0141163	6	GO:1990410	4	6	0.0404081632653061	5.84044000782656e-12	1.96991193486071	positive regulation of cAMP/PKA signal transduction	adrenomedullin receptor signaling pathway
GO:0008290	4	GO:0014731	6	6	0.0404081632653061	5.84044000782656e-12	1.96991193486071	F-actin capping protein complex	spectrin-associated cytoskeleton
GO:0006704	5	GO:0032354	5	6	0.0405612244897959	5.97365743001564e-12	1.96964619622427	glucocorticoid biosynthetic process	response to follicle-stimulating hormone
GO:0043335	4	GO:0045046	5	6	0.0406377551020408	6.04120752233838e-12	1.96951336360804	protein unfolding	protein import into peroxisome membrane
GO:0000460	7	GO:0000958	2	6	0.0406887755102041	6.08659276473224e-12	1.96942482211775	maturation of 5.8S rRNA	mitochondrial mRNA catabolic process
GO:0000958	2	GO:0034473	3	6	0.0406887755102041	6.05123912457534e-12	1.96942482211775	mitochondrial mRNA catabolic process	U1 snRNA 3'-end processing
GO:0000958	2	GO:0034476	3	6	0.0406887755102041	6.05123912457534e-12	1.96942482211775	mitochondrial mRNA catabolic process	U5 snRNA 3'-end processing
GO:0000460	7	GO:0000962	2	6	0.0406887755102041	6.08659276473224e-12	1.96942482211775	maturation of 5.8S rRNA	positive regulation of mitochondrial RNA catabolic process
GO:0000962	2	GO:0034473	3	6	0.0406887755102041	6.05123912457534e-12	1.96942482211775	positive regulation of mitochondrial RNA catabolic process	U1 snRNA 3'-end processing
GO:0000962	2	GO:0034476	3	6	0.0406887755102041	6.05123912457534e-12	1.96942482211775	positive regulation of mitochondrial RNA catabolic process	U5 snRNA 3'-end processing
GO:0030300	2	GO:0034382	4	6	0.0406887755102041	6.08659195263567e-12	1.96942482211775	regulation of intestinal cholesterol absorption	chylomicron remnant clearance
GO:0086010	8	GO:2000649	5	6	0.0406887755102041	6.08659276473224e-12	1.96942482211775	membrane depolarization during action potential	regulation of sodium ion transmembrane transporter activity
GO:0000460	7	GO:0045025	2	6	0.0406887755102041	6.08659276473224e-12	1.96942482211775	maturation of 5.8S rRNA	mitochondrial degradosome
GO:0034473	3	GO:0045025	2	6	0.0406887755102041	6.05123912457534e-12	1.96942482211775	U1 snRNA 3'-end processing	mitochondrial degradosome
GO:0034476	3	GO:0045025	2	6	0.0406887755102041	6.05123912457534e-12	1.96942482211775	U5 snRNA 3'-end processing	mitochondrial degradosome
GO:0004439	7	GO:0032957	3	6	0.0407142857142857	6.10939146471788e-12	1.96938055544777	phosphatidylinositol-4,5-bisphosphate 5-phosphatase activity	inositol trisphosphate metabolic process
GO:0034197	4	GO:0045833	3	6	0.0407142857142857	6.10939146471788e-12	1.96938055544777	triglyceride transport	negative regulation of lipid metabolic process
GO:0045833	2	GO:0051006	6	6	0.0407142857142857	6.10939146471788e-12	1.96938055544777	negative regulation of lipid metabolic process	positive regulation of lipoprotein lipase activity
GO:0060011	4	GO:1902237	6	6	0.0407142857142857	6.10939146471788e-12	1.96938055544777	Sertoli cell proliferation	positive regulation of endoplasmic reticulum stress-induced intrinsic apoptotic signaling pathway
GO:0005655	6	GO:1990180	3	6	0.0407142857142857	6.10939146471788e-12	1.96938055544777	nucleolar ribonuclease P complex	mitochondrial tRNA 3'-end processing
GO:0006760	4	GO:0009086	4	6	0.040765306122449	6.1552018997198e-12	1.96929203025647	folic acid-containing compound metabolic process	methionine biosynthetic process
GO:0097361	5	GO:1990544	6	6	0.040765306122449	6.1552018997198e-12	1.96929203025647	cytosolic [4Fe-4S] assembly targeting complex	mitochondrial ATP transmembrane transport
GO:0006423	2	GO:0106074	8	6	0.0407908163265306	6.17821398668785e-12	1.96924777173447	cysteinyl-tRNA aminoacylation	aminoacyl-tRNA metabolism involved in translational fidelity
GO:0002161	8	GO:0006423	2	6	0.0407908163265306	6.17821398668785e-12	1.96924777173447	aminoacyl-tRNA editing activity	cysteinyl-tRNA aminoacylation
GO:0008107	2	GO:1990743	3	6	0.0407908163265306	6.14223823993735e-12	1.96924777173447	galactoside 2-alpha-L-fucosyltransferase activity	protein sialylation
GO:0031127	2	GO:1990743	3	6	0.0407908163265306	6.14223823993735e-12	1.96924777173447	alpha-(1,2)-fucosyltransferase activity	protein sialylation
GO:0004817	2	GO:0106074	8	6	0.0407908163265306	6.17821398668785e-12	1.96924777173447	cysteine-tRNA ligase activity	aminoacyl-tRNA metabolism involved in translational fidelity
GO:0002161	8	GO:0004817	2	6	0.0407908163265306	6.17821398668785e-12	1.96924777173447	aminoacyl-tRNA editing activity	cysteine-tRNA ligase activity
GO:0008107	2	GO:0047288	3	6	0.0407908163265306	6.14223823993735e-12	1.96924777173447	galactoside 2-alpha-L-fucosyltransferase activity	beta-D-galactosyl-(1->3)-N-acetyl-beta-D-galactosaminide alpha-2,3- sialyltransferase
GO:0031127	2	GO:0047288	3	6	0.0407908163265306	6.14223823993735e-12	1.96924777173447	alpha-(1,2)-fucosyltransferase activity	beta-D-galactosyl-(1->3)-N-acetyl-beta-D-galactosaminide alpha-2,3- sialyltransferase
GO:0021785	7	GO:0060754	4	6	0.0408163265306122	6.2012975551419e-12	1.96920351592781	branchiomotor neuron axon guidance	positive regulation of mast cell chemotaxis
GO:0030311	5	GO:1903037	3	6	0.0408163265306122	6.2012975551419e-12	1.96920351592781	poly-N-acetyllactosamine biosynthetic process	regulation of leukocyte cell-cell adhesion
GO:0017060	2	GO:0030311	5	6	0.0408163265306122	6.20129755512926e-12	1.96920351592781	3-galactosyl-N-acetylglucosaminide 4-alpha-L-fucosyltransferase activity	poly-N-acetyllactosamine biosynthetic process
GO:0008035	8	GO:0034372	5	7	0.106122448979592	2.74108714002439e-11	1.96908351384466	high-density lipoprotein particle binding	very-low-density lipoprotein particle remodeling
GO:0047179	4	GO:0047184	4	6	0.0410714285714286	6.43610377563674e-12	1.96876110713109	platelet-activating factor acetyltransferase activity	1-acylglycerophosphocholine O-acyltransferase activity
GO:0045145	2	GO:0047144	6	6	0.0411224489795918	6.48394060890401e-12	1.96867265792242	single-stranded DNA 5'-3' DNA exonuclease activity	2-acylglycerol-3-phosphate O-acyltransferase activity
GO:0006102	6	GO:0070728	7	7	0.106530612244898	2.81473869423124e-11	1.96847181355747	isocitrate metabolic process	L-leucine binding
GO:0003229	6	GO:0042659	6	6	0.04125	6.60482745658626e-12	1.96845158233748	ventricular cardiac muscle tissue development	regulation of cell fate specification
GO:0003836	5	GO:0006664	3	6	0.0413265306122449	6.67825467514121e-12	1.96831896950129	beta-galactoside (CMP) alpha-2,3-sialyltransferase activity	glycolipid metabolic process
GO:0006689	7	GO:0016936	4	6	0.0413265306122449	6.67825467514121e-12	1.96831896950129	ganglioside catabolic process	galactoside binding
GO:0003994	3	GO:0099128	4	6	0.0413265306122449	6.67825467514121e-12	1.96831896950129	aconitate hydratase activity	mitochondrial [2Fe-2S] assembly complex
GO:0016322	7	GO:0017154	12	7	0.106683673469388	2.84278997464099e-11	1.9682425596161	neuron remodeling	semaphorin receptor activity
GO:0005579	7	GO:1902445	3	6	0.0414285714285714	6.77721217311047e-12	1.96814219030166	membrane attack complex	regulation of mitochondrial membrane permeability involved in programmed necrotic cell death
GO:0016303	3	GO:0052658	5	6	0.041530612244898	6.87738567046556e-12	1.96796545441435	1-phosphatidylinositol-3-kinase activity	inositol-1,4,5-trisphosphate 5-phosphatase activity
GO:0035005	3	GO:0052658	5	6	0.041530612244898	6.87738567046556e-12	1.96796545441435	1-phosphatidylinositol-4-phosphate 3-kinase activity	inositol-1,4,5-trisphosphate 5-phosphatase activity
GO:0033353	4	GO:0070189	4	6	0.0416326530612245	6.97878704122421e-12	1.96778876181814	S-adenosylmethionine cycle	kynurenine metabolic process
GO:0033314	9	GO:1900264	7	7	0.107142857142857	2.92837962510238e-11	1.96755523462799	mitotic DNA replication checkpoint signaling	positive regulation of DNA-directed DNA polymerase activity
GO:0017038	7	GO:0042627	8	7	0.107142857142857	2.92837962510238e-11	1.96755523462799	protein import	chylomicron
GO:0021775	3	GO:0021904	7	6	0.0417857142857143	7.1332175461681e-12	1.96752380404824	smoothened signaling pathway involved in ventral spinal cord interneuron specification	dorsal/ventral neural tube patterning
GO:0008107	2	GO:0008532	5	6	0.0417857142857143	7.13321754615175e-12	1.96752380404824	galactoside 2-alpha-L-fucosyltransferase activity	N-acetyllactosaminide beta-1,3-N-acetylglucosaminyltransferase activity
GO:0008158	3	GO:0140853	3	6	0.0417857142857143	7.13321754186263e-12	1.96752380404824	hedgehog receptor activity	cholesterol-protein transferase activity
GO:0008532	5	GO:0031127	2	6	0.0417857142857143	7.13321754615175e-12	1.96752380404824	N-acetyllactosaminide beta-1,3-N-acetylglucosaminyltransferase activity	alpha-(1,2)-fucosyltransferase activity
GO:0035721	10	GO:2000051	4	7	0.107448979591837	2.98665272162108e-11	1.96709738153712	intraciliary retrograde transport	negative regulation of non-canonical Wnt signaling pathway
GO:0000930	10	GO:0046601	4	7	0.1075	2.99646044761488e-11	1.96702110093424	gamma-tubulin complex	positive regulation of centriole replication
GO:0002291	4	GO:0021612	8	6	0.0420918367346939	7.45061085331045e-12	1.96699418029431	T cell activation via T cell receptor contact with antigen bound to MHC molecule on antigen presenting cell	facial nerve structural organization
GO:0006476	7	GO:0140768	4	6	0.0420918367346939	7.45061085331045e-12	1.96699418029431	protein deacetylation	protein ADP-ribosyltransferase-substrate adaptor activity
GO:0030322	3	GO:0044284	8	6	0.0421683673469388	7.53176688349992e-12	1.9668618350925	stabilization of membrane potential	mitochondrial crista junction
GO:0016076	2	GO:0034475	8	6	0.0422448979591837	7.61365644041689e-12	1.96672951416753	snRNA catabolic process	U4 snRNA 3'-end processing
GO:0034088	3	GO:0034089	4	6	0.0422448979591837	7.61365644041689e-12	1.96672951416753	maintenance of mitotic sister chromatid cohesion	establishment of meiotic sister chromatid cohesion
GO:0009435	9	GO:0110156	3	6	0.0422448979591837	7.61365644041689e-12	1.96672951416753	NAD biosynthetic process	mRNA methylguanosine-cap decapping
GO:0004052	3	GO:0006691	7	6	0.0424489795918367	7.83565490230703e-12	1.96637677698669	arachidonate 12(S)-lipoxygenase activity	leukotriene metabolic process
GO:0006740	3	GO:0035999	6	6	0.0424489795918367	7.83565490230703e-12	1.96637677698669	NADPH regeneration	tetrahydrofolate interconversion
GO:0010807	5	GO:0031629	7	6	0.0424489795918367	7.83565490230703e-12	1.96637677698669	regulation of synaptic vesicle priming	synaptic vesicle fusion to presynaptic active zone membrane
GO:0050942	2	GO:0072384	10	6	0.0425	7.89198721889005e-12	1.96628861963608	positive regulation of pigment cell differentiation	organelle transport along microtubule
GO:0032308	8	GO:0097553	5	6	0.0426530612244898	8.06300808889445e-12	1.96602421220917	positive regulation of prostaglandin secretion	calcium ion transmembrane import into cytosol
GO:0005655	6	GO:0051731	2	6	0.0426530612244898	8.06300808889445e-12	1.96602421220917	nucleolar ribonuclease P complex	polynucleotide 5'-hydroxyl-kinase activity
GO:0005655	6	GO:0051736	2	6	0.0426530612244898	8.06300808889445e-12	1.96602421220917	nucleolar ribonuclease P complex	ATP-dependent polyribonucleotide 5'-hydroxyl-kinase activity
GO:0046578	3	GO:0071986	6	6	0.0427040816326531	8.12069502730278e-12	1.96593609793307	regulation of Ras protein signal transduction	Ragulator complex
GO:0098536	3	GO:1902857	6	6	0.0427295918367347	8.14966689885397e-12	1.96589204483095	deuterosome	positive regulation of non-motile cilium assembly
GO:0002315	7	GO:0007221	5	6	0.042780612244898	8.20786845792836e-12	1.96580394669693	marginal zone B cell differentiation	positive regulation of transcription of Notch receptor target
GO:0045833	3	GO:0050996	5	6	0.0428571428571429	8.29581838095488e-12	1.96567181966653	negative regulation of lipid metabolic process	positive regulation of lipid catabolic process
GO:0045933	3	GO:0060402	8	6	0.0429081632653061	8.35488576215147e-12	1.96558374842285	positive regulation of muscle contraction	calcium ion transport into cytosol
GO:0031994	9	GO:0051148	4	6	0.0429081632653061	8.35488576215147e-12	1.96558374842285	insulin-like growth factor I binding	negative regulation of muscle cell differentiation
GO:0031077	3	GO:0140288	6	6	0.0429336734693878	8.38455029567491e-12	1.965539716833	post-embryonic camera-type eye development	GBAF complex
GO:0030540	6	GO:0047035	6	6	0.0431122448979592	8.59466361658338e-12	1.9652315709373	female genitalia development	testosterone dehydrogenase (NAD+) activity
GO:0005503	3	GO:0052650	7	6	0.0431122448979592	8.59466361658338e-12	1.9652315709373	all-trans retinal binding	all-trans-retinol dehydrogenase (NADP+) activity
GO:0042132	2	GO:0047617	10	6	0.0431122448979592	8.59466361658338e-12	1.9652315709373	fructose 1,6-bisphosphate 1-phosphatase activity	fatty acyl-CoA hydrolase activity
GO:0005965	2	GO:0008299	10	6	0.0431377551020408	8.62503393894683e-12	1.96518756083873	protein farnesyltransferase complex	isoprenoid biosynthetic process
GO:0004660	2	GO:0008299	10	6	0.0431377551020408	8.62503393894683e-12	1.96518756083873	protein farnesyltransferase activity	isoprenoid biosynthetic process
GO:0036065	8	GO:1990743	3	7	0.108775510204082	3.25074746835082e-11	1.96511670276269	fucosylation	protein sialylation
GO:0036065	8	GO:0047288	3	7	0.108775510204082	3.25074746835082e-11	1.96511670276269	fucosylation	beta-D-galactosyl-(1->3)-N-acetyl-beta-D-galactosaminide alpha-2,3- sialyltransferase
GO:0006623	11	GO:0051469	5	8	0.174489795918367	1.82534782409096e-11	1.96496229745807	protein targeting to vacuole	vesicle fusion with vacuole
GO:0006623	11	GO:0061763	5	8	0.174489795918367	1.82534782409096e-11	1.96496229745807	protein targeting to vacuole	multivesicular body-lysosome fusion
GO:0000815	5	GO:0006623	11	8	0.174489795918367	1.82534782409096e-11	1.96496229745807	ESCRT III complex	protein targeting to vacuole
GO:0006623	11	GO:1904930	5	8	0.174489795918367	1.82534782409096e-11	1.96496229745807	protein targeting to vacuole	amphisome membrane
GO:0030311	5	GO:0036071	3	6	0.0433673469387755	8.90240392545998e-12	1.96479159073431	poly-N-acetyllactosamine biosynthetic process	N-glycan fucosylation
GO:0042627	8	GO:1900221	1	6	0.0433673469387755	8.9024024874721e-12	1.96479159073431	chylomicron	regulation of amyloid-beta clearance
GO:0042627	8	GO:1902998	1	6	0.0433673469387755	8.9024024874721e-12	1.96479159073431	chylomicron	positive regulation of neurofibrillary tangle assembly
GO:0072557	2	GO:0072559	6	6	0.0433673469387755	8.90240392545998e-12	1.96479159073431	IPAF inflammasome complex	NLRP3 inflammasome complex
GO:0016035	3	GO:0140672	6	6	0.0434183673469388	8.96503777816746e-12	1.96470362688804	zeta DNA polymerase complex	ATAC complex
GO:0006729	7	GO:0071312	3	6	0.043469387755102	9.02803750108605e-12	1.96461567376711	tetrahydrobiopterin biosynthetic process	cellular response to alkaloid
GO:0006729	7	GO:0034617	2	6	0.043469387755102	9.02803750108605e-12	1.96461567376711	tetrahydrobiopterin biosynthetic process	tetrahydrobiopterin binding
GO:0002087	9	GO:0097109	4	6	0.0434948979591837	9.05967509496223e-12	1.96457170122782	regulation of respiratory gaseous exchange by nervous system process	neuroligin family protein binding
GO:0006104	5	GO:0045242	3	6	0.0436224489795918	9.21924892258719e-12	1.96435187873018	succinyl-CoA metabolic process	isocitrate dehydrogenase complex (NAD+)
GO:0004449	3	GO:0006104	5	6	0.0436224489795918	9.21924892258719e-12	1.96435187873018	isocitrate dehydrogenase (NAD+) activity	succinyl-CoA metabolic process
GO:0006207	3	GO:0006537	4	6	0.0436224489795918	9.21924892258719e-12	1.96435187873018	'de novo' pyrimidine nucleobase biosynthetic process	glutamate biosynthetic process
GO:0010916	4	GO:0034197	4	6	0.0436224489795918	9.21924892258719e-12	1.96435187873018	negative regulation of very-low-density lipoprotein particle clearance	triglyceride transport
GO:0032375	3	GO:0034197	4	6	0.0436224489795918	9.21924892258719e-12	1.96435187873018	negative regulation of cholesterol transport	triglyceride transport
GO:0034197	4	GO:0034370	3	6	0.0436224489795918	9.21924892258719e-12	1.96435187873018	triglyceride transport	triglyceride-rich lipoprotein particle remodeling
GO:0010887	8	GO:0044323	4	6	0.04375	9.38115218082489e-12	1.96413212320054	negative regulation of cholesterol storage	retinoic acid-responsive element binding
GO:0006691	7	GO:2001303	3	6	0.0437755102040816	9.41381473635105e-12	1.96408818012719	leukotriene metabolic process	lipoxin A4 biosynthetic process
GO:0006691	7	GO:0016165	3	6	0.0437755102040816	9.41381473635105e-12	1.96408818012719	leukotriene metabolic process	linoleate 13S-lipoxygenase activity
GO:0006691	7	GO:0050473	3	6	0.0437755102040816	9.41381473635105e-12	1.96408818012719	leukotriene metabolic process	arachidonate 15-lipoxygenase activity
GO:0016561	3	GO:0022615	4	6	0.0437755102040816	9.41381473635105e-12	1.96408818012719	protein import into peroxisome matrix, translocation	protein to membrane docking
GO:0022615	4	GO:0044721	3	6	0.0437755102040816	9.41381473635105e-12	1.96408818012719	protein to membrane docking	protein import into peroxisome matrix, substrate release
GO:0030160	4	GO:0097119	6	6	0.0437755102040816	9.41381473635105e-12	1.96408818012719	synaptic receptor adaptor activity	postsynaptic density protein 95 clustering
GO:0003857	4	GO:0033539	9	6	0.0438775510204082	9.54541187285423e-12	1.96391243459813	3-hydroxyacyl-CoA dehydrogenase activity	fatty acid beta-oxidation using acyl-CoA dehydrogenase
GO:0004574	2	GO:0005980	9	6	0.0439285714285714	9.61178164397914e-12	1.96382457788766	oligo-1,6-glucosidase activity	glycogen catabolic process
GO:0006102	6	GO:0061034	3	6	0.0440816326530612	9.81319682864353e-12	1.96356107194119	isocitrate metabolic process	olfactory bulb mitral cell layer development
GO:0072673	5	GO:0098842	5	6	0.0440816326530612	9.81319682864353e-12	1.96356107194119	lamellipodium morphogenesis	postsynaptic early endosome
GO:0021902	6	GO:0140288	6	6	0.044234693877551	1.00181079583103e-11	1.96329766221745	commitment of neuronal cell to specific neuron type in forebrain	GBAF complex
GO:0097484	6	GO:0098858	4	6	0.044234693877551	1.00181079583103e-11	1.96329766221745	dendrite extension	actin-based cell projection
GO:0003953	9	GO:0042092	6	6	0.0442857142857143	1.00871968540038e-11	1.96320988034689	NAD+ nucleosidase activity	type 2 immune response
GO:0008247	3	GO:0047144	6	6	0.0442857142857143	1.00871968540038e-11	1.96320988034689	1-alkyl-2-acetylglycerophosphocholine esterase complex	2-acylglycerol-3-phosphate O-acyltransferase activity
GO:0006264	6	GO:0016035	3	6	0.0443622448979592	1.0191572474002e-11	1.96307822756712	mitochondrial DNA replication	zeta DNA polymerase complex
GO:0006119	3	GO:0044284	8	6	0.0443877551020408	1.02265631889725e-11	1.96303434864619	oxidative phosphorylation	mitochondrial crista junction
GO:0009081	2	GO:0009083	10	6	0.0443877551020408	1.02265631889725e-11	1.96303434864619	branched-chain amino acid metabolic process	branched-chain amino acid catabolic process
GO:0004658	2	GO:0009083	10	6	0.0443877551020408	1.02265631889725e-11	1.96303434864619	propionyl-CoA carboxylase activity	branched-chain amino acid catabolic process
GO:0044548	11	GO:0050786	9	6	0.0443877551020408	1.02265631889725e-11	1.96303434864619	S100 protein binding	RAGE receptor binding
GO:0019556	4	GO:0046655	9	6	0.0444642857142857	1.03321350251675e-11	1.96290272789581	L-histidine catabolic process to glutamate and formamide	folic acid metabolic process
GO:0019557	4	GO:0046655	9	6	0.0444642857142857	1.03321350251675e-11	1.96290272789581	L-histidine catabolic process to glutamate and formate	folic acid metabolic process
GO:0004427	4	GO:0010248	10	6	0.0445918367346939	1.05101006953691e-11	1.96268341333378	inorganic diphosphate phosphatase activity	establishment or maintenance of transmembrane electrochemical gradient
GO:0030200	8	GO:0071493	8	6	0.0445918367346939	1.05101006953691e-11	1.96268341333378	heparan sulfate proteoglycan catabolic process	cellular response to UV-B
GO:0005655	6	GO:0044594	2	6	0.0445918367346939	1.05101006953691e-11	1.96268341333378	nucleolar ribonuclease P complex	17-beta-hydroxysteroid dehydrogenase (NAD+) activity
GO:0015842	3	GO:0055062	9	6	0.0446173469387755	1.0545997775352e-11	1.96263955842174	aminergic neurotransmitter loading into synaptic vesicle	phosphate ion homeostasis
GO:0000460	7	GO:0000965	3	6	0.0448979591836735	1.09476385599948e-11	1.96215733027622	maturation of 5.8S rRNA	mitochondrial RNA 3'-end processing
GO:0000965	3	GO:0034473	3	6	0.0448979591836735	1.09476385511888e-11	1.96215733027622	mitochondrial RNA 3'-end processing	U1 snRNA 3'-end processing
GO:0000965	3	GO:0034476	3	6	0.0448979591836735	1.09476385511888e-11	1.96215733027622	mitochondrial RNA 3'-end processing	U5 snRNA 3'-end processing
GO:0032308	8	GO:1904062	5	6	0.0448979591836735	1.09476385599948e-11	1.96215733027622	positive regulation of prostaglandin secretion	regulation of monoatomic cation transmembrane transport
GO:0033353	4	GO:0051593	7	6	0.0448979591836735	1.09476385599948e-11	1.96215733027622	S-adenosylmethionine cycle	response to folic acid
GO:0042297	5	GO:2000311	13	7	0.110867346938776	3.70763713462859e-11	1.96200433294211	vocal learning	regulation of AMPA receptor activity
GO:0006000	7	GO:0060576	5	6	0.045	1.10968055042561e-11	1.96198205448373	fructose metabolic process	intestinal epithelial cell development
GO:0000930	10	GO:0061511	1	6	0.045	1.10968055042192e-11	1.96198205448373	gamma-tubulin complex	centriole elongation
GO:0010916	3	GO:0051006	6	6	0.0450765306122449	1.1209785971767e-11	1.96185062558286	negative regulation of very-low-density lipoprotein particle clearance	positive regulation of lipoprotein lipase activity
GO:0032375	2	GO:0051006	6	6	0.0450765306122449	1.1209785971767e-11	1.96185062558286	negative regulation of cholesterol transport	positive regulation of lipoprotein lipase activity
GO:0071986	6	GO:1905672	2	6	0.0450765306122449	1.1209785971767e-11	1.96185062558286	Ragulator complex	negative regulation of lysosome organization
GO:0090244	3	GO:1904948	6	6	0.0451020408163265	1.1247657911497e-11	1.96180682127008	Wnt signaling pathway involved in somitogenesis	midbrain dopaminergic neuron differentiation
GO:0034706	5	GO:0086012	9	6	0.0451020408163265	1.1247657911497e-11	1.96180682127008	sodium channel complex	membrane depolarization during cardiac muscle cell action potential
GO:0034713	9	GO:0071141	4	6	0.0451785714285714	1.13619124005405e-11	1.96167542428976	type I transforming growth factor beta receptor binding	SMAD protein complex
GO:0001963	10	GO:0051428	6	8	0.177091836734694	2.05008179642328e-11	1.96155450791949	synaptic transmission, dopaminergic	peptide hormone receptor binding
GO:0090131	4	GO:0097513	3	6	0.0453061224489796	1.15544797401061e-11	1.96145648249659	mesenchyme migration	myosin II filament
GO:1905064	5	GO:1905665	7	6	0.0453061224489796	1.15544797401061e-11	1.96145648249659	negative regulation of vascular associated smooth muscle cell differentiation	positive regulation of calcium ion import across plasma membrane
GO:0004558	5	GO:0008184	3	6	0.0453061224489796	1.15544797401061e-11	1.96145648249659	alpha-1,4-glucosidase activity	glycogen phosphorylase activity
GO:0004558	5	GO:0031220	3	6	0.0453061224489796	1.15544797401061e-11	1.96145648249659	alpha-1,4-glucosidase activity	maltodextrin phosphorylase activity
GO:0039706	11	GO:0048263	5	7	0.111352040816327	3.820982115242e-11	1.96128508631915	co-receptor binding	determination of dorsal identity
GO:0019826	4	GO:0050665	6	6	0.0454591836734694	1.17891337232552e-11	1.96119384003221	oxygen sensor activity	hydrogen peroxide biosynthetic process
GO:0002024	13	GO:0051428	6	7	0.111428571428571	3.83914609987324e-11	1.96117158659105	diet induced thermogenesis	peptide hormone receptor binding
GO:0008859	2	GO:0071028	8	6	0.0455357142857143	1.19079376744497e-11	1.96106255465184	exoribonuclease II activity	nuclear mRNA surveillance
GO:0097484	6	GO:0099577	3	6	0.0455357142857143	1.19079376744497e-11	1.96106255465184	dendrite extension	regulation of translation at presynapse, modulating synaptic transmission
GO:0140288	6	GO:1905232	3	6	0.0455357142857143	1.19079376744497e-11	1.96106255465184	GBAF complex	cellular response to L-glutamate
GO:0030893	7	GO:0061010	2	6	0.0455357142857143	1.19079376744497e-11	1.96106255465184	meiotic cohesin complex	gallbladder development
GO:0004359	4	GO:0006047	5	6	0.0455612244897959	1.19477594194033e-11	1.96101879816762	glutaminase activity	UDP-N-acetylglucosamine metabolic process
GO:0006546	3	GO:0009086	4	6	0.0455612244897959	1.19477594194033e-11	1.96101879816762	glycine catabolic process	methionine biosynthetic process
GO:0009086	4	GO:0019464	3	6	0.0455612244897959	1.19477594194033e-11	1.96101879816762	methionine biosynthetic process	glycine decarboxylation via glycine cleavage system
GO:0005960	3	GO:0009086	4	6	0.0455612244897959	1.19477594194033e-11	1.96101879816762	glycine cleavage complex	methionine biosynthetic process
GO:0005114	6	GO:0070123	5	6	0.0455612244897959	1.19477594194033e-11	1.96101879816762	type II transforming growth factor beta receptor binding	transforming growth factor beta receptor activity, type III
GO:0042043	12	GO:0045743	4	6	0.0457142857142857	1.21890214941307e-11	1.96075631498668	neurexin family protein binding	positive regulation of fibroblast growth factor receptor signaling pathway
GO:0003680	6	GO:0060413	10	6	0.045765306122449	1.22703363121475e-11	1.96066884181366	minor groove of adenine-thymine-rich DNA binding	atrial septum morphogenesis
GO:0008107	2	GO:0097503	7	6	0.045765306122449	1.22703363121475e-11	1.96066884181366	galactoside 2-alpha-L-fucosyltransferase activity	sialylation
GO:0031127	2	GO:0097503	7	6	0.045765306122449	1.22703363121475e-11	1.96066884181366	alpha-(1,2)-fucosyltransferase activity	sialylation
GO:0006751	7	GO:0051409	3	6	0.0458673469387755	1.24343189926687e-11	1.96049392728311	glutathione catabolic process	response to nitrosative stress
GO:0010916	4	GO:0050996	5	6	0.0459183673469388	1.25169908294336e-11	1.96040648592044	negative regulation of very-low-density lipoprotein particle clearance	positive regulation of lipid catabolic process
GO:0003994	3	GO:0044572	5	6	0.0459183673469388	1.25169908294336e-11	1.96040648592044	aconitate hydratase activity	[4Fe-4S] cluster assembly
GO:0060754	4	GO:0061549	7	6	0.0459183673469388	1.25169908294336e-11	1.96040648592044	positive regulation of mast cell chemotaxis	sympathetic ganglion development
GO:0071031	2	GO:0071051	7	6	0.0459183673469388	1.25169908294336e-11	1.96040648592044	nuclear mRNA surveillance of mRNA 3'-end processing	poly(A)-dependent snoRNA 3'-end processing
GO:0001640	5	GO:2001256	11	6	0.0459183673469388	1.25169908294336e-11	1.96040648592044	adenylate cyclase inhibiting G protein-coupled glutamate receptor activity	regulation of store-operated calcium entry
GO:0032286	2	GO:0042627	8	6	0.0459183673469388	1.25169908294336e-11	1.96040648592044	central nervous system myelin maintenance	chylomicron
GO:0006739	7	GO:0045242	3	6	0.0459183673469388	1.25169908294336e-11	1.96040648592044	NADP metabolic process	isocitrate dehydrogenase complex (NAD+)
GO:0003836	5	GO:0016263	3	6	0.0459183673469388	1.25169908294336e-11	1.96040648592044	beta-galactoside (CMP) alpha-2,3-sialyltransferase activity	glycoprotein-N-acetylgalactosamine 3-beta-galactosyltransferase activity
GO:0004449	3	GO:0006739	7	6	0.0459183673469388	1.25169908294336e-11	1.96040648592044	isocitrate dehydrogenase (NAD+) activity	NADP metabolic process
GO:0010898	6	GO:0034382	3	6	0.0460204081632653	1.2683705480349e-11	1.96023163498747	positive regulation of triglyceride catabolic process	chylomicron remnant clearance
GO:0010903	3	GO:0060230	4	6	0.0460204081632653	1.2683705480349e-11	1.96023163498747	negative regulation of very-low-density lipoprotein particle remodeling	lipoprotein lipase activator activity
GO:0022615	4	GO:1990429	3	6	0.0460204081632653	1.2683705480349e-11	1.96023163498747	protein to membrane docking	peroxisomal importomer complex
GO:0070016	6	GO:0090168	3	6	0.0461479591836735	1.28946900954434e-11	1.96001313090546	armadillo repeat domain binding	Golgi reassembly
GO:0016446	8	GO:0019104	8	6	0.04625	1.30655705370895e-11	1.95983837528218	somatic hypermutation of immunoglobulin genes	DNA N-glycosylase activity
GO:0008140	6	GO:0035497	7	6	0.04625	1.30655705370895e-11	1.95983837528218	cAMP response element binding protein binding	cAMP response element binding
GO:0004792	3	GO:0006090	8	6	0.0463010204081633	1.31517139337618e-11	1.95975101334427	thiosulfate-cyanide sulfurtransferase activity	pyruvate metabolic process
GO:0034458	3	GO:0034473	3	6	0.0463010204081633	1.31517139217981e-11	1.95975101334427	3'-5' RNA helicase activity	U1 snRNA 3'-end processing
GO:0034458	3	GO:0034476	3	6	0.0463010204081633	1.31517139217981e-11	1.95975101334427	3'-5' RNA helicase activity	U5 snRNA 3'-end processing
GO:0048261	6	GO:0055090	3	6	0.0464285714285714	1.33691397727637e-11	1.95953265477731	negative regulation of receptor-mediated endocytosis	acylglycerol homeostasis
GO:0047617	10	GO:0070061	4	6	0.0464285714285714	1.33691397727637e-11	1.95953265477731	fatty acyl-CoA hydrolase activity	fructose binding
GO:0006071	10	GO:0016024	13	8	0.17875	2.20552720716253e-11	1.95939124583874	glycerol metabolic process	CDP-diacylglycerol biosynthetic process
GO:0009058	11	GO:0019346	5	8	0.17875	2.20552720716253e-11	1.95939124583874	biosynthetic process	transsulfuration
GO:0097553	5	GO:1905665	7	6	0.046530612244898	1.35452238476814e-11	1.95935801550265	calcium ion transmembrane import into cytosol	positive regulation of calcium ion import across plasma membrane
GO:0000839	2	GO:0005047	6	6	0.046530612244898	1.35452238476814e-11	1.95935801550265	Hrd1p ubiquitin ligase ERAD-L complex	signal recognition particle binding
GO:0004993	9	GO:0031402	8	6	0.046530612244898	1.35452238476814e-11	1.95935801550265	G protein-coupled serotonin receptor activity	sodium ion binding
GO:0006541	10	GO:0006543	2	6	0.0465816326530612	1.36339860458688e-11	1.95927071171793	glutamine metabolic process	glutamine catabolic process
GO:0030955	9	GO:1903288	3	6	0.0466071428571429	1.36785480951973e-11	1.95922706378759	potassium ion binding	positive regulation of potassium ion import across plasma membrane
GO:0045046	5	GO:0140036	4	6	0.0466581632653061	1.37680353991022e-11	1.95913977584939	protein import into peroxisome membrane	ubiquitin-modified protein reader activity
GO:0072572	6	GO:0140078	7	6	0.0468367346938776	1.40850821503244e-11	1.95883435121799	poly-ADP-D-ribose binding	class I DNA-(apurinic or apyrimidinic site) endonuclease activity
GO:0006982	2	GO:0034366	7	6	0.0469387755102041	1.42689595947481e-11	1.9586598809014	response to lipid hydroperoxide	spherical high-density lipoprotein particle
GO:0015670	11	GO:0020027	5	6	0.0469387755102041	1.42689595947481e-11	1.9586598809014	carbon dioxide transport	hemoglobin metabolic process
GO:0007250	8	GO:0031265	4	6	0.0470663265306123	1.45016076856679e-11	1.95844185233076	activation of NF-kappaB-inducing kinase activity	CD95 death-inducing signaling complex
GO:0019871	6	GO:0050891	8	6	0.0470663265306123	1.45016076856679e-11	1.95844185233076	sodium channel inhibitor activity	multicellular organismal-level water homeostasis
GO:0006729	7	GO:0018963	2	6	0.0470918367346939	1.45485134824753e-11	1.95839825452346	tetrahydrobiopterin biosynthetic process	phthalate metabolic process
GO:0006729	7	GO:0046684	2	6	0.0470918367346939	1.45485134824753e-11	1.95839825452346	tetrahydrobiopterin biosynthetic process	response to pyrethroid
GO:0006995	6	GO:0044804	4	6	0.0471428571428571	1.46427034040567e-11	1.95831106681315	cellular response to nitrogen starvation	nucleophagy
GO:0016076	2	GO:0101019	9	6	0.0471428571428571	1.46427034040567e-11	1.95831106681315	snRNA catabolic process	nucleolar exosome (RNase complex)
GO:0030049	10	GO:0032971	2	6	0.0471428571428571	1.46427034040567e-11	1.95831106681315	muscle filament sliding	regulation of muscle filament sliding
GO:0000814	3	GO:0042058	8	6	0.0471428571428571	1.46427034040567e-11	1.95831106681315	ESCRT II complex	regulation of epidermal growth factor receptor signaling pathway
GO:0005119	4	GO:0140853	3	6	0.0471428571428571	1.46427034040567e-11	1.95831106681315	smoothened binding	cholesterol-protein transferase activity
GO:0004791	6	GO:0047804	2	6	0.0471938775510204	1.47373995611639e-11	1.95822388963974	thioredoxin-disulfide reductase (NADPH) activity	cysteine-S-conjugate beta-lyase activity
GO:0045182	8	GO:0051388	3	6	0.0473214285714286	1.49763689516979e-11	1.95800599278853	translation regulator activity	positive regulation of neurotrophin TRK receptor signaling pathway
GO:0016189	3	GO:0031629	8	6	0.0473469387755102	1.50245471187461e-11	1.95796242131557	synaptic vesicle to endosome fusion	synaptic vesicle fusion to presynaptic active zone membrane
GO:0006751	7	GO:0044752	3	6	0.0473469387755102	1.50245471187461e-11	1.95796242131557	glutathione catabolic process	response to human chorionic gonadotropin
GO:0050915	9	GO:0061337	6	6	0.0473469387755102	1.50245471187461e-11	1.95796242131557	sensory perception of sour taste	cardiac conduction
GO:0042043	12	GO:0098989	3	6	0.0473469387755102	1.50245471187461e-11	1.95796242131557	neurexin family protein binding	NMDA selective glutamate receptor signaling pathway
GO:0005579	7	GO:0051882	4	6	0.0473469387755102	1.50245471187461e-11	1.95796242131557	membrane attack complex	mitochondrial depolarization
GO:0031994	9	GO:0048633	4	6	0.0473469387755102	1.50245471187461e-11	1.95796242131557	insulin-like growth factor I binding	positive regulation of skeletal muscle tissue growth
GO:0006901	11	GO:0019068	6	8	0.179897959183673	2.31905818550234e-11	1.95789739416147	vesicle coating	virion assembly
GO:0006090	8	GO:0045252	8	7	0.113647959183673	4.39894098289347e-11	1.95788783897027	pyruvate metabolic process	oxoglutarate dehydrogenase complex
GO:0005003	6	GO:0048672	8	6	0.0474489795918367	1.52185498557961e-11	1.95778816173737	ephrin receptor activity	positive regulation of collateral sprouting
GO:0055102	4	GO:0060230	3	6	0.0474489795918367	1.52185498557961e-11	1.95778816173737	lipase inhibitor activity	lipoprotein lipase activator activity
GO:0009058	11	GO:0019441	5	7	0.11375	4.42626864054425e-11	1.95773722091461	biosynthetic process	L-tryptophan catabolic process to kynurenine
GO:1902305	7	GO:1904117	6	6	0.0475	1.53163291081742e-11	1.95770104773202	regulation of sodium ion transmembrane transport	cellular response to vasopressin
GO:0009435	9	GO:0034356	7	6	0.0475255102040816	1.5365414168992e-11	1.95765749467417	NAD biosynthetic process	NAD biosynthesis via nicotinamide riboside salvage pathway
GO:0030850	8	GO:1990788	3	6	0.0476785714285714	1.56626780535851e-11	1.95739623153461	prostate gland development	GLI-SUFU complex
GO:0007221	5	GO:0072104	3	6	0.0477551020408163	1.58130926279798e-11	1.95726563544111	positive regulation of transcription of Notch receptor target	glomerular capillary formation
GO:0007309	2	GO:0036065	8	6	0.0477551020408163	1.58130926279798e-11	1.95726563544111	oocyte axis specification	fucosylation
GO:0007435	5	GO:0048185	7	6	0.0477551020408163	1.58130926279798e-11	1.95726563544111	salivary gland morphogenesis	activin binding
GO:0051469	5	GO:1903774	2	6	0.0477551020408163	1.58130926279092e-11	1.95726563544111	vesicle fusion with vacuole	positive regulation of viral budding via host ESCRT complex
GO:0061763	5	GO:1903774	2	6	0.0477551020408163	1.58130926279092e-11	1.95726563544111	multivesicular body-lysosome fusion	positive regulation of viral budding via host ESCRT complex
GO:0000815	5	GO:1903774	2	6	0.0477551020408163	1.58130926279092e-11	1.95726563544111	ESCRT III complex	positive regulation of viral budding via host ESCRT complex
GO:1903774	2	GO:1904930	5	6	0.0477551020408163	1.58130926279092e-11	1.95726563544111	positive regulation of viral budding via host ESCRT complex	amphisome membrane
GO:0021612	8	GO:0060754	4	6	0.0478316326530612	1.59647056847389e-11	1.95713506298706	facial nerve structural organization	positive regulation of mast cell chemotaxis
GO:0001401	12	GO:1903852	2	6	0.0478571428571429	1.60155110105851e-11	1.95709154408744	SAM complex	positive regulation of cristae formation
GO:0140275	12	GO:1903852	2	6	0.0478571428571429	1.60155110105851e-11	1.95709154408744	MIB complex	positive regulation of cristae formation
GO:0042166	9	GO:0098981	10	6	0.0479591836734694	1.6220078038063e-11	1.95691749473916	acetylcholine binding	cholinergic synapse
GO:0033700	6	GO:0051006	4	6	0.047984693877551	1.62715576414386e-11	1.95687398896306	phospholipid efflux	positive regulation of lipoprotein lipase activity
GO:0032370	2	GO:0052650	7	6	0.0480867346938776	1.64788359670104e-11	1.95669999209302	positive regulation of lipid transport	all-trans-retinol dehydrogenase (NADP+) activity
GO:0030049	10	GO:0051373	4	7	0.114489795918367	4.62876061830827e-11	1.95664617952514	muscle filament sliding	FATZ binding
GO:0034354	6	GO:0047804	2	6	0.0481377551020408	1.65832950729164e-11	1.9566130093942	'de novo' NAD biosynthetic process from L-tryptophan	cysteine-S-conjugate beta-lyase activity
GO:0051469	4	GO:0090611	3	6	0.0481632653061225	1.66357306137278e-11	1.95656952197773	vesicle fusion with vacuole	ubiquitin-independent protein catabolic process via the multivesicular body sorting pathway
GO:0061763	4	GO:0090611	3	6	0.0481632653061225	1.66357306137278e-11	1.95656952197773	multivesicular body-lysosome fusion	ubiquitin-independent protein catabolic process via the multivesicular body sorting pathway
GO:0000815	4	GO:0090611	3	6	0.0481632653061225	1.66357306137278e-11	1.95656952197773	ESCRT III complex	ubiquitin-independent protein catabolic process via the multivesicular body sorting pathway
GO:0090611	3	GO:1904930	4	6	0.0481632653061225	1.66357306137278e-11	1.95656952197773	ubiquitin-independent protein catabolic process via the multivesicular body sorting pathway	amphisome membrane
GO:0034370	3	GO:0051005	5	6	0.0482142857142857	1.67410151076146e-11	1.9564825550091	triglyceride-rich lipoprotein particle remodeling	negative regulation of lipoprotein lipase activity
GO:0048263	5	GO:0060426	5	6	0.0482142857142857	1.67410151076146e-11	1.9564825550091	determination of dorsal identity	lung vasculature development
GO:0016012	6	GO:0017166	7	6	0.0482142857142857	1.67410151076146e-11	1.9564825550091	sarcoglycan complex	vinculin binding
GO:0033700	9	GO:0051917	3	6	0.048469387755102	1.72757809583354e-11	1.95604787736989	phospholipid efflux	regulation of fibrinolysis
GO:0072558	4	GO:1904270	2	6	0.048469387755102	1.72757770633668e-11	1.95604787736989	NLRP1 inflammasome complex	pyroptosome complex assembly
GO:0042627	8	GO:0061740	2	6	0.048469387755102	1.72757809583354e-11	1.95604787736989	chylomicron	protein targeting to lysosome involved in chaperone-mediated autophagy
GO:0051306	2	GO:0071028	8	6	0.0485714285714286	1.74936243162057e-11	1.95587407962891	mitotic sister chromatid separation	nuclear mRNA surveillance
GO:0000076	8	GO:0031390	7	7	0.11515306122449	4.81697094012107e-11	1.95566940548227	DNA replication checkpoint signaling	Ctf18 RFC-like complex
GO:0060575	9	GO:2000195	3	6	0.0486989795918367	1.77691339772538e-11	1.95565689132135	intestinal epithelial cell differentiation	negative regulation of female gonad development
GO:0009058	11	GO:0043420	3	6	0.04875	1.78803426849076e-11	1.95557003430494	biosynthetic process	anthranilate metabolic process
GO:0008107	2	GO:0009247	6	6	0.04875	1.78803426849076e-11	1.95557003430494	galactoside 2-alpha-L-fucosyltransferase activity	glycolipid biosynthetic process
GO:0009247	6	GO:0031127	2	6	0.04875	1.78803426849076e-11	1.95557003430494	glycolipid biosynthetic process	alpha-(1,2)-fucosyltransferase activity
GO:0010898	7	GO:0060621	2	6	0.0488265306122449	1.80482397946944e-11	1.95543976838667	positive regulation of triglyceride catabolic process	negative regulation of cholesterol import
GO:0010898	7	GO:0070653	2	6	0.0488265306122449	1.80482397946944e-11	1.95543976838667	positive regulation of triglyceride catabolic process	high-density lipoprotein particle receptor binding
GO:0000220	6	GO:0098850	5	6	0.0488265306122449	1.80482397946943e-11	1.95543976838667	vacuolar proton-transporting V-type ATPase, V0 domain	extrinsic component of synaptic vesicle membrane
GO:0042813	11	GO:0072205	7	9	0.248316326530612	7.91292488626335e-12	1.95539114180714	Wnt receptor activity	metanephric collecting duct development
GO:0030049	10	GO:0055003	6	8	0.181836734693878	2.52236437532929e-11	1.95538144798753	muscle filament sliding	cardiac myofibril assembly
GO:0006729	7	GO:0042745	2	6	0.0489030612244898	1.82174449313653e-11	1.95530952598848	tetrahydrobiopterin biosynthetic process	circadian sleep/wake cycle
GO:0000957	5	GO:0071034	3	6	0.0489795918367347	1.83879661939341e-11	1.95517930710186	mitochondrial RNA catabolic process	CUT catabolic process
GO:0005760	3	GO:0042276	8	6	0.0489795918367347	1.83879661939341e-11	1.95517930710186	gamma DNA polymerase complex	error-prone translesion synthesis
GO:0008623	3	GO:0042276	8	6	0.0489795918367347	1.83879661939341e-11	1.95517930710186	CHRAC	error-prone translesion synthesis
GO:1904062	5	GO:1905665	7	6	0.0489795918367347	1.83879661939341e-11	1.95517930710186	regulation of monoatomic cation transmembrane transport	positive regulation of calcium ion import across plasma membrane
GO:0006942	8	GO:1990584	2	6	0.0491071428571429	1.86751151375949e-11	1.95496232784908	regulation of striated muscle contraction	cardiac Troponin complex
GO:0034380	3	GO:0034382	4	6	0.0491071428571429	1.86751151375949e-11	1.95496232784908	high-density lipoprotein particle assembly	chylomicron remnant clearance
GO:0015280	12	GO:0019871	6	6	0.0491581632653061	1.8791013180412e-11	1.95487555441935	ligand-gated sodium channel activity	sodium channel inhibitor activity
GO:0035721	10	GO:0044691	4	7	0.115714285714286	4.98128671317656e-11	1.95484393618804	intraciliary retrograde transport	tooth eruption
GO:0047184	4	GO:1900015	5	6	0.0492857142857143	1.90833757868796e-11	1.95465866650153	1-acylglycerophosphocholine O-acyltransferase activity	regulation of cytokine production involved in inflammatory response
GO:0006081	6	GO:0070573	5	6	0.0492857142857143	1.90833757868796e-11	1.95465866650153	aldehyde metabolic process	metallodipeptidase activity
GO:0004972	5	GO:0032308	8	6	0.0493877551020408	1.93199783965024e-11	1.95448520310754	NMDA glutamate receptor activity	positive regulation of prostaglandin secretion
GO:0034354	5	GO:0070189	3	6	0.0493877551020408	1.93199783965024e-11	1.95448520310754	'de novo' NAD biosynthetic process from L-tryptophan	kynurenine metabolic process
GO:0046456	4	GO:1904270	2	6	0.0494387755102041	1.94391860050723e-11	1.9543984870504	icosanoid biosynthetic process	pyroptosome complex assembly
GO:0004993	9	GO:0046621	6	6	0.0494387755102041	1.94391906558628e-11	1.9543984870504	G protein-coupled serotonin receptor activity	negative regulation of organ growth
GO:0038098	3	GO:0039706	11	6	0.0494897959183674	1.95590135215879e-11	1.95431178141649	sequestering of BMP from receptor via BMP binding	co-receptor binding
GO:0006702	3	GO:0008395	7	6	0.0495663265306123	1.97398981491823e-11	1.9541817425037	androgen biosynthetic process	steroid hydroxylase activity
GO:0003865	3	GO:0008395	7	6	0.0495663265306123	1.97398981491823e-11	1.9541817425037	3-oxo-5-alpha-steroid 4-dehydrogenase activity	steroid hydroxylase activity
GO:0008395	7	GO:0047751	3	6	0.0495663265306123	1.97398981491823e-11	1.9541817425037	steroid hydroxylase activity	3-oxo-5-alpha-steroid 4-dehydrogenase (NADP+) activity
GO:0035721	10	GO:0060434	2	6	0.0495918367346939	1.98005010271078e-11	1.95413840140834	intraciliary retrograde transport	bronchus morphogenesis
GO:0004459	3	GO:0045252	8	6	0.0495918367346939	1.98005010271078e-11	1.95413840140834	L-lactate dehydrogenase activity	oxoglutarate dehydrogenase complex
GO:0008107	2	GO:0030311	5	6	0.0497448979591837	2.0167374249093e-11	1.95387840950772	galactoside 2-alpha-L-fucosyltransferase activity	poly-N-acetyllactosamine biosynthetic process
GO:0030311	5	GO:0031127	2	6	0.0497448979591837	2.0167374249093e-11	1.95387840950772	poly-N-acetyllactosamine biosynthetic process	alpha-(1,2)-fucosyltransferase activity
GO:0032354	5	GO:0047035	6	6	0.0497448979591837	2.01673742492035e-11	1.95387840950772	response to follicle-stimulating hormone	testosterone dehydrogenase (NAD+) activity
GO:0034197	3	GO:0042627	7	6	0.0498724489795918	2.04774003451441e-11	1.95366182114986	triglyceride transport	chylomicron
GO:0034098	7	GO:0046604	3	6	0.0499489795918367	2.06653094179874e-11	1.95353189934352	VCP-NPL4-UFD1 AAA ATPase complex	positive regulation of mitotic centrosome separation
GO:0006995	6	GO:0035032	4	6	0.05	2.07913763692338e-11	1.95344529780426	cellular response to nitrogen starvation	phosphatidylinositol 3-kinase complex, class III
GO:0045822	4	GO:1901018	7	6	0.05	2.07913763692338e-11	1.95344529780426	negative regulation of heart contraction	positive regulation of potassium ion transmembrane transporter activity
GO:0060993	7	GO:1990743	3	6	0.0502040816326531	2.13020536901326e-11	1.95309899557944	kidney morphogenesis	protein sialylation
GO:0047288	3	GO:0060993	7	6	0.0502040816326531	2.13020536901326e-11	1.95309899557944	beta-D-galactosyl-(1->3)-N-acetyl-beta-D-galactosaminide alpha-2,3- sialyltransferase	kidney morphogenesis
GO:0030119	7	GO:1905037	4	6	0.0502040816326531	2.13020536901326e-11	1.95309899557944	AP-type membrane coat adaptor complex	autophagosome organization
GO:0002142	6	GO:0120044	7	6	0.0503061224489796	2.15612742326627e-11	1.95292590679146	stereocilia ankle link complex	stereocilium base
GO:0045833	3	GO:1905920	5	6	0.0503571428571429	2.16918640715279e-11	1.95283937796986	negative regulation of lipid metabolic process	positive regulation of CoA-transferase activity
GO:0000931	9	GO:0046605	6	6	0.0503571428571429	2.16918640715279e-11	1.95283937796986	gamma-tubulin ring complex	regulation of centrosome cycle
GO:0004359	4	GO:0097367	6	6	0.0503571428571429	2.16918640715279e-11	1.95283937796986	glutaminase activity	carbohydrate derivative binding
GO:0006643	2	GO:0036065	8	6	0.0504081632653061	2.18231104416369e-11	1.95275285952652	membrane lipid metabolic process	fucosylation
GO:0003945	2	GO:0036065	8	6	0.0504081632653061	2.18231104416369e-11	1.95275285952652	N-acetyllactosamine synthase activity	fucosylation
GO:0032509	6	GO:0090611	4	6	0.0505102040816327	2.20875832806968e-11	1.9525798537647	endosome transport via multivesicular body sorting pathway	ubiquitin-independent protein catabolic process via the multivesicular body sorting pathway
GO:0003836	5	GO:0048729	3	6	0.0505102040816327	2.20875832806968e-11	1.9525798537647	beta-galactoside (CMP) alpha-2,3-sialyltransferase activity	tissue morphogenesis
GO:0009931	6	GO:0016281	9	6	0.0505102040816327	2.20875832806968e-11	1.9525798537647	calcium-dependent protein serine/threonine kinase activity	eukaryotic translation initiation factor 4F complex
GO:0003829	3	GO:0003836	5	6	0.0505102040816327	2.20875832806968e-11	1.9525798537647	beta-1,3-galactosyl-O-glycosyl-glycoprotein beta-1,6-N-acetylglucosaminyltransferase activity	beta-galactoside (CMP) alpha-2,3-sialyltransferase activity
GO:0019068	6	GO:1990071	12	8	0.184081632653061	2.77698578989058e-11	1.95247916802086	virion assembly	TRAPPII protein complex
GO:0008499	10	GO:0097503	7	7	0.11734693877551	5.4867558132704e-11	1.95244792810448	N-acetyl-beta-D-glucosaminide beta-(1,3)-galactosyltransferase activity	sialylation
GO:0140288	6	GO:2000171	4	6	0.0507397959183674	2.26923967793256e-11	1.95219074244333	GBAF complex	negative regulation of dendrite development
GO:0030893	7	GO:0071169	4	6	0.0508928571428571	2.31032003623567e-11	1.95193145145548	meiotic cohesin complex	establishment of protein localization to chromatin
GO:0030893	7	GO:0034421	3	6	0.0508928571428571	2.31032003623567e-11	1.95193145145548	meiotic cohesin complex	post-translational protein acetylation
GO:0008035	8	GO:0051006	7	7	0.117729591836735	5.61135282386302e-11	1.95188751306624	high-density lipoprotein particle binding	positive regulation of lipoprotein lipase activity
GO:0004028	3	GO:0048038	10	6	0.050969387755102	2.33109077149044e-11	1.95180184090433	3-chloroallyl aldehyde dehydrogenase activity	quinone binding
GO:0004030	3	GO:0048038	10	6	0.050969387755102	2.33109077149044e-11	1.95180184090433	aldehyde dehydrogenase [NAD(P)+] activity	quinone binding
GO:0008499	10	GO:1904906	2	6	0.0510204081632653	2.34502393932058e-11	1.95171544680633	N-acetyl-beta-D-glucosaminide beta-(1,3)-galactosyltransferase activity	positive regulation of endothelial cell-matrix adhesion via fibronectin
GO:0004022	9	GO:0060840	8	7	0.117959183673469	5.68726302979723e-11	1.95155147290985	alcohol dehydrogenase (NAD+) activity	artery development
GO:0004535	10	GO:2000766	6	7	0.118061224489796	5.72128096917223e-11	1.95140217196335	poly(A)-specific ribonuclease activity	negative regulation of cytoplasmic translation
GO:0001936	4	GO:1990743	3	6	0.05125	2.40858257078345e-11	1.95132680136102	regulation of endothelial cell proliferation	protein sialylation
GO:0001936	4	GO:0047288	3	6	0.05125	2.40858257078345e-11	1.95132680136102	regulation of endothelial cell proliferation	beta-D-galactosyl-(1->3)-N-acetyl-beta-D-galactosaminide alpha-2,3- sialyltransferase
GO:0060052	9	GO:0098971	6	6	0.0513520408163265	2.43728669768382e-11	1.95115413724185	neurofilament cytoskeleton organization	anterograde dendritic transport of neurotransmitter receptor complex
GO:0070307	8	GO:1904693	2	6	0.0513520408163265	2.43728669768382e-11	1.95115413724185	lens fiber cell development	midbrain morphogenesis
GO:0006643	2	GO:0042355	8	6	0.0513775510204082	2.44450696307709e-11	1.95111097766901	membrane lipid metabolic process	L-fucose catabolic process
GO:0003945	2	GO:0042355	8	6	0.0513775510204082	2.44450696307709e-11	1.95111097766901	N-acetyllactosamine synthase activity	L-fucose catabolic process
GO:0001635	3	GO:0097084	10	6	0.0514285714285714	2.45900081705071e-11	1.95102466626951	calcitonin gene-related peptide receptor activity	vascular associated smooth muscle cell development
GO:0097084	10	GO:0150061	3	6	0.0514285714285714	2.45900081705071e-11	1.95102466626951	vascular associated smooth muscle cell development	amylin receptor 3 signaling pathway
GO:0097084	10	GO:0097643	3	6	0.0514285714285714	2.45900081705071e-11	1.95102466626951	vascular associated smooth muscle cell development	amylin receptor activity
GO:0005652	8	GO:0021817	3	6	0.0514285714285714	2.45900081705071e-11	1.95102466626951	nuclear lamina	nucleokinesis involved in cell motility in cerebral cortex radial glia guided migration
GO:0030193	7	GO:0031639	10	7	0.118469387755102	5.85909383825316e-11	1.95080527700133	regulation of blood coagulation	plasminogen activation
GO:0034014	2	GO:0034366	7	6	0.0516326530612245	2.51769232345559e-11	1.95067952390865	response to triglyceride	spherical high-density lipoprotein particle
GO:0048263	5	GO:0060272	6	6	0.0516581632653061	2.52510989984568e-11	1.95063639272262	determination of dorsal identity	embryonic skeletal joint morphogenesis
GO:0000460	6	GO:0045006	3	6	0.051734693877551	2.54747165799069e-11	1.95050701463592	maturation of 5.8S rRNA	DNA deamination
GO:0045606	6	GO:0046639	3	6	0.051734693877551	2.54747165799069e-11	1.95050701463592	positive regulation of epidermal cell differentiation	negative regulation of alpha-beta T cell differentiation
GO:0010898	7	GO:0034380	3	6	0.0517857142857143	2.56247070803783e-11	1.95042077546786	positive regulation of triglyceride catabolic process	high-density lipoprotein particle assembly
GO:0030300	2	GO:0048261	6	6	0.0517857142857143	2.56247070803783e-11	1.95042077546786	regulation of intestinal cholesterol absorption	negative regulation of receptor-mediated endocytosis
GO:0048671	6	GO:0140288	6	6	0.0520408163265306	2.63857116918754e-11	1.94998973421186	negative regulation of collateral sprouting	GBAF complex
GO:0042813	12	GO:0055009	6	9	0.253061224489796	9.34264181624986e-12	1.949920791507	Wnt receptor activity	atrial cardiac muscle tissue morphogenesis
GO:0097105	8	GO:0099562	5	6	0.0523469387755102	2.73236113077205e-11	1.94947282446531	presynaptic membrane assembly	maintenance of postsynaptic density structure
GO:0003836	5	GO:0017083	6	7	0.119387755102041	6.17955984840793e-11	1.94946406647467	beta-galactoside (CMP) alpha-2,3-sialyltransferase activity	4-galactosyl-N-acetylglucosaminide 3-alpha-L-fucosyltransferase activity
GO:0003836	5	GO:0046920	6	7	0.119387755102041	6.17955984840793e-11	1.94946406647467	beta-galactoside (CMP) alpha-2,3-sialyltransferase activity	alpha-(1->3)-fucosyltransferase activity
GO:0043220	8	GO:0090557	8	7	0.119540816326531	6.23439756975658e-11	1.94924077363263	Schmidt-Lanterman incisure	establishment of endothelial intestinal barrier
GO:0001936	4	GO:0008532	5	6	0.0525	2.78028462924237e-11	1.94921450843016	regulation of endothelial cell proliferation	N-acetyllactosaminide beta-1,3-N-acetylglucosaminyltransferase activity
GO:0006729	7	GO:0009635	3	6	0.0525255102040816	2.78833935562113e-11	1.9491714647496	tetrahydrobiopterin biosynthetic process	response to herbicide
GO:0035735	7	GO:0070986	10	7	0.11969387755102	6.2896497441975e-11	1.94901754988941	intraciliary transport involved in cilium assembly	left/right axis specification
GO:0034638	12	GO:0047179	4	6	0.0526785714285714	2.83707594290282e-11	1.94891325659014	phosphatidylcholine catabolic process	platelet-activating factor acetyltransferase activity
GO:0008504	8	GO:0055062	9	6	0.0527295918367347	2.85347788112716e-11	1.94882720773874	monoamine transmembrane transporter activity	phosphate ion homeostasis
GO:0004022	7	GO:0019841	7	6	0.0527295918367347	2.85347788112716e-11	1.94882720773874	alcohol dehydrogenase (NAD+) activity	retinol binding
GO:0034464	8	GO:0060221	6	7	0.11984693877551	6.34531895718594e-11	1.94879439520227	BBSome	retinal rod cell differentiation
GO:0004144	5	GO:0052650	7	6	0.0530612244897959	2.96202231810256e-11	1.94826814026712	diacylglycerol O-acyltransferase activity	all-trans-retinol dehydrogenase (NADP+) activity
GO:0035250	2	GO:0036065	8	6	0.0530612244897959	2.96202231810256e-11	1.94826814026712	UDP-galactosyltransferase activity	fucosylation
GO:0004459	3	GO:0009083	10	6	0.053265306122449	3.03050765418708e-11	1.94792431398776	L-lactate dehydrogenase activity	branched-chain amino acid catabolic process
GO:0005652	8	GO:0090292	3	6	0.053265306122449	3.03050765418708e-11	1.94792431398776	nuclear lamina	nuclear matrix anchoring at nuclear membrane
GO:0031017	4	GO:0031994	9	6	0.053265306122449	3.03050765418708e-11	1.94792431398776	exocrine pancreas development	insulin-like growth factor I binding
GO:0042627	8	GO:1905908	2	6	0.0535714285714286	3.13569881601792e-11	1.94740888165397	chylomicron	positive regulation of amyloid fibril formation
GO:0008118	2	GO:0008499	10	6	0.0535714285714286	3.13569881601792e-11	1.94740888165397	N-acetyllactosaminide alpha-2,3-sialyltransferase activity	N-acetyl-beta-D-glucosaminide beta-(1,3)-galactosyltransferase activity
GO:0036010	9	GO:0090556	7	6	0.0537755102040816	3.20749742283362e-11	1.94706546459419	protein localization to endosome	phosphatidylserine floppase activity
GO:0008184	3	GO:0031404	10	6	0.0538010204081633	3.21656749016404e-11	1.94702254895504	glycogen phosphorylase activity	chloride ion binding
GO:0031220	3	GO:0031404	10	6	0.0538010204081633	3.21656749016404e-11	1.94702254895504	maltodextrin phosphorylase activity	chloride ion binding
GO:0030035	1	GO:0030049	10	6	0.0538775510204082	3.24390563220027e-11	1.94689381735473	microspike assembly	muscle filament sliding
GO:0042043	12	GO:1903307	3	6	0.0538775510204082	3.24390563222674e-11	1.94689381735473	neurexin family protein binding	positive regulation of regulated secretory pathway
GO:0004972	5	GO:1905665	7	6	0.0538775510204082	3.24390563222674e-11	1.94689381735473	NMDA glutamate receptor activity	positive regulation of calcium ion import across plasma membrane
GO:0001878	11	GO:0019730	9	7	0.121173469387755	6.84564537036274e-11	1.94686327424543	response to yeast	antimicrobial humoral response
GO:0006164	8	GO:0046655	8	7	0.121224489795918	6.86554152996766e-11	1.94678910350654	purine nucleotide biosynthetic process	folic acid metabolic process
GO:0010916	4	GO:1905920	5	6	0.0539540816326531	3.27143652123127e-11	1.94676510872374	negative regulation of very-low-density lipoprotein particle clearance	positive regulation of CoA-transferase activity
GO:0039706	11	GO:0098821	6	7	0.12125	6.87550808671947e-11	1.9467520209968	co-receptor binding	BMP receptor activity
GO:0000338	10	GO:0033089	10	8	0.188647959183673	3.36471127948281e-11	1.94661145685167	protein deneddylation	positive regulation of T cell differentiation in thymus
GO:0035250	2	GO:0042355	8	6	0.0540816326530612	3.31775259719708e-11	1.94655064535946	UDP-galactosyltransferase activity	L-fucose catabolic process
GO:0042731	7	GO:0061700	8	6	0.0541836734693878	3.355196488843e-11	1.94637912056482	PH domain binding	GATOR2 complex
GO:0048846	10	GO:0060754	4	6	0.0542091836734694	3.36461210828764e-11	1.94633624573819	axon extension involved in axon guidance	positive regulation of mast cell chemotaxis
GO:1904153	9	GO:2000638	2	6	0.0542091836734694	3.36461210828764e-11	1.94633624573819	negative regulation of retrograde protein transport, ER to cytosol	regulation of SREBP signaling pathway
GO:0006995	6	GO:1901098	7	6	0.0542857142857143	3.39299076763967e-11	1.94620763654632	cellular response to nitrogen starvation	positive regulation of autophagosome maturation
GO:0005655	6	GO:0043527	4	6	0.0542857142857143	3.39299076763967e-11	1.94620763654632	nucleolar ribonuclease P complex	tRNA methyltransferase complex
GO:0006729	7	GO:0071316	3	6	0.0543367346938776	3.41202011528793e-11	1.94612190982206	tetrahydrobiopterin biosynthetic process	cellular response to nicotine
GO:0048387	5	GO:0140627	9	6	0.0543877551020408	3.43113803719412e-11	1.94603619328456	negative regulation of retinoic acid receptor signaling pathway	ubiquitin-dependent protein catabolic process via the C-end degron rule pathway
GO:0005915	6	GO:0045295	7	6	0.0543877551020408	3.43113803719412e-11	1.94603619328456	zonula adherens	gamma-catenin binding
GO:0001574	9	GO:0042582	8	6	0.0544132653061225	3.44073031586164e-11	1.9459933388351	ganglioside biosynthetic process	azurophil granule
GO:0009435	9	GO:0031509	5	6	0.0545663265306123	3.49875302526411e-11	1.94573626558917	NAD biosynthetic process	subtelomeric heterochromatin formation
GO:0042030	3	GO:0071986	6	6	0.0545663265306123	3.49875302526411e-11	1.94573626558917	ATPase inhibitor activity	Ragulator complex
GO:0036065	8	GO:0097503	7	7	0.122040816326531	7.19065231547803e-11	1.94560340770566	fucosylation	sialylation
GO:0006090	8	GO:0009083	10	7	0.122066326530612	7.20101989124578e-11	1.94556638609769	pyruvate metabolic process	branched-chain amino acid catabolic process
GO:0006640	7	GO:0052650	7	6	0.054719387755102	3.55758624356435e-11	1.94547928392615	monoacylglycerol biosynthetic process	all-trans-retinol dehydrogenase (NADP+) activity
GO:0001823	9	GO:0016015	6	7	0.122142857142857	7.23219913097056e-11	1.94545533267272	mesonephros development	morphogen activity
GO:0016212	3	GO:0019441	5	6	0.055	3.66758207323433e-11	1.94500838852206	kynurenine-oxoglutarate transaminase activity	L-tryptophan catabolic process to kynurenine
GO:0033263	7	GO:0048193	8	6	0.0551020408163265	3.70827438843789e-11	1.94483723001599	CORVET complex	Golgi vesicle transport
GO:0042438	9	GO:0048066	7	6	0.0552551020408163	3.77001560159282e-11	1.94458056837996	melanin biosynthetic process	developmental pigmentation
GO:0008066	11	GO:0097553	5	6	0.0552551020408163	3.77001560159282e-11	1.94458056837996	glutamate receptor activity	calcium ion transmembrane import into cytosol
GO:0001614	7	GO:1905232	3	6	0.0553571428571429	3.81164889688157e-11	1.94440951134325	purinergic nucleotide receptor activity	cellular response to L-glutamate
GO:0004931	7	GO:1905232	3	6	0.0553571428571429	3.81164889688157e-11	1.94440951134325	extracellularly ATP-gated monoatomic cation channel activity	cellular response to L-glutamate
GO:0047144	6	GO:0047179	4	6	0.0553571428571429	3.81164889688157e-11	1.94440951134325	2-acylglycerol-3-phosphate O-acyltransferase activity	platelet-activating factor acetyltransferase activity
GO:0070578	4	GO:1900153	10	6	0.055484693877551	3.86422690715269e-11	1.94419574707426	RISC-loading complex	positive regulation of nuclear-transcribed mRNA catabolic process, deadenylation-dependent decay
GO:0008278	5	GO:0071459	4	6	0.055484693877551	3.86422690715269e-11	1.94419574707426	cohesin complex	protein localization to chromosome, centromeric region
GO:0021707	5	GO:0042043	12	6	0.0555102040816327	3.87481446091114e-11	1.94415300182104	cerebellar granule cell differentiation	neurexin family protein binding
GO:0050915	9	GO:0086012	9	6	0.0555102040816327	3.87481446091114e-11	1.94415300182104	sensory perception of sour taste	membrane depolarization during cardiac muscle cell action potential
GO:0001572	2	GO:0036065	8	6	0.0557142857142857	3.96038562790268e-11	1.94381113095187	lactosylceramide biosynthetic process	fucosylation
GO:0033299	5	GO:0099078	8	6	0.0557142857142857	3.96038562790268e-11	1.94381113095187	secretion of lysosomal enzymes	BORC complex
GO:0036065	8	GO:0036438	5	6	0.0557142857142857	3.96038562790268e-11	1.94381113095187	fucosylation	maintenance of lens transparency
GO:0034604	3	GO:0045252	8	6	0.0557908163265306	3.99287679401033e-11	1.94368297113623	pyruvate dehydrogenase (NAD+) activity	oxoglutarate dehydrogenase complex
GO:0008417	9	GO:1990743	3	7	0.123418367346939	7.76906154878064e-11	1.94360695488577	fucosyltransferase activity	protein sialylation
GO:0008417	9	GO:0047288	3	7	0.123418367346939	7.76906154878064e-11	1.94360695488577	fucosyltransferase activity	beta-D-galactosyl-(1->3)-N-acetyl-beta-D-galactosaminide alpha-2,3- sialyltransferase
GO:0000460	7	GO:0000957	5	6	0.0561224489795918	4.13624227604186e-11	1.94312787490226	maturation of 5.8S rRNA	mitochondrial RNA catabolic process
GO:0000957	5	GO:0034473	3	6	0.0561224489795918	4.13624227604186e-11	1.94312787490226	mitochondrial RNA catabolic process	U1 snRNA 3'-end processing
GO:0000957	5	GO:0034476	3	6	0.0561224489795918	4.13624227604186e-11	1.94312787490226	mitochondrial RNA catabolic process	U5 snRNA 3'-end processing
GO:0032308	8	GO:0098976	7	6	0.0561224489795918	4.13624227604186e-11	1.94312787490226	positive regulation of prostaglandin secretion	excitatory chemical synaptic transmission
GO:0004791	6	GO:0016212	3	6	0.0561224489795918	4.13624227604186e-11	1.94312787490226	thioredoxin-disulfide reductase (NADPH) activity	kynurenine-oxoglutarate transaminase activity
GO:0006287	9	GO:0070522	2	6	0.0561479591836735	4.14744516624578e-11	1.9430851928798	base-excision repair, gap-filling	ERCC4-ERCC1 complex
GO:0010898	7	GO:0034197	4	6	0.0562244897959184	4.18120516931273e-11	1.94295716196324	positive regulation of triglyceride catabolic process	triglyceride transport
GO:0061337	6	GO:1904117	6	6	0.0562244897959184	4.18120516931273e-11	1.94295716196324	cardiac conduction	cellular response to vasopressin
GO:0005655	6	GO:0046404	3	6	0.0562244897959184	4.18120516931273e-11	1.94295716196324	nucleolar ribonuclease P complex	ATP-dependent polydeoxyribonucleotide 5'-hydroxyl-kinase activity
GO:0031994	9	GO:0060669	3	6	0.0562244897959184	4.18120516931273e-11	1.94295716196324	insulin-like growth factor I binding	embryonic placenta morphogenesis
GO:0006000	7	GO:0009298	5	6	0.05625	4.19250909815261e-11	1.94291449004034	fructose metabolic process	GDP-mannose biosynthetic process
GO:0006101	4	GO:0099128	4	6	0.05625	4.19250909815261e-11	1.94291449004034	citrate metabolic process	mitochondrial [2Fe-2S] assembly complex
GO:0006287	8	GO:0045008	7	6	0.05625	4.19250909815261e-11	1.94291449004034	base-excision repair, gap-filling	depyrimidination
GO:0050891	8	GO:1902305	7	6	0.05625	4.19250909815261e-11	1.94291449004034	multicellular organismal-level water homeostasis	regulation of sodium ion transmembrane transport
GO:0060993	7	GO:0097503	7	6	0.0563265306122449	4.22657330119443e-11	1.94278648941532	kidney morphogenesis	sialylation
GO:0000828	8	GO:0034485	6	6	0.0563265306122449	4.22657330119443e-11	1.94278648941532	inositol hexakisphosphate kinase activity	phosphatidylinositol-3,4,5-trisphosphate 5-phosphatase activity
GO:0006058	4	GO:1904153	9	6	0.0563775510204082	4.24941023719666e-11	1.94270116828204	mannoprotein catabolic process	negative regulation of retrograde protein transport, ER to cytosol
GO:0033299	5	GO:0051036	9	6	0.0564285714285714	4.27234957146762e-11	1.94261585723937	secretion of lysosomal enzymes	regulation of endosome size
GO:0033299	5	GO:0062196	9	6	0.0564285714285714	4.27234957146762e-11	1.94261585723937	secretion of lysosomal enzymes	regulation of lysosome size
GO:0005663	4	GO:0033314	9	6	0.0566326530612245	4.36513820313245e-11	1.94227471392706	DNA replication factor C complex	mitotic DNA replication checkpoint signaling
GO:0001572	2	GO:0042355	8	6	0.0567857142857143	4.43582283366982e-11	1.94201896227735	lactosylceramide biosynthetic process	L-fucose catabolic process
GO:0036438	5	GO:0042355	8	6	0.0567857142857143	4.43582283366982e-11	1.94201896227735	maintenance of lens transparency	L-fucose catabolic process
GO:0006102	6	GO:0021860	3	6	0.0569387755102041	4.50745556873446e-11	1.9417633012715	isocitrate metabolic process	pyramidal neuron development
GO:0000177	12	GO:0016076	2	6	0.0569387755102041	4.50745556873446e-11	1.9417633012715	cytoplasmic exosome (RNase complex)	snRNA catabolic process
GO:0036305	8	GO:0060676	5	6	0.0569387755102041	4.50745556873446e-11	1.9417633012715	ameloblast differentiation	ureteric bud formation
GO:0004532	4	GO:2000036	8	6	0.0569387755102041	4.50745556873446e-11	1.9417633012715	RNA exonuclease activity	regulation of stem cell population maintenance
GO:0071986	6	GO:2000973	3	6	0.0569387755102041	4.50745556873446e-11	1.9417633012715	Ragulator complex	regulation of pro-B cell differentiation
GO:0033353	4	GO:0072341	6	6	0.0571428571428571	4.60445815745242e-11	1.94142256082093	S-adenosylmethionine cycle	modified amino acid binding
GO:0042043	12	GO:0098990	4	6	0.0571428571428571	4.60445815745242e-11	1.94142256082093	neurexin family protein binding	AMPA selective glutamate receptor signaling pathway
GO:0030915	9	GO:1900180	8	7	0.125	8.48164494253462e-11	1.94132152468092	Smc5-Smc6 complex	regulation of protein localization to nucleus
GO:0006776	6	GO:0110095	5	6	0.0572448979591837	4.65360578045612e-11	1.94125225093455	vitamin A metabolic process	cellular detoxification of aldehyde
GO:0030049	10	GO:0032796	1	6	0.0572448979591837	4.6536057804047e-11	1.94125225093455	muscle filament sliding	uropod organization
GO:0030049	10	GO:0098973	2	6	0.0572448979591837	4.65360578045612e-11	1.94125225093455	muscle filament sliding	structural constituent of postsynaptic actin cytoskeleton
GO:0099566	7	GO:2001256	11	6	0.0573979591836735	4.72814366984288e-11	1.94099686147518	regulation of postsynaptic cytosolic calcium ion concentration	regulation of store-operated calcium entry
GO:0030042	9	GO:0098885	7	6	0.0575	4.77838436135656e-11	1.94082665205475	actin filament depolymerization	modification of postsynaptic actin cytoskeleton
GO:0001936	4	GO:0097503	7	6	0.0575	4.77838436135656e-11	1.94082665205475	regulation of endothelial cell proliferation	sialylation
GO:0006108	6	GO:1990204	6	6	0.0575255102040816	4.79101357025796e-11	1.94078410597432	malate metabolic process	oxidoreductase complex
GO:0005915	7	GO:0005916	5	6	0.0575255102040816	4.79101357025796e-11	1.94078410597432	zonula adherens	fascia adherens
GO:0047804	2	GO:0070814	4	6	0.0575765306122449	4.81635334950244e-11	1.940699021341	cysteine-S-conjugate beta-lyase activity	hydrogen sulfide biosynthetic process
GO:0042641	6	GO:0090131	4	6	0.0575765306122449	4.81635516898396e-11	1.940699021341	actomyosin	mesenchyme migration
GO:0032364	7	GO:0042813	12	9	0.261224489795918	1.23418741270371e-11	1.94060543983439	intracellular oxygen homeostasis	Wnt receptor activity
GO:0000964	2	GO:0071028	8	6	0.0576785714285714	4.86737244571804e-11	1.94052888217624	mitochondrial RNA 5'-end processing	nuclear mRNA surveillance
GO:0006086	4	GO:0045252	8	6	0.0578571428571429	4.95773263131243e-11	1.94023123516544	pyruvate decarboxylation to acetyl-CoA	oxoglutarate dehydrogenase complex
GO:0034384	5	GO:0051005	5	6	0.0578571428571429	4.95773263131243e-11	1.94023123516544	high-density lipoprotein particle clearance	negative regulation of lipoprotein lipase activity
GO:0005655	6	GO:0006550	3	6	0.0581632653061225	5.1158764333098e-11	1.93972126871051	nucleolar ribonuclease P complex	isoleucine catabolic process
GO:0010606	5	GO:0061014	10	6	0.0581632653061225	5.1158764333098e-11	1.93972126871051	positive regulation of cytoplasmic mRNA processing body assembly	positive regulation of mRNA catabolic process
GO:0032511	7	GO:1904949	5	6	0.0581632653061225	5.1158764333098e-11	1.93972126871051	late endosome to vacuole transport via multivesicular body sorting pathway	ATPase complex
GO:0034384	4	GO:0051006	6	6	0.0581632653061225	5.1158764333098e-11	1.93972126871051	high-density lipoprotein particle clearance	positive regulation of lipoprotein lipase activity
GO:0004993	9	GO:0048484	6	6	0.0581632653061225	5.1158764333098e-11	1.93972126871051	G protein-coupled serotonin receptor activity	enteric nervous system development
GO:0008066	11	GO:1904062	5	6	0.0581632653061225	5.1158764333098e-11	1.93972126871051	glutamate receptor activity	regulation of monoatomic cation transmembrane transport
GO:0005655	6	GO:0030283	3	6	0.0581632653061225	5.1158764333098e-11	1.93972126871051	nucleolar ribonuclease P complex	testosterone dehydrogenase [NAD(P)+] activity
GO:0000172	8	GO:0070922	6	7	0.126198979591837	9.05828709920258e-11	1.93959383340934	ribonuclease MRP complex	RISC complex assembly
GO:0000172	8	GO:0047044	6	7	0.126198979591837	9.05828709920258e-11	1.93959383340934	ribonuclease MRP complex	androstan-3-alpha,17-beta-diol dehydrogenase (NAD+) activity
GO:0003417	8	GO:0070053	3	6	0.0583673469387755	5.22361541023316e-11	1.93938149125701	growth plate cartilage development	thrombospondin receptor activity
GO:0006682	4	GO:0036065	8	6	0.0583673469387755	5.22361541023316e-11	1.93938149125701	galactosylceramide biosynthetic process	fucosylation
GO:0017146	6	GO:0032308	8	6	0.0583673469387755	5.22361541023316e-11	1.93938149125701	NMDA selective glutamate receptor complex	positive regulation of prostaglandin secretion
GO:0035965	6	GO:0047144	6	6	0.0585204081632653	5.30565049002057e-11	1.9391267631558	cardiolipin acyl-chain remodeling	2-acylglycerol-3-phosphate O-acyltransferase activity
GO:0044571	10	GO:0051538	2	6	0.0585204081632653	5.30565049002057e-11	1.9391267631558	[2Fe-2S] cluster assembly	3 iron, 4 sulfur cluster binding
GO:0001614	7	GO:0022843	6	6	0.0585204081632653	5.30565049002057e-11	1.9391267631558	purinergic nucleotide receptor activity	voltage-gated monoatomic cation channel activity
GO:0004931	7	GO:0022843	6	6	0.0585204081632653	5.30565049002057e-11	1.9391267631558	extracellularly ATP-gated monoatomic cation channel activity	voltage-gated monoatomic cation channel activity
GO:0000177	12	GO:0060416	11	11	0.398571428571429	7.01367180939015e-13	1.93909411221135	cytoplasmic exosome (RNase complex)	response to growth hormone
GO:0003334	7	GO:0140288	6	6	0.0585459183673469	5.31942645718369e-11	1.9390843172162	keratinocyte development	GBAF complex
GO:0048263	5	GO:1901331	5	6	0.0585459183673469	5.31942645718369e-11	1.9390843172162	determination of dorsal identity	positive regulation of odontoblast differentiation
GO:1904153	9	GO:1904288	3	6	0.0585459183673469	5.31942645718369e-11	1.9390843172162	negative regulation of retrograde protein transport, ER to cytosol	BAT3 complex binding
GO:0097418	4	GO:0099641	8	6	0.0585459183673469	5.31942645718369e-11	1.9390843172162	neurofibrillary tangle	anterograde axonal protein transport
GO:0003139	7	GO:0042813	12	10	0.330612244897959	3.18465218204866e-12	1.9390459645995	secondary heart field specification	Wnt receptor activity
GO:0000931	8	GO:0005827	3	6	0.0585714285714286	5.33323211787371e-11	1.93904187377407	gamma-tubulin ring complex	polar microtubule
GO:0015280	12	GO:1902305	7	6	0.05875	5.43070744308932e-11	1.93874483958398	ligand-gated sodium channel activity	regulation of sodium ion transmembrane transport
GO:0000467	3	GO:0071028	5	6	0.0587755102040816	5.44475248892033e-11	1.93870241611113	exonucleolytic trimming to generate mature 3'-end of 5.8S rRNA from tricistronic rRNA transcript (SSU-rRNA, 5.8S rRNA, LSU-rRNA)	nuclear mRNA surveillance
GO:0006102	6	GO:0010040	3	6	0.0587755102040816	5.44475248892033e-11	1.93870241611113	isocitrate metabolic process	response to iron(II) ion
GO:0010586	7	GO:0072091	9	6	0.0587755102040816	5.44475248892033e-11	1.93870241611113	miRNA metabolic process	regulation of stem cell proliferation
GO:0032510	4	GO:0051469	5	6	0.0587755102040816	5.44475248892033e-11	1.93870241611113	endosome to lysosome transport via multivesicular body sorting pathway	vesicle fusion with vacuole
GO:0032510	4	GO:0061763	5	6	0.0587755102040816	5.44475248892033e-11	1.93870241611113	endosome to lysosome transport via multivesicular body sorting pathway	multivesicular body-lysosome fusion
GO:0000815	5	GO:0032510	4	6	0.0587755102040816	5.44475248892033e-11	1.93870241611113	ESCRT III complex	endosome to lysosome transport via multivesicular body sorting pathway
GO:0032510	4	GO:1904930	5	6	0.0587755102040816	5.44475248892033e-11	1.93870241611113	endosome to lysosome transport via multivesicular body sorting pathway	amphisome membrane
GO:0032741	3	GO:0061702	7	6	0.0589285714285714	5.52965779552625e-11	1.93844792765534	positive regulation of interleukin-18 production	canonical inflammasome complex
GO:0008299	10	GO:0018343	3	6	0.059030612244898	5.58686991437689e-11	1.93827831855029	isoprenoid biosynthetic process	protein farnesylation
GO:0008299	10	GO:0019408	3	6	0.059030612244898	5.58686991437689e-11	1.93827831855029	isoprenoid biosynthetic process	dolichol biosynthetic process
GO:0008311	5	GO:0031390	7	6	0.0591326530612245	5.644572774386e-11	1.93810874931575	double-stranded DNA 3'-5' DNA exonuclease activity	Ctf18 RFC-like complex
GO:0006702	3	GO:0006703	7	6	0.0591836734693878	5.67360927584855e-11	1.93802397964405	androgen biosynthetic process	estrogen biosynthetic process
GO:0003865	3	GO:0006703	7	6	0.0591836734693878	5.67360927584855e-11	1.93802397964405	3-oxo-5-alpha-steroid 4-dehydrogenase activity	estrogen biosynthetic process
GO:0006703	7	GO:0047751	3	6	0.0591836734693878	5.67360927584855e-11	1.93802397964405	estrogen biosynthetic process	3-oxo-5-alpha-steroid 4-dehydrogenase (NADP+) activity
GO:0032232	3	GO:0097104	7	6	0.0591836734693878	5.67360927584855e-11	1.93802397964405	negative regulation of actin filament bundle assembly	postsynaptic membrane assembly
GO:0005003	6	GO:0048668	10	6	0.0593112244897959	5.74674368503616e-11	1.93781209903732	ephrin receptor activity	collateral sprouting
GO:0015844	7	GO:0055062	9	6	0.0594897959183674	5.85044576413708e-11	1.93751557070457	monoamine transport	phosphate ion homeostasis
GO:0030125	9	GO:0097443	5	6	0.0594897959183674	5.85044576413708e-11	1.93751557070457	clathrin vesicle coat	sorting endosome
GO:0042813	11	GO:0060231	5	7	0.127678571428571	9.81567173932329e-11	1.93746747711329	Wnt receptor activity	mesenchymal to epithelial transition
GO:0036038	12	GO:0090251	2	6	0.0595918367346939	5.9103985523063e-11	1.93734618065555	MKS complex	protein localization involved in establishment of planar polarity
GO:0034498	10	GO:0098837	7	6	0.0596173469387755	5.92546619793557e-11	1.93730383935771	early endosome to Golgi transport	postsynaptic recycling endosome
GO:0006625	8	GO:0034453	7	6	0.0596938775510204	5.97086066821072e-11	1.93717683037411	protein targeting to peroxisome	microtubule anchoring
GO:0047376	3	GO:0052650	7	6	0.0596938775510204	5.97086066821072e-11	1.93717683037411	all-trans-retinyl-palmitate hydrolase, all-trans-retinol forming activity	all-trans-retinol dehydrogenase (NADP+) activity
GO:0006729	7	GO:0007617	4	6	0.0597704081632653	6.01654356694494e-11	1.93704984374929	tetrahydrobiopterin biosynthetic process	mating behavior
GO:0006729	7	GO:0015842	3	6	0.0597704081632653	6.01654356694494e-11	1.93704984374929	tetrahydrobiopterin biosynthetic process	aminergic neurotransmitter loading into synaptic vesicle
GO:0009083	10	GO:0019626	3	6	0.0599234693877551	6.10878047637935e-11	1.93679593754447	branched-chain amino acid catabolic process	short-chain fatty acid catabolic process
GO:0044284	8	GO:1901030	6	6	0.0599234693877551	6.10878047637935e-11	1.93679593754447	mitochondrial crista junction	positive regulation of mitochondrial outer membrane permeabilization involved in apoptotic signaling pathway
GO:0007196	9	GO:2001256	11	6	0.0599489795918367	6.12426684849983e-11	1.93675362853127	adenylate cyclase-inhibiting G protein-coupled glutamate receptor signaling pathway	regulation of store-operated calcium entry
GO:0005131	6	GO:0030252	6	6	0.06	6.1553374139673e-11	1.93666901794875	growth hormone receptor binding	growth hormone secretion
GO:0070296	4	GO:0099590	6	6	0.0601020408163265	6.2178713582996e-11	1.93649982655113	sarcoplasmic reticulum calcium ion transport	neurotransmitter receptor internalization
GO:0048311	6	GO:0071420	5	6	0.0602040816326531	6.2809319751585e-11	1.93633067482789	mitochondrion distribution	cellular response to histamine
GO:0061700	8	GO:1904504	4	6	0.0602040816326531	6.2809319751585e-11	1.93633067482789	GATOR2 complex	positive regulation of lipophagy
GO:0061700	8	GO:1990316	6	6	0.0602040816326531	6.2809319751585e-11	1.93633067482789	GATOR2 complex	Atg1/ULK1 kinase complex
GO:0006689	7	GO:0030431	5	6	0.0606122448979592	6.53851184483892e-11	1.9356544643069	ganglioside catabolic process	sleep
GO:0033263	7	GO:0035658	5	6	0.0606122448979592	6.53851184483892e-11	1.9356544643069	CORVET complex	Mon1-Ccz1 complex
GO:0010898	7	GO:0010903	3	6	0.0606632653061225	6.57131713339638e-11	1.93556998254531	positive regulation of triglyceride catabolic process	negative regulation of very-low-density lipoprotein particle remodeling
GO:0061337	6	GO:1904045	7	6	0.0606632653061225	6.57131713339638e-11	1.93556998254531	cardiac conduction	cellular response to aldosterone
GO:0005579	7	GO:0071243	7	6	0.0606632653061225	6.57131713339638e-11	1.93556998254531	membrane attack complex	cellular response to arsenic-containing substance
GO:0031994	9	GO:0046622	5	6	0.0606632653061225	6.57131713339638e-11	1.93556998254531	insulin-like growth factor I binding	positive regulation of organ growth
GO:0071028	8	GO:0071031	2	6	0.0607142857142857	6.60425898492282e-11	1.93548551067679	nuclear mRNA surveillance	nuclear mRNA surveillance of mRNA 3'-end processing
GO:0010936	9	GO:0048185	7	6	0.0610204081632653	6.80480328319727e-11	1.93497888709016	negative regulation of macrophage cytokine production	activin binding
GO:0034366	7	GO:0034378	3	6	0.0610204081632653	6.80480328319727e-11	1.93497888709016	spherical high-density lipoprotein particle	chylomicron assembly
GO:0000814	3	GO:0032511	7	6	0.0610714285714286	6.83871378216948e-11	1.93489448440821	ESCRT II complex	late endosome to vacuole transport via multivesicular body sorting pathway
GO:0048261	5	GO:0060228	3	6	0.0610714285714286	6.83871378216948e-11	1.93489448440821	negative regulation of receptor-mediated endocytosis	phosphatidylcholine-sterol O-acyltransferase activator activity
GO:0000248	2	GO:0042761	12	6	0.0612244897959184	6.94128836274702e-11	1.9346413356004	C-5 sterol desaturase activity	very long-chain fatty acid biosynthetic process
GO:0004791	6	GO:0097053	4	6	0.0612244897959184	6.94128836274702e-11	1.9346413356004	thioredoxin-disulfide reductase (NADPH) activity	L-kynurenine catabolic process
GO:0030892	6	GO:0071459	4	6	0.0612244897959184	6.94128836274702e-11	1.9346413356004	mitotic cohesin complex	protein localization to chromosome, centromeric region
GO:0005548	8	GO:0042627	8	6	0.0612244897959184	6.94128836274702e-11	1.9346413356004	phospholipid transporter activity	chylomicron
GO:0001936	4	GO:0009247	6	6	0.06125	6.95850768154824e-11	1.93459915276828	regulation of endothelial cell proliferation	glycolipid biosynthetic process
GO:0003846	6	GO:0052650	7	6	0.0613520408163265	7.02774009549259e-11	1.93443044610308	2-acylglycerol O-acyltransferase activity	all-trans-retinol dehydrogenase (NADP+) activity
GO:0006264	5	GO:0042276	7	6	0.0614285714285714	7.08003893001076e-11	1.93430394199255	mitochondrial DNA replication	error-prone translesion synthesis
GO:0045606	6	GO:0097264	10	7	0.13	1.11126291646072e-10	1.93414387819239	positive regulation of epidermal cell differentiation	self proteolysis
GO:0008046	10	GO:1902961	4	6	0.0616071428571429	7.20332749948999e-11	1.93400885198211	axon guidance receptor activity	positive regulation of aspartic-type endopeptidase activity involved in amyloid precursor protein catabolic process
GO:0034046	7	GO:0101019	9	9	0.267142857142857	1.5018984774356e-11	1.93392624840688	poly(G) binding	nucleolar exosome (RNase complex)
GO:0035515	4	GO:1990247	9	6	0.0616836734693878	7.25670839854679e-11	1.93388242177928	oxidative RNA demethylase activity	N6-methyladenosine-containing RNA reader activity
GO:0017154	11	GO:0060385	5	6	0.0619897959183674	7.47352868787282e-11	1.93337692244503	semaphorin receptor activity	axonogenesis involved in innervation
GO:0006537	3	GO:0006541	9	6	0.0620408163265306	7.51018294937231e-11	1.93329270698519	glutamate biosynthetic process	glutamine metabolic process
GO:0042043	12	GO:0099562	5	6	0.0620408163265306	7.51018294937231e-11	1.93329270698519	neurexin family protein binding	maintenance of postsynaptic density structure
GO:0010898	7	GO:0051005	5	6	0.0621428571428571	7.58393940149054e-11	1.93312430555559	positive regulation of triglyceride catabolic process	negative regulation of lipoprotein lipase activity
GO:0033299	5	GO:0098574	11	6	0.0621428571428571	7.58393940149054e-11	1.93312430555559	secretion of lysosomal enzymes	cytoplasmic side of lysosomal membrane
GO:0006751	7	GO:0051900	5	6	0.0621428571428571	7.58393940149054e-11	1.93312430555559	glutathione catabolic process	regulation of mitochondrial depolarization
GO:0034616	6	GO:0048185	7	6	0.0623469387755102	7.73325755988504e-11	1.93278762059244	response to laminar fluid shear stress	activin binding
GO:0000290	9	GO:0051880	8	6	0.0624489795918367	7.80882704359809e-11	1.93261933702223	deadenylation-dependent decapping of nuclear-transcribed mRNA	G-quadruplex DNA binding
GO:0051918	10	GO:0072378	6	6	0.0624489795918367	7.80882704359809e-11	1.93261933702223	negative regulation of fibrinolysis	blood coagulation, fibrin clot formation
GO:0016556	8	GO:0035515	4	6	0.0624744897959184	7.82781490991315e-11	1.93257727226317	mRNA modification	oxidative RNA demethylase activity
GO:0051538	2	GO:1990229	11	6	0.0624744897959184	7.82781490991315e-11	1.93257727226317	3 iron, 4 sulfur cluster binding	iron-sulfur cluster assembly complex
GO:0001936	4	GO:0030311	5	6	0.0625	7.84684109703002e-11	1.93253520995695	regulation of endothelial cell proliferation	poly-N-acetyllactosamine biosynthetic process
GO:0006101	4	GO:0044572	5	6	0.0625	7.84684109703002e-11	1.93253520995695	citrate metabolic process	[4Fe-4S] cluster assembly
GO:0034380	3	GO:0048261	6	6	0.0625	7.84684109703002e-11	1.93253520995695	high-density lipoprotein particle assembly	negative regulation of receptor-mediated endocytosis
GO:0048170	7	GO:0051388	3	6	0.0625	7.84684109703002e-11	1.93253520995695	positive regulation of long-term neuronal synaptic plasticity	positive regulation of neurotrophin TRK receptor signaling pathway
GO:0006537	4	GO:0014075	6	6	0.0625255102040816	7.86590566639969e-11	1.93249315010326	glutamate biosynthetic process	response to amine
GO:0008611	6	GO:0044721	3	6	0.0626785714285714	7.98110256037784e-11	1.93224084246849	ether lipid biosynthetic process	protein import into peroxisome matrix, substrate release
GO:0010894	5	GO:0042813	12	8	0.2	5.31616113105763e-11	1.93222766464406	negative regulation of steroid biosynthetic process	Wnt receptor activity
GO:0002276	1	GO:0106074	8	6	0.0627551020408163	8.03922023617424e-11	1.93211472173726	basophil activation involved in immune response	aminoacyl-tRNA metabolism involved in translational fidelity
GO:0002161	8	GO:0002276	1	6	0.0627551020408163	8.03922023617424e-11	1.93211472173726	aminoacyl-tRNA editing activity	basophil activation involved in immune response
GO:0061303	8	GO:2000096	5	6	0.0628571428571429	8.11726594637856e-11	1.93194659505652	cornea development in camera-type eye	positive regulation of Wnt signaling pathway, planar cell polarity pathway
GO:0042043	11	GO:0097091	6	6	0.0628571428571429	8.11726594637856e-11	1.93194659505652	neurexin family protein binding	synaptic vesicle clustering
GO:0036502	2	GO:1904153	9	6	0.0628826530612245	8.13687436058079e-11	1.9319045695084	Derlin-1-VIMP complex	negative regulation of retrograde protein transport, ER to cytosol
GO:0006476	7	GO:0009165	6	6	0.0631377551020408	8.33513106401479e-11	1.9314844486343	protein deacetylation	nucleotide biosynthetic process
GO:0060075	11	GO:0086009	13	6	0.063265306122449	8.43575331388416e-11	1.9312744799178	regulation of resting membrane potential	membrane repolarization
GO:0006081	6	GO:0048038	10	6	0.0633673469387755	8.51697541279178e-11	1.93110654893801	aldehyde metabolic process	quinone binding
GO:0000076	8	GO:1900264	7	7	0.132142857142857	1.2436735549688e-10	1.93108947340106	DNA replication checkpoint signaling	positive regulation of DNA-directed DNA polymerase activity
GO:0017146	6	GO:1905665	7	6	0.0636734693877551	8.76454763267773e-11	1.93060299043906	NMDA selective glutamate receptor complex	positive regulation of calcium ion import across plasma membrane
GO:0000050	10	GO:0055129	5	7	0.1325	1.26699888726652e-10	1.93058166097569	urea cycle	L-proline biosynthetic process
GO:0005131	6	GO:0060124	6	6	0.06375	8.82736531976858e-11	1.93047715572083	growth hormone receptor binding	positive regulation of growth hormone secretion
GO:0070244	7	GO:0140288	6	6	0.06375	8.82736531976858e-11	1.93047715572083	negative regulation of thymocyte apoptotic process	GBAF complex
GO:0071028	8	GO:2000772	4	6	0.06375	8.82736531976858e-11	1.93047715572083	nuclear mRNA surveillance	regulation of cellular senescence
GO:0009235	8	GO:0032050	9	6	0.0638010204081633	8.86945108836856e-11	1.93039327810208	cobalamin metabolic process	clathrin heavy chain binding
GO:0032374	6	GO:0060230	4	6	0.0639795918367347	9.01806556008753e-11	1.93009978321918	regulation of cholesterol transport	lipoprotein lipase activator activity
GO:0000214	4	GO:0005655	6	6	0.0639795918367347	9.01806556008753e-11	1.93009978321918	tRNA-intron endonuclease complex	nucleolar ribonuclease P complex
GO:0016015	6	GO:0036305	8	7	0.132857142857143	1.29069604985726e-10	1.93007420578738	morphogen activity	ameloblast differentiation
GO:0071986	6	GO:1903444	4	6	0.0640561224489796	9.08238725877849e-11	1.92997403624415	Ragulator complex	negative regulation of brown fat cell differentiation
GO:0002024	13	GO:0031891	2	6	0.0642857142857143	9.27764213063344e-11	1.92959692678861	diet induced thermogenesis	type 1 vasoactive intestinal polypeptide receptor binding
GO:0002024	13	GO:0031892	2	6	0.0642857142857143	9.27764213063344e-11	1.92959692678861	diet induced thermogenesis	type 2 vasoactive intestinal polypeptide receptor binding
GO:0031891	2	GO:0071880	12	6	0.0642857142857143	9.27764213063344e-11	1.92959692678861	type 1 vasoactive intestinal polypeptide receptor binding	adenylate cyclase-activating adrenergic receptor signaling pathway
GO:0031892	2	GO:0071880	12	6	0.0642857142857143	9.27764213063344e-11	1.92959692678861	type 2 vasoactive intestinal polypeptide receptor binding	adenylate cyclase-activating adrenergic receptor signaling pathway
GO:0150105	6	GO:1903348	9	6	0.0648469387755102	9.76964929355354e-11	1.9286759327891	protein localization to cell-cell junction	positive regulation of bicellular tight junction assembly
GO:0006704	5	GO:0070852	6	6	0.0648979591836735	9.81543085685133e-11	1.92859226434147	glucocorticoid biosynthetic process	cell body fiber
GO:0001401	12	GO:0030322	3	6	0.0649489795918367	9.86139038832001e-11	1.92850860559734	SAM complex	stabilization of membrane potential
GO:0030322	3	GO:0140275	12	6	0.0649489795918367	9.86139038832001e-11	1.92850860559734	stabilization of membrane potential	MIB complex
GO:0009058	11	GO:0071267	2	6	0.065	9.9075284373141e-11	1.92842495655446	biosynthetic process	L-methionine salvage
GO:0009957	2	GO:0097264	10	6	0.065	9.9075284373141e-11	1.92842495655446	epidermal cell fate specification	self proteolysis
GO:0046620	6	GO:0046621	6	6	0.0650510204081633	9.95384555444188e-11	1.92834131721059	regulation of organ growth	negative regulation of organ growth
GO:0004791	6	GO:0070189	4	6	0.0650510204081633	9.95384555444188e-11	1.92834131721059	thioredoxin-disulfide reductase (NADPH) activity	kynurenine metabolic process
GO:0072558	4	GO:0089720	10	6	0.0650510204081633	9.95384555444188e-11	1.92834131721059	NLRP1 inflammasome complex	caspase binding
GO:0017154	12	GO:0060754	4	6	0.0650510204081633	9.95384555444188e-11	1.92834131721059	semaphorin receptor activity	positive regulation of mast cell chemotaxis
GO:0030195	7	GO:0050927	6	6	0.0651020408163265	1.00003422915672e-10	1.92825768756346	negative regulation of blood coagulation	positive regulation of positive chemotaxis
GO:0032232	3	GO:0042043	12	6	0.0653061224489796	1.01881365213689e-10	1.92792326589756	negative regulation of actin filament bundle assembly	neurexin family protein binding
GO:0071028	5	GO:0071035	3	6	0.0653061224489796	1.01881365213689e-10	1.92792326589756	nuclear mRNA surveillance	nuclear polyadenylation-dependent rRNA catabolic process
GO:0071028	5	GO:0071038	3	6	0.0653061224489796	1.01881365213689e-10	1.92792326589756	nuclear mRNA surveillance	TRAMP-dependent tRNA surveillance pathway
GO:0001823	9	GO:0048263	5	6	0.0654336734693878	1.03069876399968e-10	1.92771433106034	mesonephros development	determination of dorsal identity
GO:0032374	6	GO:0034370	3	6	0.0654336734693878	1.03069876399968e-10	1.92771433106034	regulation of cholesterol transport	triglyceride-rich lipoprotein particle remodeling
GO:0030072	4	GO:0090522	9	6	0.0657142857142857	1.05725160972316e-10	1.9272548873272	peptide hormone secretion	vesicle tethering involved in exocytosis
GO:0006000	7	GO:0010659	8	6	0.0658928571428571	1.07444266366323e-10	1.92696266633052	fructose metabolic process	cardiac muscle cell apoptotic process
GO:0008611	6	GO:1990429	3	6	0.0658928571428571	1.07444266366323e-10	1.92696266633052	ether lipid biosynthetic process	peroxisomal importomer complex
GO:0086012	9	GO:1904117	6	6	0.0659183673469388	1.07691736213404e-10	1.92692093013585	membrane depolarization during cardiac muscle cell action potential	cellular response to vasopressin
GO:0034382	4	GO:1905920	5	6	0.0659438775510204	1.07939679049222e-10	1.92687919635583	chylomicron remnant clearance	positive regulation of CoA-transferase activity
GO:0016015	6	GO:0042813	12	10	0.342857142857143	4.53088282169445e-12	1.92663537855648	morphogen activity	Wnt receptor activity
GO:0006682	4	GO:0008417	9	6	0.0662244897959184	1.10698473445515e-10	1.92642028406339	galactosylceramide biosynthetic process	fucosyltransferase activity
GO:0008378	6	GO:0008417	9	7	0.135459183673469	1.47503343665681e-10	1.92638776822934	galactosyltransferase activity	fucosyltransferase activity
GO:0016081	8	GO:0031630	7	6	0.0663265306122449	1.11716070445976e-10	1.92625347922499	synaptic vesicle docking	regulation of synaptic vesicle fusion to presynaptic active zone membrane
GO:0097527	3	GO:1904903	8	6	0.0663265306122449	1.11716070445976e-10	1.92625347922499	necroptotic signaling pathway	ESCRT III complex disassembly
GO:0051264	3	GO:0052650	7	6	0.0663265306122449	1.11716070445976e-10	1.92625347922499	mono-olein transacylation activity	all-trans-retinol dehydrogenase (NADP+) activity
GO:0051265	3	GO:0052650	7	6	0.0663265306122449	1.11716070445976e-10	1.92625347922499	diolein transacylation activity	all-trans-retinol dehydrogenase (NADP+) activity
GO:0047144	6	GO:1900015	5	6	0.0664285714285714	1.12741420661961e-10	1.92608671294972	2-acylglycerol-3-phosphate O-acyltransferase activity	regulation of cytokine production involved in inflammatory response
GO:0034058	11	GO:0043589	8	8	0.204948979591837	6.43603077323846e-11	1.92604564955892	endosomal vesicle fusion	skin morphogenesis
GO:0021978	5	GO:0048263	5	6	0.0665816326530612	1.14294085839303e-10	1.92583663580371	telencephalon regionalization	determination of dorsal identity
GO:0050891	8	GO:0061337	6	6	0.0665816326530612	1.14294085839303e-10	1.92583663580371	multicellular organismal-level water homeostasis	cardiac conduction
GO:0044284	8	GO:0099558	6	6	0.0665816326530612	1.14294085839303e-10	1.92583663580371	mitochondrial crista junction	maintenance of synapse structure
GO:0002116	12	GO:0060385	5	6	0.0665816326530612	1.14294085839303e-10	1.92583663580371	semaphorin receptor complex	axonogenesis involved in innervation
GO:0006164	9	GO:0006760	4	6	0.0667857142857143	1.16391881492234e-10	1.92550333441373	purine nucleotide biosynthetic process	folic acid-containing compound metabolic process
GO:0019346	5	GO:0046500	3	6	0.0667857142857143	1.16391881492234e-10	1.92550333441373	transsulfuration	S-adenosylmethionine metabolic process
GO:0009435	9	GO:0034983	5	6	0.0668877551020408	1.17452704157674e-10	1.92533674145215	NAD biosynthetic process	peptidyl-lysine deacetylation
GO:0005980	9	GO:0044245	4	6	0.0669387755102041	1.17986117582819e-10	1.92525345939693	glycogen catabolic process	polysaccharide digestion
GO:0005105	6	GO:0042043	12	6	0.0669387755102041	1.17986117582819e-10	1.92525345939693	type 1 fibroblast growth factor receptor binding	neurexin family protein binding
GO:0034087	7	GO:0071459	4	6	0.0669642857142857	1.18253577439681e-10	1.92521182197475	establishment of mitotic sister chromatid cohesion	protein localization to chromosome, centromeric region
GO:0030893	7	GO:0042471	3	6	0.0669642857142857	1.18253577439681e-10	1.92521182197475	meiotic cohesin complex	ear morphogenesis
GO:0006729	7	GO:0071287	4	6	0.067015306122449	1.1879000719585e-10	1.92512855433983	tetrahydrobiopterin biosynthetic process	cellular response to manganese ion
GO:0002690	8	GO:0070294	10	6	0.0673469387755102	1.22326269337428e-10	1.92458754887612	positive regulation of leukocyte chemotaxis	renal sodium ion absorption
GO:0002690	8	GO:0072112	9	6	0.0673469387755102	1.22326269337428e-10	1.92458754887612	positive regulation of leukocyte chemotaxis	podocyte differentiation
GO:0030049	10	GO:0060415	3	6	0.0673469387755102	1.22326269337428e-10	1.92458754887612	muscle filament sliding	muscle tissue morphogenesis
GO:0030049	10	GO:0060471	2	6	0.0673469387755102	1.22326269337428e-10	1.92458754887612	muscle filament sliding	cortical granule exocytosis
GO:0005542	5	GO:0035999	5	6	0.0673469387755102	1.22326269337428e-10	1.92458754887612	folic acid binding	tetrahydrofolate interconversion
GO:0030131	5	GO:0110010	4	6	0.0676020408163265	1.25105546986445e-10	1.92417166675422	clathrin adaptor complex	basolateral protein secretion
GO:0010594	6	GO:0017154	12	6	0.0676530612244898	1.25667643527748e-10	1.92408851909458	regulation of endothelial cell migration	semaphorin receptor activity
GO:0030868	6	GO:0046655	9	6	0.0677551020408163	1.26798127010111e-10	1.92392225252234	smooth endoplasmic reticulum membrane	folic acid metabolic process
GO:0010874	4	GO:0033700	9	6	0.0678571428571429	1.2793703907444e-10	1.92375602426479	regulation of cholesterol efflux	phospholipid efflux
GO:0034197	4	GO:0048261	6	6	0.0678571428571429	1.2793703907444e-10	1.92375602426479	triglyceride transport	negative regulation of receptor-mediated endocytosis
GO:0008311	5	GO:1900264	7	6	0.0678571428571429	1.2793703907444e-10	1.92375602426479	double-stranded DNA 3'-5' DNA exonuclease activity	positive regulation of DNA-directed DNA polymerase activity
GO:0005216	9	GO:0015276	12	6	0.0678571428571429	1.2793703907444e-10	1.92375602426479	monoatomic ion channel activity	ligand-gated monoatomic ion channel activity
GO:0003994	3	GO:0044571	10	6	0.0679591836734694	1.29084429569468e-10	1.92358983430427	aconitate hydratase activity	[2Fe-2S] cluster assembly
GO:0036155	3	GO:0052650	7	6	0.067984693877551	1.29372607810388e-10	1.92354829279599	acylglycerol acyl-chain remodeling	all-trans-retinol dehydrogenase (NADP+) activity
GO:0010248	10	GO:0022890	4	6	0.0680612244897959	1.30240348561602e-10	1.92342368262314	establishment or maintenance of transmembrane electrochemical gradient	inorganic cation transmembrane transporter activity
GO:0006089	4	GO:0045252	8	6	0.0681887755102041	1.31697317127234e-10	1.92321604682526	lactate metabolic process	oxoglutarate dehydrogenase complex
GO:0016024	12	GO:0032049	5	6	0.0683418367346939	1.33463512162659e-10	1.92296696273423	CDP-diacylglycerol biosynthetic process	cardiolipin biosynthetic process
GO:0001401	12	GO:0006119	3	6	0.0683673469387755	1.33759780462579e-10	1.92292545707983	SAM complex	oxidative phosphorylation
GO:0006119	3	GO:0140275	12	6	0.0683673469387755	1.33759780462579e-10	1.92292545707983	oxidative phosphorylation	MIB complex
GO:0016212	3	GO:0070814	4	6	0.068469387755102	1.34950318481988e-10	1.92275945834007	kynurenine-oxoglutarate transaminase activity	hydrogen sulfide biosynthetic process
GO:0030252	6	GO:0060396	8	6	0.0685714285714286	1.36149638616981e-10	1.92259349779167	growth hormone secretion	growth hormone receptor signaling pathway
GO:0014808	3	GO:0016247	9	6	0.0688010204081633	1.3888048504978e-10	1.92222022610394	release of sequestered calcium ion into cytosol by sarcoplasmic reticulum	channel regulator activity
GO:0008417	9	GO:0097503	7	7	0.138469387755102	1.71584237234422e-10	1.92214643818624	fucosyltransferase activity	sialylation
GO:0070700	9	GO:1990459	8	7	0.138494897959184	1.71801808768707e-10	1.92211060106373	BMP receptor binding	transferrin receptor binding
GO:0006664	3	GO:0008499	10	6	0.0688775510204082	1.3980080667856e-10	1.92209584511899	glycolipid metabolic process	N-acetyl-beta-D-glucosaminide beta-(1,3)-galactosyltransferase activity
GO:0002116	13	GO:0060754	4	6	0.0688775510204082	1.3980080667856e-10	1.92209584511899	semaphorin receptor complex	positive regulation of mast cell chemotaxis
GO:0046632	5	GO:0140288	6	6	0.0689540816326531	1.40726184610109e-10	1.92197148557718	alpha-beta T cell differentiation	GBAF complex
GO:0045182	8	GO:0097484	6	6	0.0689540816326531	1.40726184610109e-10	1.92197148557718	translation regulator activity	dendrite extension
GO:0008109	3	GO:0036065	8	6	0.0689795918367347	1.41035771351224e-10	1.92193003716045	N-acetyllactosaminide beta-1,6-N-acetylglucosaminyltransferase activity	fucosylation
GO:0007320	3	GO:0010524	12	6	0.0692857142857143	1.44795123204959e-10	1.92143284183661	insemination	positive regulation of calcium ion transport into cytosol
GO:0015280	12	GO:0061337	6	6	0.0695408163265306	1.47991102685487e-10	1.92101877402176	ligand-gated sodium channel activity	cardiac conduction
GO:0010898	6	GO:0055102	4	6	0.0695918367346939	1.48637271439293e-10	1.92093598897313	positive regulation of triglyceride catabolic process	lipase inhibitor activity
GO:0035590	9	GO:1905232	3	6	0.0696428571428571	1.49285780105239e-10	1.92085321342419	purinergic nucleotide receptor signaling pathway	cellular response to L-glutamate
GO:0060342	4	GO:1901018	7	6	0.0696428571428571	1.49285780105239e-10	1.92085321342419	photoreceptor inner segment membrane	positive regulation of potassium ion transmembrane transporter activity
GO:0034498	10	GO:0098842	5	6	0.0697959183673469	1.51245412901792e-10	1.92060494375372	early endosome to Golgi transport	postsynaptic early endosome
GO:0070296	4	GO:0098970	7	6	0.0697959183673469	1.51245412901792e-10	1.92060494375372	sarcoplasmic reticulum calcium ion transport	postsynaptic neurotransmitter receptor diffusion trapping
GO:0000828	8	GO:0004439	7	6	0.0697959183673469	1.51245412901792e-10	1.92060494375372	inositol hexakisphosphate kinase activity	phosphatidylinositol-4,5-bisphosphate 5-phosphatase activity
GO:0000076	8	GO:0005663	4	6	0.0698469387755102	1.51903348613639e-10	1.92052220618174	DNA replication checkpoint signaling	DNA replication factor C complex
GO:0005869	8	GO:0008290	4	6	0.0698724489795918	1.52233206175964e-10	1.92048084095419	dynactin complex	F-actin capping protein complex
GO:0000288	11	GO:0071028	8	9	0.279285714285714	2.21642357992304e-11	1.92041300711563	nuclear-transcribed mRNA catabolic process, deadenylation-dependent decay	nuclear mRNA surveillance
GO:0033299	5	GO:0072384	10	6	0.07	1.5389142504575e-10	1.92027405038991	secretion of lysosomal enzymes	organelle transport along microtubule
GO:0034087	6	GO:0061733	4	6	0.07	1.5389142504575e-10	1.92027405038991	establishment of mitotic sister chromatid cohesion	protein-lysine-acetyltransferase activity
GO:0003323	9	GO:0048263	5	6	0.0700255102040816	1.54224860994469e-10	1.92023269938985	type B pancreatic cell development	determination of dorsal identity
GO:0045252	8	GO:0045254	5	6	0.0702551020408163	1.57252859637162e-10	1.91986064701998	oxoglutarate dehydrogenase complex	pyruvate dehydrogenase complex
GO:0045606	6	GO:0046638	5	6	0.0703061224489796	1.57932404393201e-10	1.91977799476891	positive regulation of epidermal cell differentiation	positive regulation of alpha-beta T cell differentiation
GO:0008109	3	GO:0042355	8	6	0.0703061224489796	1.579324043932e-10	1.91977799476891	N-acetyllactosaminide beta-1,6-N-acetylglucosaminyltransferase activity	L-fucose catabolic process
GO:0042276	8	GO:0140672	6	6	0.0704081632653061	1.59298806956697e-10	1.91961271867231	error-prone translesion synthesis	ATAC complex
GO:0086012	9	GO:1904045	7	6	0.0711224489795918	1.6914107664708e-10	1.91845684509476	membrane depolarization during cardiac muscle cell action potential	cellular response to aldosterone
GO:0035515	4	GO:0036396	8	6	0.0711734693877551	1.69862974802787e-10	1.91837435352621	oxidative RNA demethylase activity	RNA N6-methyladenosine methyltransferase complex
GO:0048261	6	GO:0050996	5	6	0.0714285714285714	1.73510936267278e-10	1.91796203712719	negative regulation of receptor-mediated endocytosis	positive regulation of lipid catabolic process
GO:0010874	4	GO:0042627	8	6	0.0714285714285714	1.73510936267278e-10	1.91796203712719	regulation of cholesterol efflux	chylomicron
GO:0042627	8	GO:0051788	3	6	0.0714285714285714	1.73510936267278e-10	1.91796203712719	chylomicron	response to misfolded protein
GO:0033278	3	GO:0061180	5	6	0.0715561224489796	1.75359152761909e-10	1.91775596727278	cell proliferation in midbrain	mammary gland epithelium development
GO:0006102	6	GO:0030350	3	6	0.0716326530612245	1.76475903352014e-10	1.91763235361119	isocitrate metabolic process	iron-responsive element binding
GO:0002116	13	GO:0010594	6	6	0.0716326530612245	1.76475903352014e-10	1.91763235361119	semaphorin receptor complex	regulation of endothelial cell migration
GO:0016081	8	GO:0035493	7	6	0.0716326530612245	1.76475903352014e-10	1.91763235361119	synaptic vesicle docking	SNARE complex assembly
GO:0004522	4	GO:0032311	2	5	0.00160714285714286	8.92297205477552e-17	1.91756624337037	ribonuclease A activity	angiogenin-PRI complex
GO:0000288	10	GO:0010606	5	6	0.071734693877551	1.77974079319192e-10	1.91746756834024	nuclear-transcribed mRNA catabolic process, deadenylation-dependent decay	positive regulation of cytoplasmic mRNA processing body assembly
GO:0051683	4	GO:0070016	6	6	0.0717857142857143	1.78727115987291e-10	1.917385189819	establishment of Golgi localization	armadillo repeat domain binding
GO:0070231	9	GO:0097136	7	6	0.0718367346938776	1.79482794896017e-10	1.91730282070439	T cell apoptotic process	Bcl-2 family protein complex
GO:0004465	7	GO:0050253	4	6	0.0722448979591837	1.85624232860456e-10	1.91664420616839	lipoprotein lipase activity	retinyl-palmitate esterase activity
GO:0001733	2	GO:0004308	4	5	0.00214285714285714	3.75845489858908e-16	1.91654087358799	galactosylceramide sulfotransferase activity	exo-alpha-sialidase activity
GO:0000930	10	GO:0120099	6	7	0.1425	2.09014488557028e-10	1.91650614081862	gamma-tubulin complex	procentriole replication complex
GO:0006729	7	GO:0035900	3	6	0.0724489795918367	1.88759729729966e-10	1.91631512426467	tetrahydrobiopterin biosynthetic process	response to isolation stress
GO:0000930	10	GO:1903724	4	6	0.0725	1.89550432787249e-10	1.91623287724098	gamma-tubulin complex	positive regulation of centriole elongation
GO:0003994	3	GO:1990229	11	6	0.0725510204081633	1.90343882467979e-10	1.91615063959392	aconitate hydratase activity	iron-sulfur cluster assembly complex
GO:0016559	10	GO:0016560	3	6	0.0726275510204082	1.91539223473033e-10	1.91602730069981	peroxisome fission	protein import into peroxisome matrix, docking
GO:0016559	10	GO:0016561	3	6	0.0726275510204082	1.91539223473033e-10	1.91602730069981	peroxisome fission	protein import into peroxisome matrix, translocation
GO:0016559	10	GO:0044721	3	6	0.0726275510204082	1.91539223473033e-10	1.91602730069981	peroxisome fission	protein import into peroxisome matrix, substrate release
GO:0019346	5	GO:0047804	2	6	0.0726785714285714	1.92339572860642e-10	1.91594508648494	transsulfuration	cysteine-S-conjugate beta-lyase activity
GO:0008066	11	GO:0098976	7	6	0.0727040816326531	1.92740787034326e-10	1.91590398289107	glutamate receptor activity	excitatory chemical synaptic transmission
GO:0008066	11	GO:2001256	11	6	0.0727040816326531	1.92740787034326e-10	1.91590398289107	glutamate receptor activity	regulation of store-operated calcium entry
GO:0000012	8	GO:0044029	11	6	0.0728571428571429	1.95162684680162e-10	1.91565741050089	single strand break repair	positive regulation of gene expression via chromosomal CpG island demethylation
GO:0006995	6	GO:0061723	8	6	0.0728571428571429	1.95162684680162e-10	1.91565741050089	cellular response to nitrogen starvation	glycophagy
GO:0060124	6	GO:0060396	8	6	0.0728571428571429	1.95162684680162e-10	1.91565741050089	positive regulation of growth hormone secretion	growth hormone receptor signaling pathway
GO:0031515	3	GO:0106004	2	5	0.00285714285714286	1.58286708595986e-15	1.9151759772102	tRNA (m1A) methyltransferase complex	tRNA (guanine-N7)-methylation
GO:0031515	3	GO:0106143	2	5	0.00285714285714286	1.58286708595986e-15	1.9151759772102	tRNA (m1A) methyltransferase complex	tRNA (m7G46) methyltransferase complex
GO:0071028	5	GO:0071051	4	6	0.0732142857142857	2.00912136780273e-10	1.91508240248285	nuclear mRNA surveillance	poly(A)-dependent snoRNA 3'-end processing
GO:0006089	4	GO:0009083	10	6	0.0732397959183674	2.01328131722525e-10	1.91504134801538	lactate metabolic process	branched-chain amino acid catabolic process
GO:0006084	5	GO:0006552	6	6	0.0734693877551021	2.05104354806613e-10	1.91467196291533	acetyl-CoA metabolic process	L-leucine catabolic process
GO:0006942	7	GO:0014883	5	6	0.0734693877551021	2.05104354806613e-10	1.91467196291533	regulation of striated muscle contraction	transition between fast and slow fiber
GO:0032489	4	GO:0034372	5	6	0.0734693877551021	2.05104354806613e-10	1.91467196291533	regulation of Cdc42 protein signal transduction	very-low-density lipoprotein particle remodeling
GO:0003836	5	GO:0060993	7	6	0.0734693877551021	2.05104354806613e-10	1.91467196291533	beta-galactoside (CMP) alpha-2,3-sialyltransferase activity	kidney morphogenesis
GO:0071986	6	GO:1901874	4	6	0.0735459183673469	2.0637607959324e-10	1.91454887657079	Ragulator complex	negative regulation of post-translational protein modification
GO:0006625	8	GO:0021795	5	6	0.0736224489795918	2.07654340465392e-10	1.91442581122537	protein targeting to peroxisome	cerebral cortex cell migration
GO:0022843	6	GO:0035590	9	6	0.0736224489795918	2.07654340465392e-10	1.91442581122537	voltage-gated monoatomic cation channel activity	purinergic nucleotide receptor signaling pathway
GO:0005092	8	GO:0061700	8	6	0.07375	2.09799372288418e-10	1.91422074896158	GDP-dissociation inhibitor activity	GATOR2 complex
GO:0008499	10	GO:0106402	2	6	0.0739795918367347	2.13706764465799e-10	1.9138517837247	N-acetyl-beta-D-glucosaminide beta-(1,3)-galactosyltransferase activity	Lewis x epitope biosynthetic process
GO:0009058	11	GO:0033353	4	6	0.0742857142857143	2.19010381901842e-10	1.91336012346227	biosynthetic process	S-adenosylmethionine cycle
GO:0009058	11	GO:0019805	4	6	0.0742857142857143	2.19010381901842e-10	1.91336012346227	biosynthetic process	quinolinate biosynthetic process
GO:0007175	4	GO:0046761	7	6	0.0743367346938776	2.19904844077558e-10	1.91327821265534	negative regulation of epidermal growth factor-activated receptor activity	viral budding from plasma membrane
GO:0001614	7	GO:0015280	12	6	0.0743367346938776	2.19904844077558e-10	1.91327821265534	purinergic nucleotide receptor activity	ligand-gated sodium channel activity
GO:0004931	7	GO:0015280	12	6	0.0743367346938776	2.19904844077558e-10	1.91327821265534	extracellularly ATP-gated monoatomic cation channel activity	ligand-gated sodium channel activity
GO:0006689	7	GO:0031133	6	6	0.0743877551020408	2.20802335268179e-10	1.91319631114853	ganglioside catabolic process	regulation of axon diameter
GO:0038146	2	GO:0055064	5	5	0.00392857142857143	7.77267112104702e-15	1.91313346280983	chemokine (C-X-C motif) ligand 12 signaling pathway	chloride ion homeostasis
GO:0003943	2	GO:0004415	6	5	0.00408163265306122	9.40830118328527e-15	1.91284214658304	N-acetylgalactosamine-4-sulfatase activity	hyalurononglucosaminidase activity
GO:0015247	2	GO:0090555	4	5	0.00408163265306122	9.40830118328441e-15	1.91284214658304	aminophospholipid flippase activity	phosphatidylethanolamine flippase activity
GO:0016411	4	GO:0052650	7	6	0.0746173469387755	2.24878748261596e-10	1.91282786940027	acylglycerol O-acyltransferase activity	all-trans-retinol dehydrogenase (NADP+) activity
GO:0070814	4	GO:0097053	4	6	0.0746938775510204	2.26251348577754e-10	1.912705097292	hydrogen sulfide biosynthetic process	L-kynurenine catabolic process
GO:0002774	3	GO:0042612	3	5	0.00428571428571429	1.20055995958942e-14	1.91245390786514	Fc receptor mediated inhibitory signaling pathway	MHC class I protein complex
GO:0014826	3	GO:1902287	2	5	0.00433673469387755	1.2736889930061e-14	1.91235688082612	vein smooth muscle contraction	semaphorin-plexin signaling pathway involved in axon guidance
GO:0006101	4	GO:0006739	7	6	0.075	2.31811471103892e-10	1.91221421770827	citrate metabolic process	NADP metabolic process
GO:0004128	6	GO:0009220	2	5	0.00448979591836735	1.51470107440103e-14	1.91206587799002	cytochrome-b5 reductase activity, acting on NAD(P)H	pyrimidine ribonucleotide biosynthetic process
GO:0010248	10	GO:0086036	5	6	0.0751020408163265	2.33689845177339e-10	1.91205066538461	establishment or maintenance of transmembrane electrochemical gradient	regulation of cardiac muscle cell membrane potential
GO:0042813	12	GO:0060129	5	8	0.216326530612245	9.81631668416931e-11	1.91203113922694	Wnt receptor activity	thyroid-stimulating hormone-secreting cell differentiation
GO:0042813	12	GO:0060684	3	8	0.216326530612245	9.81631668416931e-11	1.91203113922694	Wnt receptor activity	epithelial-mesenchymal cell signaling
GO:0004995	3	GO:1904058	2	5	0.00459183673469388	1.69468496361393e-14	1.91187194129832	tachykinin receptor activity	positive regulation of sensory perception of pain
GO:0004995	3	GO:0031835	2	5	0.00459183673469388	1.69468496361393e-14	1.91187194129832	tachykinin receptor activity	substance P receptor binding
GO:0006534	4	GO:0006751	7	6	0.0754591836734694	2.40363908482328e-10	1.91147852409994	cysteine metabolic process	glutathione catabolic process
GO:0009314	8	GO:0019104	8	6	0.0755102040816327	2.41330125642642e-10	1.9113968266628	response to radiation	DNA N-glycosylase activity
GO:0030991	7	GO:0070613	4	6	0.0756122448979592	2.43272229391188e-10	1.91123345954163	intraciliary transport particle A	regulation of protein processing
GO:0086008	3	GO:1903765	3	5	0.005	2.59333918983954e-14	1.91109671551662	voltage-gated potassium channel activity involved in cardiac muscle cell action potential repolarization	negative regulation of potassium ion export across plasma membrane
GO:0032396	4	GO:0042612	3	5	0.005	2.59333918983954e-14	1.91109671551662	inhibitory MHC class I receptor activity	MHC class I protein complex
GO:0033149	3	GO:0120015	3	5	0.00505102040816327	2.72826439211396e-14	1.91099987084702	FFAT motif binding	sterol transfer activity
GO:0141163	7	GO:2001214	8	6	0.075765306122449	2.46209686545341e-10	1.91098847821122	positive regulation of cAMP/PKA signal transduction	positive regulation of vasculogenesis
GO:0043457	4	GO:0071028	8	6	0.0758928571428571	2.48679991141264e-10	1.91078439063865	regulation of cellular respiration	nuclear mRNA surveillance
GO:0006729	7	GO:0045472	4	6	0.0760714285714286	2.52172935859466e-10	1.91049876500814	tetrahydrobiopterin biosynthetic process	response to ether
GO:0046222	1	GO:0047676	9	5	0.00533163265306123	3.57429496798794e-14	1.91046745744848	aflatoxin metabolic process	arachidonate-CoA ligase activity
GO:0010248	7	GO:0086009	10	6	0.07625	2.55706488014708e-10	1.91021325242952	establishment or maintenance of transmembrane electrochemical gradient	membrane repolarization
GO:1904948	6	GO:2000096	5	6	0.0763265306122449	2.57233390908101e-10	1.91009092448139	midbrain dopaminergic neuron differentiation	positive regulation of Wnt signaling pathway, planar cell polarity pathway
GO:0030015	6	GO:0045652	5	6	0.0764540816326531	2.59795036390509e-10	1.90988709065584	CCR4-NOT core complex	regulation of megakaryocyte differentiation
GO:0004415	6	GO:0010632	4	5	0.00571428571428571	5.05313129121398e-14	1.90974207188763	hyalurononglucosaminidase activity	regulation of epithelial cell migration
GO:0030719	5	GO:0140965	2	5	0.00571428571428571	5.05313129121398e-14	1.90974207188763	P granule organization	secondary piRNA processing
GO:0004359	4	GO:0006048	10	6	0.076734693877551	2.65505222594087e-10	1.90943885888178	glutaminase activity	UDP-N-acetylglucosamine biosynthetic process
GO:0070242	8	GO:0140288	6	6	0.0767602040816327	2.66029452117576e-10	1.90939812434635	thymocyte apoptotic process	GBAF complex
GO:0086077	3	GO:1990349	5	5	0.00596938775510204	6.28503160619621e-14	1.90925888644492	gap junction channel activity involved in AV node cell-bundle of His cell electrical coupling	gap junction-mediated intercellular transport
GO:0005579	7	GO:0098528	7	6	0.0769387755102041	2.69723157395586e-10	1.90911304698806	membrane attack complex	skeletal muscle fiber differentiation
GO:0005607	2	GO:0005610	3	5	0.00612244897959184	7.13228375848414e-14	1.90896913045772	laminin-2 complex	laminin-5 complex
GO:0006537	4	GO:0055129	5	6	0.0770663265306122	2.72387483802366e-10	1.90890948925878	glutamate biosynthetic process	L-proline biosynthetic process
GO:0035128	2	GO:1990745	5	5	0.00619897959183674	7.58885870590792e-14	1.90882429609914	post-embryonic forelimb morphogenesis	EARP complex
GO:0006102	6	GO:0021695	4	6	0.0771428571428571	2.73996533278761e-10	1.90878738218774	isocitrate metabolic process	cerebellar cortex development
GO:0016015	6	GO:0060687	3	6	0.0771428571428571	2.73996533278761e-10	1.90878738218774	morphogen activity	regulation of branching involved in prostate gland morphogenesis
GO:0050793	5	GO:0072708	1	5	0.00642857142857143	9.09073984867218e-14	1.90838996742344	regulation of developmental process	response to sorbitol
GO:0043527	4	GO:0061953	2	5	0.00642857142857143	9.10048887923936e-14	1.90838996742344	tRNA methyltransferase complex	mRNA (adenine-N1-)-methyltransferase activity
GO:0043527	4	GO:0160107	2	5	0.00642857142857143	9.10048887923936e-14	1.90838996742344	tRNA methyltransferase complex	tRNA (adenine(58)-N1)-methyltransferase activity
GO:0070776	5	GO:0072708	1	5	0.00642857142857143	9.09073984867218e-14	1.90838996742344	MOZ/MORF histone acetyltransferase complex	response to sorbitol
GO:0030049	10	GO:0051295	4	6	0.0774489795918367	2.80511812134132e-10	1.90829916049706	muscle filament sliding	establishment of meiotic spindle localization
GO:0030049	10	GO:1903923	2	6	0.0774489795918367	2.80511812134132e-10	1.90829916049706	muscle filament sliding	positive regulation of protein processing in phagocytic vesicle
GO:0000288	11	GO:0101019	9	10	0.361428571428571	7.55028565205026e-12	1.90821096290557	nuclear-transcribed mRNA catabolic process, deadenylation-dependent decay	nucleolar exosome (RNase complex)
GO:0006703	7	GO:0034625	6	6	0.0775510204081633	2.82711919989826e-10	1.9081364933365	estrogen biosynthetic process	fatty acid elongation, monounsaturated fatty acid
GO:0006703	7	GO:0034626	6	6	0.0775510204081633	2.82711919989826e-10	1.9081364933365	estrogen biosynthetic process	fatty acid elongation, polyunsaturated fatty acid
GO:0003857	4	GO:0005655	6	6	0.0775510204081633	2.82711919989826e-10	1.9081364933365	3-hydroxyacyl-CoA dehydrogenase activity	nucleolar ribonuclease P complex
GO:0006703	7	GO:0009922	6	6	0.0775510204081633	2.82711919989826e-10	1.9081364933365	estrogen biosynthetic process	fatty acid elongase activity
GO:0002729	6	GO:0002774	3	5	0.00658163265306123	1.0235408095571e-13	1.90810056018969	positive regulation of natural killer cell cytokine production	Fc receptor mediated inhibitory signaling pathway
GO:0016560	3	GO:0140318	11	6	0.0776020408163265	2.83817330372865e-10	1.90805517350997	protein import into peroxisome matrix, docking	protein transporter activity
GO:0044721	3	GO:0140318	11	6	0.0776020408163265	2.83817330372865e-10	1.90805517350997	protein import into peroxisome matrix, substrate release	protein transporter activity
GO:0008278	5	GO:0061733	5	6	0.0776785714285714	2.85482167370272e-10	1.90793321095656	cohesin complex	protein-lysine-acetyltransferase activity
GO:0030893	7	GO:0035136	8	6	0.0776785714285714	2.85482167370272e-10	1.90793321095656	meiotic cohesin complex	forelimb morphogenesis
GO:0030893	7	GO:0042634	4	6	0.0776785714285714	2.85482167370272e-10	1.90793321095656	meiotic cohesin complex	regulation of hair cycle
GO:0071036	1	GO:1990817	10	5	0.00673469387755102	1.14807664339852e-13	1.9078112690206	nuclear polyadenylation-dependent snoRNA catabolic process	poly(A) RNA polymerase activity
GO:0071037	1	GO:1990817	10	5	0.00673469387755102	1.14807664339852e-13	1.9078112690206	nuclear polyadenylation-dependent snRNA catabolic process	poly(A) RNA polymerase activity
GO:0071039	1	GO:1990817	10	5	0.00673469387755102	1.14807664339852e-13	1.9078112690206	nuclear polyadenylation-dependent CUT catabolic process	poly(A) RNA polymerase activity
GO:0098700	5	GO:1904398	1	5	0.00678571428571429	1.19082955210624e-13	1.90771486440697	neurotransmitter loading into synaptic vesicle	positive regulation of neuromuscular junction development
GO:0008999	2	GO:0120518	3	5	0.00693877551020408	1.33266632044624e-13	1.90742572784603	protein-N-terminal-alanine acetyltransferase activity	protein N-terminal-methionine acetyltransferase activity
GO:0120518	3	GO:1990190	2	5	0.00693877551020408	1.33266632044624e-13	1.90742572784603	protein N-terminal-methionine acetyltransferase activity	protein-N-terminal-glutamate acetyltransferase activity
GO:0048672	8	GO:0140288	6	6	0.0780612244897959	2.93928378019204e-10	1.90732370731198	positive regulation of collateral sprouting	GBAF complex
GO:0050891	8	GO:0086012	9	6	0.0780612244897959	2.93928378019204e-10	1.90732370731198	multicellular organismal-level water homeostasis	membrane depolarization during cardiac muscle cell action potential
GO:0017059	8	GO:0044794	7	6	0.078265306122449	2.98517109453056e-10	1.90699884915722	serine palmitoyltransferase complex	positive regulation by host of viral process
GO:0071986	6	GO:0072111	2	6	0.0782908163265306	2.99094855917983e-10	1.90695825217264	Ragulator complex	cell proliferation involved in kidney development
GO:0001733	2	GO:0009313	10	5	0.00719387755102041	1.59599171449642e-13	1.90694409097133	galactosylceramide sulfotransferase activity	oligosaccharide catabolic process
GO:0015770	1	GO:0042438	9	5	0.00727040816326531	1.68260315250908e-13	1.90679966259555	sucrose transport	melanin biosynthetic process
GO:0005356	1	GO:0042438	9	5	0.00727040816326531	1.68260315250908e-13	1.90679966259555	D-glucose:proton symporter activity	melanin biosynthetic process
GO:0008506	1	GO:0042438	9	5	0.00727040816326531	1.68260315250908e-13	1.90679966259555	sucrose:proton symporter activity	melanin biosynthetic process
GO:0043529	3	GO:0071818	3	5	0.00729591836734694	1.7122939926717e-13	1.90675152622901	GET complex	BAT3 complex
GO:0014826	3	GO:0097492	3	5	0.00737244897959184	1.80388849482142e-13	1.90660713639958	vein smooth muscle contraction	sympathetic neuron axon guidance
GO:0032374	6	GO:0034384	5	6	0.0785204081632653	3.0433644301157e-10	1.9065929820895	regulation of cholesterol transport	high-density lipoprotein particle clearance
GO:1900153	9	GO:2000036	7	6	0.0785204081632653	3.0433644301157e-10	1.9065929820895	positive regulation of nuclear-transcribed mRNA catabolic process, deadenylation-dependent decay	regulation of stem cell population maintenance
GO:0035542	11	GO:0043589	8	8	0.220867346938776	1.15444642726621e-10	1.90651304713963	regulation of SNARE complex assembly	skin morphogenesis
GO:0019829	8	GO:1901018	7	6	0.0785714285714286	3.05511526922023e-10	1.90651183607215	ATPase-coupled monoatomic cation transmembrane transporter activity	positive regulation of potassium ion transmembrane transporter activity
GO:0048711	9	GO:0070120	4	6	0.0785969387755102	3.06100478753688e-10	1.90647126648633	positive regulation of astrocyte differentiation	ciliary neurotrophic factor-mediated signaling pathway
GO:0008611	6	GO:0016562	5	6	0.07875	3.09654003235845e-10	1.90622789687523	ether lipid biosynthetic process	protein import into peroxisome matrix, receptor recycling
GO:0031415	4	GO:0120518	2	5	0.0075765306122449	2.0674207698659e-13	1.90622223809368	NatA complex	protein N-terminal-methionine acetyltransferase activity
GO:0002476	9	GO:0002774	3	5	0.0076530612244898	2.17382815666083e-13	1.90607795416071	antigen processing and presentation of endogenous peptide antigen via MHC class Ib	Fc receptor mediated inhibitory signaling pathway
GO:0002486	9	GO:0002774	3	5	0.0076530612244898	2.17382815666083e-13	1.90607795416071	antigen processing and presentation of endogenous peptide antigen via MHC class I via ER pathway, TAP-independent	Fc receptor mediated inhibitory signaling pathway
GO:0061092	2	GO:0090556	5	5	0.0076530612244898	2.17382815666083e-13	1.90607795416071	positive regulation of phospholipid translocation	phosphatidylserine floppase activity
GO:0002729	6	GO:0032396	4	5	0.00767857142857143	2.2102539902549e-13	1.90602986592894	positive regulation of natural killer cell cytokine production	inhibitory MHC class I receptor activity
GO:0006569	5	GO:0009058	11	6	0.0789285714285714	3.13842965507163e-10	1.90594406939943	L-tryptophan catabolic process	biosynthetic process
GO:0035976	4	GO:0051412	10	6	0.0789285714285714	3.13842965507163e-10	1.90594406939943	transcription factor AP-1 complex	response to corticosterone
GO:0005277	2	GO:0098700	5	5	0.00775510204081633	2.32246902836627e-13	1.90588562046528	acetylcholine transmembrane transporter activity	neurotransmitter loading into synaptic vesicle
GO:0000290	9	GO:0002151	5	6	0.0789795918367347	3.15048407835869e-10	1.90586299634282	deadenylation-dependent decapping of nuclear-transcribed mRNA	G-quadruplex RNA binding
GO:0090080	4	GO:2000546	2	5	0.00785714285714286	2.47912641419701e-13	1.90569333803833	positive regulation of MAPKKK cascade by fibroblast growth factor receptor signaling pathway	positive regulation of endothelial cell chemotaxis to fibroblast growth factor
GO:0072708	1	GO:1903706	7	5	0.00803571428571429	2.77353239920677e-13	1.90535696707376	response to sorbitol	regulation of hemopoiesis
GO:0060052	9	GO:0099641	8	6	0.0793622448979592	3.24212237095443e-10	1.9052552386858	neurofilament cytoskeleton organization	anterograde axonal protein transport
GO:0070189	4	GO:0070814	4	6	0.0793622448979592	3.24212237095443e-10	1.9052552386858	kynurenine metabolic process	hydrogen sulfide biosynthetic process
GO:0070296	4	GO:0098943	8	6	0.0794897959183673	3.27315533945871e-10	1.90505276653682	sarcoplasmic reticulum calcium ion transport	neurotransmitter receptor transport, postsynaptic endosome to lysosome
GO:0005883	10	GO:0035617	4	6	0.0794897959183673	3.27315533945871e-10	1.90505276653682	neurofilament	stress granule disassembly
GO:0031860	3	GO:0032205	2	5	0.00826530612244898	3.1924326524643e-13	1.90492472046913	telomeric 3' overhang formation	negative regulation of telomere maintenance
GO:0001733	2	GO:0006689	7	5	0.00826530612244898	3.19243784334881e-13	1.90492472046913	galactosylceramide sulfotransferase activity	ganglioside catabolic process
GO:0047035	6	GO:0070852	6	6	0.0795918367346939	3.29815875461302e-10	1.90489082972607	testosterone dehydrogenase (NAD+) activity	cell body fiber
GO:0007044	1	GO:0031581	6	5	0.00839285714285714	3.44611691762047e-13	1.90468469533783	cell-substrate junction assembly	hemidesmosome assembly
GO:0031581	6	GO:0034675	1	5	0.00839285714285714	3.44611691762047e-13	1.90468469533783	hemidesmosome assembly	integrin alpha6-beta1 complex
GO:0070863	7	GO:0090555	4	5	0.00841836734693878	3.49874036086577e-13	1.90463669989415	positive regulation of protein exit from endoplasmic reticulum	phosphatidylethanolamine flippase activity
GO:0033673	4	GO:1990877	10	7	0.151224489795918	3.14426181561074e-10	1.90444637652628	negative regulation of kinase activity	FNIP-folliculin RagC/D GAP
GO:0030193	7	GO:0030195	7	6	0.0798979591836735	3.37412152922483e-10	1.90440523730084	regulation of blood coagulation	negative regulation of blood coagulation
GO:0008080	7	GO:0008278	5	6	0.0798979591836735	3.37412152922483e-10	1.90440523730084	N-acetyltransferase activity	cohesin complex
GO:0030719	5	GO:0141005	5	5	0.00857142857142857	3.82809775129668e-13	1.90434879427451	P granule organization	transposable element silencing by heterochromatin formation
GO:0005219	2	GO:0014701	6	5	0.00857142857142857	3.82809775129668e-13	1.90434879427451	ryanodine-sensitive calcium-release channel activity	junctional sarcoplasmic reticulum membrane
GO:0016167	5	GO:0060688	1	5	0.00862244897959184	3.93756048649498e-13	1.9042528512644	glial cell-derived neurotrophic factor receptor activity	regulation of morphogenesis of a branching structure
GO:0016167	5	GO:1902379	1	5	0.00862244897959184	3.93756048649498e-13	1.9042528512644	glial cell-derived neurotrophic factor receptor activity	chemoattractant activity involved in axon guidance
GO:0000930	10	GO:1904951	6	6	0.08	3.39976261841453e-10	1.90424344577376	gamma-tubulin complex	positive regulation of establishment of protein localization
GO:0030126	13	GO:0070765	6	7	0.151377551020408	3.16618356220111e-10	1.90423659100191	COPI vesicle coat	gamma-secretase complex
GO:0021941	1	GO:0099589	8	5	0.0086734693877551	4.06110571779993e-13	1.90415692101352	negative regulation of cerebellar granule cell precursor proliferation	serotonin receptor activity
GO:0005003	6	GO:1905608	1	5	0.00869897959183674	4.12108518879197e-13	1.90410896067172	ephrin receptor activity	positive regulation of presynapse assembly
GO:0005024	4	GO:0034714	2	5	0.00872448979591837	4.18178575695049e-13	1.90406100351847	transforming growth factor beta receptor activity	type III transforming growth factor beta receptor binding
GO:0004903	2	GO:0005131	6	5	0.00875	4.24319136407592e-13	1.90401304955332	growth hormone receptor activity	growth hormone receptor binding
GO:0006474	6	GO:0120518	1	5	0.00877551020408163	4.3053077863406e-13	1.90396509877586	N-terminal protein amino acid acetylation	protein N-terminal-methionine acetyltransferase activity
GO:0003100	4	GO:0031702	3	5	0.00880102040816326	4.36816497852898e-13	1.90391715118567	regulation of systemic arterial blood pressure by endothelin	type 1 angiotensin receptor binding
GO:0044314	6	GO:1904153	9	6	0.0802295918367347	3.45804647627024e-10	1.90387954746252	protein K27-linked ubiquitination	negative regulation of retrograde protein transport, ER to cytosol
GO:0004571	7	GO:1904153	9	6	0.0802295918367347	3.45804647627024e-10	1.90387954746252	mannosyl-oligosaccharide 1,2-alpha-mannosidase activity	negative regulation of retrograde protein transport, ER to cytosol
GO:0006600	4	GO:0046314	5	5	0.00887755102040816	4.56112616560441e-13	1.90377332753442	creatine metabolic process	phosphocreatine biosynthetic process
GO:0030893	7	GO:0070087	5	6	0.0803571428571429	3.49078287943528e-10	1.9036774610288	meiotic cohesin complex	chromo shadow domain binding
GO:0002476	9	GO:0032396	4	5	0.00892857142857143	4.69350869208399e-13	1.9036774610288	antigen processing and presentation of endogenous peptide antigen via MHC class Ib	inhibitory MHC class I receptor activity
GO:0002486	9	GO:0032396	4	5	0.00892857142857143	4.69350869208399e-13	1.9036774610288	antigen processing and presentation of endogenous peptide antigen via MHC class I via ER pathway, TAP-independent	inhibitory MHC class I receptor activity
GO:0042074	8	GO:0062009	9	7	0.151785714285714	3.22527894303232e-10	1.9036774610288	cell migration involved in gastrulation	secondary palate development
GO:0004993	8	GO:0099154	1	5	0.00892857142857143	4.69350869207413e-13	1.9036774610288	G protein-coupled serotonin receptor activity	serotonergic synapse
GO:0004596	7	GO:0048659	1	5	0.00895408163265306	4.76084185803081e-13	1.90362953255329	protein-N-terminal amino-acid acetyltransferase activity	smooth muscle cell proliferation
GO:0004415	6	GO:0009268	3	5	0.00897959183673469	4.82894502446592e-13	1.90358160726207	hyalurononglucosaminidase activity	response to pH
GO:0055026	2	GO:0090080	4	5	0.00897959183673469	4.82894502445554e-13	1.90358160726207	negative regulation of cardiac muscle tissue development	positive regulation of MAPKKK cascade by fibroblast growth factor receptor signaling pathway
GO:0016556	8	GO:0110104	4	6	0.0806122448979592	3.55702719266021e-10	1.90327345792642	mRNA modification	mRNA alternative polyadenylation
GO:0031415	5	GO:0048659	1	5	0.00918367346938776	5.39401939853982e-13	1.90319831951637	NatA complex	smooth muscle cell proliferation
GO:0031098	3	GO:0050793	5	5	0.00928571428571429	5.70867207905956e-13	1.9030067519889	stress-activated protein kinase signaling cascade	regulation of developmental process
GO:0032786	3	GO:0050793	5	5	0.00928571428571429	5.70867207905956e-13	1.9030067519889	positive regulation of DNA-templated transcription, elongation	regulation of developmental process
GO:0031098	3	GO:0070776	5	5	0.00928571428571429	5.70867207905956e-13	1.9030067519889	stress-activated protein kinase signaling cascade	MOZ/MORF histone acetyltransferase complex
GO:0032786	3	GO:0070776	5	5	0.00928571428571429	5.70867207905956e-13	1.9030067519889	positive regulation of DNA-templated transcription, elongation	MOZ/MORF histone acetyltransferase complex
GO:0061180	6	GO:2000096	5	6	0.0808163265306122	3.61077034852336e-10	1.90295041827909	mammary gland epithelium development	positive regulation of Wnt signaling pathway, planar cell polarity pathway
GO:0030049	10	GO:0086097	3	6	0.0808163265306122	3.61077034852336e-10	1.90295041827909	muscle filament sliding	phospholipase C-activating angiotensin-activated signaling pathway
GO:0005003	6	GO:1903849	1	5	0.00948979591836735	6.36309055653097e-13	1.90262376948962	ephrin receptor activity	positive regulation of aorta morphogenesis
GO:0004111	6	GO:0006600	4	5	0.00961734693877551	6.80166024997174e-13	1.90238450864281	creatine kinase activity	creatine metabolic process
GO:0032488	4	GO:0038007	7	5	0.00961734693877551	6.80166024997174e-13	1.90238450864281	Cdc42 protein signal transduction	netrin-activated signaling pathway
GO:0003985	1	GO:0003995	6	5	0.00961734693877551	6.80164527720619e-13	1.90238450864281	acetyl-CoA C-acetyltransferase activity	acyl-CoA dehydrogenase activity
GO:0003995	6	GO:0016509	1	5	0.00961734693877551	6.80164527720619e-13	1.90238450864281	acyl-CoA dehydrogenase activity	long-chain-3-hydroxyacyl-CoA dehydrogenase activity
GO:0005606	3	GO:0005610	3	5	0.00969387755102041	7.07617354822238e-13	1.902240990218	laminin-1 complex	laminin-5 complex
GO:0000346	9	GO:0046832	1	5	0.00982142857142857	7.55332181765663e-13	1.90200185627898	transcription export complex	negative regulation of RNA export from nucleus
GO:0042765	5	GO:0051377	2	5	0.00982142857142857	7.55332181765665e-13	1.90200185627898	GPI-anchor transamidase complex	mannose-ethanolamine phosphotransferase activity
GO:0005655	6	GO:0021695	4	6	0.0814285714285714	3.77605706270814e-10	1.90198216642842	nucleolar ribonuclease P complex	cerebellar cortex development
GO:0048261	5	GO:0051006	6	6	0.0814285714285714	3.77605706270814e-10	1.90198216642842	negative regulation of receptor-mediated endocytosis	positive regulation of lipoprotein lipase activity
GO:0032489	4	GO:0051006	7	6	0.0815051020408163	3.79715198441482e-10	1.90186122627884	regulation of Cdc42 protein signal transduction	positive regulation of lipoprotein lipase activity
GO:0015280	12	GO:0086012	9	6	0.081530612244898	3.80420530688438e-10	1.90182091740116	ligand-gated sodium channel activity	membrane depolarization during cardiac muscle cell action potential
GO:0014042	2	GO:0016167	5	5	0.00994897959183673	8.05584728895176e-13	1.90176280158899	positive regulation of neuron maturation	glial cell-derived neurotrophic factor receptor activity
GO:0019776	1	GO:0035973	8	5	0.00994897959183673	8.05584728892567e-13	1.90176280158899	Atg8-family ligase activity	aggrephagy
GO:0000801	7	GO:0007143	3	5	0.00994897959183673	8.05584728895176e-13	1.90176280158899	central element	female meiotic nuclear division
GO:0016167	5	GO:0071679	10	6	0.0815816326530612	3.81834455419477e-10	1.90174030640253	glial cell-derived neurotrophic factor receptor activity	commissural neuron axon guidance
GO:0140318	11	GO:1990429	3	6	0.0815816326530612	3.81834455419477e-10	1.90174030640253	protein transporter activity	peroxisomal importomer complex
GO:0030991	7	GO:0033687	6	7	0.153214285714286	3.43956967331963e-10	1.90172391204755	intraciliary transport particle A	osteoblast proliferation
GO:0002502	3	GO:0042612	3	5	0.01	8.26418564180647e-13	1.90166720189096	peptide antigen assembly with MHC class I protein complex	MHC class I protein complex
GO:0008499	10	GO:1903037	3	6	0.0816326530612245	3.83252735984857e-10	1.90165970441122	N-acetyl-beta-D-glucosaminide beta-(1,3)-galactosyltransferase activity	regulation of leukocyte cell-cell adhesion
GO:0004758	5	GO:0141111	2	5	0.0101020408163265	8.69378184061344e-13	1.90147604049579	serine C-palmitoyltransferase activity	positive regulation of cGAS/STING signaling pathway
GO:0017108	5	GO:1905347	4	5	0.0101020408163265	8.69378184061344e-13	1.90147604049579	5'-flap endonuclease activity	endodeoxyribonuclease complex
GO:0001914	1	GO:0050786	10	5	0.0101020408163265	8.69378184061344e-13	1.90147604049579	regulation of T cell mediated cytotoxicity	RAGE receptor binding
GO:0050786	10	GO:1903523	1	5	0.0101020408163265	8.69378184061344e-13	1.90147604049579	RAGE receptor binding	negative regulation of blood circulation
GO:0050786	10	GO:1904472	1	5	0.0101020408163265	8.69378184061344e-13	1.90147604049579	RAGE receptor binding	positive regulation of endothelin production
GO:0050786	10	GO:1904597	1	5	0.0101020408163265	8.69378184061344e-13	1.90147604049579	RAGE receptor binding	negative regulation of connective tissue replacement involved in inflammatory response wound healing
GO:0014808	2	GO:0033018	5	5	0.0102040816326531	9.14104494010316e-13	1.90128492974611	release of sequestered calcium ion into cytosol by sarcoplasmic reticulum	sarcoplasmic reticulum lumen
GO:0031627	2	GO:0032202	3	5	0.0102040816326531	9.14102228794531e-13	1.90128492974611	telomeric loop formation	telomere assembly
GO:0098882	6	GO:0099011	2	5	0.0102040816326531	9.14104494010316e-13	1.90128492974611	structural constituent of presynaptic active zone	neuronal dense core vesicle exocytosis
GO:0008511	3	GO:0032414	4	5	0.0102040816326531	9.14104494010316e-13	1.90128492974611	sodium:potassium:chloride symporter activity	positive regulation of ion transmembrane transporter activity
GO:0005003	6	GO:0016198	2	5	0.010280612244898	9.48840967199111e-13	1.90114162990382	ephrin receptor activity	axon choice point recognition
GO:0035928	2	GO:0071028	8	6	0.0819642857142857	3.92578469665619e-10	1.90113601088219	rRNA import into mitochondrion	nuclear mRNA surveillance
GO:0008312	4	GO:0071028	8	6	0.0819642857142857	3.92578469665619e-10	1.90113601088219	7S RNA binding	nuclear mRNA surveillance
GO:0071028	8	GO:2000627	4	6	0.0819642857142857	3.92578469665619e-10	1.90113601088219	nuclear mRNA surveillance	positive regulation of miRNA catabolic process
GO:0071393	2	GO:1990745	5	5	0.0103316326530612	9.72578920566837e-13	1.90104611248836	cellular response to progesterone stimulus	EARP complex
GO:0016780	3	GO:0150103	5	5	0.0103571428571429	9.84624582167782e-13	1.9009983585232	phosphotransferase activity, for other substituted phosphate groups	reactive gliosis
GO:0015937	6	GO:0015939	3	5	0.0103826530612245	9.96789196329197e-13	1.9009506077192	coenzyme A biosynthetic process	pantothenate metabolic process
GO:0099589	8	GO:1990708	2	5	0.0104081632653061	1.00907364035266e-12	1.90090286007593	serotonin receptor activity	conditioned place preference
GO:0062072	2	GO:0140288	6	5	0.0104081632653061	1.00907364035266e-12	1.90090286007593	histone H3K9me3 reader activity	GBAF complex
GO:0045823	8	GO:1901018	7	6	0.0821428571428571	3.97677462499005e-10	1.90085417945823	positive regulation of heart contraction	positive regulation of potassium ion transmembrane transporter activity
GO:0003272	9	GO:0048846	10	7	0.153954081632653	3.55522601871397e-10	1.90071432822923	endocardial cushion formation	axon extension involved in axon guidance
GO:0000783	6	GO:0008800	2	5	0.0105357142857143	1.07232431441877e-12	1.90066416925596	nuclear telomere cap complex	beta-lactamase activity
GO:0016183	5	GO:0098884	2	5	0.0106122448979592	1.11176976225977e-12	1.90052099266603	synaptic vesicle coating	postsynaptic neurotransmitter receptor internalization
GO:0010698	4	GO:0120518	3	5	0.0106122448979592	1.11176976225977e-12	1.90052099266603	acetyltransferase activator activity	protein N-terminal-methionine acetyltransferase activity
GO:0015247	2	GO:0090554	6	5	0.0106122448979592	1.11176976225977e-12	1.90052099266603	aminophospholipid flippase activity	phosphatidylcholine floppase activity
GO:0001941	2	GO:0016167	5	5	0.0106122448979592	1.11176976225977e-12	1.90052099266603	postsynaptic membrane organization	glial cell-derived neurotrophic factor receptor activity
GO:0010587	8	GO:0071035	6	6	0.0823979591836735	4.0505692448916e-10	1.90045175405285	miRNA catabolic process	nuclear polyadenylation-dependent rRNA catabolic process
GO:0010587	8	GO:0071038	6	6	0.0823979591836735	4.0505692448916e-10	1.90045175405285	miRNA catabolic process	TRAMP-dependent tRNA surveillance pathway
GO:0031089	8	GO:0033700	9	6	0.0823979591836735	4.0505692448916e-10	1.90045175405285	platelet dense granule lumen	phospholipid efflux
GO:0001729	1	GO:0004767	5	5	0.0106632653061224	1.13668160136455e-12	1.90042555739164	ceramide kinase activity	sphingomyelin phosphodiesterase activity
GO:0004767	5	GO:1905373	1	5	0.0106632653061224	1.13668160136455e-12	1.90042555739164	sphingomyelin phosphodiesterase activity	ceramide phosphoethanolamine biosynthetic process
GO:0001963	10	GO:0004022	9	7	0.154387755102041	3.62455160791566e-10	1.90012315950004	synaptic transmission, dopaminergic	alcohol dehydrogenase (NAD+) activity
GO:0006102	6	GO:0022028	3	6	0.0826530612244898	4.12549596464452e-10	1.9000495530274	isocitrate metabolic process	tangential migration from the subventricular zone to the olfactory bulb
GO:0000801	7	GO:0048808	2	5	0.0109438775510204	1.29632732267862e-12	1.89990088895678	central element	male genitalia morphogenesis
GO:0030641	1	GO:1903278	5	5	0.0110204081632653	1.33974162379959e-12	1.89975786377133	regulation of cellular pH	positive regulation of sodium ion export across plasma membrane
GO:0004165	3	GO:0004466	4	5	0.0110204081632653	1.34220625313105e-12	1.89975786377133	delta(3)-delta(2)-enoyl-CoA isomerase activity	long-chain fatty acyl-CoA dehydrogenase activity
GO:0005055	2	GO:0050786	10	5	0.0110204081632653	1.34220625313105e-12	1.89975786377133	laminin receptor activity	RAGE receptor binding
GO:0006995	6	GO:0043653	6	6	0.0828571428571429	4.18626167693547e-10	1.89972795359254	cellular response to nitrogen starvation	mitochondrial fragmentation involved in apoptotic process
GO:0034379	10	GO:0060230	4	6	0.0830612244897959	4.24776780778504e-10	1.89940649747294	very-low-density lipoprotein particle assembly	lipoprotein lipase activator activity
GO:0016255	6	GO:0051377	2	5	0.0112244897959184	1.47092343110558e-12	1.89937660185947	attachment of GPI anchor to protein	mannose-ethanolamine phosphotransferase activity
GO:0036145	1	GO:0070915	5	5	0.0112244897959184	1.46817243968516e-12	1.89937660185947	dendritic cell homeostasis	lysophosphatidic acid receptor activity
GO:0008800	2	GO:0070187	7	5	0.01125	1.4876830026371e-12	1.89932895828622	beta-lactamase activity	shelterin complex
GO:0010833	5	GO:0070200	4	5	0.0112755102040816	1.50459484835817e-12	1.89928131785954	telomere maintenance via telomere lengthening	establishment of protein localization to telomere
GO:0032227	2	GO:0099589	8	5	0.0112755102040816	1.50459484835817e-12	1.89928131785954	negative regulation of synaptic transmission, dopaminergic	serotonin receptor activity
GO:0008999	2	GO:0010698	4	5	0.0112755102040816	1.50459484835014e-12	1.89928131785954	protein-N-terminal-alanine acetyltransferase activity	acetyltransferase activator activity
GO:0010698	4	GO:1990190	2	5	0.0112755102040816	1.50459484835014e-12	1.89928131785954	acetyltransferase activator activity	protein-N-terminal-glutamate acetyltransferase activity
GO:0016461	7	GO:0097513	3	6	0.083265306122449	4.31002149531876e-10	1.89908518454093	unconventional myosin complex	myosin II filament
GO:0006942	8	GO:0007512	11	7	0.155178571428571	3.75393462352746e-10	1.89904639160376	regulation of striated muscle contraction	adult heart development
GO:0006729	7	GO:1990384	5	6	0.0833163265306122	4.32570256424681e-10	1.89900487866604	tetrahydrobiopterin biosynthetic process	hyaloid vascular plexus regression
GO:0010867	12	GO:0140328	2	5	0.0114285714285714	1.60932187301714e-12	1.89899554135381	positive regulation of triglyceride biosynthetic process	floppase activity
GO:0010739	2	GO:0050957	6	5	0.0114795918367347	1.64549646272063e-12	1.89890030767218	positive regulation of protein kinase A signaling	equilibrioception
GO:0045163	4	GO:1905030	4	5	0.0114795918367347	1.64549646272063e-12	1.89890030767218	clustering of voltage-gated potassium channels	voltage-gated monoatomic ion channel activity involved in regulation of postsynaptic membrane potential
GO:0097114	3	GO:0098985	3	5	0.0114795918367347	1.64549646272062e-12	1.89890030767218	NMDA glutamate receptor clustering	asymmetric, glutamatergic, excitatory synapse
GO:0031098	3	GO:1903706	7	5	0.0116071428571429	1.73878232911005e-12	1.89866227846017	stress-activated protein kinase signaling cascade	regulation of hemopoiesis
GO:0032786	3	GO:1903706	7	5	0.0116071428571429	1.73878232911005e-12	1.89866227846017	positive regulation of DNA-templated transcription, elongation	regulation of hemopoiesis
GO:0004720	3	GO:0030023	6	5	0.0116326530612245	1.75793663987924e-12	1.89861468204166	protein-lysine 6-oxidase activity	extracellular matrix constituent conferring elasticity
GO:0005127	5	GO:0005146	2	5	0.0116326530612245	1.75793663987924e-12	1.89861468204166	ciliary neurotrophic factor receptor binding	leukemia inhibitory factor receptor binding
GO:0004095	3	GO:0047676	9	5	0.0116326530612245	1.75793663987924e-12	1.89861468204166	carnitine O-palmitoyltransferase activity	arachidonate-CoA ligase activity
GO:0032816	6	GO:0099078	8	6	0.0835714285714286	4.40481943460577e-10	1.89860348334076	positive regulation of natural killer cell activation	BORC complex
GO:0051400	3	GO:0051434	3	5	0.0117091836734694	1.81641359091367e-12	1.89847191162646	BH domain binding	BH3 domain binding
GO:0004128	6	GO:0006225	2	5	0.0117857142857143	1.87643490610828e-12	1.89832916946305	cytochrome-b5 reductase activity, acting on NAD(P)H	UDP biosynthetic process
GO:0004128	6	GO:0044205	2	5	0.0117857142857143	1.87643490610828e-12	1.89832916946305	cytochrome-b5 reductase activity, acting on NAD(P)H	'de novo' UMP biosynthetic process
GO:0004128	6	GO:0004151	2	5	0.0117857142857143	1.87643490610828e-12	1.89832916946305	cytochrome-b5 reductase activity, acting on NAD(P)H	dihydroorotase activity
GO:0004415	6	GO:0004566	3	5	0.0118367346938776	1.91732205740211e-12	1.89823402371069	hyalurononglucosaminidase activity	beta-glucuronidase activity
GO:0097109	4	GO:2000311	13	6	0.0838265306122449	4.48513259593989e-10	1.89820231124853	neuroligin family protein binding	regulation of AMPA receptor activity
GO:0008511	2	GO:0030644	6	5	0.0118622448979592	1.93803091429525e-12	1.89818645554025	sodium:potassium:chloride symporter activity	intracellular chloride ion homeostasis
GO:0000172	8	GO:0005849	6	7	0.155892857142857	3.87415627223429e-10	1.89807520664326	ribonuclease MRP complex	mRNA cleavage factor complex
GO:0004559	6	GO:0006058	4	5	0.0119387755102041	2.00123233682726e-12	1.89804376984689	alpha-mannosidase activity	mannoprotein catabolic process
GO:0021692	2	GO:0031314	6	5	0.0119387755102041	2.00123233682726e-12	1.89804376984689	cerebellar Purkinje cell layer morphogenesis	extrinsic component of mitochondrial inner membrane
GO:0005146	2	GO:0070120	4	5	0.0119387755102041	2.00123233681383e-12	1.89804376984689	leukemia inhibitory factor receptor binding	ciliary neurotrophic factor-mediated signaling pathway
GO:0010698	4	GO:1990189	3	5	0.0119387755102041	2.00123233682726e-12	1.89804376984689	acetyltransferase activator activity	protein N-terminal-serine acetyltransferase activity
GO:0048261	6	GO:1905920	5	6	0.0839285714285714	4.5175960213774e-10	1.89804190486129	negative regulation of receptor-mediated endocytosis	positive regulation of CoA-transferase activity
GO:0004535	10	GO:0045652	5	6	0.0840051020408163	4.54207125567703e-10	1.89792162347473	poly(A)-specific ribonuclease activity	regulation of megakaryocyte differentiation
GO:0016189	3	GO:0034058	11	6	0.0840816326530612	4.56665635022889e-10	1.89780136214119	synaptic vesicle to endosome fusion	endosomal vesicle fusion
GO:0034058	11	GO:0048280	4	6	0.0840816326530612	4.56665635022889e-10	1.89780136214119	endosomal vesicle fusion	vesicle fusion with Golgi apparatus
GO:0034274	2	GO:0035973	7	5	0.0121173469387755	2.15512113462777e-12	1.89771094628081	Atg12-Atg5-Atg16 complex	aggrephagy
GO:0001665	5	GO:0006054	3	5	0.0122448979591837	2.27072047412556e-12	1.8974733091446	alpha-N-acetylgalactosaminide alpha-2,6-sialyltransferase activity	N-acetylneuraminate metabolic process
GO:0006705	2	GO:0006706	3	5	0.0122448979591837	2.27071237192673e-12	1.8974733091446	mineralocorticoid biosynthetic process	steroid catabolic process
GO:0016247	9	GO:0070296	4	6	0.0843367346938775	4.64940512505234e-10	1.89740063577099	channel regulator activity	sarcoplasmic reticulum calcium ion transport
GO:0003909	3	GO:0160002	2	5	0.0123214285714286	2.34241523711182e-12	1.89733076443108	DNA ligase activity	ADP-D-ribose modification-dependent protein binding
GO:0003910	3	GO:0160002	2	5	0.0123214285714286	2.34241523711182e-12	1.89733076443108	DNA ligase (ATP) activity	ADP-D-ribose modification-dependent protein binding
GO:0016321	1	GO:0030983	7	5	0.0123469387755102	2.36672269726685e-12	1.89728325578546	female meiosis chromosome segregation	mismatched DNA binding
GO:0030983	7	GO:0045950	1	5	0.0123469387755102	2.36672269726685e-12	1.89728325578546	mismatched DNA binding	negative regulation of mitotic recombination
GO:0030983	7	GO:0032137	1	5	0.0123469387755102	2.36672269726685e-12	1.89728325578546	mismatched DNA binding	guanine/thymine mispair binding
GO:0034604	3	GO:0097411	3	5	0.0123979591836735	2.41592504953686e-12	1.8971882478801	pyruvate dehydrogenase (NAD+) activity	hypoxia-inducible factor-1alpha signaling pathway
GO:0032051	4	GO:0098894	3	5	0.0123979591836735	2.41592504953688e-12	1.8971882478801	clathrin light chain binding	extrinsic component of presynaptic endocytic zone membrane
GO:0031080	5	GO:0044611	1	5	0.0125	2.51154022342399e-12	1.89699826960129	nuclear pore outer ring	nuclear pore inner ring
GO:0032816	6	GO:0051036	9	6	0.0846428571428572	4.75034118274081e-10	1.89692005779156	positive regulation of natural killer cell activation	regulation of endosome size
GO:0032816	6	GO:0062196	9	6	0.0846428571428572	4.75034118274081e-10	1.89692005779156	positive regulation of natural killer cell activation	regulation of lysosome size
GO:0042791	6	GO:0070897	3	5	0.0125510204081633	2.56845668514451e-12	1.89690329922127	5S class rRNA transcription by RNA polymerase III	transcription preinitiation complex assembly
GO:0000127	6	GO:0070897	3	5	0.0125510204081633	2.56845668514451e-12	1.89690329922127	transcription factor TFIIIC complex	transcription preinitiation complex assembly
GO:0010521	5	GO:0032214	2	5	0.0126020408163265	2.62097583917137e-12	1.8968083413431	telomerase inhibitor activity	negative regulation of telomere maintenance via semi-conservative replication
GO:0009923	1	GO:0034625	5	5	0.0126020408163265	2.61547255190612e-12	1.8968083413431	fatty acid elongase complex	fatty acid elongation, monounsaturated fatty acid
GO:0009923	1	GO:0034626	5	5	0.0126020408163265	2.61547255190612e-12	1.8968083413431	fatty acid elongase complex	fatty acid elongation, polyunsaturated fatty acid
GO:0016167	5	GO:0072300	3	5	0.0126020408163265	2.62097583917137e-12	1.8968083413431	glial cell-derived neurotrophic factor receptor activity	positive regulation of metanephric glomerulus development
GO:0010521	5	GO:1905778	2	5	0.0126020408163265	2.62097583917137e-12	1.8968083413431	telomerase inhibitor activity	negative regulation of exonuclease activity
GO:0010521	5	GO:1905839	2	5	0.0126020408163265	2.62097583917137e-12	1.8968083413431	telomerase inhibitor activity	negative regulation of telomeric D-loop disassembly
GO:0009922	5	GO:0009923	1	5	0.0126020408163265	2.61547255190612e-12	1.8968083413431	fatty acid elongase activity	fatty acid elongase complex
GO:0016167	5	GO:0021516	6	5	0.0126020408163265	2.62097583917137e-12	1.8968083413431	glial cell-derived neurotrophic factor receptor activity	dorsal spinal cord development
GO:0006685	4	GO:0044241	3	5	0.0126530612244898	2.6743497043099e-12	1.8967133959635	sphingomyelin catabolic process	lipid digestion
GO:0070198	9	GO:1905773	1	5	0.0126530612244898	2.67434970430987e-12	1.8967133959635	protein localization to chromosome, telomeric region	8-hydroxy-2'-deoxyguanosine DNA binding
GO:0004065	8	GO:0004415	6	5	0.0126530612244898	2.6743497043099e-12	1.8967133959635	arylsulfatase activity	hyalurononglucosaminidase activity
GO:0061092	3	GO:0090554	5	5	0.0127551020408163	2.78370312269325e-12	1.89652354268686	positive regulation of phospholipid translocation	phosphatidylcholine floppase activity
GO:0034370	3	GO:0034379	10	6	0.0849489795918368	4.85308762493073e-10	1.89643979977086	triglyceride-rich lipoprotein particle remodeling	very-low-density lipoprotein particle assembly
GO:0006086	4	GO:0097411	3	5	0.0128571428571429	2.89660088237774e-12	1.89633373936503	pyruvate decarboxylation to acetyl-CoA	hypoxia-inducible factor-1alpha signaling pathway
GO:0021628	1	GO:0021637	5	5	0.0128571428571429	2.89039578262664e-12	1.89633373936503	olfactory nerve formation	trigeminal nerve structural organization
GO:0034705	4	GO:1905030	3	5	0.0129081632653061	2.95440548804717e-12	1.89623885642896	potassium channel complex	voltage-gated monoatomic ion channel activity involved in regulation of postsynaptic membrane potential
GO:0098919	3	GO:0098985	4	5	0.0129081632653061	2.95440548804717e-12	1.89623885642896	structural constituent of postsynaptic density	asymmetric, glutamatergic, excitatory synapse
GO:0006729	7	GO:0035240	6	6	0.0851275510204082	4.91386928654092e-10	1.89615979684816	tetrahydrobiopterin biosynthetic process	dopamine binding
GO:0031932	7	GO:1903940	1	5	0.0130102040816327	3.0727800635742e-12	1.89604912799009	TORC2 complex	negative regulation of TORC2 signaling
GO:0002116	12	GO:1905704	1	5	0.0130102040816327	3.07278008369894e-12	1.89604912799009	semaphorin receptor complex	positive regulation of inhibitory synapse assembly
GO:0021628	1	GO:0021785	6	5	0.0130867346938776	3.16401086128016e-12	1.89590686440212	olfactory nerve formation	branchiomotor neuron axon guidance
GO:0001734	1	GO:0036396	6	5	0.0130867346938776	3.16401086128016e-12	1.89590686440212	mRNA m(6)A methyltransferase activity	RNA N6-methyladenosine methyltransferase complex
GO:0006309	8	GO:1990745	5	5	0.0130867346938776	3.16402375611972e-12	1.89590686440212	apoptotic DNA fragmentation	EARP complex
GO:0014004	6	GO:1990745	5	5	0.0130867346938776	3.16402375611972e-12	1.89590686440212	microglia differentiation	EARP complex
GO:0047676	9	GO:1904772	3	5	0.0130867346938776	3.16402375611972e-12	1.89590686440212	arachidonate-CoA ligase activity	response to tetrachloromethane
GO:0005885	9	GO:2000601	6	7	0.1575	4.15669484810389e-10	1.89589480945536	Arp2/3 protein complex	positive regulation of Arp2/3 complex-mediated actin nucleation
GO:0016167	5	GO:0035799	3	5	0.013265306122449	3.38536126987239e-12	1.89557502510056	glial cell-derived neurotrophic factor receptor activity	ureter maturation
GO:0019777	2	GO:0035973	8	5	0.013265306122449	3.38536126987239e-12	1.89557502510056	Atg12 transferase activity	aggrephagy
GO:0032280	3	GO:0070915	5	5	0.013265306122449	3.38536126987239e-12	1.89557502510056	symmetric synapse	lysophosphatidic acid receptor activity
GO:0016167	5	GO:0021784	2	5	0.013265306122449	3.38536126987239e-12	1.89557502510056	glial cell-derived neurotrophic factor receptor activity	postganglionic parasympathetic fiber development
GO:0015269	8	GO:0016286	1	5	0.013265306122449	3.38536126983776e-12	1.89557502510056	calcium-activated potassium channel activity	small conductance calcium-activated potassium channel activity
GO:0031209	8	GO:1905274	6	6	0.0855612244897959	5.06411455262237e-10	1.89548024190347	SCAR complex	regulation of modification of postsynaptic actin cytoskeleton
GO:0000338	7	GO:0010387	1	5	0.0133163265306122	3.45082039471207e-12	1.89548024190347	protein deneddylation	COP9 signalosome assembly
GO:0060316	4	GO:0071313	5	5	0.0133163265306122	3.45082041894549e-12	1.89548024190347	positive regulation of ryanodine-sensitive calcium-release channel activity	cellular response to caffeine
GO:0032395	7	GO:2001190	3	5	0.0133163265306122	3.45082041894549e-12	1.89548024190347	MHC class II receptor activity	positive regulation of T cell activation via T cell receptor contact with antigen bound to MHC molecule on antigen presenting cell
GO:0004022	9	GO:0051412	10	7	0.157857142857143	4.22180807366838e-10	1.89541117046947	alcohol dehydrogenase (NAD+) activity	response to corticosterone
GO:0031402	8	GO:1901018	7	6	0.0857142857142857	5.11804318552485e-10	1.8952405517466	sodium ion binding	positive regulation of potassium ion transmembrane transporter activity
GO:0030892	6	GO:0061733	5	6	0.0857142857142857	5.11804318552485e-10	1.8952405517466	mitotic cohesin complex	protein-lysine-acetyltransferase activity
GO:0030893	7	GO:0048592	4	6	0.0857142857142857	5.11804318552485e-10	1.8952405517466	meiotic cohesin complex	eye morphogenesis
GO:0007060	2	GO:0030983	7	5	0.013469387755102	3.65328942538995e-12	1.89519596701488	male meiosis chromosome segregation	mismatched DNA binding
GO:0051946	1	GO:1903278	5	5	0.013469387755102	3.64509079651103e-12	1.89519596701488	regulation of glutamate uptake involved in transmission of nerve impulse	positive regulation of sodium ion export across plasma membrane
GO:1903170	1	GO:1903278	5	5	0.013469387755102	3.64509079651103e-12	1.89519596701488	negative regulation of calcium ion transmembrane transport	positive regulation of sodium ion export across plasma membrane
GO:0016907	4	GO:0099553	3	5	0.0134948979591837	3.68793788566359e-12	1.89514859875664	G protein-coupled acetylcholine receptor activity	trans-synaptic signaling by endocannabinoid, modulating synaptic transmission
GO:0001549	2	GO:0035810	9	5	0.0135459183673469	3.75802257021292e-12	1.89505387157063	cumulus cell differentiation	positive regulation of urine volume
GO:0035483	2	GO:0035810	9	5	0.0135459183673469	3.75802257021292e-12	1.89505387157063	gastric emptying	positive regulation of urine volume
GO:0035810	9	GO:0061939	2	5	0.0135459183673469	3.75802257021292e-12	1.89505387157063	positive regulation of urine volume	c-di-GMP signaling
GO:0030116	4	GO:0038179	2	5	0.0135714285714286	3.79346176149477e-12	1.89500651264204	glial cell-derived neurotrophic factor receptor binding	neurotrophin signaling pathway
GO:0018393	2	GO:0050793	5	5	0.0135714285714286	3.79346176153729e-12	1.89500651264204	internal peptidyl-lysine acetylation	regulation of developmental process
GO:0061669	6	GO:0061789	3	5	0.0135714285714286	3.79346176153729e-12	1.89500651264204	spontaneous neurotransmitter secretion	dense core granule priming
GO:0018393	2	GO:0070776	5	5	0.0135714285714286	3.79346176153729e-12	1.89500651264204	internal peptidyl-lysine acetylation	MOZ/MORF histone acetyltransferase complex
GO:0005030	2	GO:0030116	4	5	0.0135714285714286	3.79346176149477e-12	1.89500651264204	neurotrophin receptor activity	glial cell-derived neurotrophic factor receptor binding
GO:0042382	8	GO:0140288	6	6	0.0858673469387755	5.17244715191766e-10	1.8950009412078	paraspeckles	GBAF complex
GO:0019785	1	GO:0070106	6	5	0.01375	4.04906562086146e-12	1.89467508717311	ISG15-specific peptidase activity	interleukin-27-mediated signaling pathway
GO:0001574	9	GO:0006054	3	5	0.0137755102040816	4.08669769437705e-12	1.89462775310567	ganglioside biosynthetic process	N-acetylneuraminate metabolic process
GO:0070474	7	GO:1904058	2	5	0.0137755102040816	4.08669769437705e-12	1.89462775310567	positive regulation of uterine smooth muscle contraction	positive regulation of sensory perception of pain
GO:0031835	2	GO:0070474	7	5	0.0137755102040816	4.08669769437705e-12	1.89462775310567	substance P receptor binding	positive regulation of uterine smooth muscle contraction
GO:0032051	4	GO:0099631	2	5	0.0137755102040816	4.08669769432843e-12	1.89462775310567	clathrin light chain binding	postsynaptic endocytic zone cytoplasmic component
GO:0005893	2	GO:0038111	4	5	0.0138775510204082	4.23995546107045e-12	1.89443844788993	interleukin-2 receptor complex	interleukin-7-mediated signaling pathway
GO:0001848	4	GO:0045959	4	5	0.0138775510204082	4.2399554611224e-12	1.89443844788993	complement binding	negative regulation of complement activation, classical pathway
GO:0004784	5	GO:0016532	3	5	0.0138775510204082	4.2399554611224e-12	1.89443844788993	superoxide dismutase activity	superoxide dismutase copper chaperone activity
GO:0007497	2	GO:0016167	5	5	0.0139285714285714	4.31828747684535e-12	1.89434381390876	posterior midgut development	glial cell-derived neurotrophic factor receptor activity
GO:0005219	3	GO:0060316	5	5	0.014030612244898	4.47842048074054e-12	1.89415458318353	ryanodine-sensitive calcium-release channel activity	positive regulation of ryanodine-sensitive calcium-release channel activity
GO:0016212	3	GO:0019346	5	6	0.0864285714285714	5.37604887833826e-10	1.89412304955495	kynurenine-oxoglutarate transaminase activity	transsulfuration
GO:0005111	5	GO:0008422	2	5	0.0140816326530612	4.56024682562381e-12	1.89405998643296	type 2 fibroblast growth factor receptor binding	beta-glucosidase activity
GO:0005391	7	GO:0010734	1	5	0.014234693877551	4.8129192584533e-12	1.89377627059038	P-type sodium:potassium-exchanging transporter activity	negative regulation of protein glutathionylation
GO:0005391	7	GO:0021678	1	5	0.014234693877551	4.8129192584533e-12	1.89377627059038	P-type sodium:potassium-exchanging transporter activity	third ventricle development
GO:0033563	3	GO:0038007	8	5	0.014234693877551	4.81291929973617e-12	1.89377627059038	dorsal/ventral axon guidance	netrin-activated signaling pathway
GO:0001945	4	GO:0005003	6	5	0.014234693877551	4.81291929973617e-12	1.89377627059038	lymph vessel development	ephrin receptor activity
GO:0003985	1	GO:0033539	9	5	0.0142602040816327	4.85609746995346e-12	1.89372899546369	acetyl-CoA C-acetyltransferase activity	fatty acid beta-oxidation using acyl-CoA dehydrogenase
GO:0016509	1	GO:0033539	9	5	0.0142602040816327	4.85609746995346e-12	1.89372899546369	long-chain-3-hydroxyacyl-CoA dehydrogenase activity	fatty acid beta-oxidation using acyl-CoA dehydrogenase
GO:0030116	4	GO:0160144	3	5	0.0142857142857143	4.89958460592481e-12	1.89368172343507	glial cell-derived neurotrophic factor receptor binding	GDF15-GFRAL signaling pathway
GO:0035032	4	GO:1903059	2	5	0.0142857142857143	4.89958460585739e-12	1.89368172343507	phosphatidylinositol 3-kinase complex, class III	regulation of protein lipidation
GO:0031094	2	GO:0070915	5	5	0.0142857142857143	4.89958460592481e-12	1.89368172343507	platelet dense tubular network	lysophosphatidic acid receptor activity
GO:0042612	3	GO:0042824	5	5	0.0142857142857143	4.89958460592481e-12	1.89368172343507	MHC class I protein complex	MHC class I peptide loading complex
GO:0008499	10	GO:0036071	3	6	0.086734693877551	5.489875852832e-10	1.89364464950175	N-acetyl-beta-D-glucosaminide beta-(1,3)-galactosyltransferase activity	N-glycan fucosylation
GO:0032376	5	GO:0042627	8	6	0.086734693877551	5.48987585283201e-10	1.89364464950175	positive regulation of cholesterol transport	chylomicron
GO:0001879	2	GO:2000562	11	5	0.0143112244897959	4.9433823588387e-12	1.89363445450412	detection of yeast	negative regulation of CD4-positive, alpha-beta T cell proliferation
GO:0090554	5	GO:0140331	6	5	0.0143112244897959	4.9433823588387e-12	1.89363445450412	phosphatidylcholine floppase activity	aminophospholipid translocation
GO:0005607	2	GO:0031581	6	5	0.0143877551020408	5.07665591873944e-12	1.89349266629326	laminin-2 complex	hemidesmosome assembly
GO:0042797	7	GO:0070897	3	5	0.0143877551020408	5.07665591873944e-12	1.89349266629326	tRNA transcription by RNA polymerase III	transcription preinitiation complex assembly
GO:0008511	2	GO:0070294	9	5	0.0143877551020408	5.07665591873944e-12	1.89349266629326	sodium:potassium:chloride symporter activity	renal sodium ion absorption
GO:0010734	1	GO:0086064	8	5	0.0144642857142857	5.21278503534351e-12	1.89335090594684	negative regulation of protein glutathionylation	cell communication by electrical coupling involved in cardiac conduction
GO:0030641	1	GO:0086064	8	5	0.0144642857142857	5.21278503534351e-12	1.89335090594684	regulation of cellular pH	cell communication by electrical coupling involved in cardiac conduction
GO:0045621	1	GO:2000601	6	5	0.0144642857142857	5.21275908451916e-12	1.89335090594684	positive regulation of lymphocyte differentiation	positive regulation of Arp2/3 complex-mediated actin nucleation
GO:0044665	3	GO:0140945	4	5	0.0145408163265306	5.35181524091085e-12	1.89320917345391	MLL1/2 complex	histone H3K4 monomethyltransferase activity
GO:0009437	4	GO:0047676	9	5	0.0145408163265306	5.35181524091085e-12	1.89320917345391	carnitine metabolic process	arachidonate-CoA ligase activity
GO:0048841	2	GO:0060666	4	5	0.0146428571428571	5.5417812465599e-12	1.89302024010541	regulation of axon extension involved in axon guidance	dichotomous subdivision of terminal units involved in salivary gland branching
GO:0001665	5	GO:0018242	7	5	0.0146938775510204	5.6387634413731e-12	1.89292579198476	alpha-N-acetylgalactosaminide alpha-2,6-sialyltransferase activity	protein O-linked glycosylation via serine
GO:0051469	5	GO:0097528	1	5	0.0146938775510204	5.62495906191477e-12	1.89292579198476	vesicle fusion with vacuole	execution phase of necroptosis
GO:0061763	5	GO:0097528	1	5	0.0146938775510204	5.62495906191477e-12	1.89292579198476	multivesicular body-lysosome fusion	execution phase of necroptosis
GO:0000815	5	GO:0097528	1	5	0.0146938775510204	5.62495906191477e-12	1.89292579198476	ESCRT III complex	execution phase of necroptosis
GO:0008623	3	GO:0016589	3	5	0.0146938775510204	5.63876344137298e-12	1.89292579198476	CHRAC	NURF complex
GO:0097528	1	GO:1904930	5	5	0.0146938775510204	5.62495906191477e-12	1.89292579198476	execution phase of necroptosis	amphisome membrane
GO:0050786	10	GO:0150003	2	5	0.0146938775510204	5.6387634413731e-12	1.89292579198476	RAGE receptor binding	regulation of spontaneous synaptic transmission
GO:0003129	6	GO:0048263	5	6	0.0872448979591837	5.68402566143988e-10	1.89284802046392	heart induction	determination of dorsal identity
GO:0046500	3	GO:0048269	3	5	0.0147448979591837	5.73709698860767e-12	1.89283135622885	S-adenosylmethionine metabolic process	methionine adenosyltransferase complex
GO:0051373	4	GO:0061061	6	5	0.0147448979591837	5.73709698860781e-12	1.89283135622885	FATZ binding	muscle structure development
GO:0005579	7	GO:0032780	5	6	0.087295918367347	5.70374974256276e-10	1.89276840592596	membrane attack complex	negative regulation of ATP-dependent activity
GO:0030049	10	GO:0055008	8	8	0.23234693877551	1.71394574614761e-10	1.89274820661984	muscle filament sliding	cardiac muscle tissue morphogenesis
GO:0000172	8	GO:0005732	1	5	0.0148469387755102	5.93787439006275e-12	1.89264252179834	ribonuclease MRP complex	sno(s)RNA-containing ribonucleoprotein complex
GO:0030125	9	GO:2000588	2	5	0.0148724489795918	5.98893538740849e-12	1.89259532091362	clathrin vesicle coat	positive regulation of platelet-derived growth factor receptor-beta signaling pathway
GO:0042813	12	GO:0060008	7	8	0.23265306122449	1.73162455879033e-10	1.89238471579811	Wnt receptor activity	Sertoli cell differentiation
GO:0036065	8	GO:0047223	3	6	0.0875510204081633	5.80322344703754e-10	1.89237046498772	fucosylation	beta-1,3-galactosyl-O-glycosyl-glycoprotein beta-1,3-N-acetylglucosaminyltransferase activity
GO:0007497	2	GO:0030116	4	5	0.015	6.24952973010447e-12	1.89235936280729	posterior midgut development	glial cell-derived neurotrophic factor receptor binding
GO:0004314	2	GO:0031957	8	5	0.015	6.24952973020899e-12	1.89235936280729	[acyl-carrier-protein] S-malonyltransferase activity	very long-chain fatty acid-CoA ligase activity
GO:0021965	2	GO:0038007	8	5	0.0150255102040816	6.30271911362836e-12	1.89231218044664	spinal cord ventral commissure morphogenesis	netrin-activated signaling pathway
GO:0003720	3	GO:0010521	5	5	0.0150255102040816	6.30271911362836e-12	1.89231218044664	telomerase activity	telomerase inhibitor activity
GO:0006853	4	GO:0047676	9	5	0.0150255102040816	6.30271911362836e-12	1.89231218044664	carnitine shuttle	arachidonate-CoA ligase activity
GO:0035810	9	GO:0051447	3	5	0.0150510204081633	6.35626957832591e-12	1.89226500117193	positive regulation of urine volume	negative regulation of meiotic cell cycle
GO:0035810	9	GO:1900194	3	5	0.0150510204081633	6.35626957832591e-12	1.89226500117193	positive regulation of urine volume	negative regulation of oocyte maturation
GO:0033176	5	GO:0070072	2	5	0.0150510204081633	6.35626957832591e-12	1.89226500117193	proton-transporting V-type ATPase complex	vacuolar proton-transporting V-type ATPase complex assembly
GO:0051400	2	GO:1902237	5	5	0.0151020408163265	6.46446108035244e-12	1.89217065187869	BH domain binding	positive regulation of endoplasmic reticulum stress-induced intrinsic apoptotic signaling pathway
GO:0032926	10	GO:0042592	8	6	0.0877551020408163	5.88383415780596e-10	1.89205227022277	negative regulation of activin receptor signaling pathway	homeostatic process
GO:0016012	6	GO:0086001	1	5	0.0151785714285714	6.62946606648817e-12	1.89202915107323	sarcoglycan complex	cardiac muscle cell action potential
GO:0002863	2	GO:0106074	8	6	0.0878571428571429	5.9244862990789e-10	1.8918932254596	positive regulation of inflammatory response to antigenic stimulus	aminoacyl-tRNA metabolism involved in translational fidelity
GO:0002161	8	GO:0002863	2	6	0.0878571428571429	5.9244862990789e-10	1.8918932254596	aminoacyl-tRNA editing activity	positive regulation of inflammatory response to antigenic stimulus
GO:0006003	5	GO:0071475	1	5	0.0152551020408163	6.78061571984983e-12	1.89188767801938	fructose 2,6-bisphosphate metabolic process	cellular hyperosmotic salinity response
GO:0003958	3	GO:0018685	3	5	0.0152551020408163	6.79789319316695e-12	1.89188767801938	NADPH-hemoprotein reductase activity	alkane 1-monooxygenase activity
GO:0004331	5	GO:0071475	1	5	0.0152551020408163	6.78061571984983e-12	1.89188767801938	fructose-2,6-bisphosphate 2-phosphatase activity	cellular hyperosmotic salinity response
GO:0016167	5	GO:0072107	4	5	0.0152551020408163	6.79789319316714e-12	1.89188767801938	glial cell-derived neurotrophic factor receptor activity	positive regulation of ureteric bud formation
GO:0003105	2	GO:0070915	5	5	0.0153061224489796	6.91203948802125e-12	1.89179337806233	negative regulation of glomerular filtration	lysophosphatidic acid receptor activity
GO:0005219	3	GO:0060315	5	5	0.0153061224489796	6.91203948802125e-12	1.89179337806233	ryanodine-sensitive calcium-release channel activity	negative regulation of ryanodine-sensitive calcium-release channel activity
GO:0001855	2	GO:2000427	3	5	0.0153571428571429	7.027672583107e-12	1.89169909043126	complement component C4b binding	positive regulation of apoptotic cell clearance
GO:0000931	9	GO:1902857	6	7	0.160663265306122	4.76432066349648e-10	1.89162239094094	gamma-tubulin ring complex	positive regulation of non-motile cilium assembly
GO:0008080	7	GO:0030892	6	6	0.0881632653061225	6.0478424798647e-10	1.89141630146177	N-acetyltransferase activity	mitotic cohesin complex
GO:0000172	8	GO:0047035	6	7	0.160841836734694	4.80076360295257e-10	1.89138195893895	ribonuclease MRP complex	testosterone dehydrogenase (NAD+) activity
GO:0004477	3	GO:0009058	11	6	0.0882142857142857	6.06860736162445e-10	1.89133684477606	methenyltetrahydrofolate cyclohydrolase activity	biosynthetic process
GO:0004487	3	GO:0009058	11	6	0.0882142857142857	6.06860736162445e-10	1.89133684477606	methylenetetrahydrofolate dehydrogenase (NAD+) activity	biosynthetic process
GO:0010668	3	GO:0031581	6	5	0.0155867346938776	7.56753590703634e-12	1.89127494853919	ectodermal cell differentiation	hemidesmosome assembly
GO:0021612	7	GO:0021628	1	5	0.0156122448979592	7.62950419045974e-12	1.891227837053	facial nerve structural organization	olfactory nerve formation
GO:0061014	11	GO:0101019	9	9	0.306428571428571	4.98421980803444e-11	1.89109217316135	positive regulation of mRNA catabolic process	nucleolar exosome (RNase complex)
GO:0030893	7	GO:0061038	4	6	0.0883928571428572	6.14175052395332e-10	1.89105881527929	meiotic cohesin complex	uterus morphogenesis
GO:0072559	6	GO:0089720	10	6	0.0884693877551021	6.17332053543893e-10	1.89093969257727	NLRP3 inflammasome complex	caspase binding
GO:0006560	2	GO:0006561	3	5	0.0158163265306122	8.13994069240733e-12	1.89085105588986	proline metabolic process	proline biosynthetic process
GO:0014802	2	GO:0033018	6	5	0.0158163265306122	8.13998914300695e-12	1.89085105588986	terminal cisterna	sarcoplasmic reticulum lumen
GO:0033018	6	GO:1990425	2	5	0.0158163265306122	8.13998914300695e-12	1.89085105588986	sarcoplasmic reticulum lumen	ryanodine receptor complex
GO:0030906	2	GO:0097422	3	5	0.0158418367346939	8.20562294135412e-12	1.89080397207923	retromer, cargo-selective complex	tubular endosome
GO:0097719	3	GO:1990745	5	5	0.0158418367346939	8.20567194053714e-12	1.89080397207923	neural tissue regeneration	EARP complex
GO:0015917	4	GO:0090554	6	5	0.0159183673469388	8.40526500689986e-12	1.89066273908408	aminophospholipid transport	phosphatidylcholine floppase activity
GO:0018242	7	GO:0060352	3	5	0.0159183673469388	8.40526500689986e-12	1.89066273908408	protein O-linked glycosylation via serine	cell adhesion molecule production
GO:0086006	1	GO:0086010	7	5	0.0159183673469388	8.40526490608534e-12	1.89066273908408	voltage-gated sodium channel activity involved in cardiac muscle cell action potential	membrane depolarization during action potential
GO:0001665	5	GO:1905403	2	5	0.0159183673469388	8.40526500689986e-12	1.89066273908408	alpha-N-acetylgalactosaminide alpha-2,6-sialyltransferase activity	negative regulation of activated CD8-positive, alpha-beta T cell apoptotic process
GO:0042719	5	GO:0140318	10	6	0.0887244897959184	6.27952725026771e-10	1.89054275891819	mitochondrial intermembrane space protein transporter complex	protein transporter activity
GO:0044665	3	GO:0140999	6	5	0.0159948979591837	8.60871796026042e-12	1.89052153373559	MLL1/2 complex	histone H3K4 trimethyltransferase activity
GO:0006287	9	GO:0021587	4	6	0.08875	6.29023071353814e-10	1.89050307756271	base-excision repair, gap-filling	cerebellum morphogenesis
GO:0032816	6	GO:0072536	2	5	0.0160714285714286	8.8160863648355e-12	1.89038035602295	positive regulation of natural killer cell activation	interleukin-23 receptor complex
GO:0032816	6	GO:0042019	2	5	0.0160714285714286	8.8160863648355e-12	1.89038035602295	positive regulation of natural killer cell activation	interleukin-23 binding
GO:0032816	6	GO:0042020	2	5	0.0160714285714286	8.8160863648355e-12	1.89038035602295	positive regulation of natural killer cell activation	interleukin-23 receptor activity
GO:0023024	6	GO:0042610	1	5	0.0160714285714286	8.8160321841798e-12	1.89038035602295	MHC class I protein complex binding	CD8 receptor binding
GO:0006526	4	GO:0006541	10	6	0.0889285714285714	6.36557928165256e-10	1.89022536917797	L-arginine biosynthetic process	glutamine metabolic process
GO:0070203	2	GO:0098505	6	5	0.01625	9.31548880280945e-12	1.8900510487721	regulation of establishment of protein localization to telomere	G-rich strand telomeric DNA binding
GO:0090557	8	GO:0160184	4	5	0.0163010204081633	9.46224784889846e-12	1.88995698859197	establishment of endothelial intestinal barrier	paracellular transport
GO:0032926	10	GO:0071142	1	5	0.0163265306122449	9.53631679426416e-12	1.88990996310087	negative regulation of activin receptor signaling pathway	homomeric SMAD protein complex
GO:0010248	10	GO:0031253	7	6	0.0891836734693878	6.47451689389299e-10	1.88982882828489	establishment or maintenance of transmembrane electrochemical gradient	cell projection membrane
GO:0034366	7	GO:0035634	4	6	0.0891836734693878	6.47451689389299e-10	1.88982882828489	spherical high-density lipoprotein particle	response to stilbenoid
GO:0010248	10	GO:2000649	6	6	0.0891836734693878	6.47451689389299e-10	1.88982882828489	establishment or maintenance of transmembrane electrochemical gradient	regulation of sodium ion transmembrane transporter activity
GO:0042355	8	GO:0047223	3	6	0.089234693877551	6.49648879147555e-10	1.88974954625805	L-fucose catabolic process	beta-1,3-galactosyl-O-glycosyl-glycoprotein beta-1,3-N-acetylglucosaminyltransferase activity
GO:0035809	3	GO:1990408	6	5	0.0164285714285714	9.83723896388447e-12	1.88972189178695	regulation of urine volume	calcitonin gene-related peptide receptor signaling pathway
GO:0005111	5	GO:0045743	4	5	0.0164285714285714	9.83723896388447e-12	1.88972189178695	type 2 fibroblast growth factor receptor binding	positive regulation of fibroblast growth factor receptor signaling pathway
GO:0008499	10	GO:0009988	4	6	0.0892857142857143	6.51852246746994e-10	1.889670272944	N-acetyl-beta-D-glucosaminide beta-(1,3)-galactosyltransferase activity	cell-cell recognition
GO:0042074	8	GO:0061072	8	6	0.0892857142857143	6.51852246746994e-10	1.889670272944	cell migration involved in gastrulation	iris morphogenesis
GO:0000783	2	GO:0070198	5	5	0.016530612244898	1.0145699582216e-11	1.88953386949462	nuclear telomere cap complex	protein localization to chromosome, telomeric region
GO:0001602	4	GO:0008343	8	5	0.0165816326530612	1.03028006051527e-11	1.88943987672356	pancreatic polypeptide receptor activity	adult feeding behavior
GO:0019661	1	GO:0030388	5	5	0.0165816326530612	1.02743389859897e-11	1.88943987672356	glucose catabolic process to lactate via pyruvate	fructose 1,6-bisphosphate metabolic process
GO:0030388	5	GO:1904024	1	5	0.0165816326530612	1.02743389859897e-11	1.88943987672356	fructose 1,6-bisphosphate metabolic process	negative regulation of glucose catabolic process to lactate via pyruvate
GO:0030388	5	GO:1905857	1	5	0.0165816326530612	1.02743389859897e-11	1.88943987672356	fructose 1,6-bisphosphate metabolic process	positive regulation of pentose-phosphate shunt
GO:0031622	1	GO:1904322	9	5	0.0165816326530612	1.03028006051523e-11	1.88943987672356	positive regulation of fever generation	cellular response to forskolin
GO:0060213	9	GO:2000036	7	6	0.0895408163265306	6.6296223477726e-10	1.88927403699861	positive regulation of nuclear-transcribed mRNA poly(A) tail shortening	regulation of stem cell population maintenance
GO:0038180	10	GO:0043121	1	5	0.0168367346938776	1.11177243378362e-11	1.88897009649176	nerve growth factor signaling pathway	neurotrophin binding
GO:0000220	6	GO:0070072	2	5	0.0168367346938776	1.11177243378362e-11	1.88897009649176	vacuolar proton-transporting V-type ATPase, V0 domain	vacuolar proton-transporting V-type ATPase complex assembly
GO:0000220	6	GO:0033179	1	5	0.0168367346938776	1.11176493523514e-11	1.88897009649176	vacuolar proton-transporting V-type ATPase, V0 domain	proton-transporting V-type ATPase, V0 domain
GO:0004128	6	GO:0006207	3	5	0.0168367346938776	1.11177243378362e-11	1.88897009649176	cytochrome-b5 reductase activity, acting on NAD(P)H	'de novo' pyrimidine nucleobase biosynthetic process
GO:0000460	7	GO:0045830	8	6	0.0897959183673469	6.74228742546822e-10	1.88887801858601	maturation of 5.8S rRNA	positive regulation of isotype switching
GO:0034473	3	GO:0045830	8	6	0.0897959183673469	6.74228742546822e-10	1.88887801858601	U1 snRNA 3'-end processing	positive regulation of isotype switching
GO:0034476	3	GO:0045830	8	6	0.0897959183673469	6.74228742546822e-10	1.88887801858601	U5 snRNA 3'-end processing	positive regulation of isotype switching
GO:0043394	13	GO:0070053	3	6	0.0897959183673469	6.74228742546822e-10	1.88887801858601	proteoglycan binding	thrombospondin receptor activity
GO:0060314	8	GO:1901846	2	5	0.0169132653061225	1.13719824210591e-11	1.88882922206099	regulation of ryanodine-sensitive calcium-release channel activity	positive regulation of cell communication by electrical coupling involved in cardiac conduction
GO:0030906	4	GO:2000642	2	5	0.0169132653061225	1.13719824207517e-11	1.88882922206099	retromer, cargo-selective complex	negative regulation of early endosome to late endosome transport
GO:0003906	9	GO:0046403	2	5	0.0169132653061225	1.13719824210591e-11	1.88882922206099	DNA-(apurinic or apyrimidinic site) endonuclease activity	polynucleotide 3'-phosphatase activity
GO:0018393	2	GO:1903706	7	5	0.0169642857142857	1.1544052860346e-11	1.88873532105585	internal peptidyl-lysine acetylation	regulation of hemopoiesis
GO:0014819	2	GO:0016012	6	5	0.0169642857142857	1.1544052860346e-11	1.88873532105585	regulation of skeletal muscle contraction	sarcoglycan complex
GO:0004307	2	GO:0042765	5	5	0.0169642857142857	1.1544052860346e-11	1.88873532105585	ethanolaminephosphotransferase activity	GPI-anchor transamidase complex
GO:0042800	6	GO:0044665	3	5	0.0169642857142857	1.1544052860346e-11	1.88873532105585	histone H3K4 methyltransferase activity	MLL1/2 complex
GO:0004566	3	GO:0005111	5	5	0.017015306122449	1.17181969330257e-11	1.88864143227264	beta-glucuronidase activity	type 2 fibroblast growth factor receptor binding
GO:0005111	5	GO:0005499	5	5	0.017015306122449	1.17181969330257e-11	1.88864143227264	type 2 fibroblast growth factor receptor binding	vitamin D binding
GO:0016015	6	GO:0060426	5	6	0.09	6.83355813610351e-10	1.88856136031909	morphogen activity	lung vasculature development
GO:0032050	9	GO:2000588	2	5	0.0171173469387755	1.20727806177988e-11	1.88845369135923	clathrin heavy chain binding	positive regulation of platelet-derived growth factor receptor-beta signaling pathway
GO:0046882	3	GO:0070123	6	5	0.0171428571428571	1.21627518065155e-11	1.88840676376461	negative regulation of follicle-stimulating hormone secretion	transforming growth factor beta receptor activity, type III
GO:0045989	2	GO:1903278	5	5	0.0171428571428571	1.21627518065155e-11	1.88840676376461	positive regulation of striated muscle contraction	positive regulation of sodium ion export across plasma membrane
GO:0005732	1	GO:0030681	9	5	0.0171428571428571	1.21627518065149e-11	1.88840676376461	sno(s)RNA-containing ribonucleoprotein complex	multimeric ribonuclease P complex
GO:0005732	1	GO:0033204	9	5	0.0171428571428571	1.21627518065149e-11	1.88840676376461	sno(s)RNA-containing ribonucleoprotein complex	ribonuclease P RNA binding
GO:0042612	3	GO:0140105	5	5	0.0171428571428571	1.21627518065155e-11	1.88840676376461	MHC class I protein complex	interleukin-10-mediated signaling pathway
GO:0048188	6	GO:0140945	3	5	0.0171428571428571	1.21627518065155e-11	1.88840676376461	Set1C/COMPASS complex	histone H3K4 monomethyltransferase activity
GO:0150076	5	GO:1990745	5	5	0.017219387755102	1.24358838604956e-11	1.88826599929535	neuroinflammatory response	EARP complex
GO:0016461	7	GO:0032036	6	6	0.0902040816326531	6.9258507121388e-10	1.88824484099833	unconventional myosin complex	myosin heavy chain binding
GO:0010833	5	GO:0032214	2	5	0.0172448979591837	1.2528008644473e-11	1.88821908390914	telomere maintenance via telomere lengthening	negative regulation of telomere maintenance via semi-conservative replication
GO:0010833	5	GO:1905778	2	5	0.0172448979591837	1.2528008644473e-11	1.88821908390914	telomere maintenance via telomere lengthening	negative regulation of exonuclease activity
GO:0010833	5	GO:1905839	2	5	0.0172448979591837	1.2528008644473e-11	1.88821908390914	telomere maintenance via telomere lengthening	negative regulation of telomeric D-loop disassembly
GO:0016167	5	GO:0032770	2	5	0.0172448979591837	1.2528008644473e-11	1.88821908390914	glial cell-derived neurotrophic factor receptor activity	positive regulation of monooxygenase activity
GO:0000172	8	GO:0000493	2	5	0.0173214285714286	1.28076588239664e-11	1.88807835605558	ribonuclease MRP complex	box H/ACA snoRNP assembly
GO:0031848	4	GO:0098505	4	5	0.0173979591836735	1.30922734068026e-11	1.88793765565128	protection from non-homologous end joining at telomere	G-rich strand telomeric DNA binding
GO:0001875	3	GO:0071723	9	5	0.0173979591836735	1.30922734068026e-11	1.88793765565128	lipopolysaccharide immune receptor activity	lipopeptide binding
GO:0005003	6	GO:2000727	3	5	0.0173979591836735	1.30922734068026e-11	1.88793765565128	ephrin receptor activity	positive regulation of cardiac muscle cell differentiation
GO:0000138	5	GO:0004767	5	5	0.0174489795918367	1.32848068409968e-11	1.88784387062607	Golgi trans cisterna	sphingomyelin phosphodiesterase activity
GO:0000050	10	GO:0004517	1	5	0.0175	1.34795954067803e-11	1.8877500977926	urea cycle	nitric-oxide synthase activity
GO:0002115	3	GO:0015279	5	5	0.0175	1.34795954067803e-11	1.8877500977926	store-operated calcium entry	store-operated calcium channel activity
GO:0000930	9	GO:0140490	2	5	0.0175510204081633	1.36766587986412e-11	1.88765633714771	gamma-tubulin complex	microtubule nucleator activity
GO:0016189	3	GO:0035542	11	6	0.0906122448979592	7.11353770680581e-10	1.88761221870789	synaptic vesicle to endosome fusion	regulation of SNARE complex assembly
GO:0035542	11	GO:0048280	4	6	0.0906122448979592	7.11353770680581e-10	1.88761221870789	regulation of SNARE complex assembly	vesicle fusion with Golgi apparatus
GO:0042813	12	GO:1904238	4	8	0.236734693877551	1.98292982981684e-10	1.88755559302306	Wnt receptor activity	pericyte cell differentiation
GO:0004591	3	GO:0006105	4	5	0.0176785714285714	1.41793999123181e-11	1.88742198883973	oxoglutarate dehydrogenase (succinyl-transferring) activity	succinate metabolic process
GO:0097227	6	GO:0099629	1	5	0.0176785714285714	1.41792944778845e-11	1.88742198883973	sperm annulus	postsynaptic specialization of symmetric synapse
GO:0018242	7	GO:0031985	5	5	0.0177551020408163	1.44880584951478e-11	1.8872814163906	protein O-linked glycosylation via serine	Golgi cisterna
GO:0030049	10	GO:0031014	3	6	0.0909183673469388	7.25705306412139e-10	1.88713811581836	muscle filament sliding	troponin T binding
GO:0033700	7	GO:0034380	1	5	0.0178571428571429	1.49079274750016e-11	1.8870940290612	phospholipid efflux	high-density lipoprotein particle assembly
GO:0038100	3	GO:0048859	3	5	0.0178571428571429	1.49079277273967e-11	1.8870940290612	nodal binding	formation of anatomical boundary
GO:0042765	5	GO:1902953	4	5	0.0178571428571429	1.49079277273976e-11	1.8870940290612	GPI-anchor transamidase complex	positive regulation of ER to Golgi vesicle-mediated transport
GO:0010855	3	GO:0050957	6	5	0.0178571428571429	1.49079277273976e-11	1.8870940290612	adenylate cyclase inhibitor activity	equilibrioception
GO:0014701	7	GO:0016247	9	6	0.0909948979591837	7.29330440637122e-10	1.88701963876785	junctional sarcoplasmic reticulum membrane	channel regulator activity
GO:0001574	9	GO:1905403	2	5	0.0179081632653061	1.51214759198315e-11	1.88700035364773	ganglioside biosynthetic process	negative regulation of activated CD8-positive, alpha-beta T cell apoptotic process
GO:0030239	12	GO:0071691	1	5	0.0179081632653061	1.51214759198315e-11	1.88700035364773	myofibril assembly	cardiac muscle thin filament assembly
GO:0001602	4	GO:0032100	4	5	0.0179081632653061	1.51214759198315e-11	1.88700035364773	pancreatic polypeptide receptor activity	positive regulation of appetite
GO:0010992	4	GO:1990745	5	5	0.0179081632653061	1.51214759198315e-11	1.88700035364773	ubiquitin recycling	EARP complex
GO:0050881	6	GO:1990745	5	5	0.0179081632653061	1.51214759198315e-11	1.88700035364773	musculoskeletal movement	EARP complex
GO:0003337	6	GO:0016167	5	5	0.0179081632653061	1.51214759198315e-11	1.88700035364773	mesenchymal to epithelial transition involved in metanephros morphogenesis	glial cell-derived neurotrophic factor receptor activity
GO:0016167	5	GO:0072108	4	5	0.0179081632653061	1.51214759198315e-11	1.88700035364773	glial cell-derived neurotrophic factor receptor activity	positive regulation of mesenchymal to epithelial transition involved in metanephros morphogenesis
GO:0048170	7	GO:0097484	6	6	0.0910714285714286	7.32970572832262e-10	1.88690118117329	positive regulation of long-term neuronal synaptic plasticity	dendrite extension
GO:0016559	10	GO:0016562	5	6	0.09125	7.4152281627714e-10	1.88662485574549	peroxisome fission	protein import into peroxisome matrix, receptor recycling
GO:0015942	1	GO:0046655	8	5	0.0181377551020408	1.61128946968521e-11	1.88657896476196	formate metabolic process	folic acid metabolic process
GO:0006561	3	GO:0019470	3	5	0.0181887755102041	1.63401017878278e-11	1.8864853562074	proline biosynthetic process	4-hydroxyproline catabolic process
GO:0002645	2	GO:0023024	6	5	0.0182142857142857	1.64546609767219e-11	1.88643855648503	positive regulation of tolerance induction	MHC class I protein complex binding
GO:0006105	4	GO:0030976	4	5	0.0182142857142857	1.64546609767219e-11	1.88643855648503	succinate metabolic process	thiamine pyrophosphate binding
GO:0003906	9	GO:0006273	2	5	0.0182142857142857	1.64546609767219e-11	1.88643855648503	DNA-(apurinic or apyrimidinic site) endonuclease activity	lagging strand elongation
GO:0014826	3	GO:0060385	5	5	0.0182142857142857	1.64546609767219e-11	1.88643855648503	vein smooth muscle contraction	axonogenesis involved in innervation
GO:0046881	4	GO:0070123	6	5	0.0182142857142857	1.64546609767219e-11	1.88643855648503	positive regulation of follicle-stimulating hormone secretion	transforming growth factor beta receptor activity, type III
GO:0002248	2	GO:0070915	5	5	0.0183673469387755	1.71555636501995e-11	1.88615782189482	connective tissue replacement involved in inflammatory response wound healing	lysophosphatidic acid receptor activity
GO:0010734	1	GO:0086009	13	5	0.0183673469387755	1.71555636501995e-11	1.88615782189482	negative regulation of protein glutathionylation	membrane repolarization
GO:0008511	3	GO:0010820	8	5	0.0183673469387755	1.71555636501995e-11	1.88615782189482	sodium:potassium:chloride symporter activity	positive regulation of T cell chemotaxis
GO:0030641	1	GO:0086009	13	5	0.0183673469387755	1.71555636501995e-11	1.88615782189482	regulation of cellular pH	membrane repolarization
GO:0043270	4	GO:0070915	5	5	0.0183673469387755	1.71555636501995e-11	1.88615782189482	positive regulation of monoatomic ion transport	lysophosphatidic acid receptor activity
GO:0031799	2	GO:1902966	6	5	0.0183673469387755	1.71555636501995e-11	1.88615782189482	type 2 metabotropic glutamate receptor binding	positive regulation of protein localization to early endosome
GO:0031800	2	GO:1902966	6	5	0.0183673469387755	1.71555636501995e-11	1.88615782189482	type 3 metabotropic glutamate receptor binding	positive regulation of protein localization to early endosome
GO:0003129	6	GO:0048846	10	7	0.164795918367347	5.67078483342113e-10	1.88607853812519	heart induction	axon extension involved in axon guidance
GO:0031731	2	GO:0051873	6	5	0.0184183673469388	1.73944235313053e-11	1.88606426797206	CCR6 chemokine receptor binding	killing by host of symbiont cells
GO:0016213	2	GO:0030497	6	5	0.0185204081632653	1.78801123135551e-11	1.88587719651861	linoleoyl-CoA desaturase activity	fatty acid elongation
GO:0009957	2	GO:1990788	4	5	0.0185714285714286	1.81269851427582e-11	1.88578367898163	epidermal cell fate specification	GLI-SUFU complex
GO:0035095	9	GO:0098815	4	5	0.0185714285714286	1.81269851434703e-11	1.88578367898163	behavioral response to nicotine	modulation of excitatory postsynaptic potential
GO:0048185	7	GO:0060279	2	5	0.0185714285714286	1.81269851434703e-11	1.88578367898163	activin binding	positive regulation of ovulation
GO:0033018	5	GO:0071313	5	5	0.0185714285714286	1.81269851434703e-11	1.88578367898163	sarcoplasmic reticulum lumen	cellular response to caffeine
GO:0000221	5	GO:0007039	2	5	0.0185714285714286	1.81269851434703e-11	1.88578367898163	vacuolar proton-transporting V-type ATPase, V1 domain	protein catabolic process in the vacuole
GO:0001653	4	GO:0120199	7	5	0.0185714285714286	1.81269851434703e-11	1.88578367898163	peptide receptor activity	cone photoreceptor outer segment
GO:1990745	5	GO:2000672	5	5	0.0185969387755102	1.82514383364264e-11	1.88573692475921	EARP complex	negative regulation of motor neuron apoptotic process
GO:0036396	8	GO:0110104	4	6	0.0918367346938776	7.70207651155779e-10	1.88571767390133	RNA N6-methyladenosine methyltransferase complex	mRNA alternative polyadenylation
GO:0042583	4	GO:0042627	8	6	0.0918367346938776	7.70207651155779e-10	1.88571767390133	chromaffin granule	chylomicron
GO:1990130	4	GO:1990131	3	6	0.0919387755102041	7.75288952678598e-10	1.88556001954152	GATOR1 complex	Gtr1-Gtr2 GTPase complex
GO:0031209	9	GO:0099577	3	6	0.0919642857142857	7.76563610118989e-10	1.88552061133476	SCAR complex	regulation of translation at presynapse, modulating synaptic transmission
GO:0038165	3	GO:0048644	5	5	0.01875	1.90125679525303e-11	1.88545646304477	oncostatin-M-mediated signaling pathway	muscle organ morphogenesis
GO:0097113	2	GO:0099572	9	5	0.01875	1.90125679525303e-11	1.88545646304477	AMPA glutamate receptor clustering	postsynaptic specialization
GO:0016012	6	GO:0043043	2	5	0.01875	1.90125679525303e-11	1.88545646304477	sarcoglycan complex	peptide biosynthetic process
GO:0006003	5	GO:0097403	2	5	0.0187755102040816	1.91418508172399e-11	1.88540973002539	fructose 2,6-bisphosphate metabolic process	cellular response to raffinose
GO:0007197	5	GO:0099553	3	5	0.0187755102040816	1.91418508172399e-11	1.88540973002539	adenylate cyclase-inhibiting G protein-coupled acetylcholine receptor signaling pathway	trans-synaptic signaling by endocannabinoid, modulating synaptic transmission
GO:0004331	5	GO:0097403	2	5	0.0187755102040816	1.91418508172399e-11	1.88540973002539	fructose-2,6-bisphosphate 2-phosphatase activity	cellular response to raffinose
GO:0031799	2	GO:1902115	4	5	0.0188265306122449	1.9402523048068e-11	1.88531627306854	type 2 metabotropic glutamate receptor binding	regulation of organelle assembly
GO:0031800	2	GO:1902115	4	5	0.0188265306122449	1.9402523048068e-11	1.88531627306854	type 3 metabotropic glutamate receptor binding	regulation of organelle assembly
GO:0004526	10	GO:0005732	1	5	0.0189795918367347	2.02015971743598e-11	1.88503597482509	ribonuclease P activity	sno(s)RNA-containing ribonucleoprotein complex
GO:0005003	6	GO:0050920	3	5	0.0189795918367347	2.02015971743598e-11	1.88503597482509	ephrin receptor activity	regulation of chemotaxis
GO:0001401	12	GO:1901030	6	6	0.0922959183673469	7.9329286817949e-10	1.88500850046675	SAM complex	positive regulation of mitochondrial outer membrane permeabilization involved in apoptotic signaling pathway
GO:0140275	12	GO:1901030	6	6	0.0922959183673469	7.9329286817949e-10	1.88500850046675	MIB complex	positive regulation of mitochondrial outer membrane permeabilization involved in apoptotic signaling pathway
GO:0010248	9	GO:0098984	1	5	0.0190561224489796	2.06108713953871e-11	1.88489586653671	establishment or maintenance of transmembrane electrochemical gradient	neuron to neuron synapse
GO:0006729	7	GO:0042421	7	6	0.0923724489795918	7.97195580344777e-10	1.88489037264851	tetrahydrobiopterin biosynthetic process	norepinephrine biosynthetic process
GO:0006729	7	GO:0008199	7	6	0.0923724489795918	7.97195580344777e-10	1.88489037264851	tetrahydrobiopterin biosynthetic process	ferric iron binding
GO:0098921	3	GO:1904322	9	5	0.0191326530612245	2.10267415495374e-11	1.88475578545647	retrograde trans-synaptic signaling by endocannabinoid	cellular response to forskolin
GO:0006101	4	GO:0044571	10	6	0.0925	8.03735460649259e-10	1.88469353592929	citrate metabolic process	[2Fe-2S] cluster assembly
GO:0000930	10	GO:0046599	7	6	0.0925	8.03735460649259e-10	1.88469353592929	gamma-tubulin complex	regulation of centriole replication
GO:0003995	6	GO:0016507	2	5	0.019234693877551	2.15916323196459e-11	1.88456905298831	acyl-CoA dehydrogenase activity	mitochondrial fatty acid beta-oxidation multienzyme complex
GO:0019732	10	GO:0051464	4	6	0.0926020408163265	8.08999325828805e-10	1.88453610521709	antifungal humoral response	positive regulation of cortisol secretion
GO:0023024	6	GO:0042270	3	5	0.0192857142857143	2.18785868788183e-11	1.88447570487813	MHC class I protein complex binding	protection from natural killer cell mediated cytotoxicity
GO:0008037	7	GO:0042271	2	5	0.0192857142857143	2.18785868788183e-11	1.88447570487813	cell recognition	susceptibility to natural killer cell mediated cytotoxicity
GO:0030174	6	GO:0050793	5	5	0.0192857142857143	2.18785868788183e-11	1.88447570487813	regulation of DNA-templated DNA replication initiation	regulation of developmental process
GO:0051835	2	GO:0097105	8	5	0.0192857142857143	2.18785868788183e-11	1.88447570487813	positive regulation of synapse structural plasticity	presynaptic membrane assembly
GO:0070187	3	GO:0070198	5	5	0.0192857142857143	2.18785868788183e-11	1.88447570487813	shelterin complex	protein localization to chromosome, telomeric region
GO:1904515	3	GO:2000601	6	5	0.0192857142857143	2.18785868788183e-11	1.88447570487813	positive regulation of TORC2 signaling	positive regulation of Arp2/3 complex-mediated actin nucleation
GO:0030174	6	GO:0070776	5	5	0.0192857142857143	2.18785868788183e-11	1.88447570487813	regulation of DNA-templated DNA replication initiation	MOZ/MORF histone acetyltransferase complex
GO:0004300	4	GO:0004466	4	5	0.0192857142857143	2.18785868788183e-11	1.88447570487813	enoyl-CoA hydratase activity	long-chain fatty acyl-CoA dehydrogenase activity
GO:0034046	7	GO:0034475	8	8	0.239387755102041	2.16274889055064e-10	1.88443391113197	poly(G) binding	U4 snRNA 3'-end processing
GO:0008622	3	GO:0090043	4	5	0.0193622448979592	2.23147222309473e-11	1.88433570535892	epsilon DNA polymerase complex	regulation of tubulin deacetylation
GO:0005968	4	GO:1903020	2	5	0.0193622448979592	2.23147222299115e-11	1.88433570535892	Rab-protein geranylgeranyltransferase complex	positive regulation of glycoprotein metabolic process
GO:0002352	2	GO:1902237	6	5	0.0193877551020408	2.24616336155883e-11	1.88428904488991	B cell negative selection	positive regulation of endoplasmic reticulum stress-induced intrinsic apoptotic signaling pathway
GO:0014057	3	GO:0098700	5	5	0.0193877551020408	2.24616336155883e-11	1.88428904488991	positive regulation of acetylcholine secretion, neurotransmission	neurotransmitter loading into synaptic vesicle
GO:0004307	2	GO:0016255	6	5	0.0193877551020408	2.24616336155883e-11	1.88428904488991	ethanolaminephosphotransferase activity	attachment of GPI anchor to protein
GO:0048597	2	GO:1902237	6	5	0.0193877551020408	2.24616336155883e-11	1.88428904488991	post-embryonic camera-type eye morphogenesis	positive regulation of endoplasmic reticulum stress-induced intrinsic apoptotic signaling pathway
GO:0060478	4	GO:0099502	6	5	0.0193877551020408	2.24616336155883e-11	1.88428904488991	acrosomal vesicle exocytosis	calcium-dependent activation of synaptic vesicle fusion
GO:0071420	5	GO:1902710	2	5	0.0193877551020408	2.24616336155883e-11	1.88428904488991	cellular response to histamine	GABA receptor complex
GO:0097145	2	GO:1902237	6	5	0.0193877551020408	2.24616336155883e-11	1.88428904488991	BAK complex	positive regulation of endoplasmic reticulum stress-induced intrinsic apoptotic signaling pathway
GO:0043279	7	GO:0047676	9	5	0.0193877551020408	2.24616336155883e-11	1.88428904488991	response to alkaloid	arachidonate-CoA ligase activity
GO:0034709	5	GO:0036065	8	6	0.0928571428571429	8.22284127981472e-10	1.88414267868951	methylosome	fucosylation
GO:0000783	6	GO:0035312	3	5	0.0195663265306122	2.35117849137506e-11	1.8839625060902	nuclear telomere cap complex	5'-3' DNA exonuclease activity
GO:0016469	1	GO:0033176	5	5	0.0195663265306122	2.343514748125e-11	1.8839625060902	proton-transporting two-sector ATPase complex	proton-transporting V-type ATPase complex
GO:0004415	6	GO:0030209	4	5	0.0195918367346939	2.36649533351839e-11	1.88391586975461	hyalurononglucosaminidase activity	dermatan sulfate proteoglycan catabolic process
GO:0120098	3	GO:1904951	6	5	0.0195918367346939	2.36649533351839e-11	1.88391586975461	procentriole	positive regulation of establishment of protein localization
GO:0005047	6	GO:0036435	6	6	0.0930612244897959	8.33041698057595e-10	1.88382809188973	signal recognition particle binding	K48-linked polyubiquitin modification-dependent protein binding
GO:0004897	3	GO:0048644	5	5	0.0196428571428571	2.39736809816512e-11	1.88382260612782	ciliary neurotrophic factor receptor activity	muscle organ morphogenesis
GO:0098919	3	GO:0099572	9	5	0.0196428571428571	2.39736809816512e-11	1.88382260612782	structural constituent of postsynaptic density	postsynaptic specialization
GO:0032816	6	GO:0098574	11	6	0.0932142857142857	8.4118619915569e-10	1.88359224179104	positive regulation of natural killer cell activation	cytoplasmic side of lysosomal membrane
GO:0036465	10	GO:0098884	2	5	0.0197959183673469	2.49192136511434e-11	1.88354288757441	synaptic vesicle recycling	postsynaptic neurotransmitter receptor internalization
GO:0001614	7	GO:0004970	8	6	0.0933163265306122	8.46652444039527e-10	1.88343505122156	purinergic nucleotide receptor activity	glutamate-gated receptor activity
GO:0004931	7	GO:0004970	8	6	0.0933163265306122	8.46652444039527e-10	1.88343505122156	extracellularly ATP-gated monoatomic cation channel activity	glutamate-gated receptor activity
GO:0044375	3	GO:1990429	3	5	0.0198724489795918	2.5403018907454e-11	1.88340306896235	regulation of peroxisome size	peroxisomal importomer complex
GO:0006700	4	GO:0006706	3	5	0.0198979591836735	2.55659437160788e-11	1.88335646878013	C21-steroid hormone biosynthetic process	steroid catabolic process
GO:0004908	6	GO:0150078	2	5	0.0198979591836735	2.55659437160788e-11	1.88335646878013	interleukin-1 receptor activity	positive regulation of neuroinflammatory response
GO:0016469	1	GO:0016471	6	5	0.0198979591836735	2.55657029092037e-11	1.88335646878013	proton-transporting two-sector ATPase complex	vacuolar proton-transporting V-type ATPase complex
GO:0016167	5	GO:0051584	4	5	0.0198979591836735	2.55659437160788e-11	1.88335646878013	glial cell-derived neurotrophic factor receptor activity	regulation of dopamine uptake involved in synaptic transmission
GO:0048630	6	GO:1990745	5	5	0.0199744897959184	2.6059731762688e-11	1.88321668629341	skeletal muscle tissue growth	EARP complex
GO:0032051	4	GO:0098835	3	5	0.0199744897959184	2.6059731762688e-11	1.88321668629341	clathrin light chain binding	presynaptic endocytic zone membrane
GO:0000493	2	GO:0030681	9	5	0.02	2.62260096222205e-11	1.88317009814986	box H/ACA snoRNP assembly	multimeric ribonuclease P complex
GO:0000493	2	GO:0033204	9	5	0.02	2.62260096222205e-11	1.88317009814986	box H/ACA snoRNP assembly	ribonuclease P RNA binding
GO:0006995	6	GO:0031114	4	5	0.02	2.62260096222205e-11	1.88317009814986	cellular response to nitrogen starvation	regulation of microtubule depolymerization
GO:0042043	11	GO:0098635	2	5	0.02	2.62260096222205e-11	1.88317009814986	neurexin family protein binding	protein complex involved in cell-cell adhesion
GO:0015280	12	GO:0035590	9	6	0.0935204081632653	8.57673281682594e-10	1.88312077280664	ligand-gated sodium channel activity	purinergic nucleotide receptor signaling pathway
GO:0010970	3	GO:0035721	10	6	0.0936734693877551	8.66016708288048e-10	1.88288515382024	transport along microtubule	intraciliary retrograde transport
GO:0051918	10	GO:0090277	8	6	0.0936734693877551	8.66016708288048e-10	1.88288515382024	negative regulation of fibrinolysis	positive regulation of peptide hormone secretion
GO:0018242	7	GO:0048729	3	5	0.0202040816326531	2.75869689802164e-11	1.88279750128184	protein O-linked glycosylation via serine	tissue morphogenesis
GO:0003829	3	GO:0018242	7	5	0.0202040816326531	2.75869689802164e-11	1.88279750128184	beta-1,3-galactosyl-O-glycosyl-glycoprotein beta-1,6-N-acetylglucosaminyltransferase activity	protein O-linked glycosylation via serine
GO:0031087	5	GO:1904872	2	5	0.0202040816326531	2.75869689802164e-11	1.88279750128184	deadenylation-independent decapping of nuclear-transcribed mRNA	regulation of telomerase RNA localization to Cajal body
GO:0030983	7	GO:0051257	2	5	0.0202040816326531	2.75869689802164e-11	1.88279750128184	mismatched DNA binding	meiotic spindle midzone assembly
GO:0048407	8	GO:1903225	1	5	0.0202040816326531	2.75869689786984e-11	1.88279750128184	platelet-derived growth factor binding	negative regulation of endodermal cell differentiation
GO:0005584	2	GO:0005588	3	5	0.0202040816326531	2.75867010839643e-11	1.88279750128184	collagen type I trimer	collagen type V trimer
GO:0030130	5	GO:0098894	3	5	0.0202040816326531	2.75869689802164e-11	1.88279750128184	clathrin coat of trans-Golgi network vesicle	extrinsic component of presynaptic endocytic zone membrane
GO:0001855	2	GO:0008228	7	5	0.0203571428571429	2.86442310016011e-11	1.88251817987644	complement component C4b binding	opsonization
GO:0042704	2	GO:0070123	6	5	0.0203571428571429	2.86442310016011e-11	1.88251817987644	uterine wall breakdown	transforming growth factor beta receptor activity, type III
GO:0002029	4	GO:0007197	5	5	0.0204081632653061	2.90037524498073e-11	1.88242509677153	desensitization of G protein-coupled receptor signaling pathway	adenylate cyclase-inhibiting G protein-coupled acetylcholine receptor signaling pathway
GO:0006535	2	GO:0033353	4	5	0.0204081632653061	2.90037524481459e-11	1.88242509677153	cysteine biosynthetic process from serine	S-adenosylmethionine cycle
GO:0004122	2	GO:0033353	4	5	0.0204081632653061	2.90037524481459e-11	1.88242509677153	cystathionine beta-synthase activity	S-adenosylmethionine cycle
GO:0038171	3	GO:1904322	9	5	0.0204081632653061	2.90037524498073e-11	1.88242509677153	cannabinoid signaling pathway	cellular response to forskolin
GO:0004949	3	GO:1904322	9	5	0.0204081632653061	2.90037524498073e-11	1.88242509677153	cannabinoid receptor activity	cellular response to forskolin
GO:0030991	6	GO:0060831	2	5	0.0205102040816327	2.97336063030323e-11	1.88223896658847	intraciliary transport particle A	smoothened signaling pathway involved in dorsal/ventral neural tube patterning
GO:0001682	12	GO:0005732	1	5	0.0205102040816327	2.97336063030323e-11	1.88223896658847	tRNA 5'-leader removal	sno(s)RNA-containing ribonucleoprotein complex
GO:0003720	3	GO:0010833	5	5	0.0205612244897959	3.01039924329227e-11	1.88214591950412	telomerase activity	telomere maintenance via telomere lengthening
GO:0016167	5	GO:0033619	7	5	0.0205612244897959	3.01039924329227e-11	1.88214591950412	glial cell-derived neurotrophic factor receptor activity	membrane protein proteolysis
GO:0051938	6	GO:1990745	5	5	0.0206632653061225	3.08558184009418e-11	1.88195986133429	L-glutamate import	EARP complex
GO:0019346	5	GO:0097053	4	6	0.0942857142857143	9.00066270129129e-10	1.88194344674075	transsulfuration	L-kynurenine catabolic process
GO:0030049	10	GO:0032506	3	6	0.0942857142857143	9.00066270129129e-10	1.88194344674075	muscle filament sliding	cytokinetic process
GO:0005826	4	GO:0030049	10	6	0.0942857142857143	9.00066270129129e-10	1.88194344674075	actomyosin contractile ring	muscle filament sliding
GO:0031123	12	GO:0180011	2	5	0.0207142857142857	3.12373127568528e-11	1.88186685024262	RNA 3'-end processing	cytosolic mRNA polyadenylation
GO:0002142	6	GO:0042490	2	5	0.0207142857142857	3.12373127568528e-11	1.88186685024262	stereocilia ankle link complex	mechanoreceptor differentiation
GO:0008499	10	GO:1905379	2	6	0.0943877551020408	9.05847594775971e-10	1.88178661501485	N-acetyl-beta-D-glucosaminide beta-(1,3)-galactosyltransferase activity	beta-N-acetylhexosaminidase complex
GO:0006817	7	GO:0051939	3	5	0.020765306122449	3.1622564593895e-11	1.88177385114232	phosphate ion transport	gamma-aminobutyric acid import
GO:0006817	7	GO:0015185	3	5	0.020765306122449	3.1622564593895e-11	1.88177385114232	phosphate ion transport	gamma-aminobutyric acid transmembrane transporter activity
GO:0030300	1	GO:0034366	6	5	0.020765306122449	3.16222402184342e-11	1.88177385114232	regulation of intestinal cholesterol absorption	spherical high-density lipoprotein particle
GO:0003906	8	GO:0045007	2	5	0.0208163265306122	3.20116015034393e-11	1.88168086403031	DNA-(apurinic or apyrimidinic site) endonuclease activity	depurination
GO:0004415	6	GO:0051597	4	5	0.0208163265306122	3.20116015034393e-11	1.88168086403031	hyalurononglucosaminidase activity	response to methylmercury
GO:0003906	9	GO:0061819	1	5	0.0208163265306122	3.20116015034352e-11	1.88168086403031	DNA-(apurinic or apyrimidinic site) endonuclease activity	telomeric DNA-containing double minutes formation
GO:0061819	1	GO:0140078	7	5	0.0208163265306122	3.2011600645064e-11	1.88168086403031	telomeric DNA-containing double minutes formation	class I DNA-(apurinic or apyrimidinic site) endonuclease activity
GO:0003906	9	GO:1903518	1	5	0.0208163265306122	3.20116015034352e-11	1.88168086403031	DNA-(apurinic or apyrimidinic site) endonuclease activity	positive regulation of single strand break repair
GO:0140078	7	GO:1903518	1	5	0.0208163265306122	3.2011600645064e-11	1.88168086403031	class I DNA-(apurinic or apyrimidinic site) endonuclease activity	positive regulation of single strand break repair
GO:0003906	9	GO:1905765	1	5	0.0208163265306122	3.20116015034352e-11	1.88168086403031	DNA-(apurinic or apyrimidinic site) endonuclease activity	negative regulation of protection from non-homologous end joining at telomere
GO:0140078	7	GO:1905765	1	5	0.0208163265306122	3.2011600645064e-11	1.88168086403031	class I DNA-(apurinic or apyrimidinic site) endonuclease activity	negative regulation of protection from non-homologous end joining at telomere
GO:0003906	9	GO:1990599	1	5	0.0208163265306122	3.20116015034352e-11	1.88168086403031	DNA-(apurinic or apyrimidinic site) endonuclease activity	3' overhang single-stranded DNA endodeoxyribonuclease activity
GO:0140078	7	GO:1990599	1	5	0.0208163265306122	3.2011600645064e-11	1.88168086403031	class I DNA-(apurinic or apyrimidinic site) endonuclease activity	3' overhang single-stranded DNA endodeoxyribonuclease activity
GO:0001614	6	GO:0015276	11	6	0.094515306122449	9.13117496545159e-10	1.881590623295	purinergic nucleotide receptor activity	ligand-gated monoatomic ion channel activity
GO:0004931	6	GO:0015276	11	6	0.094515306122449	9.13117496545159e-10	1.881590623295	extracellularly ATP-gated monoatomic cation channel activity	ligand-gated monoatomic ion channel activity
GO:0035312	3	GO:0070187	7	5	0.0208928571428571	3.26023145635604e-11	1.88154140583356	5'-3' DNA exonuclease activity	shelterin complex
GO:0009988	4	GO:0042355	8	6	0.0946428571428571	9.20435685332854e-10	1.88139468481208	cell-cell recognition	L-fucose catabolic process
GO:0099572	9	GO:2000311	13	6	0.0946428571428571	9.20435685332854e-10	1.88139468481208	postsynaptic specialization	regulation of AMPA receptor activity
GO:0001614	7	GO:0016594	9	6	0.0948979591836735	9.35217939872135e-10	1.88100296744137	purinergic nucleotide receptor activity	glycine binding
GO:0004465	7	GO:0030299	8	6	0.0948979591836735	9.35217939872135e-10	1.88100296744137	lipoprotein lipase activity	intestinal cholesterol absorption
GO:0004931	7	GO:0016594	9	6	0.0948979591836735	9.35217939872135e-10	1.88100296744137	extracellularly ATP-gated monoatomic cation channel activity	glycine binding
GO:0008627	1	GO:0086010	9	5	0.0212244897959184	3.52635145700571e-11	1.88093739834178	intrinsic apoptotic signaling pathway in response to osmotic stress	membrane depolarization during action potential
GO:0033353	4	GO:0070025	3	5	0.0212244897959184	3.52635145700621e-11	1.88093739834178	S-adenosylmethionine cycle	carbon monoxide binding
GO:0016167	5	GO:0033603	3	5	0.0212244897959184	3.52635145700621e-11	1.88093739834178	glial cell-derived neurotrophic factor receptor activity	positive regulation of dopamine secretion
GO:0042625	2	GO:0048388	5	5	0.02125	3.54751909903885e-11	1.88089095716871	ATPase-coupled ion transmembrane transporter activity	endosomal lumen acidification
GO:0097114	4	GO:0098919	3	5	0.0213265306122449	3.61163155775948e-11	1.88075165158642	NMDA glutamate receptor clustering	structural constituent of postsynaptic density
GO:0030122	5	GO:0098700	5	5	0.0213265306122449	3.61163155775948e-11	1.88075165158642	AP-2 adaptor complex	neurotransmitter loading into synaptic vesicle
GO:0070493	7	GO:1990745	5	5	0.0213520408163265	3.63320676501252e-11	1.88070522237001	thrombin-activated receptor signaling pathway	EARP complex
GO:0006995	6	GO:0019776	1	5	0.0214285714285714	3.69851025646002e-11	1.88056595264848	cellular response to nitrogen starvation	Atg8-family ligase activity
GO:0007529	2	GO:0070915	5	5	0.0214285714285714	3.69855065635055e-11	1.88056595264848	establishment of synaptic specificity at neuromuscular junction	lysophosphatidic acid receptor activity
GO:0008194	6	GO:0018242	7	5	0.0214285714285714	3.69855065635056e-11	1.88056595264848	UDP-glycosyltransferase activity	protein O-linked glycosylation via serine
GO:0033700	8	GO:0034445	1	5	0.0214285714285714	3.69855065609304e-11	1.88056595264848	phospholipid efflux	negative regulation of plasma lipoprotein oxidation
GO:0008037	8	GO:0060370	2	5	0.0214285714285714	3.69855065635056e-11	1.88056595264848	cell recognition	susceptibility to T cell mediated cytotoxicity
GO:0023024	6	GO:0070317	3	5	0.0214285714285714	3.69855065635056e-11	1.88056595264848	MHC class I protein complex binding	negative regulation of G0 to G1 transition
GO:0044309	4	GO:0099572	9	5	0.0214285714285714	3.69855065635056e-11	1.88056595264848	neuron spine	postsynaptic specialization
GO:0097108	3	GO:1990788	4	5	0.0214285714285714	3.69855065635056e-11	1.88056595264848	hedgehog family protein binding	GLI-SUFU complex
GO:0014809	3	GO:0071313	5	5	0.0214540816326531	3.72053926488183e-11	1.88051953538258	regulation of skeletal muscle contraction by regulation of release of sequestered calcium ion	cellular response to caffeine
GO:0030388	5	GO:0046459	2	5	0.0215561224489796	3.809540080155e-11	1.8803338961818	fructose 1,6-bisphosphate metabolic process	short-chain fatty acid metabolic process
GO:0009313	10	GO:0051001	1	5	0.0215816326530612	3.83205373096431e-11	1.88028749384539	oligosaccharide catabolic process	negative regulation of nitric-oxide synthase activity
GO:0009313	10	GO:0090325	1	5	0.0215816326530612	3.83205373096431e-11	1.88028749384539	oligosaccharide catabolic process	regulation of locomotion involved in locomotory behavior
GO:0010572	8	GO:0019865	3	5	0.0215816326530612	3.83205373096431e-11	1.88028749384539	positive regulation of platelet activation	immunoglobulin binding
GO:0004983	8	GO:0008343	8	5	0.0216836734693878	3.92317329720285e-11	1.88010191434335	neuropeptide Y receptor activity	adult feeding behavior
GO:0042713	5	GO:0099589	8	5	0.0216836734693878	3.92317329720285e-11	1.88010191434335	sperm ejaculation	serotonin receptor activity
GO:0016189	3	GO:0030897	13	6	0.0955102040816326	9.71499789829487e-10	1.88006371272475	synaptic vesicle to endosome fusion	HOPS complex
GO:0030897	13	GO:0048280	4	6	0.0955102040816326	9.71499789829487e-10	1.88006371272475	HOPS complex	vesicle fusion with Golgi apparatus
GO:0030239	12	GO:0097513	3	6	0.0955102040816326	9.71499789829487e-10	1.88006371272475	myofibril assembly	myosin II filament
GO:0004553	4	GO:0005111	5	5	0.0217091836734694	3.94622130284783e-11	1.88005552692683	hydrolase activity, hydrolyzing O-glycosyl compounds	type 2 fibroblast growth factor receptor binding
GO:0003691	5	GO:0010521	5	5	0.0218112244897959	4.03949708695524e-11	1.87987000708514	double-stranded telomeric DNA binding	telomerase inhibitor activity
GO:0001838	2	GO:0016167	5	5	0.0218877551020408	4.11060249935497e-11	1.87973089850879	embryonic epithelial tube formation	glial cell-derived neurotrophic factor receptor activity
GO:0016717	3	GO:0030497	6	5	0.0218877551020408	4.11060249935497e-11	1.87973089850879	oxidoreductase activity, acting on paired donors, with oxidation of a pair of donors resulting in the reduction of molecular oxygen to two molecules of water	fatty acid elongation
GO:0034366	6	GO:0034371	1	5	0.0218877551020408	4.11055565451495e-11	1.87973089850879	spherical high-density lipoprotein particle	chylomicron remodeling
GO:0035973	8	GO:0044804	4	5	0.0218877551020408	4.11060249935497e-11	1.87973089850879	aggrephagy	nucleophagy
GO:0070863	7	GO:0090554	6	5	0.0218877551020408	4.11060249935497e-11	1.87973089850879	positive regulation of protein exit from endoplasmic reticulum	phosphatidylcholine floppase activity
GO:0030160	4	GO:0098635	3	5	0.0218877551020408	4.11060249935497e-11	1.87973089850879	synaptic receptor adaptor activity	protein complex involved in cell-cell adhesion
GO:0006002	7	GO:0019661	1	5	0.0219387755102041	4.15855864183897e-11	1.87963817435924	fructose 6-phosphate metabolic process	glucose catabolic process to lactate via pyruvate
GO:0006002	7	GO:1904024	1	5	0.0219387755102041	4.15855864183897e-11	1.87963817435924	fructose 6-phosphate metabolic process	negative regulation of glucose catabolic process to lactate via pyruvate
GO:0006002	7	GO:1905857	1	5	0.0219387755102041	4.15855864183897e-11	1.87963817435924	fructose 6-phosphate metabolic process	positive regulation of pentose-phosphate shunt
GO:1903659	3	GO:2000427	3	5	0.0219387755102041	4.15855877236827e-11	1.87963817435924	regulation of complement-dependent cytotoxicity	positive regulation of apoptotic cell clearance
GO:0010749	3	GO:0033353	4	5	0.0220408163265306	4.25581155542209e-11	1.87945276180959	regulation of nitric oxide mediated signal transduction	S-adenosylmethionine cycle
GO:0036295	4	GO:0051452	3	5	0.0220408163265306	4.25581155542209e-11	1.87945276180959	cellular response to increased oxygen levels	intracellular pH reduction
GO:0004558	5	GO:0051001	1	5	0.0220408163265306	4.24018618125678e-11	1.87945276180959	alpha-1,4-glucosidase activity	negative regulation of nitric-oxide synthase activity
GO:0004558	5	GO:0090325	1	5	0.0220408163265306	4.24018618125678e-11	1.87945276180959	alpha-1,4-glucosidase activity	regulation of locomotion involved in locomotory behavior
GO:0044666	7	GO:0140945	3	5	0.0220408163265306	4.25581155542209e-11	1.87945276180959	MLL3/4 complex	histone H3K4 monomethyltransferase activity
GO:0006287	9	GO:0050882	5	6	0.0959948979591837	1.00104329923118e-09	1.87932100244761	base-excision repair, gap-filling	voluntary musculoskeletal movement
GO:0000493	2	GO:0004526	10	5	0.0221428571428571	4.35487197986739e-11	1.87926739690546	box H/ACA snoRNP assembly	ribonuclease P activity
GO:0001635	3	GO:0003073	7	5	0.0221428571428571	4.35487197986739e-11	1.87926739690546	calcitonin gene-related peptide receptor activity	regulation of systemic arterial blood pressure
GO:0003073	7	GO:0097643	3	5	0.0221428571428571	4.35487197986739e-11	1.87926739690546	regulation of systemic arterial blood pressure	amylin receptor activity
GO:0070198	9	GO:2001032	3	5	0.0221428571428571	4.35487197986739e-11	1.87926739690546	protein localization to chromosome, telomeric region	regulation of double-strand break repair via nonhomologous end joining
GO:0099590	6	GO:1904751	2	5	0.0221428571428571	4.35487197986739e-11	1.87926739690546	neurotransmitter receptor internalization	positive regulation of protein localization to nucleolus
GO:0005391	7	GO:0097450	4	5	0.0221428571428571	4.35487197986739e-11	1.87926739690546	P-type sodium:potassium-exchanging transporter activity	astrocyte end-foot
GO:0006003	5	GO:0071477	3	5	0.0222959183673469	4.50690666819086e-11	1.87898943883108	fructose 2,6-bisphosphate metabolic process	cellular hypotonic salinity response
GO:0098985	4	GO:0099562	5	5	0.0222959183673469	4.50690666819086e-11	1.87898943883108	asymmetric, glutamatergic, excitatory synapse	maintenance of postsynaptic density structure
GO:0004331	5	GO:0071477	3	5	0.0222959183673469	4.50690666819086e-11	1.87898943883108	fructose-2,6-bisphosphate 2-phosphatase activity	cellular hypotonic salinity response
GO:0010883	5	GO:0047676	9	5	0.0222959183673469	4.50690666819086e-11	1.87898943883108	regulation of lipid storage	arachidonate-CoA ligase activity
GO:0010248	10	GO:0097449	9	6	0.0962244897959184	1.01529521423061e-09	1.87896945904366	establishment or maintenance of transmembrane electrochemical gradient	astrocyte projection
GO:0006164	9	GO:0046653	4	6	0.09625	1.01688908576287e-09	1.87893040923878	purine nucleotide biosynthetic process	tetrahydrofolate metabolic process
GO:0071031	2	GO:1990817	10	5	0.0224489795918367	4.66315012122987e-11	1.8787115878215	nuclear mRNA surveillance of mRNA 3'-end processing	poly(A) RNA polymerase activity
GO:0004758	5	GO:0140639	6	5	0.0224489795918367	4.66315012122987e-11	1.8787115878215	serine C-palmitoyltransferase activity	positive regulation of pyroptotic inflammatory response
GO:0015057	4	GO:0070915	5	5	0.0224489795918367	4.66315012122987e-11	1.8787115878215	thrombin-activated receptor activity	lysophosphatidic acid receptor activity
GO:0016015	6	GO:0060272	6	6	0.0964285714285714	1.02810434717768e-09	1.878657119779	morphogen activity	embryonic skeletal joint morphogenesis
GO:0000050	10	GO:0018119	2	5	0.0225	4.71618146207422e-11	1.87861899459623	urea cycle	peptidyl-cysteine S-nitrosylation
GO:0001572	2	GO:0008532	5	5	0.0225	4.71618146207421e-11	1.87861899459623	lactosylceramide biosynthetic process	N-acetyllactosaminide beta-1,3-N-acetylglucosaminyltransferase activity
GO:0006526	4	GO:0006527	3	5	0.0225	4.71618146207422e-11	1.87861899459623	L-arginine biosynthetic process	arginine catabolic process
GO:0032933	7	GO:0036500	7	6	0.0964795918367347	1.03132746628924e-09	1.87857905608969	SREBP signaling pathway	ATF6-mediated unfolded protein response
GO:0006556	4	GO:0046500	3	5	0.0225510204081633	4.76969327019882e-11	1.87852641325484	S-adenosylmethionine biosynthetic process	S-adenosylmethionine metabolic process
GO:0008627	1	GO:0086012	9	5	0.0225510204081633	4.76969327019791e-11	1.87852641325484	intrinsic apoptotic signaling pathway in response to osmotic stress	membrane depolarization during cardiac muscle cell action potential
GO:0000221	5	GO:0035709	2	5	0.0225510204081633	4.76969327019882e-11	1.87852641325484	vacuolar proton-transporting V-type ATPase, V1 domain	memory T cell activation
GO:0060077	5	GO:0099572	8	5	0.0225510204081633	4.76969327019882e-11	1.87852641325484	inhibitory synapse	postsynaptic specialization
GO:0005335	3	GO:0099589	8	5	0.0225510204081633	4.76969327019882e-11	1.87852641325484	serotonin:sodium:chloride symporter activity	serotonin receptor activity
GO:0007512	11	GO:0097513	3	6	0.096734693877551	1.0475689361749e-09	1.87818886431274	adult heart development	myosin II filament
GO:0048476	4	GO:0071139	4	5	0.0228571428571429	5.10103666488795e-11	1.8779711745972	Holliday junction resolvase complex	resolution of DNA recombination intermediates
GO:0042043	12	GO:0097278	1	5	0.0228571428571429	5.10103666488794e-11	1.8779711745972	neurexin family protein binding	complement-dependent cytotoxicity
GO:0042043	12	GO:1990182	1	5	0.0228571428571429	5.10103666488794e-11	1.8779711745972	neurexin family protein binding	exosomal secretion
GO:0004784	5	GO:0016684	6	5	0.0228571428571429	5.10103666488795e-11	1.8779711745972	superoxide dismutase activity	oxidoreductase activity, acting on peroxide as acceptor
GO:0000221	4	GO:0036295	3	5	0.0228826530612245	5.12945689528651e-11	1.87792492399477	vacuolar proton-transporting V-type ATPase, V1 domain	cellular response to increased oxygen levels
GO:0009913	4	GO:0046639	3	5	0.0228826530612245	5.12945689528651e-11	1.87792492399477	epidermal cell differentiation	negative regulation of alpha-beta T cell differentiation
GO:0005003	6	GO:0048845	6	5	0.0229336734693878	5.18667664282857e-11	1.87783243168532	ephrin receptor activity	venous blood vessel morphogenesis
GO:0002866	2	GO:1904322	9	5	0.0229591836734694	5.21547699848395e-11	1.87778618997753	positive regulation of acute inflammatory response to antigenic stimulus	cellular response to forskolin
GO:0035315	4	GO:0050957	6	5	0.0229591836734694	5.21547699848395e-11	1.87778618997753	hair cell differentiation	equilibrioception
GO:0030125	9	GO:0070381	2	5	0.022984693877551	5.24440490259754e-11	1.87773995123385	clathrin vesicle coat	endosome to plasma membrane transport vesicle
GO:0034366	6	GO:0034445	1	5	0.0230102040816327	5.27339436111759e-11	1.87769371545392	spherical high-density lipoprotein particle	negative regulation of plasma lipoprotein oxidation
GO:0001006	5	GO:0042791	6	5	0.0230102040816327	5.27346077671783e-11	1.87769371545392	RNA polymerase III type 3 promoter sequence-specific DNA binding	5S class rRNA transcription by RNA polymerase III
GO:0000127	6	GO:0001006	5	5	0.0230102040816327	5.27346077671783e-11	1.87769371545392	transcription factor TFIIIC complex	RNA polymerase III type 3 promoter sequence-specific DNA binding
GO:0048874	7	GO:0072559	6	6	0.0971428571428571	1.07399585011659e-09	1.87756499614807	host-mediated regulation of intestinal microbiota composition	NLRP3 inflammasome complex
GO:0002690	8	GO:1902287	3	5	0.023265306122449	5.57115126708978e-11	1.87723152057654	positive regulation of leukocyte chemotaxis	semaphorin-plexin signaling pathway involved in axon guidance
GO:0034705	5	GO:0086011	8	5	0.023265306122449	5.57115126708978e-11	1.87723152057654	potassium channel complex	membrane repolarization during action potential
GO:0004998	2	GO:0034755	10	5	0.023265306122449	5.57115126708978e-11	1.87723152057654	transferrin receptor activity	iron ion transmembrane transport
GO:0006102	5	GO:0051538	1	5	0.023265306122449	5.54956083339312e-11	1.87723152057654	isocitrate metabolic process	3 iron, 4 sulfur cluster binding
GO:0008158	3	GO:0097264	10	6	0.0975	1.0975703006173e-09	1.87701955376257	hedgehog receptor activity	self proteolysis
GO:0004983	8	GO:0032100	4	5	0.0234183673469388	5.75610623931596e-11	1.87695434573338	neuropeptide Y receptor activity	positive regulation of appetite
GO:0003906	9	GO:0033194	2	5	0.0234183673469388	5.75610623931596e-11	1.87695434573338	DNA-(apurinic or apyrimidinic site) endonuclease activity	response to hydroperoxide
GO:0033194	2	GO:0140078	7	5	0.0234183673469388	5.75610623931596e-11	1.87695434573338	response to hydroperoxide	class I DNA-(apurinic or apyrimidinic site) endonuclease activity
GO:0097105	8	GO:0097107	2	5	0.0234183673469388	5.75610623931596e-11	1.87695434573338	presynaptic membrane assembly	postsynaptic density assembly
GO:0034705	4	GO:0044224	8	5	0.0234183673469388	5.75610623931596e-11	1.87695434573338	potassium channel complex	juxtaparanode region of axon
GO:0070922	6	GO:1900153	10	6	0.0975765306122449	1.10267733710614e-09	1.87690272689044	RISC complex assembly	positive regulation of nuclear-transcribed mRNA catabolic process, deadenylation-dependent decay
GO:0006003	5	GO:0048029	2	5	0.023469387755102	5.81883546549521e-11	1.87686197778134	fructose 2,6-bisphosphate metabolic process	monosaccharide binding
GO:0032232	3	GO:0098985	4	5	0.023469387755102	5.81883546549522e-11	1.87686197778134	negative regulation of actin filament bundle assembly	asymmetric, glutamatergic, excitatory synapse
GO:0070915	5	GO:0099553	3	5	0.023469387755102	5.81883546549522e-11	1.87686197778134	lysophosphatidic acid receptor activity	trans-synaptic signaling by endocannabinoid, modulating synaptic transmission
GO:0004331	5	GO:0048029	2	5	0.023469387755102	5.81883546549521e-11	1.87686197778134	fructose-2,6-bisphosphate 2-phosphatase activity	monosaccharide binding
GO:0030123	11	GO:0035658	5	6	0.0976530612244898	1.1078040481419e-09	1.8767859189361	AP-3 adaptor complex	Mon1-Ccz1 complex
GO:0016539	2	GO:1990788	4	5	0.0235714285714286	5.94593130565151e-11	1.87667727735262	intein-mediated protein splicing	GLI-SUFU complex
GO:0055064	5	GO:1901380	9	5	0.0235714285714286	5.94593130625755e-11	1.87667727735262	chloride ion homeostasis	negative regulation of potassium ion transmembrane transport
GO:0071139	4	GO:0072429	4	5	0.0235714285714286	5.94593130625755e-11	1.87667727735262	resolution of DNA recombination intermediates	response to intra-S DNA damage checkpoint signaling
GO:0001515	4	GO:0004972	5	5	0.0235714285714286	5.94593130625755e-11	1.87667727735262	opioid peptide activity	NMDA glutamate receptor activity
GO:0021795	5	GO:0160112	10	5	0.0235969387755102	5.97804896315889e-11	1.87663110963393	cerebral cortex cell migration	axonemal B tubule inner sheath
GO:0002153	2	GO:0031209	9	5	0.0236479591836735	6.04269981676591e-11	1.87653878306009	steroid receptor RNA activator RNA binding	SCAR complex
GO:0010649	7	GO:0015278	5	5	0.0237244897959184	6.14072163290611e-11	1.8764003153525	regulation of cell communication by electrical coupling	intracellularly gated calcium channel activity
GO:0010649	7	GO:0048763	4	5	0.0237244897959184	6.14072163290611e-11	1.8764003153525	regulation of cell communication by electrical coupling	calcium-induced calcium release activity
GO:0099094	1	GO:0099590	6	5	0.0237244897959184	6.14063942120526e-11	1.8764003153525	ligand-gated monoatomic cation channel activity	neurotransmitter receptor internalization
GO:0000290	8	GO:0004534	2	5	0.0238520408163265	6.30690931149707e-11	1.87616959488981	deadenylation-dependent decapping of nuclear-transcribed mRNA	5'-3' RNA exonuclease activity
GO:0001759	6	GO:0016167	5	5	0.0238775510204082	6.34057360352546e-11	1.87612345965137	organ induction	glial cell-derived neurotrophic factor receptor activity
GO:0016167	5	GO:0060676	5	5	0.0238775510204082	6.34057360352546e-11	1.87612345965137	glial cell-derived neurotrophic factor receptor activity	ureteric bud formation
GO:0000493	2	GO:0001682	12	5	0.0239285714285714	6.40833257238951e-11	1.87603119802556	box H/ACA snoRNP assembly	tRNA 5'-leader removal
GO:0000347	5	GO:0051096	3	5	0.0239795918367347	6.47666842727895e-11	1.87593894819866	THO complex	positive regulation of helicase activity
GO:0005968	4	GO:0019068	6	5	0.0240561224489796	6.5802618833118e-11	1.87580059557468	Rab-protein geranylgeranyltransferase complex	virion assembly
GO:0042297	5	GO:0090394	4	5	0.0240561224489796	6.5802618833118e-11	1.87580059557468	vocal learning	negative regulation of excitatory postsynaptic potential
GO:0001574	8	GO:0030259	6	5	0.0241071428571429	6.65005600317457e-11	1.87570837523187	ganglioside biosynthetic process	lipid glycosylation
GO:0043318	3	GO:2000601	6	5	0.0241071428571429	6.65005600317457e-11	1.87570837523187	negative regulation of cytotoxic T cell degranulation	positive regulation of Arp2/3 complex-mediated actin nucleation
GO:0032389	3	GO:0051026	7	5	0.0241071428571429	6.65005600317457e-11	1.87570837523187	MutLalpha complex	chiasma assembly
GO:0030174	6	GO:1903706	7	5	0.0241071428571429	6.65005600317457e-11	1.87570837523187	regulation of DNA-templated DNA replication initiation	regulation of hemopoiesis
GO:0016012	6	GO:0030055	5	5	0.0241071428571429	6.65005600317457e-11	1.87570837523187	sarcoglycan complex	cell-substrate junction
GO:0030118	4	GO:0032051	4	5	0.0241071428571429	6.65005600317457e-11	1.87570837523187	clathrin coat	clathrin light chain binding
GO:0014063	3	GO:1904322	9	5	0.024234693877551	6.827129659669e-11	1.87547787594234	negative regulation of serotonin secretion	cellular response to forskolin
GO:0010485	7	GO:0050793	5	5	0.0242857142857143	6.89900424609906e-11	1.87538569684562	histone H4 acetyltransferase activity	regulation of developmental process
GO:0019992	8	GO:0061669	6	5	0.0242857142857143	6.89900424609906e-11	1.87538569684562	diacylglycerol binding	spontaneous neurotransmitter secretion
GO:0071321	7	GO:0099589	8	5	0.0242857142857143	6.89900424609906e-11	1.87538569684562	cellular response to cGMP	serotonin receptor activity
GO:0010485	7	GO:0070776	5	5	0.0242857142857143	6.89900424609906e-11	1.87538569684562	histone H4 acetyltransferase activity	MOZ/MORF histone acetyltransferase complex
GO:0008278	5	GO:0045875	1	5	0.0244132653061225	7.05254005355055e-11	1.87515530062518	cohesin complex	negative regulation of sister chromatid cohesion
GO:0008278	5	GO:0048638	1	5	0.0244132653061225	7.05254005355055e-11	1.87515530062518	cohesin complex	regulation of developmental growth
GO:0006101	4	GO:1990229	11	6	0.09875	1.18348507303042e-09	1.87511374678756	citrate metabolic process	iron-sulfur cluster assembly complex
GO:0010987	1	GO:0034372	5	5	0.0244897959183673	7.16322843184634e-11	1.87501709820681	negative regulation of high-density lipoprotein particle clearance	very-low-density lipoprotein particle remodeling
GO:0019448	3	GO:0033353	4	5	0.0244897959183673	7.19256870211162e-11	1.87501709820681	L-cysteine catabolic process	S-adenosylmethionine cycle
GO:0001504	6	GO:1903278	5	5	0.0244897959183673	7.19256870211162e-11	1.87501709820681	neurotransmitter uptake	positive regulation of sodium ion export across plasma membrane
GO:0061184	2	GO:0090244	3	5	0.0245408163265306	7.26739119905202e-11	1.8749249779691	positive regulation of dermatome development	Wnt signaling pathway involved in somitogenesis
GO:0016167	5	GO:0030432	5	5	0.0245408163265306	7.26749530328565e-11	1.8749249779691	glial cell-derived neurotrophic factor receptor activity	peristalsis
GO:0005655	6	GO:0070922	6	6	0.0988775510204082	1.19255651765383e-09	1.87491955949793	nucleolar ribonuclease P complex	RISC complex assembly
GO:0005655	6	GO:0047044	6	6	0.0988775510204082	1.19255651765383e-09	1.87491955949793	nucleolar ribonuclease P complex	androstan-3-alpha,17-beta-diol dehydrogenase (NAD+) activity
GO:0000172	8	GO:0006388	11	7	0.173214285714286	7.97833970886787e-10	1.87491561046831	ribonuclease MRP complex	tRNA splicing, via endonucleolytic cleavage and ligation
GO:0004087	2	GO:0006526	4	5	0.0246428571428571	7.41921785078632e-11	1.87474077277902	carbamoyl-phosphate synthase (ammonia) activity	L-arginine biosynthetic process
GO:0004088	2	GO:0006526	4	5	0.0246428571428571	7.41921785078632e-11	1.87474077277902	carbamoyl-phosphate synthase (glutamine-hydrolyzing) activity	L-arginine biosynthetic process
GO:0006625	7	GO:0060152	1	5	0.0246428571428571	7.41921752170314e-11	1.87474077277902	protein targeting to peroxisome	microtubule-based peroxisome localization
GO:0070831	4	GO:1990408	6	5	0.0246428571428571	7.41921785168961e-11	1.87474077277902	basement membrane assembly	calcitonin gene-related peptide receptor signaling pathway
GO:0035194	11	GO:0070877	2	5	0.0246428571428571	7.41921785168961e-11	1.87474077277902	regulatory ncRNA-mediated post-transcriptional gene silencing	microprocessor complex
GO:0070123	6	GO:0070483	2	5	0.0246428571428571	7.41921785168961e-11	1.87474077277902	transforming growth factor beta receptor activity, type III	detection of hypoxia
GO:0004972	5	GO:0031628	4	5	0.0246938775510204	7.49602150755757e-11	1.87464868782064	NMDA glutamate receptor activity	opioid receptor binding
GO:0000002	8	GO:0000262	2	5	0.024719387755102	7.53466062488968e-11	1.87460264974931	mitochondrial genome maintenance	mitochondrial chromosome
GO:0030893	7	GO:0071481	5	6	0.0991071428571428	1.2090302999139e-09	1.87457015405615	meiotic cohesin complex	cellular response to X-ray
GO:0000172	8	GO:1905323	2	5	0.0247448979591837	7.57345858309848e-11	1.87455661461604	ribonuclease MRP complex	telomerase holoenzyme complex assembly
GO:0031799	2	GO:2000643	8	5	0.0247959183673469	7.65153297188248e-11	1.87446455316222	type 2 metabotropic glutamate receptor binding	positive regulation of early endosome to late endosome transport
GO:0031800	2	GO:2000643	8	5	0.0247959183673469	7.65153297188248e-11	1.87446455316222	type 3 metabotropic glutamate receptor binding	positive regulation of early endosome to late endosome transport
GO:0050786	10	GO:1901222	6	5	0.0247959183673469	7.65153297188248e-11	1.87446455316222	RAGE receptor binding	regulation of non-canonical NF-kappaB signal transduction
GO:0017004	2	GO:0106292	5	5	0.0247959183673469	7.65153297188247e-11	1.87446455316222	cytochrome complex assembly	superoxide-generating NADPH oxidase activity
GO:0097084	10	GO:0141163	7	6	0.0991836734693877	1.21456327695517e-09	1.87445372317535	vascular associated smooth muscle cell development	positive regulation of cAMP/PKA signal transduction
GO:0006700	4	GO:0008211	4	5	0.0248724489795918	7.76984807335416e-11	1.87432648300763	C21-steroid hormone biosynthetic process	glucocorticoid metabolic process
GO:0005219	3	GO:0060314	8	5	0.0248724489795918	7.76984807335416e-11	1.87432648300763	ryanodine-sensitive calcium-release channel activity	regulation of ryanodine-sensitive calcium-release channel activity
GO:0022829	7	GO:0061702	8	6	0.0993367346938775	1.22569218145436e-09	1.87422091777703	wide pore channel activity	canonical inflammasome complex
GO:0005131	6	GO:0019530	3	5	0.025	7.97028208292581e-11	1.87409642479473	growth hormone receptor binding	taurine metabolic process
GO:0010370	2	GO:0098505	6	5	0.025	7.97028208292581e-11	1.87409642479473	perinucleolar chromocenter	G-rich strand telomeric DNA binding
GO:0004563	3	GO:0008499	10	6	0.0994897959183673	1.23690543944401e-09	1.87398818748934	beta-N-acetylhexosaminidase activity	N-acetyl-beta-D-glucosaminide beta-(1,3)-galactosyltransferase activity
GO:0006686	9	GO:0008081	10	6	0.0994897959183673	1.23690543944401e-09	1.87398818748934	sphingomyelin biosynthetic process	phosphoric diester hydrolase activity
GO:0008499	10	GO:0016231	3	6	0.0994897959183673	1.23690543944401e-09	1.87398818748934	N-acetyl-beta-D-glucosaminide beta-(1,3)-galactosyltransferase activity	beta-N-acetylglucosaminidase activity
GO:0010459	7	GO:0014701	7	5	0.0251020408163265	8.13358291161848e-11	1.87391243103772	negative regulation of heart rate	junctional sarcoplasmic reticulum membrane
GO:0071144	5	GO:1901165	4	5	0.0251020408163265	8.13358291161848e-11	1.87391243103772	heteromeric SMAD protein complex	positive regulation of trophoblast cell migration
GO:0000290	8	GO:0010606	5	6	0.0996173469387755	1.24631462239388e-09	1.87379430292415	deadenylation-dependent decapping of nuclear-transcribed mRNA	positive regulation of cytoplasmic mRNA processing body assembly
GO:0097136	5	GO:1902237	4	5	0.0251785714285714	8.25780243963726e-11	1.87377446651202	Bcl-2 family protein complex	positive regulation of endoplasmic reticulum stress-induced intrinsic apoptotic signaling pathway
GO:0019227	9	GO:1990454	9	7	0.174107142857143	8.2642649239435e-10	1.8737417330401	neuronal action potential propagation	L-type voltage-gated calcium channel complex
GO:0000813	10	GO:0016247	9	8	0.248571428571429	2.89911087509641e-10	1.87373122933033	ESCRT I complex	channel regulator activity
GO:0016183	5	GO:0098773	4	5	0.0252040816326531	8.29954380062353e-11	1.87372848419994	synaptic vesicle coating	skin epidermis development
GO:0032770	2	GO:0042361	5	5	0.0252040816326531	8.29954380062352e-11	1.87372848419994	positive regulation of monooxygenase activity	menaquinone catabolic process
GO:0019787	5	GO:0035973	8	5	0.0252040816326531	8.29954380062353e-11	1.87372848419994	ubiquitin-like protein transferase activity	aggrephagy
GO:0005584	2	GO:0005592	4	5	0.0252551020408163	8.38353182778864e-11	1.87363652836829	collagen type I trimer	collagen type XI trimer
GO:0033353	4	GO:0070026	5	5	0.0253061224489796	8.46819697771086e-11	1.87354458425747	S-adenosylmethionine cycle	nitric oxide binding
GO:0006489	5	GO:0008299	10	6	0.0998979591836735	1.26722370662302e-09	1.87336794022804	dolichyl diphosphate biosynthetic process	isoprenoid biosynthetic process
GO:0016233	6	GO:0070198	5	5	0.025484693877551	8.76991620745314e-11	1.87322287212808	telomere capping	protein localization to chromosome, telomeric region
GO:0031630	7	GO:0099502	6	5	0.0255102040816327	8.81371039050283e-11	1.87317692496284	regulation of synaptic vesicle fusion to presynaptic active zone membrane	calcium-dependent activation of synaptic vesicle fusion
GO:0033004	4	GO:1904322	9	5	0.0255102040816327	8.81371039050282e-11	1.87317692496284	negative regulation of mast cell activation	cellular response to forskolin
GO:0046934	2	GO:0052659	5	5	0.0255102040816327	8.81371039050282e-11	1.87317692496284	1-phosphatidylinositol-4,5-bisphosphate 3-kinase activity	inositol-1,3,4,5-tetrakisphosphate 5-phosphatase activity
GO:0015910	4	GO:0045046	5	5	0.0255867346938776	8.94614144846257e-11	1.8730391010245	long-chain fatty acid import into peroxisome	protein import into peroxisome membrane
GO:0019346	5	GO:0070189	4	6	0.100178571428571	1.28842257965596e-09	1.8729418293908	transsulfuration	kynurenine metabolic process
GO:0000288	11	GO:0034475	8	9	0.323877551020408	8.07720788011879e-11	1.87285353971998	nuclear-transcribed mRNA catabolic process, deadenylation-dependent decay	U4 snRNA 3'-end processing
GO:0042662	2	GO:0061180	6	5	0.0257142857142857	9.17038611891803e-11	1.87280945296282	negative regulation of mesodermal cell fate specification	mammary gland epithelium development
GO:0098970	7	GO:1904751	2	5	0.0257142857142857	9.17038611891802e-11	1.87280945296282	postsynaptic neurotransmitter receptor diffusion trapping	positive regulation of protein localization to nucleolus
GO:0002141	4	GO:0032532	4	5	0.0257142857142857	9.17038611891802e-11	1.87280945296282	stereocilia ankle link	regulation of microvillus length
GO:0044666	7	GO:0140999	5	5	0.0257142857142857	9.17038611891802e-11	1.87280945296282	MLL3/4 complex	histone H3K4 trimethyltransferase activity
GO:0004383	8	GO:0120199	7	5	0.0257142857142857	9.17038611891802e-11	1.87280945296282	guanylate cyclase activity	cone photoreceptor outer segment
GO:0032532	4	GO:1990696	4	5	0.0257142857142857	9.17038611891802e-11	1.87280945296282	regulation of microvillus length	USH2 complex
GO:0007597	7	GO:0019865	3	5	0.0257142857142857	9.17038611891803e-11	1.87280945296282	blood coagulation, intrinsic pathway	immunoglobulin binding
GO:0010255	6	GO:0050786	10	5	0.0257142857142857	9.17038611891802e-11	1.87280945296282	glucose mediated signaling pathway	RAGE receptor binding
GO:0031102	4	GO:1990408	6	5	0.0258163265306122	9.35299316319979e-11	1.87262578713867	neuron projection regeneration	calcitonin gene-related peptide receptor signaling pathway
GO:0060050	4	GO:1990410	5	5	0.0258163265306122	9.35299316319979e-11	1.87262578713867	positive regulation of protein glycosylation	adrenomedullin receptor signaling pathway
GO:0015386	6	GO:0070083	4	5	0.0258163265306122	9.35299316319979e-11	1.87262578713867	potassium:proton antiporter activity	clathrin-sculpted monoamine transport vesicle membrane
GO:0001734	2	GO:0009048	6	5	0.0258673469387755	9.44537871669987e-11	1.87253397176014	mRNA m(6)A methyltransferase activity	dosage compensation by inactivation of X chromosome
GO:0009957	2	GO:0046639	3	5	0.0258673469387755	9.44522840089137e-11	1.87253397176014	epidermal cell fate specification	negative regulation of alpha-beta T cell differentiation
GO:0010833	5	GO:0032210	5	5	0.0258673469387755	9.44537871669987e-11	1.87253397176014	telomere maintenance via telomere lengthening	regulation of telomere maintenance via telomerase
GO:0010807	5	GO:0035493	6	5	0.0261479591836735	9.96660930033606e-11	1.87202919596901	regulation of synaptic vesicle priming	SNARE complex assembly
GO:0097105	8	GO:1900452	3	5	0.0261734693877551	1.00151090873088e-10	1.87198332477123	presynaptic membrane assembly	regulation of long-term synaptic depression
GO:0016344	2	GO:0071933	9	5	0.0261734693877551	1.00151090873088e-10	1.87198332477123	meiotic chromosome movement towards spindle pole	Arp2/3 complex binding
GO:0033206	2	GO:0071933	9	5	0.0261734693877551	1.00151090873088e-10	1.87198332477123	meiotic cytokinesis	Arp2/3 complex binding
GO:0051653	2	GO:0071933	9	5	0.0261734693877551	1.00151090873088e-10	1.87198332477123	spindle localization	Arp2/3 complex binding
GO:0008395	7	GO:0033489	4	6	0.100841836734694	1.33969936112819e-09	1.87193565779357	steroid hydroxylase activity	cholesterol biosynthetic process via desmosterol
GO:0008395	7	GO:0033490	4	6	0.100841836734694	1.33969936112819e-09	1.87193565779357	steroid hydroxylase activity	cholesterol biosynthetic process via lathosterol
GO:0006007	3	GO:0070095	5	5	0.02625	1.01617398883864e-10	1.87184572867726	glucose catabolic process	fructose-6-phosphate binding
GO:0051902	3	GO:0070106	6	5	0.02625	1.01617398883864e-10	1.87184572867726	negative regulation of mitochondrial depolarization	interleukin-27-mediated signaling pathway
GO:0005131	6	GO:0016608	2	5	0.02625	1.01617398883864e-10	1.87184572867726	growth hormone receptor binding	growth hormone-releasing hormone activity
GO:0001401	9	GO:0045040	8	7	0.175561224489796	8.74857090604284e-10	1.87183406919762	SAM complex	protein insertion into mitochondrial outer membrane
GO:0045040	8	GO:0140275	9	7	0.175561224489796	8.74857090604284e-10	1.87183406919762	protein insertion into mitochondrial outer membrane	MIB complex
GO:0034058	11	GO:0097111	2	5	0.0262755102040816	1.02109957883653e-10	1.87179986914449	endosomal vesicle fusion	endoplasmic reticulum-Golgi intermediate compartment organization
GO:0002729	6	GO:0140105	5	5	0.0263265306122449	1.03100793238928e-10	1.87170815882456	positive regulation of natural killer cell cytokine production	interleukin-10-mediated signaling pathway
GO:0036302	6	GO:2000020	7	5	0.0263265306122449	1.03100793238928e-10	1.87170815882456	atrioventricular canal development	positive regulation of male gonad development
GO:0030449	4	GO:2000427	3	5	0.0263265306122449	1.03100793238928e-10	1.87170815882456	regulation of complement activation	positive regulation of apoptotic cell clearance
GO:0001006	5	GO:0042797	7	5	0.0263775510204082	1.04099288386703e-10	1.87161646016297	RNA polymerase III type 3 promoter sequence-specific DNA binding	tRNA transcription by RNA polymerase III
GO:0070697	5	GO:0071141	4	5	0.0264030612244898	1.04601422166246e-10	1.87157061520312	activin receptor binding	SMAD protein complex
GO:0050253	5	GO:0052650	7	6	0.101147959183673	1.3639293234365e-09	1.8714717438355	retinyl-palmitate esterase activity	all-trans-retinol dehydrogenase (NADP+) activity
GO:0002767	3	GO:0043323	5	5	0.026530612244898	1.07141174701555e-10	1.87134143409859	immune response-inhibiting cell surface receptor signaling pathway	positive regulation of natural killer cell degranulation
GO:0030388	5	GO:0043649	2	5	0.026530612244898	1.07141174701555e-10	1.87134143409859	fructose 1,6-bisphosphate metabolic process	dicarboxylic acid catabolic process
GO:0004778	2	GO:0030388	5	5	0.026530612244898	1.07141174701555e-10	1.87134143409859	succinyl-CoA hydrolase activity	fructose 1,6-bisphosphate metabolic process
GO:0031627	2	GO:0090656	8	5	0.026530612244898	1.07141174701555e-10	1.87134143409859	telomeric loop formation	t-circle formation
GO:0040012	4	GO:0070915	5	5	0.026530612244898	1.07141174701555e-10	1.87134143409859	regulation of locomotion	lysophosphatidic acid receptor activity
GO:0090656	8	GO:1904430	2	5	0.026530612244898	1.07141174701555e-10	1.87134143409859	t-circle formation	negative regulation of t-circle formation
GO:0050786	10	GO:1900744	5	5	0.0266326530612245	1.09208211353162e-10	1.8711581416264	RAGE receptor binding	regulation of p38MAPK cascade
GO:0060228	4	GO:2001140	6	5	0.0266581632653061	1.09729910879279e-10	1.87111232578463	phosphatidylcholine-sterol O-acyltransferase activator activity	positive regulation of phospholipid transport
GO:0006729	7	GO:0009651	5	6	0.101428571428571	1.38645795137016e-09	1.87104675130962	tetrahydrobiopterin biosynthetic process	response to salt stress
GO:0006614	4	GO:0008250	14	6	0.101530612244898	1.39472621961544e-09	1.8708922706322	SRP-dependent cotranslational protein targeting to membrane	oligosaccharyltransferase complex
GO:0003691	4	GO:0031848	5	5	0.0267857142857143	1.12368332657873e-10	1.87088329021501	double-stranded telomeric DNA binding	protection from non-homologous end joining at telomere
GO:0032816	6	GO:0038155	3	5	0.0267857142857143	1.12368332657873e-10	1.87088329021501	positive regulation of natural killer cell activation	interleukin-23-mediated signaling pathway
GO:0061031	2	GO:1990907	11	5	0.0267857142857143	1.12368332657873e-10	1.87088329021501	endodermal digestive tract morphogenesis	beta-catenin-TCF complex
GO:0016788	6	GO:0042765	5	5	0.0267857142857143	1.12368332657873e-10	1.87088329021501	hydrolase activity, acting on ester bonds	GPI-anchor transamidase complex
GO:0030160	4	GO:1900075	3	5	0.0268622448979592	1.1397552929765e-10	1.87074590377132	synaptic receptor adaptor activity	positive regulation of neuromuscular synaptic transmission
GO:0005381	7	GO:1990712	5	5	0.0268622448979592	1.1397552929765e-10	1.87074590377132	iron ion transmembrane transporter activity	HFE-transferrin receptor complex
GO:0005391	7	GO:0044298	3	5	0.0268877551020408	1.14515319640997e-10	1.87070011410422	P-type sodium:potassium-exchanging transporter activity	cell body membrane
GO:0002903	3	GO:0004758	5	5	0.0269387755102041	1.15601021899362e-10	1.87060854348899	negative regulation of B cell apoptotic process	serine C-palmitoyltransferase activity
GO:0004558	5	GO:0016052	3	5	0.0269387755102041	1.15601021899362e-10	1.87060854348899	alpha-1,4-glucosidase activity	carbohydrate catabolic process
GO:0030892	6	GO:0045875	1	5	0.0269387755102041	1.15599026731696e-10	1.87060854348899	mitotic cohesin complex	negative regulation of sister chromatid cohesion
GO:0030892	6	GO:0048638	1	5	0.0269387755102041	1.15599026731696e-10	1.87060854348899	mitotic cohesin complex	regulation of developmental growth
GO:0021764	5	GO:1903278	5	5	0.0269387755102041	1.15601021899362e-10	1.87060854348899	amygdala development	positive regulation of sodium ion export across plasma membrane
GO:0004532	3	GO:0030015	5	5	0.0269387755102041	1.15601021899362e-10	1.87060854348899	RNA exonuclease activity	CCR4-NOT core complex
GO:0006003	5	GO:0061729	2	5	0.0269897959183673	1.16694924591355e-10	1.87051698449662	fructose 2,6-bisphosphate metabolic process	GDP-D-mannose biosynthetic process from fructose-6-phosphate
GO:0015311	3	GO:1990384	5	5	0.0269897959183673	1.16694924591355e-10	1.87051698449662	monoamine:proton antiporter activity	hyaloid vascular plexus regression
GO:0004331	5	GO:0061729	2	5	0.0269897959183673	1.16694924591355e-10	1.87051698449662	fructose-2,6-bisphosphate 2-phosphatase activity	GDP-D-mannose biosynthetic process from fructose-6-phosphate
GO:0033033	6	GO:0033700	9	6	0.101785714285714	1.41557576383248e-09	1.87050621361445	negative regulation of myeloid cell apoptotic process	phospholipid efflux
GO:0017038	7	GO:0033700	9	6	0.101785714285714	1.41557576383248e-09	1.87050621361445	protein import	phospholipid efflux
GO:0000182	3	GO:0061702	8	5	0.0270918367346939	1.18907516066925e-10	1.87033390136862	rDNA binding	canonical inflammasome complex
GO:0034379	10	GO:0034384	5	6	0.101938775510204	1.42820894482673e-09	1.8702746785393	very-low-density lipoprotein particle assembly	high-density lipoprotein particle clearance
GO:0010867	12	GO:0033552	3	5	0.0271428571428571	1.20026297673333e-10	1.8702423772271	positive regulation of triglyceride biosynthetic process	response to vitamin B3
GO:0042043	11	GO:1900075	2	5	0.0271428571428571	1.20026297673333e-10	1.8702423772271	neurexin family protein binding	positive regulation of neuromuscular synaptic transmission
GO:0032770	2	GO:0042376	6	5	0.0271938775510204	1.21153465359633e-10	1.87015086469663	positive regulation of monooxygenase activity	phylloquinone catabolic process
GO:0008499	10	GO:0051651	3	6	0.102040816326531	1.43668283889253e-09	1.87012036309953	N-acetyl-beta-D-glucosaminide beta-(1,3)-galactosyltransferase activity	maintenance of location in cell
GO:0000172	8	GO:0043489	3	5	0.027219387755102	1.21720208613602e-10	1.87010511278462	ribonuclease MRP complex	RNA stabilization
GO:0044292	4	GO:0070986	10	6	0.102091836734694	1.44093537831005e-09	1.87004321775745	dendrite terminus	left/right axis specification
GO:0048149	8	GO:0051412	10	6	0.102142857142857	1.44519833954584e-09	1.86996608066489	behavioral response to ethanol	response to corticosterone
GO:0140078	7	GO:0160002	2	5	0.0273214285714286	1.24008381487584e-10	1.8699221341495	class I DNA-(apurinic or apyrimidinic site) endonuclease activity	ADP-D-ribose modification-dependent protein binding
GO:0003995	6	GO:0035965	6	5	0.0273724489795918	1.25165270450447e-10	1.86983066223453	acyl-CoA dehydrogenase activity	cardiolipin acyl-chain remodeling
GO:0004117	8	GO:0007603	4	5	0.0273724489795918	1.25165270450447e-10	1.86983066223453	calmodulin-activated dual specificity 3',5'-cyclic-GMP, 3',5'-cyclic-AMP phosphodiesterase activity	phototransduction, visible light
GO:0007603	4	GO:0048101	8	5	0.0273724489795918	1.25165270450447e-10	1.86983066223453	phototransduction, visible light	calmodulin-activated 3',5'-cyclic-GMP phosphodiesterase activity
GO:0000711	3	GO:0000800	8	5	0.0275	1.28095214271172e-10	1.8696020331811	meiotic DNA repair synthesis	lateral element
GO:0005131	6	GO:0038162	2	5	0.0275	1.28095214271172e-10	1.8696020331811	growth hormone receptor binding	erythropoietin-mediated signaling pathway
GO:0031931	2	GO:0140767	7	5	0.0275	1.28095214271172e-10	1.8696020331811	TORC1 complex	enzyme-substrate adaptor activity
GO:0008378	6	GO:0018242	7	5	0.0275510204081633	1.29282405700909e-10	1.86951060184561	galactosyltransferase activity	protein O-linked glycosylation via serine
GO:0020027	5	GO:0031721	5	5	0.0275510204081633	1.29282405700909e-10	1.86951060184561	hemoglobin metabolic process	hemoglobin alpha binding
GO:0046541	5	GO:0070915	5	5	0.0275510204081633	1.29282405700909e-10	1.86951060184561	saliva secretion	lysophosphatidic acid receptor activity
GO:0086010	8	GO:0086016	2	5	0.0275510204081633	1.29282405700909e-10	1.86951060184561	membrane depolarization during action potential	AV node cell action potential
GO:0098970	7	GO:0099094	1	5	0.0275510204081633	1.29282397666632e-10	1.86951060184561	postsynaptic neurotransmitter receptor diffusion trapping	ligand-gated monoatomic cation channel activity
GO:0008331	11	GO:0046622	5	6	0.1025	1.47533258014507e-09	1.86942635185524	high voltage-gated calcium channel activity	positive regulation of organ growth
GO:0001401	12	GO:0099558	6	6	0.102551020408163	1.47967964580686e-09	1.86934928069533	SAM complex	maintenance of synapse structure
GO:0099558	6	GO:0140275	12	6	0.102551020408163	1.47967964580686e-09	1.86934928069533	maintenance of synapse structure	MIB complex
GO:0033353	4	GO:0042262	5	5	0.0277551020408163	1.34119310913135e-10	1.86914499234946	S-adenosylmethionine cycle	DNA protection
GO:0072559	6	GO:0140970	1	5	0.0277551020408163	1.34116853805701e-10	1.86914499234946	NLRP3 inflammasome complex	AIM2 inflammasome complex assembly
GO:0070296	4	GO:2000311	13	6	0.102755102040816	1.4971741604739e-09	1.86904107837471	sarcoplasmic reticulum calcium ion transport	regulation of AMPA receptor activity
GO:0001515	4	GO:0017146	6	5	0.0278571428571429	1.3659132664917e-10	1.86896225706782	opioid peptide activity	NMDA selective glutamate receptor complex
GO:0001848	5	GO:0001851	8	5	0.0278571428571429	1.3659132664917e-10	1.86896225706782	complement binding	complement component C3b binding
GO:0008158	3	GO:1990788	4	5	0.0278571428571429	1.3659132664917e-10	1.86896225706782	hedgehog receptor activity	GLI-SUFU complex
GO:0031432	7	GO:0042805	6	5	0.0278571428571429	1.3659132664917e-10	1.86896225706782	titin binding	actinin binding
GO:0032511	4	GO:1904903	5	5	0.0280102040816327	1.40367405971214e-10	1.86868824091241	late endosome to vacuole transport via multivesicular body sorting pathway	ESCRT III complex disassembly
GO:0046934	2	GO:0052658	5	5	0.0280612244897959	1.41644444905732e-10	1.8685969253201	1-phosphatidylinositol-4,5-bisphosphate 3-kinase activity	inositol-1,4,5-trisphosphate 5-phosphatase activity
GO:0006359	8	GO:0006384	6	5	0.0281122448979592	1.42930739617053e-10	1.868505621286	regulation of transcription by RNA polymerase III	transcription initiation at RNA polymerase III promoter
GO:0010833	3	GO:0090656	6	5	0.0281122448979592	1.42930739617053e-10	1.868505621286	telomere maintenance via telomere lengthening	t-circle formation
GO:0032471	5	GO:1902237	6	5	0.0281122448979592	1.42930739617053e-10	1.868505621286	negative regulation of endoplasmic reticulum calcium ion concentration	positive regulation of endoplasmic reticulum stress-induced intrinsic apoptotic signaling pathway
GO:0004359	4	GO:0006002	7	6	0.103112244897959	1.52820179671862e-09	1.86850204097112	glutaminase activity	fructose 6-phosphate metabolic process
GO:0032532	4	GO:0060113	5	5	0.0281632653061225	1.44226340088688e-10	1.86841432880718	regulation of microvillus length	inner ear receptor cell differentiation
GO:0042800	5	GO:0044666	7	5	0.0281632653061225	1.44226340088688e-10	1.86841432880718	histone H3K4 methyltransferase activity	MLL3/4 complex
GO:0004557	2	GO:0004558	5	5	0.0281632653061225	1.44226340088688e-10	1.86841432880718	alpha-galactosidase activity	alpha-1,4-glucosidase activity
GO:0030388	5	GO:0043648	2	5	0.0281887755102041	1.44877645652989e-10	1.86836868690009	fructose 1,6-bisphosphate metabolic process	dicarboxylic acid metabolic process
GO:0030388	5	GO:1904539	2	5	0.0281887755102041	1.44877645652989e-10	1.86836868690009	fructose 1,6-bisphosphate metabolic process	negative regulation of glycolytic process through fructose-6-phosphate
GO:0010587	8	GO:0071028	8	6	0.103214285714286	1.5371640079761e-09	1.86834810423976	miRNA catabolic process	nuclear mRNA surveillance
GO:0034452	9	GO:0034498	10	6	0.103239795918367	1.5394113499448e-09	1.86830962518923	dynactin binding	early endosome to Golgi transport
GO:0006664	3	GO:1990743	3	5	0.0282397959183673	1.46187298872394e-10	1.8682774117487	glycolipid metabolic process	protein sialylation
GO:0006664	3	GO:0047288	3	5	0.0282397959183673	1.46187298872394e-10	1.8682774117487	glycolipid metabolic process	beta-D-galactosyl-(1->3)-N-acetyl-beta-D-galactosaminide alpha-2,3- sialyltransferase
GO:0031054	10	GO:1900153	10	6	0.103316326530612	1.54616971149029e-09	1.86819420035173	pre-miRNA processing	positive regulation of nuclear-transcribed mRNA catabolic process, deadenylation-dependent decay
GO:0030015	6	GO:0071532	5	6	0.103316326530612	1.54616971149029e-09	1.86819420035173	CCR4-NOT core complex	ankyrin repeat binding
GO:0007442	3	GO:0097108	3	5	0.0283163265306122	1.48169478564375e-10	1.86814052067315	hindgut morphogenesis	hedgehog family protein binding
GO:0035542	11	GO:0097111	2	5	0.0283163265306122	1.48169478564464e-10	1.86814052067315	regulation of SNARE complex assembly	endoplasmic reticulum-Golgi intermediate compartment organization
GO:0035965	6	GO:0036148	4	5	0.0283163265306122	1.48169478564464e-10	1.86814052067315	cardiolipin acyl-chain remodeling	phosphatidylglycerol acyl-chain remodeling
GO:0003073	7	GO:0150059	4	5	0.028469387755102	1.52198185360877e-10	1.86786681643141	regulation of systemic arterial blood pressure	amylin receptor 1 signaling pathway
GO:0060513	4	GO:0072136	2	5	0.028469387755102	1.52198185327877e-10	1.86786681643141	prostatic bud formation	metanephric mesenchymal cell proliferation involved in metanephros development
GO:0050786	10	GO:1900453	3	5	0.028469387755102	1.52198185360877e-10	1.86786681643141	RAGE receptor binding	negative regulation of long-term synaptic depression
GO:0000098	2	GO:0006777	6	5	0.0285204081632653	1.53560340638352e-10	1.86777560475772	sulfur amino acid catabolic process	Mo-molybdopterin cofactor biosynthetic process
GO:0006002	7	GO:0046459	2	5	0.0285204081632653	1.53560340638352e-10	1.86777560475772	fructose 6-phosphate metabolic process	short-chain fatty acid metabolic process
GO:0006777	6	GO:0009440	2	5	0.0285204081632653	1.53560340638352e-10	1.86777560475772	Mo-molybdopterin cofactor biosynthetic process	cyanate catabolic process
GO:0006777	6	GO:0016784	2	5	0.0285204081632653	1.53560340638352e-10	1.86777560475772	Mo-molybdopterin cofactor biosynthetic process	3-mercaptopyruvate sulfurtransferase activity
GO:0016507	2	GO:0033539	9	5	0.0285204081632653	1.53560340638352e-10	1.86777560475772	mitochondrial fatty acid beta-oxidation multienzyme complex	fatty acid beta-oxidation using acyl-CoA dehydrogenase
GO:0016167	5	GO:2001241	6	5	0.0285204081632653	1.53560340638352e-10	1.86777560475772	glial cell-derived neurotrophic factor receptor activity	positive regulation of extrinsic apoptotic signaling pathway in absence of ligand
GO:0016188	6	GO:0099502	6	5	0.0285714285714286	1.54932207958337e-10	1.86768440461594	synaptic vesicle maturation	calcium-dependent activation of synaptic vesicle fusion
GO:0021637	5	GO:0097485	3	5	0.0285714285714286	1.54932207958337e-10	1.86768440461594	trigeminal nerve structural organization	neuron projection guidance
GO:0030681	9	GO:1905323	2	5	0.0285714285714286	1.54932207958337e-10	1.86768440461594	multimeric ribonuclease P complex	telomerase holoenzyme complex assembly
GO:0033204	9	GO:1905323	2	5	0.0285714285714286	1.54932207958337e-10	1.86768440461594	ribonuclease P RNA binding	telomerase holoenzyme complex assembly
GO:0009062	9	GO:0016024	13	7	0.17875	9.89579119405228e-10	1.86766817529077	fatty acid catabolic process	CDP-diacylglycerol biosynthetic process
GO:0002084	3	GO:0034638	12	5	0.0285969387755102	1.55621799749588e-10	1.86763880886861	protein depalmitoylation	phosphatidylcholine catabolic process
GO:0042760	6	GO:0045046	5	5	0.0285969387755102	1.55621799749588e-10	1.86763880886861	very long-chain fatty acid catabolic process	protein import into peroxisome membrane
GO:0006568	3	GO:0034354	6	5	0.0286224489795918	1.56313838912355e-10	1.86759321600316	L-tryptophan metabolic process	'de novo' NAD biosynthetic process from L-tryptophan
GO:0018344	6	GO:1903020	2	5	0.0286224489795918	1.56313838912355e-10	1.86759321600316	protein geranylgeranylation	positive regulation of glycoprotein metabolic process
GO:0033489	4	GO:0034383	11	6	0.103852040816327	1.59416983614559e-09	1.86738674322047	cholesterol biosynthetic process via desmosterol	low-density lipoprotein particle clearance
GO:0033490	4	GO:0034383	11	6	0.103852040816327	1.59416983614559e-09	1.86738674322047	cholesterol biosynthetic process via lathosterol	low-density lipoprotein particle clearance
GO:1904841	2	GO:2000601	6	5	0.0289285714285714	1.64811572814123e-10	1.8670463262723	TORC2 complex binding	positive regulation of Arp2/3 complex-mediated actin nucleation
GO:0048515	4	GO:1990745	5	5	0.0289285714285714	1.64811572814123e-10	1.8670463262723	spermatid differentiation	EARP complex
GO:0007418	3	GO:0097108	3	5	0.0290816326530612	1.6919648304656e-10	1.86677303681253	ventral midline development	hedgehog family protein binding
GO:0021785	6	GO:0097485	3	5	0.0290816326530612	1.69196483046676e-10	1.86677303681253	branchiomotor neuron axon guidance	neuron projection guidance
GO:0016167	5	GO:0045793	6	5	0.0291836734693878	1.7217111536562e-10	1.86659090134371	glial cell-derived neurotrophic factor receptor activity	positive regulation of cell size
GO:0000221	5	GO:0035711	2	5	0.0291836734693878	1.7217111536562e-10	1.86659090134371	vacuolar proton-transporting V-type ATPase, V1 domain	T-helper 1 cell activation
GO:0017146	6	GO:0031628	4	5	0.0291836734693878	1.7217111536562e-10	1.86659090134371	NMDA selective glutamate receptor complex	opioid receptor binding
GO:0030049	10	GO:0030274	3	6	0.104387755102041	1.64339770565745e-09	1.86658018892462	muscle filament sliding	LIM domain binding
GO:0060416	11	GO:0101019	9	9	0.33	9.50765288526462e-11	1.86656176393591	response to growth hormone	nucleolar exosome (RNase complex)
GO:0006000	7	GO:0047617	10	6	0.104464285714286	1.65053191945477e-09	1.86646504046552	fructose metabolic process	fatty acyl-CoA hydrolase activity
GO:0003073	7	GO:0150060	4	5	0.0292602040816327	1.74429357913337e-10	1.86645432991536	regulation of systemic arterial blood pressure	amylin receptor 2 signaling pathway
GO:0060314	7	GO:0071313	5	5	0.0292602040816327	1.74429357913337e-10	1.86645432991536	regulation of ryanodine-sensitive calcium-release channel activity	cellular response to caffeine
GO:0098943	8	GO:1904751	2	5	0.0292857142857143	1.75187335348711e-10	1.86640881185127	neurotransmitter receptor transport, postsynaptic endosome to lysosome	positive regulation of protein localization to nucleolus
GO:0014883	5	GO:0043462	2	5	0.0293367346938776	1.76711175721598e-10	1.86631778433895	transition between fast and slow fiber	regulation of ATP-dependent activity
GO:0019293	3	GO:0042427	3	5	0.0293367346938776	1.76711175721471e-10	1.86631778433895	tyrosine biosynthetic process, by oxidation of phenylalanine	serotonin biosynthetic process
GO:0004505	3	GO:0042427	3	5	0.0293367346938776	1.76711175721471e-10	1.86631778433895	phenylalanine 4-monooxygenase activity	serotonin biosynthetic process
GO:0045759	4	GO:1904322	9	5	0.0293367346938776	1.76711175721598e-10	1.86631778433895	negative regulation of action potential	cellular response to forskolin
GO:0034485	6	GO:0046934	2	5	0.0293367346938776	1.76711175721598e-10	1.86631778433895	phosphatidylinositol-3,4,5-trisphosphate 5-phosphatase activity	1-phosphatidylinositol-4,5-bisphosphate 3-kinase activity
GO:0018242	7	GO:0060993	7	5	0.0293877551020408	1.7824557538757e-10	1.86622676831202	protein O-linked glycosylation via serine	kidney morphogenesis
GO:0035864	5	GO:1903278	5	5	0.0293877551020408	1.7824557538757e-10	1.86622676831202	response to potassium ion	positive regulation of sodium ion export across plasma membrane
GO:0014809	4	GO:0016012	6	5	0.0294642857142857	1.80567092851924e-10	1.86609026580041	regulation of skeletal muscle contraction by regulation of release of sequestered calcium ion	sarcoglycan complex
GO:0016012	6	GO:1901385	3	5	0.0294642857142857	1.80567092851924e-10	1.86609026580041	sarcoglycan complex	regulation of voltage-gated calcium channel activity
GO:0060302	1	GO:0070700	9	5	0.029515306122449	1.82128129635688e-10	1.8659992784743	negative regulation of cytokine activity	BMP receptor binding
GO:0062044	1	GO:0070700	9	5	0.029515306122449	1.82128129635688e-10	1.8659992784743	negative regulation of cardiac epithelial to mesenchymal transition	BMP receptor binding
GO:0070700	9	GO:0090193	1	5	0.029515306122449	1.82128129635688e-10	1.8659992784743	BMP receptor binding	positive regulation of glomerulus development
GO:0004998	2	GO:1990459	8	5	0.0295663265306122	1.83699917306989e-10	1.86590830262345	transferrin receptor activity	transferrin receptor binding
GO:0010898	7	GO:0060192	2	5	0.0295918367346939	1.84489859955035e-10	1.86586281900035	positive regulation of triglyceride catabolic process	negative regulation of lipase activity
GO:0000827	5	GO:1901838	5	5	0.0296173469387755	1.85282511023816e-10	1.86581733824497	inositol-1,3,4,5,6-pentakisphosphate kinase activity	positive regulation of transcription of nucleolar large rRNA by RNA polymerase I
GO:0000829	5	GO:1901838	5	5	0.0296173469387755	1.85282511023816e-10	1.86581733824497	diphosphoinositol pentakisphosphate kinase activity	positive regulation of transcription of nucleolar large rRNA by RNA polymerase I
GO:0000832	5	GO:1901838	5	5	0.0296173469387755	1.85282511023816e-10	1.86581733824497	inositol hexakisphosphate 5-kinase activity	positive regulation of transcription of nucleolar large rRNA by RNA polymerase I
GO:0010524	12	GO:1903539	2	5	0.0296938775510204	1.87676784051365e-10	1.86568091318159	positive regulation of calcium ion transport into cytosol	protein localization to postsynaptic membrane
GO:0035721	9	GO:0060831	2	5	0.0296938775510204	1.87676784051365e-10	1.86568091318159	intraciliary retrograde transport	smoothened signaling pathway involved in dorsal/ventral neural tube patterning
GO:0000172	8	GO:0090671	3	5	0.0296938775510204	1.87676784051365e-10	1.86568091318159	ribonuclease MRP complex	telomerase RNA localization to Cajal body
GO:0032816	6	GO:0072384	10	6	0.105	1.70119321778488e-09	1.86565951551253	positive regulation of natural killer cell activation	organelle transport along microtubule
GO:0030125	9	GO:0150007	2	5	0.0297448979591837	1.89286635421418e-10	1.86558997747136	clathrin vesicle coat	clathrin-dependent synaptic vesicle endocytosis
GO:0030125	9	GO:1902993	4	5	0.0297448979591837	1.89286635421418e-10	1.86558997747136	clathrin vesicle coat	positive regulation of amyloid precursor protein catabolic process
GO:0097136	6	GO:2000271	4	5	0.0297448979591837	1.89286635421419e-10	1.86558997747136	Bcl-2 family protein complex	positive regulation of fibroblast apoptotic process
GO:0010793	3	GO:1990247	9	5	0.0298469387755102	1.92539395858421e-10	1.86540814043474	regulation of mRNA export from nucleus	N6-methyladenosine-containing RNA reader activity
GO:0032205	2	GO:0090656	8	5	0.0298469387755102	1.92539395858421e-10	1.86540814043474	negative regulation of telomere maintenance	t-circle formation
GO:0071051	7	GO:1990074	3	5	0.0298469387755102	1.92539395858421e-10	1.86540814043474	poly(A)-dependent snoRNA 3'-end processing	polyuridylation-dependent mRNA catabolic process
GO:0090656	8	GO:1905347	4	5	0.0298469387755102	1.92539395858421e-10	1.86540814043474	t-circle formation	endodeoxyribonuclease complex
GO:0031860	3	GO:1904357	8	5	0.0298469387755102	1.92539395858421e-10	1.86540814043474	telomeric 3' overhang formation	negative regulation of telomere maintenance via telomere lengthening
GO:0001878	11	GO:0051464	4	6	0.105229591836735	1.72329591705013e-09	1.86531456570739	response to yeast	positive regulation of cortisol secretion
GO:0032116	2	GO:0034089	4	5	0.0299234693877551	1.95008112570779e-10	1.86527179273177	SMC loading complex	establishment of meiotic sister chromatid cohesion
GO:0034089	4	GO:0090694	2	5	0.0299234693877551	1.95008112570779e-10	1.86527179273177	establishment of meiotic sister chromatid cohesion	Scc2-Scc4 cohesin loading complex
GO:0005111	5	GO:0042421	7	5	0.0299234693877551	1.95008112622379e-10	1.86527179273177	type 2 fibroblast growth factor receptor binding	norepinephrine biosynthetic process
GO:0001665	5	GO:0009247	6	5	0.03	1.97502023530929e-10	1.8651354707961	alpha-N-acetylgalactosaminide alpha-2,6-sialyltransferase activity	glycolipid biosynthetic process
GO:0005131	6	GO:0009629	5	5	0.03	1.97502023530929e-10	1.8651354707961	growth hormone receptor binding	response to gravity
GO:0016608	2	GO:0060396	8	5	0.03	1.97502023530929e-10	1.8651354707961	growth hormone-releasing hormone activity	growth hormone receptor signaling pathway
GO:0140853	3	GO:1990788	4	5	0.03	1.97502023530929e-10	1.8651354707961	cholesterol-protein transferase activity	GLI-SUFU complex
GO:0019367	1	GO:0042761	6	5	0.0300510204081633	1.99174444742288e-10	1.86504460381601	fatty acid elongation, saturated fatty acid	very long-chain fatty acid biosynthetic process
GO:0061821	2	GO:0070198	9	5	0.0300510204081633	1.99178722013571e-10	1.86504460381601	telomeric D-loop binding	protein localization to chromosome, telomeric region
GO:1902237	6	GO:1902262	3	5	0.0300510204081633	1.99178722013571e-10	1.86504460381601	positive regulation of endoplasmic reticulum stress-induced intrinsic apoptotic signaling pathway	apoptotic process involved in blood vessel morphogenesis
GO:0004767	5	GO:2001242	3	5	0.0300510204081633	1.99178722013571e-10	1.86504460381601	sphingomyelin phosphodiesterase activity	regulation of intrinsic apoptotic signaling pathway
GO:0045751	2	GO:0061702	8	5	0.0301020408163265	2.00866759863472e-10	1.86495374828086	negative regulation of Toll signaling pathway	canonical inflammasome complex
GO:0031957	7	GO:0046949	7	5	0.0301020408163265	2.00866759863472e-10	1.86495374828086	very long-chain fatty acid-CoA ligase activity	fatty-acyl-CoA biosynthetic process
GO:0000467	6	GO:1990074	3	5	0.0301785714285714	2.0342020296633e-10	1.86481748643104	exonucleolytic trimming to generate mature 3'-end of 5.8S rRNA from tricistronic rRNA transcript (SSU-rRNA, 5.8S rRNA, LSU-rRNA)	polyuridylation-dependent mRNA catabolic process
GO:0006563	4	GO:0033353	4	5	0.0302040816326531	2.04277082357356e-10	1.86477207153378	L-serine metabolic process	S-adenosylmethionine cycle
GO:0006565	4	GO:0033353	4	5	0.0302040816326531	2.04277082357356e-10	1.86477207153378	L-serine catabolic process	S-adenosylmethionine cycle
GO:0004784	5	GO:1903136	6	5	0.0302040816326531	2.04277082357356e-10	1.86477207153378	superoxide dismutase activity	cuprous ion binding
GO:0019371	4	GO:0032308	8	5	0.0303061224489796	2.07733450289733e-10	1.86459044053183	cyclooxygenase pathway	positive regulation of prostaglandin secretion
GO:0021871	3	GO:0042765	5	5	0.0303571428571429	2.09479045649006e-10	1.86449964217807	forebrain regionalization	GPI-anchor transamidase complex
GO:0010485	7	GO:1903706	7	5	0.0303571428571429	2.09479045649006e-10	1.86449964217807	histone H4 acetyltransferase activity	regulation of hemopoiesis
GO:0033278	4	GO:0070307	8	6	0.105816326530612	1.78086348696547e-09	1.86443377601548	cell proliferation in midbrain	lens fiber cell development
GO:0016461	7	GO:0042641	6	6	0.105816326530612	1.78086348696547e-09	1.86443377601548	unconventional myosin complex	actomyosin
GO:0007614	6	GO:0035095	9	5	0.0305102040816327	2.14786174761498e-10	1.86422731567118	short-term memory	behavioral response to nicotine
GO:0035095	9	GO:1902991	3	5	0.0305102040816327	2.14786174761498e-10	1.86422731567118	behavioral response to nicotine	regulation of amyloid precursor protein catabolic process
GO:0008228	7	GO:0045959	5	5	0.0305357142857143	2.15681031331147e-10	1.86418193791377	opsonization	negative regulation of complement activation, classical pathway
GO:0030011	5	GO:2000601	6	5	0.0305357142857143	2.15681031331147e-10	1.86418193791377	maintenance of cell polarity	positive regulation of Arp2/3 complex-mediated actin nucleation
GO:0003994	2	GO:0006102	5	5	0.0305357142857143	2.15681031331147e-10	1.86418193791377	aconitate hydratase activity	isocitrate metabolic process
GO:0006942	8	GO:0055003	6	6	0.106071428571429	1.80638480822112e-09	1.86405115917076	regulation of striated muscle contraction	cardiac myofibril assembly
GO:0002476	9	GO:0140105	5	5	0.0306122448979592	2.18383465066503e-10	1.86404582176648	antigen processing and presentation of endogenous peptide antigen via MHC class Ib	interleukin-10-mediated signaling pathway
GO:0002486	9	GO:0140105	5	5	0.0306122448979592	2.18383465066503e-10	1.86404582176648	antigen processing and presentation of endogenous peptide antigen via MHC class I via ER pathway, TAP-independent	interleukin-10-mediated signaling pathway
GO:0005542	6	GO:0009257	2	5	0.0306122448979592	2.18383465066503e-10	1.86404582176648	folic acid binding	10-formyltetrahydrofolate biosynthetic process
GO:0004558	5	GO:0016139	4	5	0.0306122448979592	2.18383465066503e-10	1.86404582176648	alpha-1,4-glucosidase activity	glycoside catabolic process
GO:0018242	7	GO:0030311	5	5	0.0306122448979592	2.18383465066503e-10	1.86404582176648	protein O-linked glycosylation via serine	poly-N-acetyllactosamine biosynthetic process
GO:0033602	2	GO:1904322	9	5	0.0306122448979592	2.18383465066503e-10	1.86404582176648	negative regulation of dopamine secretion	cellular response to forskolin
GO:0045988	3	GO:1903278	5	5	0.0306122448979592	2.18383465066503e-10	1.86404582176648	negative regulation of striated muscle contraction	positive regulation of sodium ion export across plasma membrane
GO:0004329	2	GO:0005542	6	5	0.0306122448979592	2.18383465066503e-10	1.86404582176648	formate-tetrahydrofolate ligase activity	folic acid binding
GO:0061820	7	GO:1905347	4	5	0.030765306122449	2.23869385552806e-10	1.86377366650181	telomeric D-loop disassembly	endodeoxyribonuclease complex
GO:0006287	9	GO:0008534	2	5	0.0307908163265306	2.24794299081987e-10	1.8637283172722	base-excision repair, gap-filling	oxidized purine nucleobase lesion DNA N-glycosylase activity
GO:0033566	3	GO:0051011	12	5	0.0308418367346939	2.26653273350745e-10	1.86363762736506	gamma-tubulin complex localization	microtubule minus-end binding
GO:0038007	8	GO:2000171	4	5	0.0308418367346939	2.26653273350745e-10	1.86363762736506	netrin-activated signaling pathway	negative regulation of dendrite development
GO:0004908	6	GO:0042092	6	5	0.0308418367346939	2.26653273350745e-10	1.86363762736506	interleukin-1 receptor activity	type 2 immune response
GO:0005160	9	GO:0060364	3	5	0.0308673469387755	2.27587349064405e-10	1.86359228668681	transforming growth factor beta receptor binding	frontal suture morphogenesis
GO:0006102	6	GO:0051536	8	6	0.106530612244898	1.85308652121518e-09	1.86336295986229	isocitrate metabolic process	iron-sulfur cluster binding
GO:0033353	4	GO:0050421	4	5	0.0310204081632653	2.33256517044164e-10	1.86332030244915	S-adenosylmethionine cycle	nitrite reductase (NO-forming) activity
GO:0010897	4	GO:0010898	7	5	0.0310714285714286	2.35171073755197e-10	1.86322966382109	negative regulation of triglyceride catabolic process	positive regulation of triglyceride catabolic process
GO:0008278	5	GO:0031536	3	5	0.0310714285714286	2.35171073755197e-10	1.86322966382109	cohesin complex	positive regulation of exit from mitosis
GO:0008278	5	GO:0035562	2	5	0.0310714285714286	2.35171073755197e-10	1.86322966382109	cohesin complex	negative regulation of chromatin binding
GO:0050803	5	GO:0061202	4	5	0.0310714285714286	2.35171073755197e-10	1.86322966382109	regulation of synapse structure or activity	clathrin-sculpted gamma-aminobutyric acid transport vesicle membrane
GO:0016247	9	GO:1904751	2	5	0.0310714285714286	2.35171073755197e-10	1.86322966382109	channel regulator activity	positive regulation of protein localization to nucleolus
GO:0009913	4	GO:0046638	5	5	0.0310969387755102	2.36133042609412e-10	1.86318434877754	epidermal cell differentiation	positive regulation of alpha-beta T cell differentiation
GO:0086083	5	GO:1902373	3	5	0.0310969387755102	2.36133042609412e-10	1.86318434877754	cell adhesive protein binding involved in bundle of His cell-Purkinje myocyte communication	negative regulation of mRNA catabolic process
GO:0030125	9	GO:1902991	3	5	0.0310969387755102	2.36133042609412e-10	1.86318434877754	clathrin vesicle coat	regulation of amyloid precursor protein catabolic process
GO:0030135	2	GO:0032050	9	5	0.0311224489795918	2.37098148611159e-10	1.86313903658051	coated vesicle	clathrin heavy chain binding
GO:0009313	10	GO:0046477	2	5	0.0311734693877551	2.39037802575525e-10	1.86304842072455	oligosaccharide catabolic process	glycosylceramide catabolic process
GO:0001665	5	GO:0030259	7	5	0.0312244897959184	2.4099009680675e-10	1.86295781625034	alpha-N-acetylgalactosaminide alpha-2,6-sialyltransferase activity	lipid glycosylation
GO:0034975	7	GO:0046978	4	5	0.0312244897959184	2.4099009680675e-10	1.86295781625034	protein folding in endoplasmic reticulum	TAP1 binding
GO:0030906	4	GO:0051224	5	5	0.0312244897959184	2.4099009680675e-10	1.86295781625034	retromer, cargo-selective complex	negative regulation of protein transport
GO:0051610	7	GO:0099589	8	5	0.0312244897959184	2.4099009680675e-10	1.86295781625034	serotonin uptake	serotonin receptor activity
GO:0005536	3	GO:0033499	5	5	0.0312244897959184	2.4099009680675e-10	1.86295781625034	D-glucose binding	galactose catabolic process via UDP-galactose
GO:0034382	3	GO:0060230	3	5	0.0313775510204082	2.46923435616764e-10	1.86268607108968	chylomicron remnant clearance	lipoprotein lipase activator activity
GO:0042791	6	GO:0097550	7	5	0.0313775510204082	2.46923435617011e-10	1.86268607108968	5S class rRNA transcription by RNA polymerase III	transcription preinitiation complex
GO:0098943	8	GO:0099094	1	5	0.0313775510204082	2.46923435538026e-10	1.86268607108968	neurotransmitter receptor transport, postsynaptic endosome to lysosome	ligand-gated monoatomic cation channel activity
GO:0000127	6	GO:0097550	7	5	0.0313775510204082	2.46923435617011e-10	1.86268607108968	transcription factor TFIIIC complex	transcription preinitiation complex
GO:0038162	2	GO:0060396	8	5	0.0314285714285714	2.48926906410124e-10	1.86259551211392	erythropoietin-mediated signaling pathway	growth hormone receptor signaling pathway
GO:0043030	7	GO:0051561	8	5	0.0314285714285714	2.48926906410124e-10	1.86259551211392	regulation of macrophage activation	positive regulation of mitochondrial calcium ion concentration
GO:0030681	9	GO:0043489	3	5	0.0314285714285714	2.48926906410124e-10	1.86259551211392	multimeric ribonuclease P complex	RNA stabilization
GO:0033204	9	GO:0043489	3	5	0.0314285714285714	2.48926906410124e-10	1.86259551211392	ribonuclease P RNA binding	RNA stabilization
GO:0048048	8	GO:0071953	5	5	0.0314285714285714	2.48926906410124e-10	1.86259551211392	embryonic eye morphogenesis	elastic fiber
GO:0060396	8	GO:1903489	2	5	0.0314285714285714	2.48926906410124e-10	1.86259551211392	growth hormone receptor signaling pathway	positive regulation of lactation
GO:0005119	4	GO:1990788	4	5	0.0314285714285714	2.48926906410124e-10	1.86259551211392	smoothened binding	GLI-SUFU complex
GO:0071035	6	GO:1990074	3	5	0.0315051020408163	2.51956411435636e-10	1.86245969496341	nuclear polyadenylation-dependent rRNA catabolic process	polyuridylation-dependent mRNA catabolic process
GO:0071038	6	GO:1990074	3	5	0.0315051020408163	2.51956411435636e-10	1.86245969496341	TRAMP-dependent tRNA surveillance pathway	polyuridylation-dependent mRNA catabolic process
GO:0042627	8	GO:0051838	6	6	0.107142857142857	1.91690693436862e-09	1.86244638093282	chylomicron	cytolysis by host of symbiont cells
GO:0033489	4	GO:0050613	2	5	0.0316071428571429	2.56041436985714e-10	1.8622786451989	cholesterol biosynthetic process via desmosterol	Delta14-sterol reductase activity
GO:0033490	4	GO:0050613	2	5	0.0316071428571429	2.56041436985714e-10	1.8622786451989	cholesterol biosynthetic process via lathosterol	Delta14-sterol reductase activity
GO:0000783	6	GO:0008409	5	5	0.0316071428571429	2.56041437070038e-10	1.8622786451989	nuclear telomere cap complex	5'-3' exonuclease activity
GO:0038007	8	GO:0048671	6	5	0.0316326530612245	2.57070903854534e-10	1.8622333898571	netrin-activated signaling pathway	negative regulation of collateral sprouting
GO:0070493	7	GO:0070915	5	5	0.0316326530612245	2.57070903854534e-10	1.8622333898571	thrombin-activated receptor signaling pathway	lysophosphatidic acid receptor activity
GO:0086048	2	GO:0099590	6	5	0.0316326530612245	2.57070903854534e-10	1.8622333898571	membrane depolarization during bundle of His cell action potential	neurotransmitter receptor internalization
GO:0004526	10	GO:1905323	2	5	0.0316326530612245	2.57070903854534e-10	1.8622333898571	ribonuclease P activity	telomerase holoenzyme complex assembly
GO:0070915	5	GO:1990763	8	5	0.0316326530612245	2.57070903854534e-10	1.8622333898571	lysophosphatidic acid receptor activity	arrestin family protein binding
GO:0006003	5	GO:1904628	6	5	0.0316836734693878	2.59139744935306e-10	1.86214288769018	fructose 2,6-bisphosphate metabolic process	cellular response to phorbol 13-acetate 12-myristate
