set_id	term_name	observed_edges	lambda	p_value	log2_Anscombe_ratio	set_size	max_possible_edges
GO:0000002	mitochondrial genome maintenance	0	0.0274234693877551	1	-0.0509119250730923	8	28
GO:0000012	single strand break repair	8	0.033265306122449	3.61054136604873e-17	2.17925515550105	8	28
GO:0000017	alpha-glucoside transport	0	0.000153061224489796	1	-0.000294367488453351	2	1
GO:0000018	regulation of DNA recombination	0	0.0026530612244898	1	-0.00508544284456569	3	3
GO:0000019	regulation of mitotic recombination	0	0	1	0	1	0
GO:0000022	mitotic spindle elongation	0	0	1	0	1	0
GO:0000027	ribosomal large subunit assembly	0	0	1	0	1	0
GO:0000050	urea cycle	15	0.109897959183673	2.84190006639311e-27	2.4933807092142	10	45
GO:0000052	citrulline metabolic process	0	0	1	0	1	0
GO:0000055	ribosomal large subunit export from nucleus	0	0.000357142857142857	1	-0.000686670704346692	2	1
GO:0000056	ribosomal small subunit export from nucleus	0	0	1	0	1	0
GO:0000076	DNA replication checkpoint signaling	8	0.0597959183673469	3.84393380650882e-15	2.13383944408474	8	28
GO:0000098	sulfur amino acid catabolic process	1	0.00431122448979592	0.0042927176204628	0.928988824681866	2	1
GO:0000103	sulfate assimilation	1	0.00125	0.00124843945068664	0.93483406582616	2	1
GO:0000154	rRNA modification	0	0.000102040816326531	1	-0.000196258338972743	2	1
GO:0000183	rDNA heterochromatin formation	3	0.00459183673469388	1.60809824729153e-08	1.576183315029	5	10
GO:0000212	meiotic spindle organization	1	0.0142091836734694	0.0141087096706163	0.910406980783165	5	10
GO:0000255	allantoin metabolic process	1	0.00127551020408163	0.00127469708658116	0.934785159251651	3	3
GO:0000271	polysaccharide biosynthetic process	1	0.00181122448979592	0.0018095852121218	0.93375888639609	3	3
GO:0000272	polysaccharide catabolic process	1	0.000637755102040816	0.000637348629700446	0.936008819461022	2	1
GO:0000288	nuclear-transcribed mRNA catabolic process, deadenylation-dependent decay	9	0.0921173469387755	1.21148892364059e-15	2.16348088155711	11	55
GO:0000290	deadenylation-dependent decapping of nuclear-transcribed mRNA	11	0.0550255102040816	3.33539425894628e-22	2.36265024420164	9	36
GO:0000301	retrograde transport, vesicle recycling within Golgi	29	0.0474489795918367	4.4067781912005e-70	3.05983396403412	9	36
GO:0000303	response to superoxide	1	0.00244897959183673	0.00244299674267101	0.932539033701618	2	1
GO:0000320	re-entry into mitotic cell cycle	0	7.6530612244898e-05	1	-0.00014719875991176	2	1
GO:0000338	protein deneddylation	28	0.0823979591836735	1.33958584879269e-60	2.97751332671256	10	45
GO:0000379	tRNA-type intron splice site recognition and cleavage	3	0.00142857142857143	4.85214989550063e-10	1.58221973117929	3	3
GO:0000389	mRNA 3'-splice site recognition	0	0	1	0	1	0
GO:0000390	spliceosomal complex disassembly	0	0	1	0	1	0
GO:0000413	protein peptidyl-prolyl isomerization	0	0.00303571428571429	1	-0.00581597072705231	4	6
GO:0000425	pexophagy	1	0.00543367346938776	0.00541893776744688	0.926857381931733	6	15
GO:0000430	regulation of transcription from RNA polymerase II promoter by glucose	1	2.55102040816327e-05	2.55095533277212e-05	0.937185489367191	2	1
GO:0000432	positive regulation of transcription from RNA polymerase II promoter by glucose	1	0.000280612244897959	0.000280572876964168	0.936694976958487	3	3
GO:0000447	endonucleolytic cleavage in ITS1 to separate SSU-rRNA from 5.8S rRNA and LSU-rRNA from tricistronic rRNA transcript (SSU-rRNA, 5.8S rRNA, LSU-rRNA)	0	0.000918367346938775	1	-0.00176440574012327	2	1
GO:0000448	cleavage in ITS2 between 5.8S rRNA and LSU-rRNA of tricistronic rRNA transcript (SSU-rRNA, 5.8S rRNA, LSU-rRNA)	0	0	1	0	1	0
GO:0000451	rRNA 2'-O-methylation	1	0.000739795918367347	0.000739522336823459	0.935812894282811	3	3
GO:0000454	snoRNA guided rRNA pseudouridine synthesis	1	0.00122448979591837	0.00122299225438239	0.934882975716706	2	1
GO:0000455	enzyme-directed rRNA pseudouridine synthesis	0	0	1	0	1	0
GO:0000460	maturation of 5.8S rRNA	4	0.0292857142857143	2.99393327977764e-08	1.71791794297271	7	21
GO:0000467	exonucleolytic trimming to generate mature 3'-end of 5.8S rRNA from tricistronic rRNA transcript (SSU-rRNA, 5.8S rRNA, LSU-rRNA)	10	0.0851275510204082	5.09729492127041e-18	2.24746684153588	6	15
GO:0000470	maturation of LSU-rRNA	0	0.00104591836734694	1	-0.0020091211207125	3	3
GO:0000472	endonucleolytic cleavage to generate mature 5'-end of SSU-rRNA from (SSU-rRNA, 5.8S rRNA, LSU-rRNA)	0	0	1	0	1	0
GO:0000479	endonucleolytic cleavage of tricistronic rRNA transcript (SSU-rRNA, 5.8S rRNA, LSU-rRNA)	0	0	1	0	1	0
GO:0000480	endonucleolytic cleavage in 5'-ETS of tricistronic rRNA transcript (SSU-rRNA, 5.8S rRNA, LSU-rRNA)	0	0	1	0	1	0
GO:0000492	box C/D snoRNP assembly	6	0.00571428571428571	4.81185091703581e-17	2.03282236552232	6	15
GO:0000493	box H/ACA snoRNP assembly	0	0.000153061224489796	1	-0.000294367488453351	2	1
GO:0000494	box C/D sno(s)RNA 3'-end processing	0	0	1	0	1	0
GO:0000495	box H/ACA sno(s)RNA 3'-end processing	0	0	1	0	1	0
GO:0000512	lncRNA-mediated post-transcriptional gene silencing	0	0	1	0	1	0
GO:0000578	embryonic axis specification	2	0.0323469387755102	0.000512016103270299	1.27179877099813	4	6
GO:0000711	meiotic DNA repair synthesis	1	0.0014030612244898	0.00140207739410737	0.93454067610393	3	3
GO:0000722	telomere maintenance via recombination	6	0.0479081632653061	1.61175248139744e-11	1.95700451416389	8	28
GO:0000725	recombinational repair	0	0	1	0	1	0
GO:0000727	double-strand break repair via break-induced replication	1	0.00732142857142857	0.00729469220252753	0.923286825042058	4	6
GO:0000729	DNA double-strand break processing	1	0.00813775510204082	0.00810473320839668	0.921748257461893	5	10
GO:0000730	DNA recombinase assembly	0	0	1	0	1	0
GO:0000768	syncytium formation by plasma membrane fusion	0	0.00153061224489796	1	-0.00293828316833478	5	10
GO:0000819	sister chromatid segregation	0	0.000841836734693878	1	-0.00161753665268849	2	1
GO:0000821	regulation of arginine metabolic process	0	0.000255102040816327	1	-0.000490545765551631	2	1
GO:0000915	actomyosin contractile ring assembly	1	0.00461734693877551	0.00460670338036766	0.928406897238855	4	6
GO:0000957	mitochondrial RNA catabolic process	1	0.0144642857142857	0.014360180474081	0.909934337914438	5	10
GO:0000958	mitochondrial mRNA catabolic process	1	0.00535714285714286	0.00532859680284192	0.927002507678213	2	1
GO:0000961	negative regulation of mitochondrial RNA catabolic process	1	5.10204081632653e-05	5.10178052140197e-05	0.937136423114039	2	1
GO:0000962	positive regulation of mitochondrial RNA catabolic process	1	0.00535714285714286	0.00532859680284192	0.927002507678213	2	1
GO:0000963	mitochondrial RNA processing	1	0.000178571428571429	0.000178539546509552	0.93689114189829	2	1
GO:0000964	mitochondrial RNA 5'-end processing	0	0.00178571428571429	1	-0.00342683552053125	2	1
GO:0000965	mitochondrial RNA 3'-end processing	1	0.0075765306122449	0.00754790091861503	0.922805670061276	3	3
GO:0000972	transcription-dependent tethering of RNA polymerase II gene DNA at nuclear periphery	0	0.00252551020408163	1	-0.00484176905227984	2	1
GO:0000973	post-transcriptional tethering of RNA polymerase II gene DNA at nuclear periphery	0	0	1	0	1	0
GO:0001059	transcription by RNA polymerase IV	0	0	1	0	1	0
GO:0001060	transcription by RNA polymerase V	0	0	1	0	1	0
GO:0001111	RNA polymerase II promoter clearance	1	0.000204081632653061	0.0002040399918384	0.936842095661967	2	1
GO:0001188	RNA polymerase I preinitiation complex assembly	7	0.0064030612244898	8.7066270269002e-20	2.13662736058287	6	15
GO:0001504	neurotransmitter uptake	1	0.00331632653061225	0.00331083359358541	0.930883337592619	6	15
GO:0001507	acetylcholine catabolic process in synaptic cleft	1	0.000612244897959184	0.000611870283499898	0.936057809071585	2	1
GO:0001510	RNA methylation	6	0.0366836734693878	3.27984494668073e-12	1.97640860069663	7	21
GO:0001514	selenocysteine incorporation	4	0.00721938775510204	1.12533612866004e-10	1.75840507608771	6	15
GO:0001522	pseudouridine synthesis	0	0	1	0	1	0
GO:0001542	ovulation from ovarian follicle	0	0.00163265306122449	1	-0.00313374381725984	2	1
GO:0001544	initiation of primordial ovarian follicle growth	0	0	1	0	1	0
GO:0001546	preantral ovarian follicle growth	0	0.000178571428571429	1	-0.000343417059780471	2	1
GO:0001547	antral ovarian follicle growth	0	0	1	0	1	0
GO:0001549	cumulus cell differentiation	1	0.000510204081632653	0.000509943906170321	0.936253800791427	2	1
GO:0001550	ovarian cumulus expansion	1	0.000994897959183673	0.000994403212256155	0.935323314027528	3	3
GO:0001553	luteinization	0	0.00956632653061225	1	-0.0181709235318602	4	6
GO:0001554	luteolysis	0	0.00122448979591837	1	-0.00235158324136442	2	1
GO:0001555	oocyte growth	0	0.000739795918367347	1	-0.0014216646752595	3	3
GO:0001560	regulation of cell growth by extracellular stimulus	0	5.10204081632653e-05	1	-9.81358440319546e-05	2	1
GO:0001561	fatty acid alpha-oxidation	0	0.00433673469387755	1	-0.00829424616434604	6	15
GO:0001562	response to protozoan	0	0.000178571428571429	1	-0.000343417059780471	2	1
GO:0001572	lactosylceramide biosynthetic process	0	0.00137755102040816	1	-0.00264499285307473	2	1
GO:0001573	ganglioside metabolic process	0	0.00303571428571429	1	-0.00581597072705231	4	6
GO:0001574	ganglioside biosynthetic process	2	0.00793367346938776	3.13056246787207e-05	1.31638053921736	9	36
GO:0001579	medium-chain fatty acid transport	1	7.6530612244898e-05	7.65247557584879e-05	0.937087360198159	2	1
GO:0001581	detection of chemical stimulus involved in sensory perception of sour taste	1	0.000153061224489796	0.000153037800336683	0.936940191469617	2	1
GO:0001582	detection of chemical stimulus involved in sensory perception of sweet taste	1	0.000637755102040816	0.000637348629700446	0.936008819461022	2	1
GO:0001660	fever generation	0	0	1	0	1	0
GO:0001661	conditioned taste aversion	0	0.000688775510204082	1	-0.00132370873805776	2	1
GO:0001667	ameboidal-type cell migration	0	0.00204081632653061	1	-0.00391505721121221	2	1
GO:0001682	tRNA 5'-leader removal	53	0.208494897959184	1.55691674716219e-106	3.25765015667507	12	66
GO:0001692	histamine metabolic process	0	0.000535714285714286	1	-0.00102976108914732	4	6
GO:0001694	histamine biosynthetic process	0	0	1	0	1	0
GO:0001696	gastric acid secretion	0	0.00181122448979592	1	-0.00347567256198011	4	6
GO:0001706	endoderm formation	0	0.0122448979591837	1	-0.0231778178458698	7	21
GO:0001714	endodermal cell fate specification	4	0.0244642857142857	1.4636007588325e-08	1.72657229385909	6	15
GO:0001731	formation of translation preinitiation complex	1	0.000688775510204082	0.000688538358803504	0.935910850220013	4	6
GO:0001738	morphogenesis of a polarized epithelium	0	0.00997448979591837	1	-0.0189361268342146	3	3
GO:0001754	eye photoreceptor cell differentiation	0	0.000204081632653061	1	-0.000392463296103651	2	1
GO:0001757	somite specification	0	0	1	0	1	0
GO:0001759	organ induction	1	0.0129591836734694	0.0128755750091055	0.912727417939339	6	15
GO:0001762	beta-alanine transport	0	0.000229591836734694	1	-0.000441506197876307	2	1
GO:0001763	morphogenesis of a branching structure	0	0.0051530612244898	1	-0.00984490648567593	4	6
GO:0001765	membrane raft assembly	1	0.00285714285714286	0.00284900284900285	0.9317594091778	2	1
GO:0001766	membrane raft polarization	0	0	1	0	1	0
GO:0001768	establishment of T cell polarity	0	0.0129591836734694	1	-0.0245071410187315	6	15
GO:0001771	immunological synapse formation	0	0.0550510204081633	1	-0.0988086164326205	9	36
GO:0001773	myeloid dendritic cell activation	0	0.00433673469387755	1	-0.00829424616434604	2	1
GO:0001775	cell activation	0	0.00364795918367347	1	-0.00698327868124393	4	6
GO:0001776	leukocyte homeostasis	0	0.00076530612244898	1	-0.00147063765606126	2	1
GO:0001780	neutrophil homeostasis	0	0.0205102040816327	1	-0.0384121604019961	8	28
GO:0001781	neutrophil apoptotic process	0	0	1	0	1	0
GO:0001783	B cell apoptotic process	1	0.0232908163265306	0.0230216787907508	0.893768749340252	7	21
GO:0001787	natural killer cell proliferation	0	0.00112244897959184	1	-0.00215591050981212	3	3
GO:0001788	antibody-dependent cellular cytotoxicity	2	0.00198979591836735	1.97701979859882e-06	1.3276650670567	4	6
GO:0001798	positive regulation of type IIa hypersensitivity	0	0	1	0	1	0
GO:0001805	positive regulation of type III hypersensitivity	0	0	1	0	1	0
GO:0001808	negative regulation of type IV hypersensitivity	0	0.000892857142857143	1	-0.00171545270013673	2	1
GO:0001816	cytokine production	2	0.00686224489795918	2.3437763904311e-05	1.31840166101048	7	21
GO:0001821	histamine secretion	0	0	1	0	1	0
GO:0001823	mesonephros development	1	0.0350255102040816	0.0344192162194735	0.872823021043295	9	36
GO:0001826	inner cell mass cell differentiation	0	0.000204081632653061	1	-0.000392463296103651	3	3
GO:0001827	inner cell mass cell fate commitment	1	0.00548469387755102	0.00546968036739285	0.926760647652328	3	3
GO:0001828	inner cell mass cellular morphogenesis	1	0.00602040816326531	0.00600232176581589	0.925745720150514	3	3
GO:0001831	trophectodermal cellular morphogenesis	0	0	1	0	1	0
GO:0001832	blastocyst growth	0	0.00160714285714286	1	-0.00308488362010329	3	3
GO:0001834	trophectodermal cell proliferation	0	0.00183673469387755	1	-0.00352450629726231	2	1
GO:0001838	embryonic epithelial tube formation	0	0.00678571428571429	1	-0.0129362625835029	2	1
GO:0001839	neural plate morphogenesis	0	0.00165816326530612	1	-0.00318260070511378	2	1
GO:0001840	neural plate development	0	0	1	0	1	0
GO:0001841	neural tube formation	1	0.0311479591836735	0.0306678591270402	0.87967715919723	5	10
GO:0001842	neural fold formation	0	0.00112244897959184	1	-0.00215591050981212	2	1
GO:0001845	phagolysosome assembly	0	0.00354591836734694	1	-0.00678885848723787	3	3
GO:0001865	NK T cell differentiation	0	0.00127551020408163	1	-0.00244939970641966	2	1
GO:0001866	NK T cell proliferation	0	0.000204081632653061	1	-0.000392463296103651	2	1
GO:0001867	complement activation, lectin pathway	24	0.0561734693877551	1.48807661284695e-54	2.91049499927173	9	36
GO:0001869	negative regulation of complement activation, lectin pathway	0	0	1	0	1	0
GO:0001878	response to yeast	6	0.175178571428571	3.45498119046383e-08	1.76722674338224	11	55
GO:0001879	detection of yeast	0	0.000612244897959184	1	-0.00117674988648608	2	1
GO:0001880	Mullerian duct regression	1	0.00160714285714286	0.00160585209435657	0.934149675337967	3	3
GO:0001881	receptor recycling	0	0.00306122448979592	1	-0.00586464629105354	7	21
GO:0001885	endothelial cell development	0	0	1	0	1	0
GO:0001886	endothelial cell morphogenesis	0	0.0281377551020408	1	-0.0521911533881071	9	36
GO:0001887	selenium compound metabolic process	0	0	1	0	1	0
GO:0001893	maternal placenta development	0	0.00581632653061225	1	-0.0111023681203349	6	15
GO:0001895	retina homeostasis	3	0.0828061224489796	8.89447883386339e-05	1.44103942010645	12	66
GO:0001906	cell killing	0	0.000229591836734694	1	-0.000441506197876307	2	1
GO:0001913	T cell mediated cytotoxicity	0	0.013265306122449	1	-0.0250761018899094	7	21
GO:0001914	regulation of T cell mediated cytotoxicity	0	0	1	0	1	0
GO:0001915	negative regulation of T cell mediated cytotoxicity	5	0.0258928571428571	9.49184385675227e-11	1.87248806845296	6	15
GO:0001919	regulation of receptor recycling	0	0.00918367346938776	1	-0.0174528074741007	3	3
GO:0001920	negative regulation of receptor recycling	1	0.00181122448979592	0.00180958521256875	0.93375888639609	4	6
GO:0001921	positive regulation of receptor recycling	0	0.0588010204081633	1	-0.105071425492058	8	28
GO:0001922	B-1 B cell homeostasis	0	0.000255102040816327	1	-0.000490545765551631	2	1
GO:0001923	B-1 B cell differentiation	0	0	1	0	1	0
GO:0001936	regulation of endothelial cell proliferation	1	0.0200510204081633	0.0198513355538906	0.899660362856052	4	6
GO:0001941	postsynaptic membrane organization	0	0.000994897959183673	1	-0.00191124493054273	2	1
GO:0001945	lymph vessel development	0	0.00206632653061225	1	-0.00396386121112546	4	6
GO:0001946	lymphangiogenesis	1	0.00232142857142857	0.00231873613995455	0.932782839267343	8	28
GO:0001949	sebaceous gland cell differentiation	0	5.10204081632653e-05	1	-9.81358440319546e-05	2	1
GO:0001951	intestinal D-glucose absorption	0	0	1	0	1	0
GO:0001952	regulation of cell-matrix adhesion	0	0.00982142857142857	1	-0.0186492707114878	8	28
GO:0001955	blood vessel maturation	0	0.0199234693877551	1	-0.0373412553823127	6	15
GO:0001956	positive regulation of neurotransmitter secretion	0	0.0133673469387755	1	-0.0252656558314665	6	15
GO:0001957	intramembranous ossification	0	0.0389795918367347	1	-0.071334526297592	6	15
GO:0001959	regulation of cytokine-mediated signaling pathway	0	0.00038265306122449	1	-0.000735693608334143	2	1
GO:0001961	positive regulation of cytokine-mediated signaling pathway	2	0.0367602040816327	0.000659324161580276	1.26402560281375	7	21
GO:0001963	synaptic transmission, dopaminergic	3	0.0872448979591837	0.000103684458998991	1.4340791005599	10	45
GO:0001966	thigmotaxis	0	0.000408163265306122	1	-0.000784713180942753	2	1
GO:0001967	suckling behavior	0	0.0330867346938776	1	-0.0609926096838936	8	28
GO:0001970	positive regulation of activation of membrane attack complex	0	0	1	0	1	0
GO:0001971	negative regulation of activation of membrane attack complex	0	0.000306122448979592	1	-0.000588614900424389	2	1
GO:0001973	G protein-coupled adenosine receptor signaling pathway	3	0.0103316326530612	1.82385899592382e-07	1.56535748621905	8	28
GO:0001976	nervous system process involved in regulation of systemic arterial blood pressure	0	0.00224489795918367	1	-0.00430539678807718	2	1
GO:0001992	regulation of systemic arterial blood pressure by vasopressin	3	0.00395408163265306	1.02730131381275e-08	1.57739627566531	5	10
GO:0001994	norepinephrine-epinephrine vasoconstriction involved in regulation of systemic arterial blood pressure	0	0.000306122448979592	1	-0.000588614900424389	2	1
GO:0001996	positive regulation of heart rate by epinephrine-norepinephrine	0	0.000357142857142857	1	-0.000686670704346692	2	1
GO:0001997	positive regulation of the force of heart contraction by epinephrine-norepinephrine	0	0.000357142857142857	1	-0.000686670704346692	2	1
GO:0002001	renin secretion into blood stream	0	0.00339285714285714	1	-0.00649712990934237	2	1
GO:0002002	regulation of angiotensin levels in blood	0	0	1	0	1	0
GO:0002003	angiotensin maturation	4	0.0360459183673469	6.83434726260559e-08	1.7059557719791	6	15
GO:0002011	morphogenesis of an epithelial sheet	2	0.0394387755102041	0.000757559853442998	1.25934830914549	7	21
GO:0002017	regulation of blood volume by renal aldosterone	1	0.0014030612244898	0.00140109540185964	0.93454067610393	2	1
GO:0002018	renin-angiotensin regulation of aldosterone production	1	0.00160714285714286	0.00160456409342129	0.934149675337967	2	1
GO:0002019	regulation of renal output by angiotensin	0	0	1	0	1	0
GO:0002023	reduction of food intake in response to dietary excess	1	0.00785714285714286	0.00782635619470595	0.922276770005927	6	15
GO:0002024	diet induced thermogenesis	5	0.0359183673469388	4.83512795819681e-10	1.85467051582314	13	78
GO:0002025	norepinephrine-epinephrine-mediated vasodilation involved in regulation of systemic arterial blood pressure	3	0.00334183673469388	6.1994490379567e-09	1.57856263989508	3	3
GO:0002029	desensitization of G protein-coupled receptor signaling pathway	1	0.00543367346938776	0.00541893776744688	0.926857381931733	4	6
GO:0002031	G protein-coupled receptor internalization	1	0.00668367346938776	0.00666138740243842	0.92449111848757	5	10
GO:0002034	maintenance of blood vessel diameter homeostasis by renin-angiotensin	0	0.000892857142857143	1	-0.00171545270013673	2	1
GO:0002037	negative regulation of L-glutamate import across plasma membrane	0	0	1	0	1	0
GO:0002043	blood vessel endothelial cell proliferation involved in sprouting angiogenesis	2	0.0120408163265306	7.19113503696009e-05	1.30868494551964	6	15
GO:0002051	osteoblast fate commitment	1	0.00142857142857143	0.0014265335235378	0.934491789416206	2	1
GO:0002064	epithelial cell development	0	0.00377551020408163	1	-0.00722623025824154	6	15
GO:0002067	glandular epithelial cell differentiation	0	0.00275510204081633	1	-0.00528032262974254	4	6
GO:0002068	glandular epithelial cell development	3	0.0222448979591837	1.80425704746852e-06	1.54339345335306	4	6
GO:0002070	epithelial cell maturation	0	0.00895408163265306	1	-0.017021594437182	4	6
GO:0002071	glandular epithelial cell maturation	0	0.0241581632653061	1	-0.0450349603130431	4	6
GO:0002072	optic cup morphogenesis involved in camera-type eye development	0	0	1	0	1	0
GO:0002074	extraocular skeletal muscle development	0	7.6530612244898e-05	1	-0.00014719875991176	3	3
GO:0002082	regulation of oxidative phosphorylation	1	0.00443877551020408	0.00442893870602632	0.928746297859676	7	21
GO:0002084	protein depalmitoylation	0	0.00290816326530612	1	-0.00557254362642456	3	3
GO:0002085	inhibition of neuroepithelial cell differentiation	0	0.00471938775510204	1	-0.00902153325715471	3	3
GO:0002086	diaphragm contraction	0	0.00142857142857143	1	-0.00274276954186492	2	1
GO:0002087	regulation of respiratory gaseous exchange by nervous system process	0	0.0321938775510204	1	-0.0594126370120924	9	36
GO:0002089	lens morphogenesis in camera-type eye	1	0.00642857142857143	0.0064079523706206	0.924973399391036	8	28
GO:0002090	regulation of receptor internalization	0	0.00778061224489796	1	-0.0148135819372809	4	6
GO:0002093	auditory receptor cell morphogenesis	0	0.000994897959183673	1	-0.00191124493054273	2	1
GO:0002098	tRNA wobble uridine modification	18	0.0289030612244898	3.0113193738833e-44	2.75379567965066	13	78
GO:0002101	tRNA wobble cytosine modification	0	0	1	0	1	0
GO:0002115	store-operated calcium entry	11	0.015765306122449	3.69228204216325e-28	2.43171017548018	7	21
GO:0002118	aggressive behavior	0	0.000663265306122449	1	-0.00127472578075483	3	3
GO:0002121	inter-male aggressive behavior	0	0.000535714285714286	1	-0.00102976108914732	2	1
GO:0002125	maternal aggressive behavior	3	0.00395408163265306	1.02628600634543e-08	1.57739627566531	3	3
GO:0002128	tRNA nucleoside ribose methylation	1	5.10204081632653e-05	5.10178052140197e-05	0.937136423114039	2	1
GO:0002130	wobble position ribose methylation	1	5.10204081632653e-05	5.10178052140197e-05	0.937136423114039	2	1
GO:0002138	retinoic acid biosynthetic process	0	0.000918367346938775	1	-0.00176440574012327	2	1
GO:0002143	tRNA wobble position uridine thiolation	2	0.00160714285714286	1.29007121440045e-06	1.32839762274111	4	6
GO:0002154	thyroid hormone receptor signaling pathway	1	7.6530612244898e-05	7.65247557584879e-05	0.937087360198159	2	1
GO:0002155	regulation of thyroid hormone receptor signaling pathway	0	0.000510204081632653	1	-0.000980758166643114	3	3
GO:0002157	positive regulation of thyroid hormone receptor signaling pathway	1	7.6530612244898e-05	7.65247557584879e-05	0.937087360198159	2	1
GO:0002158	osteoclast proliferation	1	0.0158673469387755	0.0157421237839292	0.907340323309258	5	10
GO:0002159	desmosome assembly	5	0.0199744897959184	2.6059731762688e-11	1.88321668629341	5	10
GO:0002160	desmosome maintenance	1	0.00076530612244898	0.000764720876879939	0.935763921302009	2	1
GO:0002175	protein localization to paranode region of axon	0	0.000204081632653061	1	-0.000392463296103651	2	1
GO:0002176	male germ cell proliferation	0	0	1	0	1	0
GO:0002182	cytoplasmic translational elongation	0	0	1	0	1	0
GO:0002183	cytoplasmic translational initiation	10	0.00918367346938776	1.16620687027843e-27	2.37758565783878	6	15
GO:0002191	cap-dependent translational initiation	1	0.000127551020408163	0.000127534753220253	0.936989244376402	2	1
GO:0002208	somatic diversification of immunoglobulins involved in immune response	3	0.000408163265306122	1.1328521506311e-11	1.58417778754021	3	3
GO:0002215	defense response to nematode	0	0.000612244897959184	1	-0.00117674988648608	3	3
GO:0002225	positive regulation of antimicrobial peptide production	0	0	1	0	1	0
GO:0002228	natural killer cell mediated immunity	1	0.0026530612244898	0.0026460411154081	0.932149116113505	2	1
GO:0002232	leukocyte chemotaxis involved in inflammatory response	0	0.00247448979591837	1	-0.00474427648280518	5	10
GO:0002237	response to molecule of bacterial origin	0	0.0014030612244898	1	-0.0026938828541403	3	3
GO:0002246	wound healing involved in inflammatory response	0	0	1	0	1	0
GO:0002248	connective tissue replacement involved in inflammatory response wound healing	0	0.00196428571428571	1	-0.00376862539683553	2	1
GO:0002253	activation of immune response	0	0	1	0	1	0
GO:0002260	lymphocyte homeostasis	1	0.00604591836734694	0.00602767858016198	0.925697425870012	7	21
GO:0002262	myeloid cell homeostasis	3	0.0833673469387755	9.07275253189141e-05	1.4401556618264	9	36
GO:0002265	astrocyte activation involved in immune response	0	0.000688775510204082	1	-0.00132370873805776	2	1
GO:0002268	follicular dendritic cell differentiation	1	0.00038265306122449	0.000382506693867143	0.936498865349736	2	1
GO:0002269	leukocyte activation involved in inflammatory response	0	0.000204081632653061	1	-0.000392463296103651	2	1
GO:0002273	plasmacytoid dendritic cell differentiation	0	0	1	0	1	0
GO:0002276	basophil activation involved in immune response	0	0	1	0	1	0
GO:0002277	myeloid dendritic cell activation involved in immune response	0	0.00334183673469388	1	-0.00639986082607147	3	3
GO:0002281	macrophage activation involved in immune response	0	0.00739795918367347	1	-0.0140921141120665	6	15
GO:0002282	microglial cell activation involved in immune response	0	0.00403061224489796	1	-0.0077118880699244	4	6
GO:0002283	neutrophil activation involved in immune response	0	0	1	0	1	0
GO:0002291	T cell activation via T cell receptor contact with antigen bound to MHC molecule on antigen presenting cell	1	0.00426020408163265	0.00425114228515871	0.929085858246775	4	6
GO:0002292	T cell differentiation involved in immune response	1	5.10204081632653e-05	5.10178052140197e-05	0.937136423114039	2	1
GO:0002296	T-helper 1 cell lineage commitment	0	0.00107142857142857	1	-0.00205805423611594	2	1
GO:0002305	CD8-positive, gamma-delta intraepithelial T cell differentiation	0	0.00076530612244898	1	-0.00147063765606126	2	1
GO:0002309	T cell proliferation involved in immune response	0	0.000178571428571429	1	-0.000343417059780471	3	3
GO:0002313	mature B cell differentiation involved in immune response	0	0.000102040816326531	1	-0.000196258338972743	2	1
GO:0002314	germinal center B cell differentiation	0	0.00655612244897959	1	-0.0125023403243866	7	21
GO:0002315	marginal zone B cell differentiation	5	0.018469387755102	1.76359324508747e-11	1.88597072618103	7	21
GO:0002316	follicular B cell differentiation	0	0.000204081632653061	1	-0.000392463296103651	2	1
GO:0002317	plasma cell differentiation	0	0.00038265306122449	1	-0.000735693608334143	3	3
GO:0002318	myeloid progenitor cell differentiation	0	0.000918367346938775	1	-0.00176440574012327	3	3
GO:0002320	lymphoid progenitor cell differentiation	1	0.0122704081632653	0.0121954336741889	0.914009223077834	4	6
GO:0002322	B cell proliferation involved in immune response	0	0	1	0	1	0
GO:0002326	B cell lineage commitment	0	0.00038265306122449	1	-0.000735693608334143	2	1
GO:0002327	immature B cell differentiation	0	0.00267857142857143	1	-0.00513416772691355	2	1
GO:0002328	pro-B cell differentiation	0	0.00176020408163265	1	-0.00337799517246806	3	3
GO:0002331	pre-B cell allelic exclusion	1	2.55102040816327e-05	2.55095533277212e-05	0.937185489367191	2	1
GO:0002333	transitional one stage B cell differentiation	0	0	1	0	1	0
GO:0002337	B-1a B cell differentiation	0	0	1	0	1	0
GO:0002344	B cell affinity maturation	0	0	1	0	1	0
GO:0002352	B cell negative selection	1	0.00244897959183673	0.00244299674267101	0.932539033701618	2	1
GO:0002353	plasma kallikrein-kinin cascade	0	0.000918367346938775	1	-0.00176440574012327	2	1
GO:0002355	detection of tumor cell	0	0	1	0	1	0
GO:0002357	defense response to tumor cell	0	0.0322959183673469	1	-0.0595933805661436	8	28
GO:0002358	B cell homeostatic proliferation	0	0.000306122448979592	1	-0.000588614900424389	2	1
GO:0002360	T cell lineage commitment	0	0.000306122448979592	1	-0.000588614900424389	2	1
GO:0002361	CD4-positive, CD25-positive, alpha-beta regulatory T cell differentiation	0	0.00155612244897959	1	-0.00298715329608912	3	3
GO:0002366	leukocyte activation involved in immune response	0	0	1	0	1	0
GO:0002384	hepatic immune response	0	0	1	0	1	0
GO:0002385	mucosal immune response	1	0.00311224489795918	0.00310740688413613	0.931272571391592	6	15
GO:0002387	immune response in gut-associated lymphoid tissue	0	0	1	0	1	0
GO:0002395	immune response in nasopharyngeal-associated lymphoid tissue	0	0	1	0	1	0
GO:0002415	immunoglobulin transcytosis in epithelial cells mediated by polymeric immunoglobulin receptor	0	0	1	0	1	0
GO:0002418	immune response to tumor cell	0	0.00142857142857143	1	-0.00274276954186492	3	3
GO:0002429	immune response-activating cell surface receptor signaling pathway	2	0.00698979591836735	2.43149883491827e-05	1.31816075411165	3	3
GO:0002432	granuloma formation	0	0	1	0	1	0
GO:0002438	acute inflammatory response to antigenic stimulus	0	0.00696428571428571	1	-0.0132735773057797	4	6
GO:0002446	neutrophil mediated immunity	0	0.00900510204081633	1	-0.0171174418357345	6	15
GO:0002448	mast cell mediated immunity	0	0	1	0	1	0
GO:0002450	B cell antigen processing and presentation	0	0	1	0	1	0
GO:0002455	humoral immune response mediated by circulating immunoglobulin	0	0.00173469387755102	1	-0.0033291515173427	3	3
GO:0002457	T cell antigen processing and presentation	0	0.00048469387755102	1	-0.000931751915023038	3	3
GO:0002467	germinal center formation	1	0.0250765306122449	0.024764726180273	0.89054185704496	8	28
GO:0002474	antigen processing and presentation of peptide antigen via MHC class I	0	0.00135204081632653	1	-0.00259609953821927	4	6
GO:0002476	antigen processing and presentation of endogenous peptide antigen via MHC class Ib	7	0.0260459183673469	1.57707131596567e-15	2.10040185726551	9	36
GO:0002477	antigen processing and presentation of exogenous peptide antigen via MHC class Ib	0	0	1	0	1	0
GO:0002481	antigen processing and presentation of exogenous protein antigen via MHC class Ib, TAP-dependent	0	0	1	0	1	0
GO:0002485	antigen processing and presentation of endogenous peptide antigen via MHC class I via ER pathway, TAP-dependent	0	0	1	0	1	0
GO:0002486	antigen processing and presentation of endogenous peptide antigen via MHC class I via ER pathway, TAP-independent	7	0.0260459183673469	1.57707131596567e-15	2.10040185726551	9	36
GO:0002495	antigen processing and presentation of peptide antigen via MHC class II	0	0	1	0	1	0
GO:0002502	peptide antigen assembly with MHC class I protein complex	1	0.0014030612244898	0.00140207739410737	0.93454067610393	3	3
GO:0002507	tolerance induction	0	0	1	0	1	0
GO:0002513	tolerance induction to self antigen	0	0	1	0	1	0
GO:0002519	natural killer cell tolerance induction	1	0.00102040816326531	0.00101936799184506	0.935274374272399	2	1
GO:0002520	immune system development	0	0.000255102040816327	1	-0.000490545765551631	2	1
GO:0002521	leukocyte differentiation	0	0.00122448979591837	1	-0.00235158324136442	2	1
GO:0002522	leukocyte migration involved in immune response	0	0.00221938775510204	1	-0.00425661589064885	3	3
GO:0002523	leukocyte migration involved in inflammatory response	1	0.0282142857142857	0.0278199798108477	0.884906479848313	9	36
GO:0002526	acute inflammatory response	0	0.00783163265306123	1	-0.0149097231503307	5	10
GO:0002532	production of molecular mediator involved in inflammatory response	1	0.00821428571428571	0.0081806406557883	0.921604184856552	5	10
GO:0002536	respiratory burst involved in inflammatory response	0	0.000204081632653061	1	-0.000392463296103651	2	1
GO:0002540	leukotriene production involved in inflammatory response	0	0	1	0	1	0
GO:0002542	Factor XII activation	1	0.000459183673469388	0.000458972920597685	0.936351816624236	2	1
GO:0002543	activation of blood coagulation via clotting cascade	0	0.00076530612244898	1	-0.00147063765606126	2	1
GO:0002544	chronic inflammatory response	1	0.00982142857142857	0.00977335585148949	0.918585288246583	7	21
GO:0002551	mast cell chemotaxis	0	0	1	0	1	0
GO:0002553	histamine secretion by mast cell	0	0	1	0	1	0
GO:0002554	serotonin secretion by platelet	0	0	1	0	1	0
GO:0002572	pro-T cell differentiation	0	0.00216836734693878	1	-0.00415904419829871	2	1
GO:0002573	myeloid leukocyte differentiation	0	0.00303571428571429	1	-0.00581597072705231	2	1
GO:0002576	platelet degranulation	0	0.00670918367346939	1	-0.0127916508311168	3	3
GO:0002587	negative regulation of antigen processing and presentation of peptide antigen via MHC class II	1	0.000510204081632653	0.000509943906170321	0.936253800791427	2	1
GO:0002588	positive regulation of antigen processing and presentation of peptide antigen via MHC class II	0	0.00173469387755102	1	-0.0033291515173427	2	1
GO:0002605	negative regulation of dendritic cell antigen processing and presentation	0	0.00326530612244898	1	-0.00625393260403329	3	3
GO:0002606	positive regulation of dendritic cell antigen processing and presentation	1	0.000892857142857143	0.000892458664495496	0.935519106257934	3	3
GO:0002634	regulation of germinal center formation	0	0.00698979591836735	1	-0.0133217522495612	5	10
GO:0002635	negative regulation of germinal center formation	0	2.55102040816327e-05	1	-4.90695908794692e-05	2	1
GO:0002636	positive regulation of germinal center formation	0	0.000535714285714286	1	-0.00102976108914732	2	1
GO:0002637	regulation of immunoglobulin production	0	0.00288265306122449	1	-0.00552384834706998	4	6
GO:0002638	negative regulation of immunoglobulin production	0	0.00959183673469388	1	-0.0182187725266338	7	21
GO:0002643	regulation of tolerance induction	0	0	1	0	1	0
GO:0002645	positive regulation of tolerance induction	1	0.00076530612244898	0.000764720876879939	0.935763921302009	2	1
GO:0002666	positive regulation of T cell tolerance induction	1	0.0141071428571429	0.0140081033856554	0.91059612467686	4	6
GO:0002667	regulation of T cell anergy	0	0.000153061224489796	1	-0.000294367488453351	2	1
GO:0002669	positive regulation of T cell anergy	0	0.00272959183673469	1	-0.0052316076190575	4	6
GO:0002673	regulation of acute inflammatory response	0	0	1	0	1	0
GO:0002674	negative regulation of acute inflammatory response	0	0.00048469387755102	1	-0.000931751915023038	3	3
GO:0002675	positive regulation of acute inflammatory response	1	0.00724489795918367	0.00721871695036383	0.923431234142092	5	10
GO:0002677	negative regulation of chronic inflammatory response	0	0	1	0	1	0
GO:0002679	respiratory burst involved in defense response	0	0	1	0	1	0
GO:0002685	regulation of leukocyte migration	0	0.00142857142857143	1	-0.00274276954186492	2	1
GO:0002686	negative regulation of leukocyte migration	0	0.0175510204081633	1	-0.0329947898427629	8	28
GO:0002689	negative regulation of leukocyte chemotaxis	0	0	1	0	1	0
GO:0002690	positive regulation of leukocyte chemotaxis	1	0.0252295918367347	0.0249139854622539	0.890265936786421	8	28
GO:0002693	positive regulation of cellular extravasation	0	0.000204081632653061	1	-0.000392463296103651	2	1
GO:0002695	negative regulation of leukocyte activation	0	0.000153061224489796	1	-0.000294367488453351	2	1
GO:0002710	negative regulation of T cell mediated immunity	0	0.000204081632653061	1	-0.000392463296103651	2	1
GO:0002717	positive regulation of natural killer cell mediated immunity	0	0	1	0	1	0
GO:0002718	regulation of cytokine production involved in immune response	0	0.00142857142857143	1	-0.00274276954186492	3	3
GO:0002719	negative regulation of cytokine production involved in immune response	0	0.00352040816326531	1	-0.0067402452500025	3	3
GO:0002724	regulation of T cell cytokine production	0	0.00048469387755102	1	-0.000931751915023038	3	3
GO:0002725	negative regulation of T cell cytokine production	0	0.01875	1	-0.035194663945699	6	15
GO:0002726	positive regulation of T cell cytokine production	1	0.0174744897959184	0.0173226963561105	0.904380414653162	7	21
GO:0002728	negative regulation of natural killer cell cytokine production	0	0.000918367346938775	1	-0.00176440574012327	2	1
GO:0002729	positive regulation of natural killer cell cytokine production	3	0.0178826530612245	9.40421297509266e-07	1.55135856356454	6	15
GO:0002730	regulation of dendritic cell cytokine production	0	0	1	0	1	0
GO:0002732	positive regulation of dendritic cell cytokine production	0	0.00163265306122449	1	-0.00313374381725984	2	1
GO:0002735	positive regulation of myeloid dendritic cell cytokine production	3	0.00436224489795918	1.37898061318232e-08	1.57661974593096	4	6
GO:0002752	cell surface pattern recognition receptor signaling pathway	12	0.038469387755102	2.11653803158702e-26	2.4517520975842	10	45
GO:0002757	immune response-activating signaling pathway	0	0	1	0	1	0
GO:0002759	regulation of antimicrobial humoral response	0	5.10204081632653e-05	1	-9.81358440319546e-05	2	1
GO:0002763	positive regulation of myeloid leukocyte differentiation	0	0	1	0	1	0
GO:0002765	immune response-inhibiting signal transduction	0	0.000255102040816327	1	-0.000490545765551631	2	1
GO:0002767	immune response-inhibiting cell surface receptor signaling pathway	2	0.00206632653061225	2.13191331628787e-06	1.32751864515009	3	3
GO:0002768	immune response-regulating cell surface receptor signaling pathway	0	0.00209183673469388	1	-0.00401266190934424	4	6
GO:0002769	natural killer cell inhibitory signaling pathway	1	0.00178571428571429	0.0017825311942959	0.933807723437539	2	1
GO:0002774	Fc receptor mediated inhibitory signaling pathway	0	0.000280612244897959	1	-0.000539581999583372	3	3
GO:0002780	antibacterial peptide biosynthetic process	0	0	1	0	1	0
GO:0002790	peptide secretion	0	0.00127551020408163	1	-0.00244939970641966	3	3
GO:0002793	positive regulation of peptide secretion	0	5.10204081632653e-05	1	-9.81358440319546e-05	2	1
GO:0002803	positive regulation of antibacterial peptide production	0	0.000280612244897959	1	-0.000539581999583372	3	3
GO:0002819	regulation of adaptive immune response	0	0.00288265306122449	1	-0.00552384834706998	5	10
GO:0002820	negative regulation of adaptive immune response	0	0.000612244897959184	1	-0.00117674988648608	2	1
GO:0002821	positive regulation of adaptive immune response	0	0.00137755102040816	1	-0.00264499285307473	4	6
GO:0002826	negative regulation of T-helper 1 type immune response	1	0.00556122448979592	0.00554578950660692	0.926615570551894	4	6
GO:0002827	positive regulation of T-helper 1 type immune response	7	0.0128571428571429	1.13945026338021e-17	2.1245228866949	7	21
GO:0002829	negative regulation of type 2 immune response	0	0.00563775510204082	1	-0.010764036334635	4	6
GO:0002830	positive regulation of type 2 immune response	0	0.00956632653061225	1	-0.0181709235318602	4	6
GO:0002839	positive regulation of immune response to tumor cell	0	0.000102040816326531	1	-0.000196258338972743	2	1
GO:0002841	negative regulation of T cell mediated immune response to tumor cell	1	0.00528061224489796	0.00526669432122028	0.927147662627982	4	6
GO:0002842	positive regulation of T cell mediated immune response to tumor cell	0	0.00696428571428571	1	-0.0132735773057797	4	6
GO:0002854	positive regulation of T cell mediated cytotoxicity directed against tumor cell target	0	2.55102040816327e-05	1	-4.90695908794692e-05	2	1
GO:0002859	negative regulation of natural killer cell mediated cytotoxicity directed against tumor cell target	1	0.000510204081632653	0.000509943906170321	0.936253800791427	2	1
GO:0002860	positive regulation of natural killer cell mediated cytotoxicity directed against tumor cell target	4	0.0105102040816327	5.04176240431667e-10	1.75222103222326	6	15
GO:0002863	positive regulation of inflammatory response to antigenic stimulus	0	0.00408163265306122	1	-0.00780898040743483	2	1
GO:0002865	negative regulation of acute inflammatory response to antigenic stimulus	0	0.00191326530612245	1	-0.00367098767058405	3	3
GO:0002866	positive regulation of acute inflammatory response to antigenic stimulus	0	0.00165816326530612	1	-0.00318260070511378	2	1
GO:0002870	T cell anergy	0	0.00229591836734694	1	-0.00440294868767055	3	3
GO:0002876	positive regulation of chronic inflammatory response to antigenic stimulus	0	0	1	0	1	0
GO:0002879	positive regulation of acute inflammatory response to non-antigenic stimulus	0	2.55102040816327e-05	1	-4.90695908794692e-05	2	1
GO:0002891	positive regulation of immunoglobulin mediated immune response	1	0.00364795918367347	0.00364131345680061	0.930251280276827	3	3
GO:0002903	negative regulation of B cell apoptotic process	0	0.00487244897959184	1	-0.00931224290124699	3	3
GO:0002904	positive regulation of B cell apoptotic process	0	0.00214285714285714	1	-0.00411025340248428	2	1
GO:0002906	negative regulation of mature B cell apoptotic process	0	0.00173469387755102	1	-0.0033291515173427	3	3
GO:0002920	regulation of humoral immune response	0	0	1	0	1	0
GO:0002922	positive regulation of humoral immune response	1	0.00102040816326531	0.00101988772384563	0.935274374272399	3	3
GO:0002924	negative regulation of humoral immune response mediated by circulating immunoglobulin	0	0.000102040816326531	1	-0.000196258338972743	2	1
GO:0002925	positive regulation of humoral immune response mediated by circulating immunoglobulin	0	0.00178571428571429	1	-0.00342683552053125	4	6
GO:0002926	tRNA wobble base 5-methoxycarbonylmethyl-2-thiouridinylation	2	0.00181122448979592	1.63828737844526e-06	1.32800683379923	3	3
GO:0002930	trabecular meshwork development	0	0	1	0	1	0
GO:0002933	lipid hydroxylation	0	0	1	0	1	0
GO:0002934	desmosome organization	5	0.0188520408163265	1.95339181026879e-11	1.88526954913029	6	15
GO:0002949	tRNA threonylcarbamoyladenosine modification	6	0.00446428571428571	1.0952609875973e-17	2.0351946639457	5	10
GO:0003006	developmental process involved in reproduction	0	0.00461734693877551	1	-0.00882766171921579	4	6
GO:0003012	muscle system process	0	0.000969387755102041	1	-0.00186230185487546	3	3
GO:0003014	renal system process	0	0.0188265306122449	1	-0.0353348539219336	8	28
GO:0003015	heart process	0	0.00423469387755102	1	-0.00810017903365046	4	6
GO:0003017	lymph circulation	0	0	1	0	1	0
GO:0003029	detection of hypoxic conditions in blood by carotid body chemoreceptor signaling	0	0.000255102040816327	1	-0.000490545765551631	2	1
GO:0003032	detection of oxygen	0	0.00285714285714286	1	-0.00547514978027042	3	3
GO:0003050	regulation of systemic arterial blood pressure by atrial natriuretic peptide	0	0	1	0	1	0
GO:0003051	angiotensin-mediated drinking behavior	0	0.00137755102040816	1	-0.00264499285307473	2	1
GO:0003056	regulation of vascular associated smooth muscle contraction	0	0	1	0	1	0
GO:0003062	regulation of heart rate by chemical signal	0	0.000433673469387755	1	-0.000833729422625384	2	1
GO:0003064	regulation of heart rate by hormone	0	0.00163265306122449	1	-0.00313374381725984	2	1
GO:0003073	regulation of systemic arterial blood pressure	1	0.00987244897959184	0.00982387633024941	0.918489656863645	7	21
GO:0003081	regulation of systemic arterial blood pressure by renin-angiotensin	3	0.0155867346938776	6.23791186904309e-07	1.55558632226987	4	6
GO:0003084	positive regulation of systemic arterial blood pressure	3	0.0246683673469388	2.45606542259774e-06	1.53900610256111	10	45
GO:0003093	regulation of glomerular filtration	0	0	1	0	1	0
GO:0003095	pressure natriuresis	0	0.000331632653061225	1	-0.000637644468527876	2	1
GO:0003096	renal sodium ion transport	0	0.00130102040816327	1	-0.00249830296534115	3	3
GO:0003097	renal water transport	0	0.000229591836734694	1	-0.000441506197876307	3	3
GO:0003100	regulation of systemic arterial blood pressure by endothelin	5	0.0048469387755102	2.22025121476135e-14	1.91138732756128	4	6
GO:0003104	positive regulation of glomerular filtration	0	0.00038265306122449	1	-0.000735693608334143	2	1
GO:0003105	negative regulation of glomerular filtration	0	0.00112244897959184	1	-0.00215591050981212	2	1
GO:0003127	detection of nodal flow	0	0.00135204081632653	1	-0.00259609953821927	3	3
GO:0003129	heart induction	1	0.0608418367346939	0.0590279447800534	0.8287775126053	6	15
GO:0003133	endodermal-mesodermal cell signaling	0	0.00563775510204082	1	-0.010764036334635	2	1
GO:0003138	primary heart field specification	0	0.0036734693877551	1	-0.00703187554321838	2	1
GO:0003139	secondary heart field specification	0	0.0676785714285714	1	-0.119684471766619	7	21
GO:0003140	determination of left/right asymmetry in lateral mesoderm	1	0.0154591836734694	0.0153403038767854	0.908093984101801	7	21
GO:0003143	embryonic heart tube morphogenesis	0	0.00278061224489796	1	-0.00532903435076215	5	10
GO:0003149	membranous septum morphogenesis	2	0.0388265306122449	0.000734520566584972	1.26041473415743	6	15
GO:0003150	muscular septum morphogenesis	0	0.00298469387755102	1	-0.00571860974425564	3	3
GO:0003156	regulation of animal organ formation	0	0.000229591836734694	1	-0.000441506197876307	2	1
GO:0003157	endocardium development	1	0.00163265306122449	0.00162999185004075	0.934100815140811	2	1
GO:0003158	endothelium development	4	0.0573979591836735	4.31968033180658e-07	1.66942569896192	10	45
GO:0003162	atrioventricular node development	2	0.0232908163265306	0.000267056156463966	1.2880166967434	5	10
GO:0003163	sinoatrial node development	0	0.0108163265306122	1	-0.0205117996880727	6	15
GO:0003165	Purkinje myocyte development	0	0.000178571428571429	1	-0.000343417059780471	2	1
GO:0003166	bundle of His development	1	0.00316326530612245	0.0031582674495091	0.931175243249982	3	3
GO:0003167	atrioventricular bundle cell differentiation	0	0.000331632653061225	1	-0.000637644468527876	3	3
GO:0003170	heart valve development	0	0.0103061224489796	1	-0.0195572573753762	6	15
GO:0003171	atrioventricular valve development	0	0.000306122448979592	1	-0.000588614900424389	2	1
GO:0003176	aortic valve development	0	0.00173469387755102	1	-0.0033291515173427	2	1
GO:0003177	pulmonary valve development	0	0	1	0	1	0
GO:0003179	heart valve morphogenesis	0	0.00211734693877551	1	-0.00406145930631496	3	3
GO:0003181	atrioventricular valve morphogenesis	1	0.0315561224489796	0.0310634241657745	0.878952596368584	9	36
GO:0003183	mitral valve morphogenesis	0	0.0135459183673469	1	-0.0255972554198448	6	15
GO:0003186	tricuspid valve morphogenesis	0	0.000918367346938775	1	-0.00176440574012327	2	1
GO:0003188	heart valve formation	0	0.000280612244897959	1	-0.000539581999583372	2	1
GO:0003189	aortic valve formation	0	0	1	0	1	0
GO:0003190	atrioventricular valve formation	0	0.00216836734693878	1	-0.00415904419829871	2	1
GO:0003192	mitral valve formation	0	0.000102040816326531	1	-0.000196258338972743	2	1
GO:0003193	pulmonary valve formation	0	0.000204081632653061	1	-0.000392463296103651	2	1
GO:0003195	tricuspid valve formation	0	0.000306122448979592	1	-0.000588614900424389	2	1
GO:0003197	endocardial cushion development	2	0.0245918367346939	0.000297467261759024	1.28566424886491	6	15
GO:0003198	epithelial to mesenchymal transition involved in endocardial cushion formation	2	0.0108163265306122	5.80763545957437e-05	1.31097070667314	8	28
GO:0003199	endocardial cushion to mesenchymal transition involved in heart valve formation	0	0.000688775510204082	1	-0.00132370873805776	2	1
GO:0003207	cardiac chamber formation	0	0.000306122448979592	1	-0.000588614900424389	2	1
GO:0003208	cardiac ventricle morphogenesis	3	0.016734693877551	7.71353599257249e-07	1.55346934560323	6	15
GO:0003209	cardiac atrium morphogenesis	0	0.00165816326530612	1	-0.00318260070511378	3	3
GO:0003210	cardiac atrium formation	0	0	1	0	1	0
GO:0003211	cardiac ventricle formation	1	0.00229591836734694	0.00229065920081446	0.9328316102704	2	1
GO:0003214	cardiac left ventricle morphogenesis	0	0.00821428571428571	1	-0.0156303741015186	7	21
GO:0003215	cardiac right ventricle morphogenesis	2	0.0299744897959184	0.000440358063429148	1.27601228794963	11	55
GO:0003218	cardiac left ventricle formation	0	0	1	0	1	0
GO:0003219	cardiac right ventricle formation	0	0	1	0	1	0
GO:0003220	left ventricular cardiac muscle tissue morphogenesis	0	0.000459183673469388	1	-0.000882742333834563	2	1
GO:0003221	right ventricular cardiac muscle tissue morphogenesis	0	0.00076530612244898	1	-0.00147063765606126	2	1
GO:0003222	ventricular trabecula myocardium morphogenesis	0	0.0187755102040816	1	-0.0352413969650827	9	36
GO:0003223	ventricular compact myocardium morphogenesis	0	0.0248724489795918	1	-0.0463246439828373	5	10
GO:0003228	atrial cardiac muscle tissue development	0	0.0036734693877551	1	-0.00703187554321838	4	6
GO:0003229	ventricular cardiac muscle tissue development	2	0.0167091836734694	0.000138053059798938	1.30003632773514	7	21
GO:0003231	cardiac ventricle development	0	0.000586734693877551	1	-0.00112775694861655	3	3
GO:0003245	cardiac muscle tissue growth involved in heart morphogenesis	0	0	1	0	1	0
GO:0003253	cardiac neural crest cell migration involved in outflow tract morphogenesis	1	0.00650510204081633	0.00648398966871974	0.924828681260258	5	10
GO:0003254	regulation of membrane depolarization	5	0.00808673469387755	2.8625845630194e-13	1.90526088988656	9	36
GO:0003266	regulation of secondary heart field cardioblast proliferation	0	0.00173469387755102	1	-0.0033291515173427	3	3
GO:0003272	endocardial cushion formation	4	0.0542091836734694	3.44558602671201e-07	1.67476508322493	9	36
GO:0003273	cell migration involved in endocardial cushion formation	0	0.000816326530612245	1	-0.0015685736443245	3	3
GO:0003274	endocardial cushion fusion	1	0.00321428571428571	0.00320912542389569	0.931077928238645	3	3
GO:0003275	apoptotic process involved in outflow tract morphogenesis	0	0	1	0	1	0
GO:0003278	apoptotic process involved in heart morphogenesis	1	0.0010969387755102	0.00109633735803751	0.935127574925738	3	3
GO:0003279	cardiac septum development	0	0.0064030612244898	1	-0.0122129137374714	5	10
GO:0003283	atrial septum development	0	0.019515306122449	1	-0.036595339182769	5	10
GO:0003289	atrial septum primum morphogenesis	0	0.00380102040816327	1	-0.00727481075598324	4	6
GO:0003290	atrial septum secundum morphogenesis	0	0.000433673469387755	1	-0.000833729422625384	2	1
GO:0003300	cardiac muscle hypertrophy	1	0.00839285714285714	0.00835773544316601	0.921268127305426	5	10
GO:0003309	type B pancreatic cell differentiation	1	0.00543367346938776	0.00541893776744688	0.926857381931733	6	15
GO:0003310	pancreatic A cell differentiation	0	0.00283163265306122	1	-0.005426447925582	4	6
GO:0003311	pancreatic D cell differentiation	0	0	1	0	1	0
GO:0003323	type B pancreatic cell development	1	0.0404591836734694	0.0396516383962228	0.863326482770355	9	36
GO:0003326	pancreatic A cell fate commitment	0	0.000306122448979592	1	-0.000588614900424389	2	1
GO:0003329	pancreatic PP cell fate commitment	0	0.000306122448979592	1	-0.000588614900424389	2	1
GO:0003331	positive regulation of extracellular matrix constituent secretion	0	0.00086734693877551	1	-0.0016664963378088	2	1
GO:0003332	negative regulation of extracellular matrix constituent secretion	0	0	1	0	1	0
GO:0003334	keratinocyte development	0	0.0198214285714286	1	-0.0371548486313704	7	21
GO:0003336	corneocyte desquamation	0	0.000153061224489796	1	-0.000294367488453351	2	1
GO:0003337	mesenchymal to epithelial transition involved in metanephros morphogenesis	0	0.0064030612244898	1	-0.0122129137374714	6	15
GO:0003338	metanephros morphogenesis	0	0.00293367346938776	1	-0.00562123561877792	3	3
GO:0003342	proepicardium development	0	0.00076530612244898	1	-0.00147063765606126	2	1
GO:0003344	pericardium morphogenesis	0	0.00308673469387755	1	-0.00591331857071475	4	6
GO:0003350	pulmonary myocardium development	0	0.00127551020408163	1	-0.00244939970641966	2	1
GO:0003352	regulation of cilium movement	1	0.000102040816326531	0.000102030405060708	0.937038300619098	2	1
GO:0003356	regulation of cilium beat frequency	2	0.00377551020408163	7.10932471560813e-06	1.32425627610297	5	10
GO:0003357	noradrenergic neuron differentiation	1	0.00346938775510204	0.00346337638334039	0.93059155001211	5	10
GO:0003358	noradrenergic neuron development	0	0.00038265306122449	1	-0.000735693608334143	2	1
GO:0003360	brainstem development	0	0.00387755102040816	1	-0.00742053262182563	3	3
GO:0003365	establishment of cell polarity involved in ameboidal cell migration	3	0.00471938775510204	1.74363721493597e-08	1.575940967464	3	3
GO:0003366	cell-matrix adhesion involved in ameboidal cell migration	0	0	1	0	1	0
GO:0003383	apical constriction	0	0.000127551020408163	1	-0.000245314581668765	2	1
GO:0003400	regulation of COPII vesicle coating	5	0.00926020408163265	5.63080560271407e-13	1.90305463910151	5	10
GO:0003401	axis elongation	0	0.000153061224489796	1	-0.000294367488453351	2	1
GO:0003404	optic vesicle morphogenesis	0	0.000153061224489796	1	-0.000294367488453351	2	1
GO:0003406	retinal pigment epithelium development	0	0.00239795918367347	1	-0.00459801291829254	5	10
GO:0003408	optic cup formation involved in camera-type eye development	0	0	1	0	1	0
GO:0003413	chondrocyte differentiation involved in endochondral bone morphogenesis	0	0.0106887755102041	1	-0.0202732825016108	4	6
GO:0003415	chondrocyte hypertrophy	0	0.000561224489795918	1	-0.00107876068298762	2	1
GO:0003416	endochondral bone growth	0	0.000280612244897959	1	-0.000539581999583372	3	3
GO:0003417	growth plate cartilage development	1	0.0287244897959184	0.0283158635135285	0.883994305320533	8	28
GO:0003418	growth plate cartilage chondrocyte differentiation	0	0.00892857142857143	1	-0.0169736659616689	3	3
GO:0003419	growth plate cartilage chondrocyte proliferation	0	0.00816326530612245	1	-0.0155343288952725	3	3
GO:0003430	growth plate cartilage chondrocyte growth	0	0.00688775510204082	1	-0.013129033167345	3	3
GO:0003433	chondrocyte development involved in endochondral bone morphogenesis	0	0.000714285714285714	1	-0.00137268836940874	2	1
GO:0005513	detection of calcium ion	7	0.0723979591836735	1.94158243547207e-12	2.02150623436228	10	45
GO:0005976	polysaccharide metabolic process	0	0	1	0	1	0
GO:0005979	regulation of glycogen biosynthetic process	15	0.0200765306122449	2.60409299778239e-38	2.64115522708839	7	21
GO:0005980	glycogen catabolic process	6	0.0743367346938776	2.19904844077558e-10	1.91327821265534	9	36
GO:0005981	regulation of glycogen catabolic process	0	0	1	0	1	0
GO:0005989	lactose biosynthetic process	0	0	1	0	1	0
GO:0005997	xylulose metabolic process	0	0.000357142857142857	1	-0.000686670704346692	2	1
GO:0006000	fructose metabolic process	13	0.0421428571428571	2.04238674717174e-28	2.50142676967673	7	21
GO:0006002	fructose 6-phosphate metabolic process	11	0.0807397959183673	2.2114339373497e-20	2.320756190308	7	21
GO:0006003	fructose 2,6-bisphosphate metabolic process	8	0.0215561224489796	1.13428996413495e-18	2.20024611405964	5	10
GO:0006004	fucose metabolic process	3	0.000688775510204082	5.44324016240351e-11	1.5836387919831	7	21
GO:0006007	glucose catabolic process	0	0.00303571428571429	1	-0.00581597072705231	3	3
GO:0006011	UDP-alpha-D-glucose metabolic process	1	0.00196428571428571	0.00196043486009624	0.933465933561235	2	1
GO:0006012	galactose metabolic process	5	0.00739795918367347	1.83527535843523e-13	1.9065590128784	5	10
GO:0006013	mannose metabolic process	5	0.00829081632653061	3.24194000479274e-13	1.90487670905306	7	21
GO:0006015	5-phosphoribose 1-diphosphate biosynthetic process	9	0.0236479591836735	6.23932783458786e-21	2.27781575095698	6	15
GO:0006020	inositol metabolic process	2	0.0166581632653061	0.000137215935444517	1.30013028989763	6	15
GO:0006021	inositol biosynthetic process	3	0.00114795918367347	2.51842799031587e-10	1.58275766705215	3	3
GO:0006027	glycosaminoglycan catabolic process	9	0.0170663265306122	3.33293858721429e-22	2.28982452360505	8	28
GO:0006029	proteoglycan metabolic process	1	0.0229081632653061	0.0226477635100392	0.894462108325208	8	28
GO:0006032	chitin catabolic process	1	0.000892857142857143	0.000892458664495496	0.935519106257934	3	3
GO:0006043	glucosamine catabolic process	1	0.00137755102040816	0.00137565598410353	0.934589566104996	2	1
GO:0006044	N-acetylglucosamine metabolic process	3	0.0132142857142857	3.8078258886535e-07	1.55998119448424	10	45
GO:0006045	N-acetylglucosamine biosynthetic process	0	0.000459183673469388	1	-0.000882742333834563	2	1
GO:0006046	N-acetylglucosamine catabolic process	3	0.00517857142857143	2.30564325957931e-08	1.57506918977175	4	6
GO:0006047	UDP-N-acetylglucosamine metabolic process	1	0.0143112244897959	0.0142093056901535	0.910217886471723	5	10
GO:0006048	UDP-N-acetylglucosamine biosynthetic process	19	0.0459438775510204	3.00798851123216e-43	2.76221230086501	10	45
GO:0006051	N-acetylmannosamine metabolic process	1	0.00160714285714286	0.00160456409342129	0.934149675337967	2	1
GO:0006054	N-acetylneuraminate metabolic process	0	0.00135204081632653	1	-0.00259609953821927	3	3
GO:0006055	CMP-N-acetylneuraminate biosynthetic process	4	0.00395408163265306	1.01530747774124e-11	1.76459403305606	5	10
GO:0006058	mannoprotein catabolic process	3	0.00589285714285714	3.39552822298702e-08	1.57371518182761	4	6
GO:0006065	UDP-glucuronate biosynthetic process	1	0.0014030612244898	0.00140109540185964	0.93454067610393	2	1
GO:0006066	alcohol metabolic process	1	0.022219387755102	0.0219743553377958	0.89571183644761	5	10
GO:0006068	ethanol catabolic process	6	0.0133418367346939	7.74453408979291e-15	2.01851314860956	8	28
GO:0006071	glycerol metabolic process	8	0.0267857142857143	6.41750962703556e-18	2.19079550809285	10	45
GO:0006072	glycerol-3-phosphate metabolic process	6	0.0145408163265306	1.29385389986361e-14	2.01628946708861	4	6
GO:0006081	aldehyde metabolic process	4	0.0205102040816327	7.25345881059712e-09	1.73374809770991	6	15
GO:0006082	organic acid metabolic process	1	0.00721938775510204	0.00719339057418567	0.923479376933878	4	6
GO:0006084	acetyl-CoA metabolic process	4	0.0348469387755102	5.97512873416016e-08	1.70806294482907	5	10
GO:0006085	acetyl-CoA biosynthetic process	0	0.00392857142857143	1	-0.00751766418064004	3	3
GO:0006086	pyruvate decarboxylation to acetyl-CoA	2	0.00678571428571429	2.29190722510789e-05	1.31854624377771	4	6
GO:0006089	lactate metabolic process	0	0.0104081632653061	1	-0.0197482669145419	4	6
GO:0006090	pyruvate metabolic process	18	0.0332142857142857	3.66304712034628e-43	2.74613688422711	8	28
GO:0006097	glyoxylate cycle	1	0.00464285714285714	0.00462140063988624	0.928358424469261	2	1
GO:0006098	pentose-phosphate shunt	8	0.0268112244897959	6.46642164487337e-18	2.19074970970418	9	36
GO:0006101	citrate metabolic process	4	0.022015306122449	9.61704305457437e-09	1.73100824160071	4	6
GO:0006102	isocitrate metabolic process	15	0.0547448979591837	8.60755370201738e-32	2.58048104423217	6	15
GO:0006104	succinyl-CoA metabolic process	6	0.0324744897959184	1.5842960059375e-12	1.98382184777223	5	10
GO:0006105	succinate metabolic process	1	0.00362244897959184	0.00361589582649595	0.930299880412971	4	6
GO:0006107	oxaloacetate metabolic process	3	0.00686224489795918	5.35812197454377e-08	1.57188165537042	5	10
GO:0006108	malate metabolic process	6	0.0172448979591837	3.59925661526902e-14	2.01129937754384	6	15
GO:0006110	regulation of glycolytic process	0	0.00119897959183673	1	-0.00230267003433127	3	3
GO:0006114	glycerol biosynthetic process	0	0	1	0	1	0
GO:0006116	NADH oxidation	0	0.00443877551020408	1	-0.00848826109839473	3	3
GO:0006119	oxidative phosphorylation	0	0.00247448979591837	1	-0.00474427648280518	3	3
GO:0006121	mitochondrial electron transport, succinate to ubiquinone	0	0	1	0	1	0
GO:0006127	glycerol-3-phosphate shuttle	1	0.00229591836734694	0.00229065920081446	0.9328316102704	2	1
GO:0006144	purine nucleobase metabolic process	0	0.00102040816326531	1	-0.0019601846856715	2	1
GO:0006147	guanine catabolic process	1	0.000204081632653061	0.0002040399918384	0.936842095661967	2	1
GO:0006148	inosine catabolic process	0	0	1	0	1	0
GO:0006149	deoxyinosine catabolic process	0	0	1	0	1	0
GO:0006154	adenosine catabolic process	1	0.000994897959183673	0.000994403212256155	0.935323314027528	3	3
GO:0006157	deoxyadenosine catabolic process	0	0.000714285714285714	1	-0.00137268836940874	2	1
GO:0006161	deoxyguanosine catabolic process	1	0.000204081632653061	0.0002040399918384	0.936842095661967	2	1
GO:0006163	purine nucleotide metabolic process	0	0	1	0	1	0
GO:0006164	purine nucleotide biosynthetic process	15	0.0650255102040816	1.13053726034579e-30	2.56342771735416	9	36
GO:0006166	purine ribonucleoside salvage	0	0	1	0	1	0
GO:0006171	cAMP biosynthetic process	6	0.0135204081632653	8.3863681322366e-15	2.01818152724339	9	36
GO:0006172	ADP biosynthetic process	0	0.000331632653061225	1	-0.000637644468527876	4	6
GO:0006177	GMP biosynthetic process	2	0.00168367346938776	1.41578791072697e-06	1.3282510520771	3	3
GO:0006182	cGMP biosynthetic process	14	0.0533163265306123	1.63691375992713e-29	2.53437073750496	11	55
GO:0006183	GTP biosynthetic process	6	0.00915816326530612	8.11970877910079e-16	2.02632651298312	4	6
GO:0006188	IMP biosynthetic process	3	0.000688775510204082	5.44230290205461e-11	1.5836387919831	3	3
GO:0006189	'de novo' IMP biosynthetic process	2	0.00168367346938776	1.41578791072697e-06	1.3282510520771	3	3
GO:0006195	purine nucleotide catabolic process	0	0	1	0	1	0
GO:0006196	AMP catabolic process	1	0.00155612244897959	0.00155491231798311	0.934247405661982	3	3
GO:0006198	cAMP catabolic process	1	0.00048469387755102	0.000484576432449293	0.936302807043048	5	10
GO:0006203	dGTP catabolic process	0	0.000102040816326531	1	-0.000196258338972743	2	1
GO:0006204	IMP catabolic process	0	0	1	0	1	0
GO:0006206	pyrimidine nucleobase metabolic process	0	0	1	0	1	0
GO:0006207	'de novo' pyrimidine nucleobase biosynthetic process	2	0.00732142857142857	2.6671079991108e-05	1.3175347724452	3	3
GO:0006208	pyrimidine nucleobase catabolic process	1	0.000357142857142857	0.000357015351660121	0.936547888253724	2	1
GO:0006210	thymine catabolic process	1	0.0026530612244898	0.00264954496580695	0.932149116113505	3	3
GO:0006212	uracil catabolic process	1	0.000357142857142857	0.000357015351660121	0.936547888253724	2	1
GO:0006213	pyrimidine nucleoside metabolic process	0	0.000714285714285714	1	-0.00137268836940874	2	1
GO:0006218	uridine catabolic process	1	0.00163265306122449	0.00162999185004075	0.934100815140811	2	1
GO:0006220	pyrimidine nucleotide metabolic process	0	0.000510204081632653	1	-0.000980758166643114	2	1
GO:0006221	pyrimidine nucleotide biosynthetic process	0	0	1	0	1	0
GO:0006225	UDP biosynthetic process	1	0.0025	0.00249376558603491	0.932441534543472	2	1
GO:0006226	dUMP biosynthetic process	1	0.000612244897959184	0.000611870283499898	0.936057809071585	2	1
GO:0006228	UTP biosynthetic process	6	0.0202295918367347	9.35537224695733e-14	2.00583123383726	5	10
GO:0006231	dTMP biosynthetic process	1	0.000612244897959184	0.000611870283499898	0.936057809071585	2	1
GO:0006235	dTTP biosynthetic process	0	0	1	0	1	0
GO:0006241	CTP biosynthetic process	15	0.0177040816326531	3.95287112601312e-39	2.64550000363141	6	15
GO:0006248	CMP catabolic process	4	0.00653061224489796	7.53937995937013e-11	1.75970614748837	4	6
GO:0006249	dCMP catabolic process	6	0.0120408163265306	4.1891060263011e-15	2.0209338597836	5	10
GO:0006264	mitochondrial DNA replication	5	0.0226020408163265	4.82368879061526e-11	1.87843384379428	6	15
GO:0006265	DNA topological change	5	0.0155102040816327	7.38403969239491e-12	1.89141630146177	8	28
GO:0006269	DNA replication, synthesis of primer	0	0.000612244897959184	1	-0.00117674988648608	3	3
GO:0006271	DNA strand elongation involved in DNA replication	1	0.0104081632653061	0.0103541852853211	0.917486292043529	3	3
GO:0006272	leading strand elongation	0	0	1	0	1	0
GO:0006273	lagging strand elongation	0	0.00114795918367347	1	-0.00220483366900515	2	1
GO:0006278	RNA-templated DNA biosynthetic process	0	0.00127551020408163	1	-0.00244939970641966	2	1
GO:0006283	transcription-coupled nucleotide-excision repair	1	0.000178571428571429	0.000178539546509552	0.93689114189829	2	1
GO:0006285	base-excision repair, AP site formation	3	0.00512755102040816	2.23825098679745e-08	1.5751660019475	4	6
GO:0006287	base-excision repair, gap-filling	10	0.0553571428571429	7.08145500653387e-20	2.29571655603097	9	36
GO:0006290	pyrimidine dimer repair	0	0.00102040816326531	1	-0.0019601846856715	2	1
GO:0006297	nucleotide-excision repair, DNA gap filling	0	0.0038265306122449	1	-0.00732338798220078	3	3
GO:0006301	postreplication repair	9	0.0363775510204082	2.97523816132567e-19	2.25514185880735	7	21
GO:0006304	DNA modification	0	0	1	0	1	0
GO:0006307	DNA alkylation repair	6	0.0133673469387755	7.83363605199082e-15	2.0184657647937	9	36
GO:0006308	DNA catabolic process	0	0.00711734693877551	1	-0.0135625787200799	5	10
GO:0006309	apoptotic DNA fragmentation	2	0.0038265306122449	7.30251858600005e-06	1.32415911837901	8	28
GO:0006311	meiotic gene conversion	0	0.000127551020408163	1	-0.000245314581668765	3	3
GO:0006312	mitotic recombination	0	0.000586734693877551	1	-0.00112775694861655	3	3
GO:0006335	DNA replication-dependent chromatin assembly	1	2.55102040816327e-05	2.55095533277212e-05	0.937185489367191	2	1
GO:0006353	DNA-templated transcription termination	1	0.00704081632653061	0.00701608784951608	0.923816466471913	5	10
GO:0006359	regulation of transcription by RNA polymerase III	4	0.00877551020408163	2.45374700276951e-10	1.7554742298973	8	28
GO:0006361	transcription initiation at RNA polymerase I promoter	5	0.00426020408163265	1.16527662170167e-14	1.91250242627918	5	10
GO:0006362	transcription elongation by RNA polymerase I	0	0	1	0	1	0
GO:0006363	termination of RNA polymerase I transcription	0	2.55102040816327e-05	1	-4.90695908794692e-05	2	1
GO:0006369	termination of RNA polymerase II transcription	3	0.00849489795918367	1.015212301404e-07	1.56880410645133	6	15
GO:0006370	7-methylguanosine mRNA capping	4	0.0025765306122449	1.83246144278785e-12	1.76722100966482	4	6
GO:0006382	adenosine to inosine editing	0	5.10204081632653e-05	1	-9.81358440319546e-05	2	1
GO:0006384	transcription initiation at RNA polymerase III promoter	7	0.0152040816326531	3.67717039908689e-17	2.12017113763551	6	15
GO:0006388	tRNA splicing, via endonucleolytic cleavage and ligation	23	0.0539030612244898	2.46706775866789e-52	2.88408547088406	11	55
GO:0006391	transcription initiation at mitochondrial promoter	5	0.0023469387755102	5.92213273127965e-16	1.91615063959392	4	6
GO:0006398	mRNA 3'-end processing by stem-loop binding and cleavage	7	0.00966836734693877	1.55370175830511e-18	2.13047797385019	5	10
GO:0006408	snRNA export from nucleus	0	0.000127551020408163	1	-0.000245314581668765	2	1
GO:0006409	tRNA export from nucleus	0	5.10204081632653e-05	1	-9.81358440319546e-05	2	1
GO:0006415	translational termination	0	0.000739795918367347	1	-0.0014216646752595	4	6
GO:0006419	alanyl-tRNA aminoacylation	1	0.00436224489795918	0.00434329836681822	0.928891804167874	2	1
GO:0006420	arginyl-tRNA aminoacylation	1	0.00918367346938776	0.00910010111223458	0.91978175148397	2	1
GO:0006421	asparaginyl-tRNA aminoacylation	1	0.00298469387755102	0.00297581198972455	0.931515949213815	2	1
GO:0006422	aspartyl-tRNA aminoacylation	1	0.00255102040816327	0.00254452926208651	0.932344048561778	2	1
GO:0006423	cysteinyl-tRNA aminoacylation	1	0.00107142857142857	0.00107028184088477	0.935176504721955	2	1
GO:0006424	glutamyl-tRNA aminoacylation	0	0	1	0	1	0
GO:0006427	histidyl-tRNA aminoacylation	1	0.000229591836734694	0.00022953913642276	0.936793052760194	2	1
GO:0006428	isoleucyl-tRNA aminoacylation	1	0.0110204081632653	0.0109002825999193	0.916341295738927	2	1
GO:0006429	leucyl-tRNA aminoacylation	0	0	1	0	1	0
GO:0006431	methionyl-tRNA aminoacylation	1	0.00630102040816327	0.00626156615205212	0.925214660813548	2	1
GO:0006432	phenylalanyl-tRNA aminoacylation	5	0.00214285714285714	3.75845448771601e-16	1.91654087358799	4	6
GO:0006433	prolyl-tRNA aminoacylation	0	0	1	0	1	0
GO:0006434	seryl-tRNA aminoacylation	0	0.00127551020408163	1	-0.00244939970641966	2	1
GO:0006435	threonyl-tRNA aminoacylation	3	0.00714285714285714	6.03062799160609e-08	1.57135176635364	3	3
GO:0006438	valyl-tRNA aminoacylation	1	0.00326530612244898	0.0032546786004882	0.930980626354037	2	1
GO:0006448	regulation of translational elongation	0	0	1	0	1	0
GO:0006450	regulation of translational fidelity	0	0.00048469387755102	1	-0.000931751915023038	3	3
GO:0006458	'de novo' protein folding	0	0.0024234693877551	1	-0.00464677073509745	3	3
GO:0006465	signal peptide processing	10	0.0139285714285714	7.47831631613064e-26	2.36873115223117	10	45
GO:0006473	protein acetylation	0	0.00831632653061225	1	-0.0158224261581494	4	6
GO:0006474	N-terminal protein amino acid acetylation	13	0.0283418367346939	1.19084391110833e-30	2.52569601193644	8	28
GO:0006475	internal protein amino acid acetylation	0	0.00102040816326531	1	-0.0019601846856715	2	1
GO:0006476	protein deacetylation	2	0.032015306122449	0.000501681774656976	1.27238627958342	7	21
GO:0006477	protein sulfation	0	0	1	0	1	0
GO:0006481	C-terminal protein methylation	0	5.10204081632653e-05	1	-9.81358440319546e-05	2	1
GO:0006482	protein demethylation	0	5.10204081632653e-05	1	-9.81358440319546e-05	2	1
GO:0006489	dolichyl diphosphate biosynthetic process	3	0.0194132653061225	1.20177809993532e-06	1.54855376116963	5	10
GO:0006497	protein lipidation	1	0.0167602040816327	0.0166205332536821	0.905694430407346	4	6
GO:0006499	N-terminal protein myristoylation	0	0	1	0	1	0
GO:0006505	GPI anchor metabolic process	0	5.10204081632653e-05	1	-9.81358440319546e-05	2	1
GO:0006516	glycoprotein catabolic process	1	0.00948979591836735	0.00944490990366829	0.919207201457224	7	21
GO:0006517	protein deglycosylation	0	0	1	0	1	0
GO:0006518	peptide metabolic process	0	0.00137755102040816	1	-0.00264499285307473	5	10
GO:0006525	arginine metabolic process	1	0.00278061224489796	0.0027767499208935	0.931905524607308	3	3
GO:0006526	L-arginine biosynthetic process	6	0.016734693877551	2.99989706082838e-14	2.01223826550724	4	6
GO:0006527	arginine catabolic process	1	0.00364795918367347	0.00364131345680061	0.930251280276827	3	3
GO:0006529	asparagine biosynthetic process	0	0	1	0	1	0
GO:0006531	aspartate metabolic process	1	0.00298469387755102	0.00297581198972455	0.931515949213815	2	1
GO:0006534	cysteine metabolic process	3	0.0227295918367347	1.92408551697159e-06	1.54251384583217	4	6
GO:0006535	cysteine biosynthetic process from serine	1	0.00321428571428571	0.00320398718405126	0.931077928238645	2	1
GO:0006537	glutamate biosynthetic process	6	0.030484693877551	1.08123276749843e-12	1.98735298991805	4	6
GO:0006538	glutamate catabolic process	3	0.0175765306122449	8.89231473473158e-07	1.55192083512568	3	3
GO:0006541	glutamine metabolic process	4	0.0753061224489796	1.26176610346564e-06	1.64015250942946	10	45
GO:0006543	glutamine catabolic process	1	0.00308673469387755	0.00307723608250045	0.931321240387356	2	1
GO:0006544	glycine metabolic process	0	0.00229591836734694	1	-0.00440294868767055	3	3
GO:0006546	glycine catabolic process	3	0.0113265306122449	2.39453069998094e-07	1.56349742017485	3	3
GO:0006548	L-histidine catabolic process	7	0.0100765306122449	2.07452070132082e-18	2.12971297342539	7	21
GO:0006550	isoleucine catabolic process	0	0.00716836734693878	1	-0.0136588868003891	3	3
GO:0006552	L-leucine catabolic process	9	0.0243622448979592	8.15025907726166e-21	2.27652441817989	6	15
GO:0006554	lysine catabolic process	0	0.0010969387755102	1	-0.00210698403233245	4	6
GO:0006555	methionine metabolic process	1	0.0238265306122449	0.0235449198678821	0.892799165046719	6	15
GO:0006556	S-adenosylmethionine biosynthetic process	3	0.00635204081632653	4.2512821209901e-08	1.57284608832436	4	6
GO:0006559	L-phenylalanine catabolic process	9	0.0329591836734694	1.22784720867391e-19	2.26116098382059	7	21
GO:0006560	proline metabolic process	1	0.00244897959183673	0.00244299674267101	0.932539033701618	2	1
GO:0006561	proline biosynthetic process	3	0.00813775510204082	8.90898885559792e-08	1.56947619922498	3	3
GO:0006562	proline catabolic process	2	0.0121428571428571	7.31303813699662e-05	1.30849479196102	4	6
GO:0006563	L-serine metabolic process	4	0.0117857142857143	7.96376465672151e-10	1.74983830058448	4	6
GO:0006564	L-serine biosynthetic process	3	0.00183673469387755	1.03083784439466e-09	1.58143799442389	3	3
GO:0006565	L-serine catabolic process	4	0.0117602040816327	7.895198917231e-10	1.74988587816722	4	6
GO:0006568	L-tryptophan metabolic process	0	0.00405612244897959	1	-0.00776043587224062	3	3
GO:0006569	L-tryptophan catabolic process	5	0.0110459183673469	1.35778427756906e-12	1.89971019501067	5	10
GO:0006570	tyrosine metabolic process	0	0.000102040816326531	1	-0.000196258338972743	2	1
GO:0006572	tyrosine catabolic process	7	0.0114030612244898	4.92477903024074e-18	2.12723231023976	5	10
GO:0006574	valine catabolic process	1	0.00280612244897959	0.00280218896494683	0.93185681617551	3	3
GO:0006576	biogenic amine metabolic process	0	0.000280612244897959	1	-0.000539581999583372	2	1
GO:0006579	amino-acid betaine catabolic process	1	0.00178571428571429	0.0017825311942959	0.933807723437539	2	1
GO:0006581	acetylcholine catabolic process	0	0.000153061224489796	1	-0.000294367488453351	2	1
GO:0006583	melanin biosynthetic process from tyrosine	4	0.0075765306122449	1.36470336615016e-10	1.75773136921511	4	6
GO:0006584	catecholamine metabolic process	4	0.0162755102040816	2.88585196218773e-09	1.74151314827034	6	15
GO:0006589	octopamine biosynthetic process	0	0.000153061224489796	1	-0.000294367488453351	2	1
GO:0006595	polyamine metabolic process	4	0.00658163265306123	7.77744361083169e-11	1.75960969131112	4	6
GO:0006596	polyamine biosynthetic process	0	0.00229591836734694	1	-0.00440294868767055	4	6
GO:0006597	spermine biosynthetic process	0	0	1	0	1	0
GO:0006598	polyamine catabolic process	0	0	1	0	1	0
GO:0006600	creatine metabolic process	3	0.00696428571428571	5.6002894192009e-08	1.57168892341538	4	6
GO:0006601	creatine biosynthetic process	1	0.00229591836734694	0.00229065920081446	0.9328316102704	2	1
GO:0006610	ribosomal protein import into nucleus	1	2.55102040816327e-05	2.55095533277212e-05	0.937185489367191	2	1
GO:0006613	cotranslational protein targeting to membrane	3	0.0116071428571429	2.58371821962578e-07	1.56297365219086	7	21
GO:0006614	SRP-dependent cotranslational protein targeting to membrane	1	0.00354591836734694	0.00353963902301976	0.930445700470833	4	6
GO:0006616	SRP-dependent cotranslational protein targeting to membrane, translocation	1	0.000433673469387755	0.000433579446639472	0.936400829535445	3	3
GO:0006617	SRP-dependent cotranslational protein targeting to membrane, signal sequence recognition	3	0.00122448979591837	3.05620492695157e-10	1.58261091747979	3	3
GO:0006620	post-translational protein targeting to endoplasmic reticulum membrane	7	0.0110714285714286	4.00671264694265e-18	2.12785167672976	6	15
GO:0006621	protein retention in ER lumen	3	0.0104336734693878	1.87829107306399e-07	1.56516648932366	5	10
GO:0006623	protein targeting to vacuole	7	0.102525510204082	2.1600332643724e-11	1.97449666894114	11	55
GO:0006624	vacuolar protein processing	0	7.6530612244898e-05	1	-0.00014719875991176	2	1
GO:0006625	protein targeting to peroxisome	15	0.0649489795918367	1.11082204547428e-30	2.56355318728121	8	28
GO:0006627	protein processing involved in protein targeting to mitochondrion	1	0.000331632653061225	0.000331577669031271	0.936596914489543	4	6
GO:0006640	monoacylglycerol biosynthetic process	4	0.00913265306122449	2.87742538932044e-10	1.75480325348281	7	21
GO:0006642	triglyceride mobilization	0	0.000892857142857143	1	-0.00171545270013673	2	1
GO:0006643	membrane lipid metabolic process	0	0.000459183673469388	1	-0.000882742333834563	2	1
GO:0006646	phosphatidylethanolamine biosynthetic process	8	0.0571683673469388	2.68945059445556e-15	2.13821190382263	9	36
GO:0006649	phospholipid transfer to membrane	0	0	1	0	1	0
GO:0006650	glycerophospholipid metabolic process	1	0.017015306122449	0.0168713633675488	0.905224864240235	5	10
GO:0006651	diacylglycerol biosynthetic process	4	0.0268367346938776	2.11537608248176e-08	1.72230082746667	7	21
GO:0006655	phosphatidylglycerol biosynthetic process	1	0.0100255102040816	0.00997542230199699	0.918202838760286	4	6
GO:0006657	CDP-choline pathway	6	0.0185459183673469	5.56230690867213e-14	2.00891072986934	5	10
GO:0006658	phosphatidylserine metabolic process	1	0.00206632653061225	0.00206419314762164	0.933270697746945	4	6
GO:0006659	phosphatidylserine biosynthetic process	1	0.00405612244897959	0.00404790748382935	0.92947412308583	3	3
GO:0006660	phosphatidylserine catabolic process	0	0	1	0	1	0
GO:0006663	platelet activating factor biosynthetic process	0	0.00119897959183673	1	-0.00230267003433127	3	3
GO:0006664	glycolipid metabolic process	0	0.0038265306122449	1	-0.00732338798220078	3	3
GO:0006670	sphingosine metabolic process	0	0.000204081632653061	1	-0.000392463296103651	2	1
GO:0006677	glycosylceramide metabolic process	0	0.000102040816326531	1	-0.000196258338972743	2	1
GO:0006679	glucosylceramide biosynthetic process	0	0	1	0	1	0
GO:0006682	galactosylceramide biosynthetic process	1	0.00420918367346939	0.00420033747597996	0.929182904866112	4	6
GO:0006684	sphingomyelin metabolic process	6	0.0123214285714286	4.80892173890634e-15	2.02041105806578	5	10
GO:0006685	sphingomyelin catabolic process	6	0.00915816326530612	8.11970877910079e-16	2.02632651298312	4	6
GO:0006686	sphingomyelin biosynthetic process	7	0.0678316326530612	1.23546656959512e-12	2.02890643143332	9	36
GO:0006687	glycosphingolipid metabolic process	0	0.0106632653061224	1	-0.0202255695988289	6	15
GO:0006689	ganglioside catabolic process	3	0.0277040816326531	3.47106292236602e-06	1.53354775108318	7	21
GO:0006690	icosanoid metabolic process	6	0.0392857142857143	4.93692312707844e-12	1.97186368189445	8	28
GO:0006691	leukotriene metabolic process	2	0.0279081632653061	0.000382262487076149	1.27970228615408	7	21
GO:0006700	C21-steroid hormone biosynthetic process	1	0.014515306122449	0.0144104669371464	0.909839846491661	4	6
GO:0006701	progesterone biosynthetic process	0	0.0102295918367347	1	-0.019413967021564	4	6
GO:0006702	androgen biosynthetic process	3	0.00711734693877551	5.96639681142462e-08	1.57139992200108	3	3
GO:0006703	estrogen biosynthetic process	15	0.0675510204081633	1.99746439684675e-30	2.55929940568304	7	21
GO:0006704	glucocorticoid biosynthetic process	4	0.0285459183673469	2.70428023957481e-08	1.71923913436696	5	10
GO:0006705	mineralocorticoid biosynthetic process	1	0.00364795918367347	0.00363469994662329	0.930251280276827	2	1
GO:0006706	steroid catabolic process	0	0.00329081632653061	1	-0.00630257862492001	3	3
GO:0006707	cholesterol catabolic process	4	0.0235459183673469	1.25682212985097e-08	1.72823257914776	6	15
GO:0006710	androgen catabolic process	0	0.00275510204081633	1	-0.00528032262974254	2	1
GO:0006720	isoprenoid metabolic process	0	0.000535714285714286	1	-0.00102976108914732	3	3
GO:0006726	eye pigment biosynthetic process	1	0.00107142857142857	0.00107028184088477	0.935176504721955	2	1
GO:0006729	tetrahydrobiopterin biosynthetic process	8	0.0542857142857143	1.78243554270929e-15	2.14303956078946	7	21
GO:0006734	NADH metabolic process	0	0.00232142857142857	1	-0.00445171969072788	2	1
GO:0006739	NADP metabolic process	1	0.0371938775510204	0.0365106817096427	0.869018318652201	7	21
GO:0006740	NADPH regeneration	1	0.00571428571428571	0.00569799019348047	0.926325503855225	3	3
GO:0006741	NADP biosynthetic process	0	0	1	0	1	0
GO:0006742	NADP catabolic process	0	0	1	0	1	0
GO:0006743	ubiquinone metabolic process	0	0	1	0	1	0
GO:0006750	glutathione biosynthetic process	24	0.106352040816327	6.38053742473022e-48	2.8310830008024	12	66
GO:0006751	glutathione catabolic process	10	0.0348469387755102	7.0489929925949e-22	2.33094115203005	7	21
GO:0006753	nucleoside phosphate metabolic process	0	0	1	0	1	0
GO:0006760	folic acid-containing compound metabolic process	2	0.0107908163265306	5.78037147376715e-05	1.3110184038015	4	6
GO:0006766	vitamin metabolic process	4	0.00323979591836735	4.57861170749898e-12	1.76595497480956	5	10
GO:0006768	biotin metabolic process	2	0.00198979591836735	1.97701979859882e-06	1.3276650670567	4	6
GO:0006771	riboflavin metabolic process	1	0.000306122448979592	0.00030602876670407	0.936645944057646	2	1
GO:0006772	thiamine metabolic process	1	0.000280612244897959	0.000280533523756089	0.936694976958487	2	1
GO:0006776	vitamin A metabolic process	4	0.0174234693877551	3.78682757828044e-09	1.73939989273594	6	15
GO:0006777	Mo-molybdopterin cofactor biosynthetic process	7	0.0184948979591837	1.44512608682865e-16	2.11411310716382	6	15
GO:0006778	porphyrin-containing compound metabolic process	0	0.000612244897959184	1	-0.00117674988648608	2	1
GO:0006779	porphyrin-containing compound biosynthetic process	0	0.00188775510204082	1	-0.0036221638511168	3	3
GO:0006782	protoporphyrinogen IX biosynthetic process	19	0.0503061224489796	1.67860056047449e-42	2.75477543844283	9	36
GO:0006784	heme A biosynthetic process	26	0.0718877551020408	4.33856619638705e-57	2.9415573843621	10	45
GO:0006785	heme B biosynthetic process	24	0.0486479591836735	4.7485790886169e-56	2.92319624468648	8	28
GO:0006788	heme oxidation	1	0.00275510204081633	0.00274753230894474	0.931954236328328	2	1
GO:0006808	regulation of nitrogen utilization	0	0	1	0	1	0
GO:0006817	phosphate ion transport	5	0.0147448979591837	5.73709698860781e-12	1.89283135622885	7	21
GO:0006820	monoatomic anion transport	1	0.0130357142857143	0.0129511173550241	0.912585135644172	6	15
GO:0006824	cobalt ion transport	0	0.00423469387755102	1	-0.00810017903365046	6	15
GO:0006825	copper ion transport	8	0.0266071428571429	6.08408844537593e-18	2.19111617825614	9	36
GO:0006828	manganese ion transport	1	0.000433673469387755	0.000433579446639472	0.936400829535445	3	3
GO:0006829	zinc ion transport	2	0.00198979591836735	1.97701979859882e-06	1.3276650670567	6	15
GO:0006837	serotonin transport	0	0.000229591836734694	1	-0.000441506197876307	4	6
GO:0006839	mitochondrial transport	0	0.010484693877551	1	-0.0198914908841268	5	10
GO:0006850	mitochondrial pyruvate transmembrane transport	1	2.55102040816327e-05	2.55095533277212e-05	0.937185489367191	2	1
GO:0006853	carnitine shuttle	6	0.00900510204081633	7.33987168438552e-16	2.02661397878944	4	6
GO:0006858	extracellular transport	1	0.000204081632653061	0.0002040399918384	0.936842095661967	2	1
GO:0006867	asparagine transport	1	0.000637755102040816	0.000637551779474472	0.936008819461022	3	3
GO:0006868	glutamine transport	2	0.0026530612244898	3.51314838841316e-06	1.32639706351665	7	21
GO:0006873	intracellular monoatomic ion homeostasis	1	0.0025	0.00249687760091958	0.932441534543472	3	3
GO:0006885	regulation of pH	1	0.0104336734693878	0.0103794315098959	0.917438547560575	7	21
GO:0006896	Golgi to vacuole transport	5	0.0749489795918367	1.8515981541662e-08	1.78921571414344	8	28
GO:0006901	vesicle coating	53	0.342602040816327	3.68906584157595e-95	3.10841818065418	11	55
GO:0006903	vesicle targeting	0	0.00489795918367347	1	-0.00936068312021188	4	6
GO:0006907	pinocytosis	0	0.0114030612244898	1	-0.0216079640805862	3	3
GO:0006910	phagocytosis, recognition	0	0.0145408163265306	1	-0.0274419535365624	7	21
GO:0006921	cellular component disassembly involved in execution phase of apoptosis	0	0	1	0	1	0
GO:0006924	activation-induced cell death of T cells	0	0.00869897959183674	1	-0.0165421663187466	4	6
GO:0006925	inflammatory cell apoptotic process	0	0.00127551020408163	1	-0.00244939970641966	2	1
GO:0006929	substrate-dependent cell migration	0	0.00385204081632653	1	-0.00737196193733469	4	6
GO:0006930	substrate-dependent cell migration, cell extension	0	0.0288010204081633	1	-0.053376980383253	6	15
GO:0006933	negative regulation of cell adhesion involved in substrate-bound cell migration	0	0.000153061224489796	1	-0.000294367488453351	2	1
GO:0006937	regulation of muscle contraction	5	0.0824489795918368	2.96438987670387e-08	1.77729100227067	9	36
GO:0006942	regulation of striated muscle contraction	3	0.0641326530612245	4.19016029436893e-05	1.47107939128179	8	28
GO:0006949	syncytium formation	0	0.000892857142857143	1	-0.00171545270013673	3	3
GO:0006950	response to stress	0	0.000229591836734694	1	-0.000441506197876307	2	1
GO:0006970	response to osmotic stress	0	0.00716836734693878	1	-0.0136588868003891	6	15
GO:0006972	hyperosmotic response	1	0.00431122448979592	0.00430194450232148	0.928988824681866	5	10
GO:0006982	response to lipid hydroperoxide	0	0.00252551020408163	1	-0.00484176905227984	2	1
GO:0006983	ER overload response	1	0.0163265306122449	0.0161939751818395	0.906493395068467	8	28
GO:0006995	cellular response to nitrogen starvation	3	0.032015306122449	5.33951774551954e-06	1.52586627394336	6	15
GO:0006996	organelle organization	1	0.00846938775510204	0.00843362352888259	0.921124150553587	5	10
GO:0006999	nuclear pore organization	3	0.00864795918367347	1.06864604380522e-07	1.56851625827495	3	3
GO:0007000	nucleolus organization	0	0.000714285714285714	1	-0.00137268836940874	3	3
GO:0007006	mitochondrial membrane organization	0	0.005	1	-0.00955441147385239	3	3
GO:0007021	tubulin complex assembly	3	0.00438775510204082	1.40328816573743e-08	1.57657124056696	6	15
GO:0007023	post-chaperonin tubulin folding pathway	3	0.000535714285714286	2.56103654070589e-11	1.58393273963201	3	3
GO:0007028	cytoplasm organization	0	0.00479591836734694	1	-0.0091669027240312	5	10
GO:0007033	vacuole organization	1	0.0707142857142857	0.0682719378807548	0.812620255803689	11	55
GO:0007034	vacuolar transport	0	0.000331632653061225	1	-0.000637644468527876	4	6
GO:0007039	protein catabolic process in the vacuole	0	0.000612244897959184	1	-0.00117674988648608	2	1
GO:0007044	cell-substrate junction assembly	0	0	1	0	1	0
GO:0007056	spindle assembly involved in female meiosis	3	0.00576530612244898	3.18008154339366e-08	1.57395678263385	5	10
GO:0007057	spindle assembly involved in female meiosis I	0	0	1	0	1	0
GO:0007060	male meiosis chromosome segregation	0	0.000280612244897959	1	-0.000539581999583372	2	1
GO:0007077	mitotic nuclear membrane disassembly	0	0.000586734693877551	1	-0.00112775694861655	3	3
GO:0007079	mitotic chromosome movement towards spindle pole	0	0	1	0	1	0
GO:0007084	mitotic nuclear membrane reassembly	0	0.0267091836734694	1	-0.0496304241604224	8	28
GO:0007089	traversing start control point of mitotic cell cycle	0	2.55102040816327e-05	1	-4.90695908794692e-05	2	1
GO:0007091	metaphase/anaphase transition of mitotic cell cycle	0	0	1	0	1	0
GO:0007096	regulation of exit from mitosis	3	0.0170918367346939	8.21580589130691e-07	1.55281199573763	9	36
GO:0007100	mitotic centrosome separation	1	0.0013265306122449	0.00132565115930025	0.934687356048946	3	3
GO:0007113	endomitotic cell cycle	0	0.000816326530612245	1	-0.0015685736443245	3	3
GO:0007127	meiosis I	0	0.0023469387755102	1	-0.0045004873965534	4	6
GO:0007143	female meiotic nuclear division	0	0.000688775510204082	1	-0.00132370873805776	3	3
GO:0007144	female meiosis I	0	0.00278061224489796	1	-0.00532903435076215	5	10
GO:0007161	calcium-independent cell-matrix adhesion	0	0	1	0	1	0
GO:0007167	enzyme-linked receptor protein signaling pathway	0	0.00130102040816327	1	-0.00249830296534115	3	3
GO:0007168	receptor guanylyl cyclase signaling pathway	14	0.0603826530612245	9.28730717151288e-29	2.5225671092092	11	55
GO:0007171	activation of transmembrane receptor protein tyrosine kinase activity	0	0.0109438775510204	1	-0.0207502380336954	6	15
GO:0007172	signal complex assembly	0	0.00303571428571429	1	-0.00581597072705231	3	3
GO:0007174	epidermal growth factor catabolic process	0	0.00431122448979592	1	-0.00824573427620479	2	1
GO:0007175	negative regulation of epidermal growth factor-activated receptor activity	0	0.00709183673469388	1	-0.0135144198576629	4	6
GO:0007178	cell surface receptor protein serine/threonine kinase signaling pathway	0	0.00357142857142857	1	-0.00683746844853828	5	10
GO:0007181	transforming growth factor beta receptor complex assembly	0	0.00048469387755102	1	-0.000931751915023038	3	3
GO:0007185	cell surface receptor protein tyrosine phosphatase signaling pathway	0	0.00372448979591837	1	-0.00712905944642306	4	6
GO:0007191	adenylate cyclase-activating dopamine receptor signaling pathway	4	0.0309183673469388	3.71465405092737e-08	1.71501074500058	8	28
GO:0007192	adenylate cyclase-activating serotonin receptor signaling pathway	1	0.00244897959183673	0.00244598328628555	0.932539033701618	3	3
GO:0007194	negative regulation of adenylate cyclase activity	1	0.0187755102040816	0.0186003482769597	0.901993161992988	8	28
GO:0007195	adenylate cyclase-inhibiting dopamine receptor signaling pathway	1	0.000994897959183673	0.000994403212256155	0.935323314027528	3	3
GO:0007196	adenylate cyclase-inhibiting G protein-coupled glutamate receptor signaling pathway	8	0.0228316326530612	1.79457837101523e-18	2.1979296460431	9	36
GO:0007197	adenylate cyclase-inhibiting G protein-coupled acetylcholine receptor signaling pathway	4	0.00989795918367347	3.96764728111969e-10	1.7533675450799	5	10
GO:0007198	adenylate cyclase-inhibiting serotonin receptor signaling pathway	2	0.00357142857142857	6.36238669234622e-06	1.32464503791268	5	10
GO:0007199	G protein-coupled receptor signaling pathway coupled to cGMP nucleotide second messenger	0	0	1	0	1	0
GO:0007206	phospholipase C-activating G protein-coupled glutamate receptor signaling pathway	3	0.00951530612244898	1.42227834984098e-07	1.56688728470177	3	3
GO:0007207	phospholipase C-activating G protein-coupled acetylcholine receptor signaling pathway	2	0.00410714285714286	8.41125280696932e-06	1.32362498468527	4	6
GO:0007208	phospholipase C-activating serotonin receptor signaling pathway	3	0.00262755102040816	3.01749410769139e-09	1.57992578605038	4	6
GO:0007210	serotonin receptor signaling pathway	12	0.0129081632653061	4.41430055743234e-32	2.49778478911772	9	36
GO:0007212	G protein-coupled dopamine receptor signaling pathway	0	0.0130102040816327	1	-0.0246019990003851	7	21
GO:0007216	G protein-coupled glutamate receptor signaling pathway	18	0.0519897959183674	1.14497486664414e-39	2.71369942329246	13	78
GO:0007217	tachykinin receptor signaling pathway	11	0.0226275510204082	1.9536641832861e-26	2.41915250626666	8	28
GO:0007220	Notch receptor processing	10	0.0187755102040816	1.47483063211315e-24	2.3597970683478	7	21
GO:0007221	positive regulation of transcription of Notch receptor target	6	0.0143622448979592	1.20408120216971e-14	2.01662021956832	5	10
GO:0007223	Wnt signaling pathway, calcium modulating pathway	1	0.0108163265306122	0.010758039848022	0.916722759269998	3	3
GO:0007231	osmosensory signaling pathway	0	0.0160714285714286	1	-0.0302707709675254	7	21
GO:0007250	activation of NF-kappaB-inducing kinase activity	2	0.0216581632653061	0.000231178922127799	1.29097968411383	8	28
GO:0007252	I-kappaB phosphorylation	0	0.00104591836734694	1	-0.0020091211207125	3	3
GO:0007260	tyrosine phosphorylation of STAT protein	0	0.00221938775510204	1	-0.00425661589064885	4	6
GO:0007263	nitric oxide mediated signal transduction	3	0.00413265306122449	1.17270733069542e-08	1.57705644104294	8	28
GO:0007270	neuron-neuron synaptic transmission	0	0.00313775510204082	1	-0.00601065327878914	4	6
GO:0007284	spermatogonial cell division	0	0.00196428571428571	1	-0.00376862539683553	2	1
GO:0007289	spermatid nucleus differentiation	0	0.00793367346938776	1	-0.0151019671438583	8	28
GO:0007290	spermatid nucleus elongation	0	5.10204081632653e-05	1	-9.81358440319546e-05	2	1
GO:0007296	vitellogenesis	0	0.000102040816326531	1	-0.000196258338972743	2	1
GO:0007309	oocyte axis specification	0	0.00142857142857143	1	-0.00274276954186492	2	1
GO:0007320	insemination	0	0.00589285714285714	1	-0.0112473188935432	3	3
GO:0007341	penetration of zona pellucida	0	0.00747448979591837	1	-0.0142364654157089	4	6
GO:0007343	egg activation	0	0	1	0	1	0
GO:0007352	zygotic specification of dorsal/ventral axis	0	0.000153061224489796	1	-0.000294367488453351	2	1
GO:0007356	thorax and anterior abdomen determination	0	0.00048469387755102	1	-0.000931751915023038	3	3
GO:0007379	segment specification	0	5.10204081632653e-05	1	-9.81358440319546e-05	2	1
GO:0007386	compartment pattern specification	2	0.00272959183673469	3.71856132617753e-06	1.32625089874216	3	3
GO:0007398	ectoderm development	0	0.0245918367346939	1	-0.0458182574963031	5	10
GO:0007406	negative regulation of neuroblast proliferation	0	0.0169642857142857	1	-0.0319158059346178	8	28
GO:0007412	axon target recognition	0	0	1	0	1	0
GO:0007418	ventral midline development	3	0.0105867346938776	1.95675782155434e-07	1.56488008876917	3	3
GO:0007431	salivary gland development	0	0	1	0	1	0
GO:0007435	salivary gland morphogenesis	1	0.0121683673469388	0.0120946321470224	0.914199313999402	5	10
GO:0007442	hindgut morphogenesis	3	0.00979591836734694	1.5514218672868e-07	1.56636105045587	3	3
GO:0007493	endodermal cell fate determination	0	0.000306122448979592	1	-0.000588614900424389	2	1
GO:0007494	midgut development	3	0.0195408163265306	1.22550508795605e-06	1.54832051917178	5	10
GO:0007497	posterior midgut development	0	0.0025	1	-0.00479302441459906	2	1
GO:0007500	mesodermal cell fate determination	0	0.00153061224489796	1	-0.00293828316833478	2	1
GO:0007501	mesodermal cell fate specification	2	0.00232142857142857	2.69034885087078e-06	1.32703078667049	6	15
GO:0007506	gonadal mesoderm development	0	0.00130102040816327	1	-0.00249830296534115	3	3
GO:0007509	mesoderm migration involved in gastrulation	0	0	1	0	1	0
GO:0007512	adult heart development	4	0.0670408163265306	7.97773661575884e-07	1.65351576161329	11	55
GO:0007518	myoblast fate determination	0	0	1	0	1	0
GO:0007521	muscle cell fate determination	0	0	1	0	1	0
GO:0007525	somatic muscle development	0	0.00272959183673469	1	-0.0052316076190575	4	6
GO:0007529	establishment of synaptic specificity at neuromuscular junction	0	0.00280612244897959	1	-0.00537774278256054	2	1
GO:0007530	sex determination	2	0.0132142857142857	8.6543323640148e-05	1.3065012001243	5	10
GO:0007567	parturition	1	0.0188775510204082	0.0187004859894102	0.901806260185894	6	15
GO:0007589	body fluid secretion	2	0.0260459183673469	0.000333362298666886	1.28304408930638	6	15
GO:0007597	blood coagulation, intrinsic pathway	6	0.0333673469387755	1.86285991226326e-12	1.98224296197784	7	21
GO:0007599	hemostasis	0	0.0134183673469388	1	-0.0253604141265709	6	15
GO:0007600	sensory perception	5	0.0266836734693878	1.10253597808315e-10	1.87106651285264	9	36
GO:0007603	phototransduction, visible light	2	0.0270663265306122	0.000359750148818004	1.28121104716519	6	15
GO:0007614	short-term memory	0	0.00517857142857143	1	-0.00989331094940449	6	15
GO:0007617	mating behavior	0	0.00880102040816326	1	-0.0167339758048051	4	6
GO:0007620	copulation	0	0	1	0	1	0
GO:0007621	negative regulation of female receptivity	1	0.00410714285714286	0.00409872008104553	0.929377037282124	4	6
GO:0007622	rhythmic behavior	0	0	1	0	1	0
GO:0007632	visual behavior	2	0.0286989795918367	0.000404020738612613	1.27828783406523	6	15
GO:0007634	optokinetic behavior	0	5.10204081632653e-05	1	-9.81358440319546e-05	2	1
GO:0007635	chemosensory behavior	0	0.000612244897959184	1	-0.00117674988648608	3	3
GO:0007638	mechanosensory behavior	0	0	1	0	1	0
GO:0008037	cell recognition	2	0.0394132653061225	0.000756592969447269	1.25939271205834	8	28
GO:0008038	neuron recognition	0	0	1	0	1	0
GO:0008039	synaptic target recognition	0	0	1	0	1	0
GO:0008050	female courtship behavior	1	7.6530612244898e-05	7.65247557584879e-05	0.937087360198159	2	1
GO:0008063	Toll signaling pathway	1	7.6530612244898e-05	7.65247557584879e-05	0.937087360198159	2	1
GO:0008064	regulation of actin polymerization or depolymerization	0	0.00451530612244898	1	-0.00863373806176859	4	6
GO:0008065	establishment of blood-nerve barrier	0	0.000535714285714286	1	-0.00102976108914732	2	1
GO:0008078	mesodermal cell migration	0	0	1	0	1	0
GO:0008088	axo-dendritic transport	0	0.00446428571428571	1	-0.00853675667947074	3	3
GO:0008090	retrograde axonal transport	2	0.0808673469387755	0.00309871812857754	1.19062076670233	8	28
GO:0008207	C21-steroid hormone metabolic process	0	0	1	0	1	0
GO:0008211	glucocorticoid metabolic process	0	0.00528061224489796	1	-0.0100868963300885	4	6
GO:0008219	cell death	0	0.00188775510204082	1	-0.0036221638511168	4	6
GO:0008228	opsonization	5	0.0336224489795918	3.48178523927848e-10	1.85871219214013	7	21
GO:0008292	acetylcholine biosynthetic process	0	0	1	0	1	0
GO:0008295	spermidine biosynthetic process	0	0	1	0	1	0
GO:0008298	intracellular mRNA localization	1	0.00520408163265306	0.00519056385919802	0.927292846792796	7	21
GO:0008299	isoprenoid biosynthetic process	14	0.0882142857142857	1.82551847938001e-26	2.4778691992625	10	45
GO:0008334	histone mRNA metabolic process	0	0	1	0	1	0
GO:0008343	adult feeding behavior	5	0.024030612244898	6.54558482909388e-11	1.87584671016766	8	28
GO:0008347	glial cell migration	0	0.0230612244897959	1	-0.0430498742067366	8	28
GO:0008354	germ cell migration	0	0.000178571428571429	1	-0.000343417059780471	3	3
GO:0008356	asymmetric cell division	1	0.0258928571428571	0.0255605117532511	0.889071500420558	5	10
GO:0008366	axon ensheathment	1	0.00232142857142857	0.00231873613995455	0.932782839267343	5	10
GO:0008406	gonad development	1	0.0270663265306122	0.0267033160088837	0.886963099762049	11	55
GO:0008535	respiratory chain complex IV assembly	1	0.00168367346938776	0.00168225688601081	0.934003104673957	3	3
GO:0008582	regulation of synaptic assembly at neuromuscular junction	2	0.0135459183673469	9.09216235879562e-05	1.30588525094137	9	36
GO:0008594	photoreceptor cell morphogenesis	0	0.00145408163265306	1	-0.0027916529166977	4	6
GO:0008595	anterior/posterior axis specification, embryo	0	0.00913265306122449	1	-0.0173570046290905	6	15
GO:0008611	ether lipid biosynthetic process	3	0.0388520408163265	9.49396566232505e-06	1.51385026265078	6	15
GO:0008612	peptidyl-lysine modification to peptidyl-hypusine	1	2.55102040816327e-05	2.55095533277212e-05	0.937185489367191	2	1
GO:0008615	pyridoxine biosynthetic process	0	0.00038265306122449	1	-0.000735693608334143	2	1
GO:0008627	intrinsic apoptotic signaling pathway in response to osmotic stress	0	0	1	0	1	0
GO:0008628	hormone-mediated apoptotic signaling pathway	0	0.0025	1	-0.00479302441459906	3	3
GO:0008643	carbohydrate transport	0	5.10204081632653e-05	1	-9.81358440319546e-05	2	1
GO:0009048	dosage compensation by inactivation of X chromosome	5	0.0307908163265306	2.24794299081987e-10	1.8637283172722	7	21
GO:0009051	pentose-phosphate shunt, oxidative branch	1	0.000127551020408163	0.000127534753220253	0.936989244376402	2	1
GO:0009052	pentose-phosphate shunt, non-oxidative branch	3	0.00260204081632653	2.93051251225441e-09	1.57997451751606	4	6
GO:0009056	catabolic process	0	0	1	0	1	0
GO:0009058	biosynthetic process	5	0.0905867346938776	4.71403585584975e-08	1.76457144771629	11	55
GO:0009059	macromolecule biosynthetic process	0	0.00183673469387755	1	-0.00352450629726231	2	1
GO:0009062	fatty acid catabolic process	3	0.026734693877551	3.12156352776138e-06	1.53528626944718	9	36
GO:0009063	amino acid catabolic process	1	0.000739795918367347	0.000739522336823459	0.935812894282811	3	3
GO:0009064	glutamine family amino acid metabolic process	1	0.000408163265306122	0.000407996736026112	0.936449845777128	2	1
GO:0009066	aspartate family amino acid metabolic process	0	0.000204081632653061	1	-0.000392463296103651	2	1
GO:0009069	serine family amino acid metabolic process	0	0.00244897959183673	1	-0.00469552525645312	2	1
GO:0009072	aromatic amino acid metabolic process	1	0.00533163265306123	0.00531744469247803	0.927050889416079	3	3
GO:0009081	branched-chain amino acid metabolic process	1	0.00255102040816327	0.00254452926208651	0.932344048561778	2	1
GO:0009082	branched-chain amino acid biosynthetic process	1	0.00142857142857143	0.0014265335235378	0.934491789416206	2	1
GO:0009083	branched-chain amino acid catabolic process	15	0.084515306122449	5.66403312491086e-29	2.53216484139186	10	45
GO:0009086	methionine biosynthetic process	5	0.0205867346938776	3.02902567224279e-11	1.88209940046239	4	6
GO:0009098	L-leucine biosynthetic process	1	0.00142857142857143	0.0014265335235378	0.934491789416206	2	1
GO:0009099	L-valine biosynthetic process	1	0.00142857142857143	0.0014265335235378	0.934491789416206	2	1
GO:0009100	glycoprotein metabolic process	0	0.014515306122449	1	-0.0273947124664093	7	21
GO:0009101	glycoprotein biosynthetic process	3	0.0474744897959184	1.72101492888126e-05	1.49897568351563	9	36
GO:0009113	purine nucleobase biosynthetic process	1	0.000918367346938775	0.000917524722193903	0.935470153217947	2	1
GO:0009116	nucleoside metabolic process	0	0.00183673469387755	1	-0.00352450629726231	2	1
GO:0009117	nucleotide metabolic process	0	0.000255102040816327	1	-0.000490545765551631	2	1
GO:0009142	nucleoside triphosphate biosynthetic process	1	0.00262755102040816	0.00262410202968676	0.932197844287296	4	6
GO:0009143	nucleoside triphosphate catabolic process	0	0.000153061224489796	1	-0.000294367488453351	2	1
GO:0009152	purine ribonucleotide biosynthetic process	0	0.00244897959183673	1	-0.00469552525645312	2	1
GO:0009156	ribonucleoside monophosphate biosynthetic process	3	0.00714285714285714	6.03062799160609e-08	1.57135176635364	3	3
GO:0009157	deoxyribonucleoside monophosphate biosynthetic process	1	0.000535714285714286	0.000535427449580582	0.936204797868923	2	1
GO:0009165	nucleotide biosynthetic process	2	0.0200510204081633	0.000198354680047907	1.2939083102592	6	15
GO:0009168	purine ribonucleoside monophosphate biosynthetic process	0	0	1	0	1	0
GO:0009185	ribonucleoside diphosphate metabolic process	0	0	1	0	1	0
GO:0009220	pyrimidine ribonucleotide biosynthetic process	0	0.000178571428571429	1	-0.000343417059780471	2	1
GO:0009224	CMP biosynthetic process	3	0.00216836734693878	1.69553053610123e-09	1.58080345652286	3	3
GO:0009225	nucleotide-sugar metabolic process	0	2.55102040816327e-05	1	-4.90695908794692e-05	2	1
GO:0009229	thiamine diphosphate biosynthetic process	2	0.000918367346938775	4.21441197615081e-07	1.32971810062109	4	6
GO:0009235	cobalamin metabolic process	8	0.0186224489795918	3.52846297101238e-19	2.2056023914448	8	28
GO:0009240	isopentenyl diphosphate biosynthetic process	1	0.000918367346938775	0.000917524722193903	0.935470153217947	2	1
GO:0009247	glycolipid biosynthetic process	0	0.0231632653061225	1	-0.0432347639989686	6	15
GO:0009249	protein lipoylation	1	0.000688775510204082	0.000688538358794138	0.935910850220013	3	3
GO:0009253	peptidoglycan catabolic process	1	7.6530612244898e-05	7.65276838522956e-05	0.937087360198159	3	3
GO:0009257	10-formyltetrahydrofolate biosynthetic process	1	0.0036734693877551	0.00366002440016267	0.930202683414852	2	1
GO:0009258	10-formyltetrahydrofolate catabolic process	1	0.00285714285714286	0.00285306510622158	0.9317594091778	3	3
GO:0009263	deoxyribonucleotide biosynthetic process	0	0	1	0	1	0
GO:0009264	deoxyribonucleotide catabolic process	0	0.000306122448979592	1	-0.000588614900424389	2	1
GO:0009265	2'-deoxyribonucleotide biosynthetic process	0	0	1	0	1	0
GO:0009266	response to temperature stimulus	0	0.0175	1	-0.0329010291978732	8	28
GO:0009268	response to pH	0	0.0039030612244898	1	-0.00746910003611401	3	3
GO:0009298	GDP-mannose biosynthetic process	8	0.0110969387755102	5.64704700237367e-21	2.21952708481641	5	10
GO:0009299	mRNA transcription	0	0.000790816326530612	1	-0.00151960731226586	3	3
GO:0009301	snRNA transcription	1	0.00204081632653061	0.00203873527609198	0.933319501746858	3	3
GO:0009303	rRNA transcription	2	0.0293877551020408	0.000423452434648343	1.27705814768277	9	36
GO:0009304	tRNA transcription	1	0.00163265306122449	0.00162999185004075	0.934100815140811	2	1
GO:0009308	amine metabolic process	2	0.00556122448979592	1.54063972303912e-05	1.32086351795504	5	10
GO:0009313	oligosaccharide catabolic process	5	0.0223979591836735	4.61059601706176e-11	1.87880419293369	10	45
GO:0009314	response to radiation	0	0.0690051020408163	1	-0.121842829499978	8	28
GO:0009395	phospholipid catabolic process	1	0.00959183673469388	0.00954598179686118	0.919015786431437	7	21
GO:0009404	toxin metabolic process	0	7.6530612244898e-05	1	-0.00014719875991176	2	1
GO:0009414	response to water deprivation	0	0	1	0	1	0
GO:0009435	NAD biosynthetic process	15	0.0521173469387755	4.14016152882613e-32	2.58490505372884	9	36
GO:0009436	glyoxylate catabolic process	0	0	1	0	1	0
GO:0009437	carnitine metabolic process	6	0.00839285714285714	4.81372767640985e-16	2.02776498897253	4	6
GO:0009438	methylglyoxal metabolic process	0	0.00038265306122449	1	-0.000735693608334143	2	1
GO:0009440	cyanate catabolic process	1	0.00431122448979592	0.0042927176204628	0.928988824681866	2	1
GO:0009447	putrescine catabolic process	1	0.000178571428571429	0.000178539546509552	0.93689114189829	2	1
GO:0009448	gamma-aminobutyric acid metabolic process	0	0.00168367346938776	1	-0.00323145428411353	2	1
GO:0009449	gamma-aminobutyric acid biosynthetic process	0	0.000586734693877551	1	-0.00112775694861655	3	3
GO:0009450	gamma-aminobutyric acid catabolic process	1	0.000561224489795918	0.00056090969353934	0.936155798275083	2	1
GO:0009451	RNA modification	0	0.00038265306122449	1	-0.000735693608334143	2	1
GO:0009582	detection of abiotic stimulus	1	0.00221938775510204	0.00221692673408063	0.932977943067422	3	3
GO:0009590	detection of gravity	0	0.000280612244897959	1	-0.000539581999583372	2	1
GO:0009595	detection of biotic stimulus	1	0.000612244897959184	0.000611870283499898	0.936057809071585	2	1
GO:0009609	response to symbiotic bacterium	1	0.000688775510204082	0.000688538358794138	0.935910850220013	3	3
GO:0009620	response to fungus	0	0.00301020408163265	1	-0.00576729187826741	3	3
GO:0009624	response to nematode	1	0.010969387755102	0.010909443405725	0.916436642711565	7	21
GO:0009629	response to gravity	0	0.00528061224489796	1	-0.0100868963300885	5	10
GO:0009631	cold acclimation	0	0	1	0	1	0
GO:0009635	response to herbicide	0	0.00602040816326531	1	-0.0114888388075566	3	3
GO:0009637	response to blue light	1	0.00372448979591837	0.00371756248669788	0.930105499511648	4	6
GO:0009642	response to light intensity	0	0.00548469387755102	1	-0.0104739113057429	4	6
GO:0009644	response to high light intensity	0	5.10204081632653e-05	1	-9.81358440319546e-05	2	1
GO:0009648	photoperiodism	0	0.00153061224489796	1	-0.00293828316833478	2	1
GO:0009649	entrainment of circadian clock	0	0.0013265306122449	1	-0.00254720290912458	3	3
GO:0009650	UV protection	0	0.00206632653061225	1	-0.00396386121112546	4	6
GO:0009651	response to salt stress	0	0.0308928571428571	1	-0.0571041781321815	5	10
GO:0009743	response to carbohydrate	1	0.0101530612244898	0.0101016928939689	0.917963910759544	5	10
GO:0009744	response to sucrose	0	0.0049234693877551	1	-0.00940912008651818	4	6
GO:0009750	response to fructose	0	0.000892857142857143	1	-0.00171545270013673	3	3
GO:0009756	carbohydrate mediated signaling	0	0.000204081632653061	1	-0.000392463296103651	2	1
GO:0009785	blue light signaling pathway	0	0	1	0	1	0
GO:0009786	regulation of asymmetric cell division	0	0.00553571428571429	1	-0.0105706326146093	4	6
GO:0009812	flavonoid metabolic process	3	0.00114795918367347	2.51915091942293e-10	1.58275766705215	5	10
GO:0009826	unidimensional cell growth	0	0	1	0	1	0
GO:0009888	tissue development	1	0.0305102040816327	0.0300494654377212	0.88081074763878	7	21
GO:0009890	negative regulation of biosynthetic process	0	0.000586734693877551	1	-0.00112775694861655	3	3
GO:0009893	positive regulation of metabolic process	0	0.000153061224489796	1	-0.000294367488453351	2	1
GO:0009912	auditory receptor cell fate commitment	0	0	1	0	1	0
GO:0009913	epidermal cell differentiation	1	0.00477040816326531	0.00475904783788516	0.928116109468009	4	6
GO:0009950	dorsal/ventral axis specification	1	0.0231632653061225	0.0228970562612675	0.893999794959102	5	10
GO:0009957	epidermal cell fate specification	1	0.00408163265306122	0.0040650406504065	0.929425578550636	2	1
GO:0009967	positive regulation of signal transduction	0	0.00869897959183674	1	-0.0165421663187466	5	10
GO:0009972	cytidine deamination	2	0.0050765306122449	1.28420550693103e-05	1.32178283275824	4	6
GO:0009988	cell-cell recognition	1	0.00994897959183673	0.0098996522155997	0.918346233556592	4	6
GO:0009992	intracellular water homeostasis	1	0.00553571428571429	0.0055204204531639	0.926663926343461	5	10
GO:0009994	oocyte differentiation	1	0.000663265306122449	0.000663045394303887	0.935959833177316	3	3
GO:0010002	cardioblast differentiation	0	0.000306122448979592	1	-0.000588614900424389	2	1
GO:0010025	wax biosynthetic process	1	0.00142857142857143	0.00142755150597023	0.934491789416206	3	3
GO:0010032	meiotic chromosome condensation	15	0.0145408163265306	2.07022344385909e-40	2.65133404877248	6	15
GO:0010037	response to carbon dioxide	0	0	1	0	1	0
GO:0010038	response to metal ion	0	0.00783163265306123	1	-0.0149097231503307	4	6
GO:0010040	response to iron(II) ion	0	0.00793367346938776	1	-0.0151019671438583	3	3
GO:0010041	response to iron(III) ion	0	0	1	0	1	0
GO:0010042	response to manganese ion	0	0.0140816326530612	1	-0.0265911405575131	6	15
GO:0010044	response to aluminum ion	0	0.000408163265306122	1	-0.000784713180942753	2	1
GO:0010046	response to mycotoxin	0	0.0026530612244898	1	-0.00508544284456569	2	1
GO:0010133	proline catabolic process to glutamate	2	0.00551020408163265	1.51254837538566e-05	1.32096023277994	3	3
GO:0010142	farnesyl diphosphate biosynthetic process, mevalonate pathway	1	0.00589285714285714	0.00585833481271081	0.925987240064527	2	1
GO:0010155	regulation of proton transport	1	0.00596938775510204	0.00595160630661858	0.925842318412519	3	3
GO:0010157	response to chlorate	0	0.00204081632653061	1	-0.00391505721121221	2	1
GO:0010159	specification of animal organ position	0	0.00038265306122449	1	-0.000735693608334143	2	1
GO:0010172	embryonic body morphogenesis	0	0.00755102040816327	1	-0.0143807878385007	5	10
GO:0010193	response to ozone	0	0.00466836734693878	1	-0.00892460400137263	4	6
GO:0010224	response to UV-B	1	0.00142857142857143	0.00142755150597023	0.934491789416206	3	3
GO:0010225	response to UV-C	0	0.0025	1	-0.00479302441459906	4	6
GO:0010226	response to lithium ion	0	0	1	0	1	0
GO:0010248	establishment or maintenance of transmembrane electrochemical gradient	18	0.0967602040816326	7.87762509294592e-35	2.64177335817343	10	45
GO:0010255	glucose mediated signaling pathway	1	0.00747448979591837	0.00744662526466965	0.922998093542362	6	15
GO:0010256	endomembrane system organization	0	0	1	0	1	0
GO:0010265	SCF complex assembly	0	0	1	0	1	0
GO:0010266	response to vitamin B1	0	0.00183673469387755	1	-0.00352450629726231	2	1
GO:0010269	response to selenium ion	0	0.0291071428571429	1	-0.0539236283567037	6	15
GO:0010310	regulation of hydrogen peroxide metabolic process	1	0.00219387755102041	0.00219147275963124	0.933026727263866	3	3
GO:0010312	detoxification of zinc ion	0	7.6530612244898e-05	1	-0.00014719875991176	2	1
GO:0010324	membrane invagination	0	0.00158163265306122	1	-0.00303602011319593	3	3
GO:0010360	negative regulation of anion channel activity	0	0	1	0	1	0
GO:0010387	COP9 signalosome assembly	6	0.0123979591836735	4.98177778587775e-15	2.02026854151479	4	6
GO:0010389	regulation of G2/M transition of mitotic cell cycle	0	0.00775510204081633	1	-0.0147655065251904	6	15
GO:0010430	fatty acid omega-oxidation	1	0.0234183673469388	0.0231462854255171	0.893537777700981	6	15
GO:0010447	response to acidic pH	1	0.00915816326530612	0.00911635501438275	0.919829651316017	5	10
GO:0010453	regulation of cell fate commitment	0	0.00076530612244898	1	-0.00147063765606126	2	1
GO:0010457	centriole-centriole cohesion	4	0.015969387755102	2.67543847036162e-09	1.74207773023533	8	28
GO:0010459	negative regulation of heart rate	0	0.0061734693877551	1	-0.0117785560028739	7	21
GO:0010463	mesenchymal cell proliferation	1	0.0443367346938776	0.043368227876341	0.856625247490235	9	36
GO:0010466	negative regulation of peptidase activity	1	0.00385204081632653	0.00384463122417159	0.929862597020736	7	21
GO:0010469	regulation of signaling receptor activity	2	0.0213010204081633	0.000223670661969855	1.29162946316216	7	21
GO:0010470	regulation of gastrulation	0	0.00892857142857143	1	-0.0169736659616689	8	28
GO:0010482	regulation of epidermal cell division	0	0	1	0	1	0
GO:0010499	proteasomal ubiquitin-independent protein catabolic process	0	0	1	0	1	0
GO:0010510	regulation of acetyl-CoA biosynthetic process from pyruvate	1	0.00369897959183673	0.0036921467942156	0.930154089826606	5	10
GO:0010512	negative regulation of phosphatidylinositol biosynthetic process	1	0.000510204081632653	0.000509943906170321	0.936253800791427	2	1
GO:0010513	positive regulation of phosphatidylinositol biosynthetic process	3	0.00155612244897959	6.27052982988018e-10	1.58197534742507	3	3
GO:0010518	positive regulation of phospholipase activity	0	0.0026530612244898	1	-0.00508544284456569	3	3
GO:0010519	negative regulation of phospholipase activity	0	0	1	0	1	0
GO:0010523	negative regulation of calcium ion transport into cytosol	0	0.00454081632653061	1	-0.00868222386386686	3	3
GO:0010524	positive regulation of calcium ion transport into cytosol	14	0.108801020408163	3.37568310127873e-25	2.44650216682635	12	66
GO:0010543	regulation of platelet activation	0	0	1	0	1	0
GO:0010544	negative regulation of platelet activation	1	0.00303571428571429	0.0030311111606814	0.931418588231018	3	3
GO:0010559	regulation of glycoprotein biosynthetic process	0	0	1	0	1	0
GO:0010565	regulation of ketone metabolic process	0	0.00107142857142857	1	-0.00205805423611594	2	1
GO:0010571	positive regulation of nuclear cell cycle DNA replication	2	0.00329081632653061	5.40287142644838e-06	1.32517992773629	5	10
GO:0010572	positive regulation of platelet activation	7	0.0230102040816327	6.64156002371347e-16	2.10588286278379	8	28
GO:0010573	vascular endothelial growth factor production	0	0.000306122448979592	1	-0.000588614900424389	2	1
GO:0010574	regulation of vascular endothelial growth factor production	0	0	1	0	1	0
GO:0010585	glutamine secretion	0	5.10204081632653e-05	1	-9.81358440319546e-05	2	1
GO:0010586	miRNA metabolic process	4	0.0102040816326531	4.48063738042873e-10	1.75279406086755	7	21
GO:0010587	miRNA catabolic process	2	0.0119642857142857	7.10037470216976e-05	1.30882759359112	8	28
GO:0010591	regulation of lamellipodium assembly	0	0.00673469387755102	1	-0.0128398579698686	6	15
GO:0010593	negative regulation of lamellipodium assembly	0	0.00326530612244898	1	-0.00625393260403329	4	6
GO:0010594	regulation of endothelial cell migration	0	0.0063265306122449	1	-0.0120681568848278	6	15
GO:0010606	positive regulation of cytoplasmic mRNA processing body assembly	7	0.0303061224489796	4.53699130903321e-15	2.0927795878617	6	15
GO:0010607	negative regulation of cytoplasmic mRNA processing body assembly	0	0	1	0	1	0
GO:0010609	mRNA localization resulting in post-transcriptional regulation of gene expression	0	0	1	0	1	0
GO:0010621	negative regulation of transcription by transcription factor localization	0	0.000459183673469388	1	-0.000882742333834563	2	1
GO:0010626	negative regulation of Schwann cell proliferation	1	0.00568877551020408	0.00567262506673002	0.926373840205325	5	10
GO:0010632	regulation of epithelial cell migration	0	0.0013265306122449	1	-0.00254720290912458	4	6
GO:0010635	regulation of mitochondrial fusion	0	0	1	0	1	0
GO:0010636	positive regulation of mitochondrial fusion	0	0.000229591836734694	1	-0.000441506197876307	2	1
GO:0010637	negative regulation of mitochondrial fusion	0	0.00543367346938776	1	-0.0103771770263377	5	10
GO:0010638	positive regulation of organelle organization	1	0.00155612244897959	0.00155491231798311	0.934247405661982	3	3
GO:0010641	positive regulation of platelet-derived growth factor receptor signaling pathway	1	0.00344387755102041	0.00343205796364561	0.9306401730798	2	1
GO:0010642	negative regulation of platelet-derived growth factor receptor signaling pathway	0	0.00456632653061225	1	-0.00873070640718199	4	6
GO:0010643	cell communication by chemical coupling	0	0.000204081632653061	1	-0.000392463296103651	2	1
GO:0010644	cell communication by electrical coupling	1	0.00451530612244898	0.00450512745345752	0.928600820896302	4	6
GO:0010649	regulation of cell communication by electrical coupling	4	0.00969387755102041	3.65099655451679e-10	1.75375012133944	7	21
GO:0010656	negative regulation of muscle cell apoptotic process	0	0.000459183673469388	1	-0.000882742333834563	2	1
GO:0010657	muscle cell apoptotic process	0	0.000204081632653061	1	-0.000392463296103651	2	1
GO:0010659	cardiac muscle cell apoptotic process	0	0.0175510204081633	1	-0.0329947898427629	8	28
GO:0010664	negative regulation of striated muscle cell apoptotic process	0	0.00160714285714286	1	-0.00308488362010329	2	1
GO:0010668	ectodermal cell differentiation	0	0.00119897959183673	1	-0.00230267003433127	3	3
GO:0010694	positive regulation of alkaline phosphatase activity	0	0.000229591836734694	1	-0.000441506197876307	2	1
GO:0010700	negative regulation of norepinephrine secretion	0	0.00214285714285714	1	-0.00411025340248428	4	6
GO:0010701	positive regulation of norepinephrine secretion	1	0.000612244897959184	0.000612057514289312	0.936057809071585	3	3
GO:0010705	meiotic DNA double-strand break processing involved in reciprocal meiotic recombination	0	0	1	0	1	0
GO:0010706	ganglioside biosynthetic process via lactosylceramide	1	0.0109183673469388	0.0108589783144532	0.916532002288734	4	6
GO:0010715	regulation of extracellular matrix disassembly	0	0	1	0	1	0
GO:0010716	negative regulation of extracellular matrix disassembly	0	0.000918367346938775	1	-0.00176440574012327	2	1
GO:0010721	negative regulation of cell development	0	0.000561224489795918	1	-0.00107876068298762	2	1
GO:0010724	regulation of definitive erythrocyte differentiation	1	0.00153061224489796	0.00152827305145186	0.934296275789736	2	1
GO:0010725	regulation of primitive erythrocyte differentiation	1	0.00344387755102041	0.00343205796364561	0.9306401730798	2	1
GO:0010729	positive regulation of hydrogen peroxide biosynthetic process	0	0.0011734693877551	1	-0.0022537535103615	3	3
GO:0010730	negative regulation of hydrogen peroxide biosynthetic process	0	5.10204081632653e-05	1	-9.81358440319546e-05	2	1
GO:0010734	negative regulation of protein glutathionylation	0	0	1	0	1	0
GO:0010737	protein kinase A signaling	0	0.0154591836734694	1	-0.0291405748562698	6	15
GO:0010738	regulation of protein kinase A signaling	0	0.00293367346938776	1	-0.00562123561877792	5	10
GO:0010739	positive regulation of protein kinase A signaling	0	0.000204081632653061	1	-0.000392463296103651	2	1
GO:0010742	macrophage derived foam cell differentiation	1	0.000994897959183673	0.000994403212256155	0.935323314027528	3	3
GO:0010745	negative regulation of macrophage derived foam cell differentiation	5	0.0416836734693878	1.01290883401263e-09	1.84462013811287	8	28
GO:0010747	positive regulation of long-chain fatty acid import across plasma membrane	0	0.000229591836734694	1	-0.000441506197876307	2	1
GO:0010748	negative regulation of long-chain fatty acid import across plasma membrane	0	0	1	0	1	0
GO:0010749	regulation of nitric oxide mediated signal transduction	1	0.00448979591836735	0.00447973183537932	0.928649309957621	3	3
GO:0010750	positive regulation of nitric oxide mediated signal transduction	1	0.000102040816326531	0.000102030405060708	0.937038300619098	2	1
GO:0010751	negative regulation of nitric oxide mediated signal transduction	0	0.000612244897959184	1	-0.00117674988648608	2	1
GO:0010753	positive regulation of cGMP-mediated signaling	1	0.00323979591836735	0.00323455344261638	0.931029275655721	5	10
GO:0010754	negative regulation of cGMP-mediated signaling	0	0.0036734693877551	1	-0.00703187554321838	5	10
GO:0010755	regulation of plasminogen activation	1	0.000153061224489796	0.000153037800336683	0.936940191469617	2	1
GO:0010756	positive regulation of plasminogen activation	1	0.00622448979591837	0.0062051577288789	0.925359456408784	3	3
GO:0010757	negative regulation of plasminogen activation	5	0.0171683673469388	1.2253257826013e-11	1.88835983922269	7	21
GO:0010758	regulation of macrophage chemotaxis	0	0	1	0	1	0
GO:0010760	negative regulation of macrophage chemotaxis	0	0.000510204081632653	1	-0.000980758166643114	2	1
GO:0010762	regulation of fibroblast migration	1	0.0243112244897959	0.0240180869870595	0.891923043681725	10	45
GO:0010763	positive regulation of fibroblast migration	0	0.00701530612244898	1	-0.0133699239762107	5	10
GO:0010764	negative regulation of fibroblast migration	0	0.00301020408163265	1	-0.00576729187826741	5	10
GO:0010766	negative regulation of sodium ion transport	0	0.00341836734693878	1	-0.00654575953287817	4	6
GO:0010792	DNA double-strand break processing involved in repair via single-strand annealing	3	0.0105357142857143	1.93379265348512e-07	1.56497554298665	5	10
GO:0010793	regulation of mRNA export from nucleus	0	0.00137755102040816	1	-0.00264499285307473	3	3
GO:0010795	regulation of ubiquinone biosynthetic process	0	0	1	0	1	0
GO:0010807	regulation of synaptic vesicle priming	3	0.0143877551020408	4.91069719706773e-07	1.55780404002395	6	15
GO:0010810	regulation of cell-substrate adhesion	1	0.00408163265306122	0.00407331410061551	0.929425578550636	3	3
GO:0010814	substance P catabolic process	0	0.0025765306122449	1	-0.00493924844708282	3	3
GO:0010815	bradykinin catabolic process	1	0.00658163265306123	0.00656002114786057	0.924683992157287	6	15
GO:0010817	regulation of hormone levels	0	0.000357142857142857	1	-0.000686670704346692	2	1
GO:0010820	positive regulation of T cell chemotaxis	2	0.0138010204081633	9.4362381936273e-05	1.30541180151479	8	28
GO:0010825	positive regulation of centrosome duplication	0	2.55102040816327e-05	1	-4.90695908794692e-05	2	1
GO:0010826	negative regulation of centrosome duplication	0	0.00650510204081633	1	-0.0124058776978128	4	6
GO:0010827	regulation of D-glucose transmembrane transport	1	0.00548469387755102	0.0054696804047274	0.926760647652328	5	10
GO:0010828	positive regulation of D-glucose transmembrane transport	0	0.00627551020408163	1	-0.0119716361754518	3	3
GO:0010829	negative regulation of D-glucose transmembrane transport	0	0.000663265306122449	1	-0.00127472578075483	3	3
GO:0010830	regulation of myotube differentiation	0	0.000357142857142857	1	-0.000686670704346692	2	1
GO:0010833	telomere maintenance via telomere lengthening	2	0.00665816326530612	2.20674262694038e-05	1.31878727947362	5	10
GO:0010835	regulation of protein ADP-ribosylation	0	2.55102040816327e-05	1	-4.90695908794692e-05	2	1
GO:0010836	negative regulation of protein ADP-ribosylation	1	0.0153826530612245	0.0152649443837708	0.908235383204566	4	6
GO:0010837	regulation of keratinocyte proliferation	0	0.00747448979591837	1	-0.0142364654157089	5	10
GO:0010841	positive regulation of circadian sleep/wake cycle, wakefulness	0	0.00204081632653061	1	-0.00391505721121221	2	1
GO:0010845	positive regulation of reciprocal meiotic recombination	0	0.00102040816326531	1	-0.0019601846856715	3	3
GO:0010866	regulation of triglyceride biosynthetic process	0	0	1	0	1	0
GO:0010867	positive regulation of triglyceride biosynthetic process	3	0.0331632653061225	5.92963021109735e-06	1.52383462569566	12	66
GO:0010868	negative regulation of triglyceride biosynthetic process	0	0	1	0	1	0
GO:0010874	regulation of cholesterol efflux	0	0.00563775510204082	1	-0.010764036334635	4	6
GO:0010878	cholesterol storage	2	0.00349489795918367	6.09294524613185e-06	1.32479087762482	5	10
GO:0010882	regulation of cardiac muscle contraction by calcium ion signaling	0	0.0103061224489796	1	-0.0195572573753762	4	6
GO:0010883	regulation of lipid storage	0	0.0198469387755102	1	-0.0372014548352597	5	10
GO:0010884	positive regulation of lipid storage	0	0.0103061224489796	1	-0.0195572573753762	6	15
GO:0010886	positive regulation of cholesterol storage	0	0.0194897959183673	1	-0.0365486938000734	4	6
GO:0010887	negative regulation of cholesterol storage	4	0.0251785714285714	1.6412277274408e-08	1.72528359763345	8	28
GO:0010888	negative regulation of lipid storage	0	0.000178571428571429	1	-0.000343417059780471	2	1
GO:0010890	positive regulation of triglyceride storage	0	0.00290816326530612	1	-0.00557254362642456	6	15
GO:0010891	negative regulation of triglyceride storage	1	0.0114540816326531	0.0113887333790087	0.915531354908975	5	10
GO:0010893	positive regulation of steroid biosynthetic process	1	0.00303571428571429	0.00302652661563112	0.931418588231018	2	1
GO:0010894	negative regulation of steroid biosynthetic process	0	0.0215561224489796	1	-0.0403172308086687	5	10
GO:0010897	negative regulation of triglyceride catabolic process	0	0.0025765306122449	1	-0.00493924844708282	4	6
GO:0010898	positive regulation of triglyceride catabolic process	4	0.0342857142857143	5.60191233364979e-08	1.7090514000102	7	21
GO:0010899	regulation of phosphatidylcholine catabolic process	0	0.000688775510204082	1	-0.00132370873805776	2	1
GO:0010902	positive regulation of very-low-density lipoprotein particle remodeling	1	0.00464285714285714	0.00462140063988624	0.928358424469261	2	1
GO:0010903	negative regulation of very-low-density lipoprotein particle remodeling	1	0.0136224489795918	0.0135300819126006	0.911495236079284	3	3
GO:0010907	positive regulation of glucose metabolic process	0	0.000331632653061225	1	-0.000637644468527876	3	3
GO:0010909	positive regulation of heparan sulfate proteoglycan biosynthetic process	0	0.000255102040816327	1	-0.000490545765551631	2	1
GO:0010916	negative regulation of very-low-density lipoprotein particle clearance	3	0.0181887755102041	9.89321326465244e-07	1.55079672993808	4	6
GO:0010917	negative regulation of mitochondrial membrane potential	2	0.0213775510204082	0.000225269290362762	1.29149017551255	9	36
GO:0010918	positive regulation of mitochondrial membrane potential	0	0.00418367346938776	1	-0.008003125885782	3	3
GO:0010920	negative regulation of inositol phosphate biosynthetic process	0	0	1	0	1	0
GO:0010921	regulation of phosphatase activity	0	0	1	0	1	0
GO:0010922	positive regulation of phosphatase activity	0	0.00130102040816327	1	-0.00249830296534115	2	1
GO:0010923	negative regulation of phosphatase activity	0	0.000586734693877551	1	-0.00112775694861655	3	3
GO:0010935	regulation of macrophage cytokine production	0	0	1	0	1	0
GO:0010936	negative regulation of macrophage cytokine production	1	0.0224744897959184	0.0222238198549132	0.895248721690791	9	36
GO:0010944	negative regulation of transcription by competitive promoter binding	0	0.0331632653061225	1	-0.061127875025499	8	28
GO:0010948	negative regulation of cell cycle process	0	5.10204081632653e-05	1	-9.81358440319546e-05	2	1
GO:0010949	negative regulation of intestinal phytosterol absorption	1	0.00160714285714286	0.00160456409342129	0.934149675337967	2	1
GO:0010950	positive regulation of endopeptidase activity	6	0.00596938775510204	6.25207595301295e-17	2.03233918007962	7	21
GO:0010952	positive regulation of peptidase activity	0	0	1	0	1	0
GO:0010954	positive regulation of protein processing	1	0.0231632653061225	0.0228970562612675	0.893999794959102	10	45
GO:0010955	negative regulation of protein processing	0	0.0419897959183673	1	-0.0765607422824022	10	45
GO:0010956	negative regulation of calcidiol 1-monooxygenase activity	0	0.000204081632653061	1	-0.000392463296103651	2	1
GO:0010957	negative regulation of vitamin D biosynthetic process	0	0.000408163265306122	1	-0.000784713180942753	3	3
GO:0010960	magnesium ion homeostasis	0	0.01625	1	-0.0306000782183687	6	15
GO:0010961	intracellular magnesium ion homeostasis	2	0.00280612244897959	3.92980390579185e-06	1.32610476357865	5	10
GO:0010966	regulation of phosphate transport	0	0	1	0	1	0
GO:0010968	regulation of microtubule nucleation	28	0.0375	3.73635928550609e-70	3.05204123140991	8	28
GO:0010970	transport along microtubule	1	0.00834183673469388	0.00830713996063781	0.921364127774086	3	3
GO:0010972	negative regulation of G2/M transition of mitotic cell cycle	0	0.0086734693877551	1	-0.0164942059769554	8	28
GO:0010980	positive regulation of vitamin D 24-hydroxylase activity	1	0.0013265306122449	0.00132477325996128	0.934687356048946	2	1
GO:0010983	positive regulation of high-density lipoprotein particle clearance	0	0.00112244897959184	1	-0.00215591050981212	3	3
GO:0010987	negative regulation of high-density lipoprotein particle clearance	0	0	1	0	1	0
GO:0010988	regulation of low-density lipoprotein particle clearance	0	0.000408163265306122	1	-0.000784713180942753	2	1
GO:0010992	ubiquitin recycling	0	0.00625	1	-0.0119233709771839	4	6
GO:0010994	free ubiquitin chain polymerization	0	5.10204081632653e-05	1	-9.81358440319546e-05	2	1
GO:0010998	regulation of translational initiation by eIF2 alpha phosphorylation	0	0.000102040816326531	1	-0.000196258338972743	2	1
GO:0012501	programmed cell death	3	0.00964285714285714	1.48363074964961e-07	1.5666480397258	8	28
GO:0014004	microglia differentiation	0	0.0036734693877551	1	-0.00703187554321838	6	15
GO:0014010	Schwann cell proliferation	1	0.00155612244897959	0.00155491231798311	0.934247405661982	3	3
GO:0014012	peripheral nervous system axon regeneration	0	0.0349744897959184	1	-0.0643217734148533	7	21
GO:0014013	regulation of gliogenesis	0	0	1	0	1	0
GO:0014014	negative regulation of gliogenesis	0	0	1	0	1	0
GO:0014015	positive regulation of gliogenesis	0	0	1	0	1	0
GO:0014016	neuroblast differentiation	0	0.0023469387755102	1	-0.0045004873965534	4	6
GO:0014028	notochord formation	1	0.00323979591836735	0.00323455343805257	0.931029275655721	3	3
GO:0014029	neural crest formation	1	0.00556122448979592	0.00554578950660692	0.926615570551894	4	6
GO:0014031	mesenchymal cell development	1	0.000586734693877551	0.00058656259873676	0.936106802009454	4	6
GO:0014033	neural crest cell differentiation	0	0.00897959183673469	1	-0.0170695197283961	7	21
GO:0014034	neural crest cell fate commitment	1	0.0114795918367347	0.0114139527325008	0.915483739639777	4	6
GO:0014036	neural crest cell fate specification	0	0.00112244897959184	1	-0.00215591050981212	2	1
GO:0014037	Schwann cell differentiation	2	0.00747448979591837	2.77951933060796e-05	1.31724604094551	5	10
GO:0014040	positive regulation of Schwann cell differentiation	0	0	1	0	1	0
GO:0014041	regulation of neuron maturation	0	0	1	0	1	0
GO:0014042	positive regulation of neuron maturation	0	0.000357142857142857	1	-0.000686670704346692	2	1
GO:0014043	negative regulation of neuron maturation	0	0.000357142857142857	1	-0.000686670704346692	2	1
GO:0014044	Schwann cell development	0	0.00186224489795918	1	-0.00357333672682525	3	3
GO:0014045	establishment of endothelial blood-brain barrier	0	0	1	0	1	0
GO:0014046	dopamine secretion	0	0.00885204081632653	1	-0.0168298614251037	4	6
GO:0014047	glutamate secretion	1	0.0136734693877551	0.0135804121265895	0.911400539981945	7	21
GO:0014048	regulation of glutamate secretion	0	0	1	0	1	0
GO:0014049	positive regulation of glutamate secretion	1	0.0145663265306122	0.0144607508346413	0.909745367444972	5	10
GO:0014050	negative regulation of glutamate secretion	0	0.00130102040816327	1	-0.00249830296534115	4	6
GO:0014051	gamma-aminobutyric acid secretion	0	0.012219387755102	1	-0.0231302966810947	4	6
GO:0014053	negative regulation of gamma-aminobutyric acid secretion	0	0.000841836734693878	1	-0.00161753665268849	2	1
GO:0014054	positive regulation of gamma-aminobutyric acid secretion	0	0.00158163265306122	1	-0.00303602011319593	3	3
GO:0014057	positive regulation of acetylcholine secretion, neurotransmission	0	0.00308673469387755	1	-0.00591331857071475	3	3
GO:0014061	regulation of norepinephrine secretion	0	0.00114795918367347	1	-0.00220483366900515	4	6
GO:0014062	regulation of serotonin secretion	0	0.00102040816326531	1	-0.0019601846856715	2	1
GO:0014063	negative regulation of serotonin secretion	0	0.00221938775510204	1	-0.00425661589064885	3	3
GO:0014074	response to purine-containing compound	1	0.00466836734693878	0.00465748745712099	0.928309954956698	5	10
GO:0014075	response to amine	1	0.0185459183673469	0.018375001060399	0.902413868202237	6	15
GO:0014706	striated muscle tissue development	0	0.000663265306122449	1	-0.00127472578075483	3	3
GO:0014707	branchiomeric skeletal muscle development	0	0	1	0	1	0
GO:0014718	positive regulation of satellite cell activation involved in skeletal muscle regeneration	0	0	1	0	1	0
GO:0014719	skeletal muscle satellite cell activation	0	0.00178571428571429	1	-0.00342683552053125	2	1
GO:0014722	regulation of skeletal muscle contraction by calcium ion signaling	0	0	1	0	1	0
GO:0014728	regulation of the force of skeletal muscle contraction	0	0.00193877551020408	1	-0.00371980818567463	3	3
GO:0014732	skeletal muscle atrophy	0	0.00369897959183673	1	-0.00708046913146443	5	10
GO:0014733	regulation of skeletal muscle adaptation	0	0	1	0	1	0
GO:0014737	positive regulation of muscle atrophy	0	0	1	0	1	0
GO:0014806	smooth muscle hyperplasia	0	0	1	0	1	0
GO:0014807	regulation of somitogenesis	1	0.00206632653061225	0.00206419314686486	0.933270697746945	3	3
GO:0014808	release of sequestered calcium ion into cytosol by sarcoplasmic reticulum	3	0.00793367346938776	8.25707377815797e-08	1.5698605335773	3	3
GO:0014809	regulation of skeletal muscle contraction by regulation of release of sequestered calcium ion	0	0.00905612244897959	1	-0.0172132765004754	4	6
GO:0014816	skeletal muscle satellite cell differentiation	0	0.00688775510204082	1	-0.013129033167345	6	15
GO:0014819	regulation of skeletal muscle contraction	0	0.00086734693877551	1	-0.0016664963378088	2	1
GO:0014824	artery smooth muscle contraction	3	0.0236989795918367	2.17933010391584e-06	1.54075784203246	8	28
GO:0014826	vein smooth muscle contraction	6	0.00630102040816327	8.63766432553729e-17	2.03171152248065	4	6
GO:0014827	intestine smooth muscle contraction	0	0.000535714285714286	1	-0.00102976108914732	3	3
GO:0014829	vascular associated smooth muscle contraction	0	0.0100765306122449	1	-0.0191273008949493	4	6
GO:0014832	urinary bladder smooth muscle contraction	1	0.00364795918367347	0.00364131345680061	0.930251280276827	3	3
GO:0014834	skeletal muscle satellite cell maintenance involved in skeletal muscle regeneration	1	0.0076530612244898	0.00762385097354532	0.922661386128312	3	3
GO:0014835	myoblast differentiation involved in skeletal muscle regeneration	0	0	1	0	1	0
GO:0014839	myoblast migration involved in skeletal muscle regeneration	0	0.00145408163265306	1	-0.0027916529166977	3	3
GO:0014841	skeletal muscle satellite cell proliferation	0	0.00122448979591837	1	-0.00235158324136442	3	3
GO:0014842	regulation of skeletal muscle satellite cell proliferation	0	0.00844387755102041	1	-0.0160624193467903	5	10
GO:0014854	response to inactivity	0	0	1	0	1	0
GO:0014856	skeletal muscle cell proliferation	0	0.00788265306122449	1	-0.015005851551385	4	6
GO:0014857	regulation of skeletal muscle cell proliferation	0	0	1	0	1	0
GO:0014858	positive regulation of skeletal muscle cell proliferation	0	0.00112244897959184	1	-0.00215591050981212	2	1
GO:0014866	skeletal myofibril assembly	0	0.00252551020408163	1	-0.00484176905227984	2	1
GO:0014873	response to muscle activity involved in regulation of muscle adaptation	0	0.000459183673469388	1	-0.000882742333834563	2	1
GO:0014878	response to electrical stimulus involved in regulation of muscle adaptation	0	0.000918367346938775	1	-0.00176440574012327	2	1
GO:0014883	transition between fast and slow fiber	4	0.03375	5.26216576165585e-08	1.7099961906108	6	15
GO:0014889	muscle atrophy	0	0.00114795918367347	1	-0.00220483366900515	2	1
GO:0014891	striated muscle atrophy	0	0.00137755102040816	1	-0.00264499285307473	2	1
GO:0014894	response to denervation involved in regulation of muscle adaptation	0	0.0145918367346939	1	-0.0275364263964243	6	15
GO:0014901	satellite cell activation involved in skeletal muscle regeneration	0	0.000459183673469388	1	-0.000882742333834563	2	1
GO:0014902	myotube differentiation	0	0.0130867346938776	1	-0.0247442625883513	5	10
GO:0014904	myotube cell development	0	0.00380102040816327	1	-0.00727481075598324	3	3
GO:0014905	myoblast fusion involved in skeletal muscle regeneration	4	0.00308673469387755	3.77323266234223e-12	1.76624693954119	5	10
GO:0014908	myotube differentiation involved in skeletal muscle regeneration	0	0.00540816326530612	1	-0.0103288050215956	3	3
GO:0014909	smooth muscle cell migration	0	0.00181122448979592	1	-0.00347567256198011	4	6
GO:0014910	regulation of smooth muscle cell migration	0	0.00739795918367347	1	-0.0140921141120665	6	15
GO:0014912	negative regulation of smooth muscle cell migration	2	0.010765306122449	5.75317117185501e-05	1.31106610408391	8	28
GO:0014916	regulation of lung blood pressure	0	0	1	0	1	0
GO:0015014	heparan sulfate proteoglycan biosynthetic process, chain elongation	2	0.00150510204081633	1.13153019916124e-06	1.32859309663173	5	10
GO:0015015	heparan sulfate proteoglycan biosynthetic process, enzymatic modification	2	0.000255102040816327	3.25329923808096e-08	1.33099196059566	5	10
GO:0015074	DNA integration	0	0	1	0	1	0
GO:0015670	carbon dioxide transport	8	0.0233673469387755	2.15941036807361e-18	2.19695894339241	11	55
GO:0015675	nickel cation transport	0	0	1	0	1	0
GO:0015677	copper ion import	5	0.00336734693877551	3.59782007104411e-15	1.91420262998325	5	10
GO:0015693	magnesium ion transport	0	0.0378316326530612	1	-0.0693314619504145	9	36
GO:0015695	organic cation transport	1	0.00038265306122449	0.000382579858879189	0.936498865349736	6	15
GO:0015697	quaternary ammonium group transport	0	2.55102040816327e-05	1	-4.90695908794692e-05	2	1
GO:0015698	inorganic anion transport	0	0.000714285714285714	1	-0.00137268836940874	4	6
GO:0015705	iodide transport	2	0.00607142857142857	1.83566898651706e-05	1.31989708222574	6	15
GO:0015706	nitrate transmembrane transport	0	7.6530612244898e-05	1	-0.00014719875991176	3	3
GO:0015718	monocarboxylic acid transport	2	0.00160714285714286	1.29007121440045e-06	1.32839762274111	9	36
GO:0015722	canalicular bile acid transport	0	0	1	0	1	0
GO:0015727	lactate transport	0	2.55102040816327e-05	1	-4.90695908794692e-05	2	1
GO:0015729	oxaloacetate transport	0	0	1	0	1	0
GO:0015732	prostaglandin transport	2	0.000790816326530612	3.12530423703182e-07	1.32996289904895	5	10
GO:0015734	taurine transmembrane transport	3	0.000969387755102041	1.51713978129305e-10	1.58310019886628	6	15
GO:0015741	fumarate transport	0	0	1	0	1	0
GO:0015742	alpha-ketoglutarate transport	0	7.6530612244898e-05	1	-0.00014719875991176	2	1
GO:0015746	citrate transport	0	0	1	0	1	0
GO:0015747	urate transport	2	0.00193877551020408	1.87699781560539e-06	1.32776269817554	6	15
GO:0015750	pentose transmembrane transport	0	0	1	0	1	0
GO:0015755	fructose transmembrane transport	0	0.000280612244897959	1	-0.000539581999583372	3	3
GO:0015756	fucose transmembrane transport	0	0	1	0	1	0
GO:0015757	galactose transmembrane transport	0	0.000153061224489796	1	-0.000294367488453351	2	1
GO:0015760	glucose-6-phosphate transport	3	0.00193877551020408	1.21224199763534e-09	1.58124269253548	3	3
GO:0015770	sucrose transport	0	0	1	0	1	0
GO:0015780	nucleotide-sugar transmembrane transport	0	0.000229591836734694	1	-0.000441506197876307	2	1
GO:0015786	UDP-glucose transmembrane transport	0	5.10204081632653e-05	1	-9.81358440319546e-05	2	1
GO:0015787	UDP-glucuronate transmembrane transport	0	0.000229591836734694	1	-0.000441506197876307	2	1
GO:0015789	UDP-N-acetylgalactosamine transmembrane transport	0	0.000229591836734694	1	-0.000441506197876307	2	1
GO:0015793	glycerol transmembrane transport	3	0.00280612244897959	3.67497725521971e-09	1.5795847579386	6	15
GO:0015798	myo-inositol transport	0	0	1	0	1	0
GO:0015801	aromatic amino acid transport	0	2.55102040816327e-05	1	-4.90695908794692e-05	2	1
GO:0015803	branched-chain amino acid transport	0	0.000306122448979592	1	-0.000588614900424389	2	1
GO:0015807	L-amino acid transport	0	0	1	0	1	0
GO:0015808	L-alanine transport	3	0.00114795918367347	2.51915091942293e-10	1.58275766705215	5	10
GO:0015810	aspartate transmembrane transport	4	0.0063265306122449	6.64130435698717e-11	1.76009210122708	10	45
GO:0015811	L-cystine transport	1	0.00086734693877551	0.00086697090214534	0.935568062620262	5	10
GO:0015812	gamma-aminobutyric acid transport	0	0.000688775510204082	1	-0.00132370873805776	2	1
GO:0015816	glycine transport	2	0.00525510204081633	1.37597687906476e-05	1.32144400150603	8	28
GO:0015817	histidine transport	0	0	1	0	1	0
GO:0015818	isoleucine transport	3	0.00176020408163265	9.07346929400634e-10	1.58158450554869	3	3
GO:0015819	lysine transport	0	0	1	0	1	0
GO:0015820	L-leucine transport	7	0.00668367346938776	1.17526635727098e-19	2.13609683384984	7	21
GO:0015821	methionine transport	1	0.00076530612244898	0.000764720876879939	0.935763921302009	2	1
GO:0015822	ornithine transport	0	0.000204081632653061	1	-0.000392463296103651	3	3
GO:0015823	phenylalanine transport	1	0.0010969387755102	0.00109633735803751	0.935127574925738	3	3
GO:0015824	proline transport	5	0.00739795918367347	1.83527535843523e-13	1.9065590128784	8	28
GO:0015825	L-serine transport	0	0.000357142857142857	1	-0.000686670704346692	5	10
GO:0015827	tryptophan transport	2	0.0117602040816327	6.86114286687695e-05	1.30920812641653	6	15
GO:0015828	tyrosine transport	1	0.0010969387755102	0.00109633735803751	0.935127574925738	3	3
GO:0015829	valine transport	2	0.00142857142857143	1.01943669304468e-06	1.32873973681935	3	3
GO:0015833	peptide transport	0	0.000433673469387755	1	-0.000833729422625384	4	6
GO:0015837	amine transport	0	0	1	0	1	0
GO:0015838	amino-acid betaine transport	0	0	1	0	1	0
GO:0015840	urea transport	0	0.000102040816326531	1	-0.000196258338972743	2	1
GO:0015842	aminergic neurotransmitter loading into synaptic vesicle	2	0.00846938775510204	3.56631886960663e-05	1.31537209795673	3	3
GO:0015844	monoamine transport	3	0.0200255102040816	1.31849977953958e-06	1.54743488674569	7	21
GO:0015847	putrescine transport	1	2.55102040816327e-05	2.55095533277212e-05	0.937185489367191	2	1
GO:0015848	spermidine transport	0	2.55102040816327e-05	1	-4.90695908794692e-05	2	1
GO:0015851	nucleobase transport	3	0.000306122448979592	4.77970771086848e-12	1.58437388582073	3	3
GO:0015853	adenine transport	4	0.0127295918367347	1.08299112717006e-09	1.74808013244316	5	10
GO:0015858	nucleoside transport	3	0.000306122448979592	4.77970771086848e-12	1.58437388582073	3	3
GO:0015860	purine nucleoside transmembrane transport	1	0.000102040816326531	0.000102030405060708	0.937038300619098	2	1
GO:0015861	cytidine transport	3	0.000306122448979592	4.77970771086848e-12	1.58437388582073	3	3
GO:0015862	uridine transmembrane transport	3	0.000306122448979592	4.77970771086848e-12	1.58437388582073	3	3
GO:0015866	ADP transport	0	0.00158163265306122	1	-0.00303602011319593	4	6
GO:0015867	ATP transport	1	0.00145408163265306	0.00145302496817671	0.934442906041373	7	21
GO:0015870	acetylcholine transport	0	0	1	0	1	0
GO:0015871	choline transport	0	0	1	0	1	0
GO:0015872	dopamine transport	3	0.0122959183673469	3.06992565444481e-07	1.56168964993655	8	28
GO:0015874	norepinephrine transport	0	0.000229591836734694	1	-0.000441506197876307	4	6
GO:0015878	biotin transport	0	0.000280612244897959	1	-0.000539581999583372	3	3
GO:0015879	carnitine transport	0	0	1	0	1	0
GO:0015881	creatine transmembrane transport	0	7.6530612244898e-05	1	-0.00014719875991176	2	1
GO:0015882	L-ascorbic acid transmembrane transport	0	0	1	0	1	0
GO:0015884	folic acid transport	0	2.55102040816327e-05	1	-4.90695908794692e-05	2	1
GO:0015886	heme transport	0	0.00102040816326531	1	-0.0019601846856715	3	3
GO:0015888	thiamine transport	1	2.55102040816327e-05	2.55095533277212e-05	0.937185489367191	2	1
GO:0015889	cobalamin transport	6	0.0129336734693878	6.42961284062476e-15	2.0192717132754	8	28
GO:0015891	siderophore transport	1	0.000204081632653061	0.0002040399918384	0.936842095661967	2	1
GO:0015910	long-chain fatty acid import into peroxisome	3	0.00267857142857143	3.19658338372591e-09	1.57982833299424	4	6
GO:0015911	long-chain fatty acid import across plasma membrane	0	0.00464285714285714	1	-0.00887613448880997	4	6
GO:0015917	aminophospholipid transport	1	0.0048469387755102	0.00483521132282909	0.927970759528884	4	6
GO:0015920	lipopolysaccharide transport	0	0.000459183673469388	1	-0.000882742333834563	2	1
GO:0015936	coenzyme A metabolic process	0	0.0128316326530612	1	-0.0242699414768077	3	3
GO:0015937	coenzyme A biosynthetic process	16	0.0241836734693878	6.3951700960204e-40	2.67914919023758	8	28
GO:0015938	coenzyme A catabolic process	0	0	1	0	1	0
GO:0015939	pantothenate metabolic process	3	0.00405612244897959	1.10881959411727e-08	1.57720206484892	5	10
GO:0015942	formate metabolic process	0	0.000918367346938775	1	-0.00176440574012327	2	1
GO:0015949	nucleobase-containing small molecule interconversion	0	0.000586734693877551	1	-0.00112775694861655	4	6
GO:0015966	diadenosine tetraphosphate biosynthetic process	1	0.00561224489795918	0.00558092338914257	0.926518868692315	2	1
GO:0015980	energy derivation by oxidation of organic compounds	0	0.000153061224489796	1	-0.000294367488453351	2	1
GO:0016024	CDP-diacylglycerol biosynthetic process	45	0.238826530612245	6.83035319739044e-85	3.10396141501579	13	78
GO:0016031	tRNA import into mitochondrion	0	0	1	0	1	0
GO:0016032	viral process	0	0.00612244897959184	1	-0.0116819965327553	6	15
GO:0016036	cellular response to phosphate starvation	0	0.00737244897959184	1	-0.0140439905908875	3	3
GO:0016045	detection of bacterium	4	0.0146683673469388	1.90642973475803e-09	1.74448214562072	8	28
GO:0016046	detection of fungus	0	0	1	0	1	0
GO:0016051	carbohydrate biosynthetic process	5	0.00535714285714286	3.66054880506601e-14	1.91041907571061	9	36
GO:0016052	carbohydrate catabolic process	0	0.00323979591836735	1	-0.00620528330234949	3	3
GO:0016056	G protein-coupled opsin signaling pathway	4	0.00931122448979592	3.10871850180733e-10	1.75446799917654	4	6
GO:0016068	type I hypersensitivity	0	0	1	0	1	0
GO:0016070	RNA metabolic process	1	0.00293367346938776	0.00292937445437158	0.931613323339293	5	10
GO:0016071	mRNA metabolic process	0	0.00127551020408163	1	-0.00244939970641966	4	6
GO:0016076	snRNA catabolic process	1	0.000918367346938775	0.000917524722193903	0.935470153217947	2	1
GO:0016078	tRNA decay	0	0.00176020408163265	1	-0.00337799517246806	3	3
GO:0016080	synaptic vesicle targeting	0	0.00801020408163265	1	-0.0152461165239438	3	3
GO:0016081	synaptic vesicle docking	9	0.0292602040816327	4.21985819884615e-20	2.26773129781226	8	28
GO:0016101	diterpenoid metabolic process	0	0.00229591836734694	1	-0.00440294868767055	2	1
GO:0016121	carotene catabolic process	0	0	1	0	1	0
GO:0016126	sterol biosynthetic process	7	0.0688775510204082	1.37388982894756e-12	2.02720469881416	9	36
GO:0016139	glycoside catabolic process	1	0.00349489795918367	0.0034887979117281	0.93054293022168	4	6
GO:0016182	synaptic vesicle budding from endosome	0	0.00232142857142857	1	-0.00445171969072788	2	1
GO:0016183	synaptic vesicle coating	10	0.02625	4.16994007974804e-23	2.34623306699967	5	10
GO:0016185	synaptic vesicle budding from presynaptic endocytic zone membrane	5	0.0356632653061224	4.66683880593803e-10	1.85511847430518	7	21
GO:0016188	synaptic vesicle maturation	2	0.0314540816326531	0.000484427831171379	1.27338161625977	6	15
GO:0016189	synaptic vesicle to endosome fusion	1	0.00829081632653061	0.00825654210020549	0.92146014102066	3	3
GO:0016191	synaptic vesicle uncoating	3	0.00543367346938776	2.66292992764627e-08	1.57458532369482	5	10
GO:0016198	axon choice point recognition	0	0.000561224489795918	1	-0.00107876068298762	2	1
GO:0016199	axon midline choice point recognition	1	0.00816326530612245	0.00813003633633479	0.921700230062798	4	6
GO:0016202	regulation of striated muscle tissue development	0	0	1	0	1	0
GO:0016233	telomere capping	25	0.0571428571428571	5.12320509633747e-57	2.93787784842777	10	45
GO:0016237	microautophagy	0	0	1	0	1	0
GO:0016240	autophagosome membrane docking	3	0.0177295918367347	9.16584748614024e-07	1.55163964456061	5	10
GO:0016242	negative regulation of macroautophagy	0	0.0135714285714286	1	-0.0256446143484272	5	10
GO:0016243	regulation of autophagosome size	0	0.000204081632653061	1	-0.000392463296103651	2	1
GO:0016255	attachment of GPI anchor to protein	15	0.0169642857142857	2.08529051311542e-39	2.64686019637442	6	15
GO:0016256	N-glycan processing to lysosome	1	0.000102040816326531	0.000102030405060708	0.937038300619098	2	1
GO:0016260	selenocysteine biosynthetic process	1	0.000918367346938775	0.000917524722193903	0.935470153217947	2	1
GO:0016264	gap junction assembly	8	0.0169642857142857	1.6757754952761e-19	2.20864753893369	7	21
GO:0016320	endoplasmic reticulum membrane fusion	0	0.00076530612244898	1	-0.00147063765606126	2	1
GO:0016321	female meiosis chromosome segregation	0	0	1	0	1	0
GO:0016322	neuron remodeling	0	0.0180867346938775	1	-0.0339785415248848	7	21
GO:0016331	morphogenesis of embryonic epithelium	0	0.00653061224489796	1	-0.01245411062354	5	10
GO:0016332	establishment or maintenance of polarity of embryonic epithelium	0	0.00497448979591837	1	-0.00950598426290172	2	1
GO:0016340	calcium-dependent cell-matrix adhesion	0	0	1	0	1	0
GO:0016344	meiotic chromosome movement towards spindle pole	1	0.00448979591836735	0.00446972775294596	0.928649309957621	2	1
GO:0016441	post-transcriptional gene silencing	0	0.000153061224489796	1	-0.000294367488453351	2	1
GO:0016445	somatic diversification of immunoglobulins	0	0	1	0	1	0
GO:0016446	somatic hypermutation of immunoglobulin genes	2	0.0256887755102041	0.000324359871126866	1.28368675609741	8	28
GO:0016447	somatic recombination of immunoglobulin gene segments	1	0.00160714285714286	0.00160456409342129	0.934149675337967	2	1
GO:0016476	regulation of embryonic cell shape	0	0.00114795918367347	1	-0.00220483366900515	2	1
GO:0016479	negative regulation of transcription by RNA polymerase I	0	0.00104591836734694	1	-0.0020091211207125	4	6
GO:0016480	negative regulation of transcription by RNA polymerase III	0	0.00114795918367347	1	-0.00220483366900515	3	3
GO:0016482	cytosolic transport	0	0.00163265306122449	1	-0.00313374381725984	2	1
GO:0016488	farnesol catabolic process	0	0	1	0	1	0
GO:0016539	intein-mediated protein splicing	1	0.0061734693877551	0.00613559150144516	0.925456002955197	2	1
GO:0016553	base conversion or substitution editing	1	0.000714285714285714	0.000714030672961802	0.935861870588662	3	3
GO:0016554	cytidine to uridine editing	3	0.00221938775510204	1.81896961997429e-09	1.58070588483051	7	21
GO:0016556	mRNA modification	7	0.0656122448979592	9.80713120782929e-13	2.03253077761463	8	28
GO:0016557	peroxisome membrane biogenesis	2	0.0106122448979592	5.59125450803866e-05	1.31135237203678	3	3
GO:0016558	protein import into peroxisome matrix	27	0.100484693877551	9.49796823643711e-56	2.92365812691414	8	28
GO:0016559	peroxisome fission	12	0.0589795918367347	3.5030300595328e-24	2.41682875717189	10	45
GO:0016560	protein import into peroxisome matrix, docking	3	0.0129081632653061	3.5386381514086e-07	1.56055023015965	3	3
GO:0016561	protein import into peroxisome matrix, translocation	3	0.0129081632653061	3.5386381514086e-07	1.56055023015965	3	3
GO:0016562	protein import into peroxisome matrix, receptor recycling	6	0.0233673469387755	2.21629317597384e-13	2.00012701914927	5	10
GO:0016598	protein arginylation	0	0	1	0	1	0
GO:0016926	protein desumoylation	0	0.000841836734693878	1	-0.00161753665268849	4	6
GO:0017004	cytochrome complex assembly	0	0.00165816326530612	1	-0.00318260070511378	2	1
GO:0017038	protein import	0	0.0161734693877551	1	-0.0304589649473157	7	21
GO:0017055	negative regulation of RNA polymerase II transcription preinitiation complex assembly	0	0.000255102040816327	1	-0.000490545765551631	2	1
GO:0017085	response to insecticide	0	0.00459183673469388	1	-0.00877918569215241	3	3
GO:0017121	plasma membrane phospholipid scrambling	1	0.0130867346938776	0.013001475707231	0.912490296369719	7	21
GO:0017145	stem cell division	0	0.00326530612244898	1	-0.00625393260403329	4	6
GO:0017183	protein histidyl modification to diphthamide	9	0.00469387755102041	3.03520575896002e-27	2.31295502463002	7	21
GO:0017185	peptidyl-lysine hydroxylation	4	0.00767857142857143	1.43960386906361e-10	1.75753899705037	5	10
GO:0017187	peptidyl-glutamic acid carboxylation	1	0.000306122448979592	0.00030602876670407	0.936645944057646	2	1
GO:0017190	N-terminal peptidyl-aspartic acid acetylation	0	0.000127551020408163	1	-0.000245314581668765	2	1
GO:0018002	N-terminal peptidyl-glutamic acid acetylation	0	0.000127551020408163	1	-0.000245314581668765	2	1
GO:0018003	peptidyl-lysine N6-acetylation	0	0	1	0	1	0
GO:0018026	peptidyl-lysine monomethylation	0	0	1	0	1	0
GO:0018027	peptidyl-lysine dimethylation	0	0	1	0	1	0
GO:0018057	peptidyl-lysine oxidation	0	0.000229591836734694	1	-0.000441506197876307	2	1
GO:0018095	protein polyglutamylation	0	5.10204081632653e-05	1	-9.81358440319546e-05	2	1
GO:0018117	protein adenylylation	0	0	1	0	1	0
GO:0018119	peptidyl-cysteine S-nitrosylation	0	0.000357142857142857	1	-0.000686670704346692	2	1
GO:0018126	protein hydroxylation	0	0.00104591836734694	1	-0.0020091211207125	3	3
GO:0018158	protein oxidation	0	0.00183673469387755	1	-0.00352450629726231	2	1
GO:0018171	peptidyl-cysteine oxidation	0	0.000535714285714286	1	-0.00102976108914732	2	1
GO:0018206	peptidyl-methionine modification	1	0.000943877551020408	0.000943432238689513	0.935421203499851	3	3
GO:0018216	peptidyl-arginine methylation	1	0.000178571428571429	0.000178539546509552	0.93689114189829	2	1
GO:0018242	protein O-linked glycosylation via serine	0	0.0061734693877551	1	-0.0117785560028739	7	21
GO:0018243	protein O-linked glycosylation via threonine	0	0.00872448979591837	1	-0.0165901234720033	8	28
GO:0018277	protein deamination	0	5.10204081632653e-05	1	-9.81358440319546e-05	2	1
GO:0018283	iron incorporation into metallo-sulfur cluster	1	0.00464285714285714	0.00462140063988624	0.928358424469261	2	1
GO:0018342	protein prenylation	0	0.000102040816326531	1	-0.000196258338972743	2	1
GO:0018343	protein farnesylation	1	0.00568877551020408	0.00567262502353666	0.926373840205325	3	3
GO:0018344	protein geranylgeranylation	6	0.011734693877551	3.59029621627897e-15	2.02150462140149	6	15
GO:0018364	peptidyl-glutamine methylation	1	0.000178571428571429	0.000178539546509552	0.93689114189829	2	1
GO:0018393	internal peptidyl-lysine acetylation	0	0.00229591836734694	1	-0.00440294868767055	2	1
GO:0018394	peptidyl-lysine acetylation	0	0.00168367346938776	1	-0.00323145428411353	2	1
GO:0018401	peptidyl-proline hydroxylation to 4-hydroxy-L-proline	0	0.00102040816326531	1	-0.0019601846856715	2	1
GO:0018872	arsonoacetate metabolic process	0	0	1	0	1	0
GO:0018879	biphenyl metabolic process	0	0	1	0	1	0
GO:0018894	dibenzo-p-dioxin metabolic process	0	0	1	0	1	0
GO:0018916	nitrobenzene metabolic process	4	0.00211734693877551	8.36028810508285e-13	1.76809879880559	4	6
GO:0018958	phenol-containing compound metabolic process	0	5.10204081632653e-05	1	-9.81358440319546e-05	2	1
GO:0018963	phthalate metabolic process	0	0.0039030612244898	1	-0.00746910003611401	2	1
GO:0019043	establishment of viral latency	0	0	1	0	1	0
GO:0019046	release from viral latency	0	0	1	0	1	0
GO:0019058	viral life cycle	2	0.00352040816326531	6.18210649022881e-06	1.32474226111121	3	3
GO:0019060	intracellular transport of viral protein in host cell	0	0	1	0	1	0
GO:0019062	virion attachment to host cell	1	0.00137755102040816	0.00137565598410353	0.934589566104996	2	1
GO:0019064	fusion of virus membrane with host plasma membrane	0	0.00428571428571429	1	-0.00819721912533433	4	6
GO:0019065	receptor-mediated endocytosis of virus by host cell	2	0.0331887755102041	0.000538711983494397	1.27030954852451	7	21
GO:0019068	virion assembly	3	0.0140561224489796	4.58003274394276e-07	1.55841865698826	6	15
GO:0019075	virus maturation	1	0.00464285714285714	0.00462140063988624	0.928358424469261	2	1
GO:0019079	viral genome replication	1	0.0382142857142857	0.0374933326374669	0.867234790681068	8	28
GO:0019081	viral translation	0	0.00191326530612245	1	-0.00367098767058405	4	6
GO:0019085	early viral transcription	0	0	1	0	1	0
GO:0019086	late viral transcription	1	0.000229591836734694	0.000229565482545771	0.936793052760194	3	3
GO:0019100	male germ-line sex determination	0	0	1	0	1	0
GO:0019217	regulation of fatty acid metabolic process	0	0.0142091836734694	1	-0.0268275781749056	4	6
GO:0019218	regulation of steroid metabolic process	1	0.00372448979591837	0.00371756247873364	0.930105499511648	3	3
GO:0019227	neuronal action potential propagation	2	0.0456122448979592	0.00100914123107458	1.24868237889713	9	36
GO:0019230	proprioception	0	0.00426020408163265	1	-0.00814870071129592	3	3
GO:0019240	citrulline biosynthetic process	3	0.0192091836734694	1.16445216627927e-06	1.54892710530448	4	6
GO:0019243	methylglyoxal catabolic process to D-lactate via S-lactoyl-glutathione	0	2.55102040816327e-05	1	-4.90695908794692e-05	2	1
GO:0019249	lactate biosynthetic process	0	0	1	0	1	0
GO:0019254	carnitine metabolic process, CoA-linked	0	0.00150510204081633	1	-0.00288940972948382	3	3
GO:0019262	N-acetylneuraminate catabolic process	5	0.0132142857142857	3.32089818628268e-12	1.89566982075356	6	15
GO:0019276	UDP-N-acetylgalactosamine metabolic process	0	0.000153061224489796	1	-0.000294367488453351	2	1
GO:0019285	glycine betaine biosynthetic process from choline	0	0	1	0	1	0
GO:0019287	isopentenyl diphosphate biosynthetic process, mevalonate pathway	3	0.00295918367346939	4.30605288269541e-09	1.57929257639658	3	3
GO:0019293	tyrosine biosynthetic process, by oxidation of phenylalanine	3	0.00525510204081633	2.40607936128376e-08	1.57492399586598	3	3
GO:0019303	D-ribose catabolic process	0	0.000637755102040816	1	-0.0012257394970483	2	1
GO:0019321	pentose metabolic process	0	0	1	0	1	0
GO:0019322	pentose biosynthetic process	0	0	1	0	1	0
GO:0019343	cysteine biosynthetic process via cystathionine	3	0.0178826530612245	9.36220759304091e-07	1.55135856356454	3	3
GO:0019344	cysteine biosynthetic process	3	0.0325765306122449	5.62290882368415e-06	1.52487230876982	4	6
GO:0019346	transsulfuration	6	0.0586989795918367	5.40270760704166e-11	1.93882969401537	5	10
GO:0019348	dolichol metabolic process	9	0.0297448979591837	4.89017781632388e-20	2.26686694536825	6	15
GO:0019367	fatty acid elongation, saturated fatty acid	10	0.0329081632653061	3.98366165761413e-22	2.33436157343458	7	21
GO:0019370	leukotriene biosynthetic process	2	0.0025	3.11979654622565e-06	1.32668948194662	7	21
GO:0019371	cyclooxygenase pathway	6	0.00607142857142857	6.91474319935741e-17	2.0321459964897	4	6
GO:0019372	lipoxygenase pathway	6	0.024234693877551	2.75596224987394e-13	1.99855816957704	7	21
GO:0019377	glycolipid catabolic process	0	0.000127551020408163	1	-0.000245314581668765	2	1
GO:0019388	galactose catabolic process	0	0	1	0	1	0
GO:0019408	dolichol biosynthetic process	1	0.00563775510204082	0.00562189274236476	0.926470522623436	3	3
GO:0019417	sulfur oxidation	0	0	1	0	1	0
GO:0019441	L-tryptophan catabolic process to kynurenine	10	0.0244642857142857	2.06508372652161e-23	2.34945050106007	5	10
GO:0019448	L-cysteine catabolic process	1	0.0064030612244898	0.00638260524217239	0.925021645220599	3	3
GO:0019464	glycine decarboxylation via glycine cleavage system	3	0.0113265306122449	2.39453069998094e-07	1.56349742017485	3	3
GO:0019470	4-hydroxyproline catabolic process	1	0.00397959183673469	0.00397168374455574	0.929619776295905	3	3
GO:0019478	D-amino acid catabolic process	0	0	1	0	1	0
GO:0019509	L-methionine salvage from methylthioadenosine	7	0.00364795918367347	1.70032930269377e-21	2.1418569956391	5	10
GO:0019530	taurine metabolic process	0	0.00336734693877551	1	-0.00644849700722083	3	3
GO:0019532	oxalate transport	0	0.00229591836734694	1	-0.00440294868767055	7	21
GO:0019538	protein metabolic process	0	0.00283163265306122	1	-0.005426447925582	4	6
GO:0019543	propionate catabolic process	1	0.000918367346938775	0.000917524722193903	0.935470153217947	2	1
GO:0019547	arginine catabolic process to ornithine	1	0.00206632653061225	0.00206206562969375	0.933270697746945	2	1
GO:0019556	L-histidine catabolic process to glutamate and formamide	3	0.00326530612244898	5.78837909014225e-09	1.57870856811712	4	6
GO:0019557	L-histidine catabolic process to glutamate and formate	3	0.00326530612244898	5.78837909014225e-09	1.57870856811712	4	6
GO:0019563	glycerol catabolic process	2	0.00770408163265306	2.952445654857e-05	1.31681316027347	4	6
GO:0019626	short-chain fatty acid catabolic process	3	0.00612244897959184	3.80159044943158e-08	1.5732805041884	3	3
GO:0019640	D-glucuronate catabolic process to D-xylulose 5-phosphate	3	0.00619897959183674	3.9517598584508e-08	1.57313566982983	5	10
GO:0019661	glucose catabolic process to lactate via pyruvate	0	0	1	0	1	0
GO:0019673	GDP-mannose metabolic process	2	0.00173469387755102	1.50284256364226e-06	1.32815335484387	4	6
GO:0019674	NAD metabolic process	3	0.0202551020408163	1.3641366938264e-06	1.54701575585917	6	15
GO:0019677	NAD catabolic process	0	0.000663265306122449	1	-0.00127472578075483	2	1
GO:0019693	ribose phosphate metabolic process	0	0	1	0	1	0
GO:0019695	choline metabolic process	0	0.000586734693877551	1	-0.00112775694861655	3	3
GO:0019724	B cell mediated immunity	0	0.000127551020408163	1	-0.000245314581668765	2	1
GO:0019730	antimicrobial humoral response	3	0.0157908163265306	6.48516648406593e-07	1.55520951650462	9	36
GO:0019732	antifungal humoral response	4	0.131198979591837	1.11180293855648e-05	1.5557532563002	10	45
GO:0019752	carboxylic acid metabolic process	0	0.0139540816326531	1	-0.0263546254170471	6	15
GO:0019805	quinolinate biosynthetic process	4	0.00941326530612245	3.24698261366747e-10	1.75427649522096	4	6
GO:0019835	cytolysis	0	0	1	0	1	0
GO:0019852	L-ascorbic acid metabolic process	0	0.011734693877551	1	-0.0222267992236825	7	21
GO:0019856	pyrimidine nucleobase biosynthetic process	1	0.000637755102040816	0.000637348629700446	0.936008819461022	2	1
GO:0019858	cytosine metabolic process	0	0	1	0	1	0
GO:0019878	lysine biosynthetic process via aminoadipic acid	0	0.000153061224489796	1	-0.000294367488453351	2	1
GO:0019884	antigen processing and presentation of exogenous antigen	0	5.10204081632653e-05	1	-9.81358440319546e-05	2	1
GO:0019885	antigen processing and presentation of endogenous peptide antigen via MHC class I	3	0.00344387755102041	6.79000677905211e-09	1.57836811484289	5	10
GO:0019896	axonal transport of mitochondrion	0	0.00903061224489796	1	-0.0171653607596199	5	10
GO:0019941	modification-dependent protein catabolic process	0	0	1	0	1	0
GO:0019953	sexual reproduction	0	0.0060969387755102	1	-0.0116337119502248	5	10
GO:0019985	translesion synthesis	0	0.00420918367346939	1	-0.00805165409195885	5	10
GO:0020027	hemoglobin metabolic process	2	0.0159438775510204	0.000125760642792341	1.30144704693401	5	10
GO:0021502	neural fold elevation formation	0	0.000688775510204082	1	-0.00132370873805776	2	1
GO:0021508	floor plate formation	0	0.00298469387755102	1	-0.00571860974425564	2	1
GO:0021513	spinal cord dorsal/ventral patterning	1	0.0306887755102041	0.0302226554264695	0.880493163266651	5	10
GO:0021514	ventral spinal cord interneuron differentiation	0	0.000229591836734694	1	-0.000441506197876307	2	1
GO:0021516	dorsal spinal cord development	0	0.0023469387755102	1	-0.0045004873965534	6	15
GO:0021517	ventral spinal cord development	6	0.0128061224489796	6.05908213611905e-15	2.01950892841794	6	15
GO:0021520	spinal cord motor neuron cell fate specification	2	0.00114795918367347	6.58401096561108e-07	1.32927767269221	5	10
GO:0021521	ventral spinal cord interneuron specification	0	0	1	0	1	0
GO:0021523	somatic motor neuron differentiation	0	0.00181122448979592	1	-0.00347567256198011	3	3
GO:0021524	visceral motor neuron differentiation	0	0.000510204081632653	1	-0.000980758166643114	3	3
GO:0021526	medial motor column neuron differentiation	0	0.000229591836734694	1	-0.000441506197876307	2	1
GO:0021527	spinal cord association neuron differentiation	0	0.0185459183673469	1	-0.0348206907558338	6	15
GO:0021529	spinal cord oligodendrocyte cell differentiation	0	0	1	0	1	0
GO:0021530	spinal cord oligodendrocyte cell fate specification	0	0.000612244897959184	1	-0.00117674988648608	3	3
GO:0021532	neural tube patterning	1	0.0291071428571429	0.0286876102933406	0.883310930601367	5	10
GO:0021533	cell differentiation in hindbrain	0	0.00298469387755102	1	-0.00571860974425564	2	1
GO:0021535	cell migration in hindbrain	0	7.6530612244898e-05	1	-0.00014719875991176	2	1
GO:0021536	diencephalon development	0	0.000459183673469388	1	-0.000882742333834563	2	1
GO:0021540	corpus callosum morphogenesis	0	0.0113775510204082	1	-0.0215603393804438	3	3
GO:0021544	subpallium development	0	0.000127551020408163	1	-0.000245314581668765	2	1
GO:0021545	cranial nerve development	0	2.55102040816327e-05	1	-4.90695908794692e-05	2	1
GO:0021551	central nervous system morphogenesis	0	0	1	0	1	0
GO:0021553	olfactory nerve development	0	2.55102040816327e-05	1	-4.90695908794692e-05	2	1
GO:0021555	midbrain-hindbrain boundary morphogenesis	0	0	1	0	1	0
GO:0021557	oculomotor nerve development	0	0	1	0	1	0
GO:0021559	trigeminal nerve development	1	0.000535714285714286	0.000535570816436984	0.936204797868923	4	6
GO:0021562	vestibulocochlear nerve development	0	0.000153061224489796	1	-0.000294367488453351	2	1
GO:0021570	rhombomere 4 development	0	0	1	0	1	0
GO:0021571	rhombomere 5 development	0	0	1	0	1	0
GO:0021575	hindbrain morphogenesis	0	0.000408163265306122	1	-0.000784713180942753	2	1
GO:0021587	cerebellum morphogenesis	1	0.0217857142857143	0.021550119580077	0.896499814540267	4	6
GO:0021589	cerebellum structural organization	0	0	1	0	1	0
GO:0021599	abducens nerve formation	0	0	1	0	1	0
GO:0021610	facial nerve morphogenesis	0	0	1	0	1	0
GO:0021612	facial nerve structural organization	12	0.059030612244898	3.53940056312131e-24	2.41674395760435	8	28
GO:0021615	glossopharyngeal nerve morphogenesis	0	0	1	0	1	0
GO:0021623	oculomotor nerve formation	0	5.10204081632653e-05	1	-9.81358440319546e-05	2	1
GO:0021626	central nervous system maturation	0	0.00183673469387755	1	-0.00352450629726231	2	1
GO:0021628	olfactory nerve formation	0	0.00160714285714286	1	-0.00308488362010329	2	1
GO:0021630	olfactory nerve maturation	0	0.000127551020408163	1	-0.000245314581668765	2	1
GO:0021631	optic nerve morphogenesis	0	0.00747448979591837	1	-0.0142364654157089	5	10
GO:0021633	optic nerve structural organization	0	0.000255102040816327	1	-0.000490545765551631	2	1
GO:0021637	trigeminal nerve structural organization	12	0.039234693877551	2.67904043172515e-26	2.45041816232067	6	15
GO:0021644	vagus nerve morphogenesis	0	0	1	0	1	0
GO:0021649	vestibulocochlear nerve structural organization	1	0.00910714285714286	0.00902495133604672	0.919925460523283	2	1
GO:0021650	vestibulocochlear nerve formation	0	0.00048469387755102	1	-0.000931751915023038	3	3
GO:0021670	lateral ventricle development	1	0.0381122448979592	0.0373951126602714	0.867412945169611	8	28
GO:0021678	third ventricle development	0	0	1	0	1	0
GO:0021680	cerebellar Purkinje cell layer development	0	0.00145408163265306	1	-0.0027916529166977	2	1
GO:0021681	cerebellar granular layer development	0	0.000102040816326531	1	-0.000196258338972743	2	1
GO:0021691	cerebellar Purkinje cell layer maturation	0	0	1	0	1	0
GO:0021692	cerebellar Purkinje cell layer morphogenesis	0	0.000816326530612245	1	-0.0015685736443245	2	1
GO:0021693	cerebellar Purkinje cell layer structural organization	0	0.000612244897959184	1	-0.00117674988648608	2	1
GO:0021694	cerebellar Purkinje cell layer formation	0	0	1	0	1	0
GO:0021695	cerebellar cortex development	0	0.0134948979591837	1	-0.0255025282338329	4	6
GO:0021696	cerebellar cortex morphogenesis	1	0.00936224489795918	0.00931855521824491	0.919446541689833	3	3
GO:0021697	cerebellar cortex formation	0	0	1	0	1	0
GO:0021702	cerebellar Purkinje cell differentiation	0	0.0103316326530612	1	-0.0196050145021072	4	6
GO:0021707	cerebellar granule cell differentiation	3	0.0098469387755102	1.57959554128996e-07	1.56626541273343	5	10
GO:0021722	superior olivary nucleus maturation	0	7.6530612244898e-05	1	-0.00014719875991176	2	1
GO:0021740	principal sensory nucleus of trigeminal nerve development	0	0.00227040816326531	1	-0.00435417438693553	3	3
GO:0021747	cochlear nucleus development	0	0.00357142857142857	1	-0.00683746844853828	2	1
GO:0021750	vestibular nucleus development	0	0.000637755102040816	1	-0.0012257394970483	2	1
GO:0021754	facial nucleus development	0	0.000510204081632653	1	-0.000980758166643114	2	1
GO:0021759	globus pallidus development	0	0.000459183673469388	1	-0.000882742333834563	2	1
GO:0021761	limbic system development	0	0.000102040816326531	1	-0.000196258338972743	2	1
GO:0021764	amygdala development	0	0.00420918367346939	1	-0.00805165409195885	5	10
GO:0021773	striatal medium spiny neuron differentiation	0	0.00801020408163265	1	-0.0152461165239438	3	3
GO:0021775	smoothened signaling pathway involved in ventral spinal cord interneuron specification	3	0.0036734693877551	8.23156965215731e-09	1.57793062517794	3	3
GO:0021776	smoothened signaling pathway involved in spinal cord motor neuron cell fate specification	1	0.000918367346938775	0.000917524722193903	0.935470153217947	2	1
GO:0021780	glial cell fate specification	0	0	1	0	1	0
GO:0021781	glial cell fate commitment	0	0.000612244897959184	1	-0.00117674988648608	2	1
GO:0021782	glial cell development	0	0.00158163265306122	1	-0.00303602011319593	3	3
GO:0021784	postganglionic parasympathetic fiber development	0	0.00232142857142857	1	-0.00445171969072788	2	1
GO:0021785	branchiomotor neuron axon guidance	12	0.0408418367346939	4.33066993041268e-26	2.44762490189021	7	21
GO:0021794	thalamus development	0	0.0411989795918367	1	-0.0751914161840688	6	15
GO:0021795	cerebral cortex cell migration	0	0.0132142857142857	1	-0.0249813062369122	5	10
GO:0021796	cerebral cortex regionalization	0	0.00153061224489796	1	-0.00293828316833478	3	3
GO:0021797	forebrain anterior/posterior pattern specification	0	0.000459183673469388	1	-0.000882742333834563	2	1
GO:0021798	forebrain dorsal/ventral pattern formation	1	0.0154336734693878	0.0153151846865898	0.908141114056438	6	15
GO:0021799	cerebral cortex radially oriented cell migration	0	0.00112244897959184	1	-0.00215591050981212	6	15
GO:0021800	cerebral cortex tangential migration	0	0.000102040816326531	1	-0.000196258338972743	2	1
GO:0021801	cerebral cortex radial glia-guided migration	0	0.00076530612244898	1	-0.00147063765606126	2	1
GO:0021814	cell motility involved in cerebral cortex radial glia guided migration	0	0	1	0	1	0
GO:0021816	extension of a leading process involved in cell motility in cerebral cortex radial glia guided migration	0	0	1	0	1	0
GO:0021817	nucleokinesis involved in cell motility in cerebral cortex radial glia guided migration	3	0.00660714285714286	4.77551699706841e-08	1.57236371066799	3	3
GO:0021828	gonadotrophin-releasing hormone neuronal migration to the hypothalamus	7	0.0303571428571429	4.59052347435773e-15	2.09268878950795	5	10
GO:0021836	chemorepulsion involved in postnatal olfactory bulb interneuron migration	1	0.00112244897959184	0.00112119050045867	0.935078648448258	2	1
GO:0021846	cell proliferation in forebrain	0	0.0147704081632653	1	-0.0278669840038004	5	10
GO:0021847	ventricular zone neuroblast division	0	0	1	0	1	0
GO:0021849	neuroblast division in subventricular zone	1	0.00125	0.00124843945068664	0.93483406582616	2	1
GO:0021852	pyramidal neuron migration to cerebral cortex	0	0.00107142857142857	1	-0.00205805423611594	2	1
GO:0021853	cerebral cortex GABAergic interneuron migration	0	0.00201530612244898	1	-0.00386624990915729	3	3
GO:0021859	pyramidal neuron differentiation	0	0.000714285714285714	1	-0.00137268836940874	2	1
GO:0021860	pyramidal neuron development	0	0.00732142857142857	1	-0.0139477339160123	3	3
GO:0021861	forebrain radial glial cell differentiation	2	0.0360969387755102	0.000636026718211851	1.26518848969331	6	15
GO:0021869	forebrain ventricular zone progenitor cell division	0	0.000127551020408163	1	-0.000245314581668765	3	3
GO:0021870	Cajal-Retzius cell differentiation	0	0	1	0	1	0
GO:0021871	forebrain regionalization	0	0.00905612244897959	1	-0.0172132765004754	3	3
GO:0021873	forebrain neuroblast division	0	0	1	0	1	0
GO:0021879	forebrain neuron differentiation	0	0.000153061224489796	1	-0.000294367488453351	2	1
GO:0021884	forebrain neuron development	0	0.00232142857142857	1	-0.00445171969072788	4	6
GO:0021885	forebrain cell migration	0	5.10204081632653e-05	1	-9.81358440319546e-05	2	1
GO:0021889	olfactory bulb interneuron differentiation	0	7.6530612244898e-05	1	-0.00014719875991176	2	1
GO:0021891	olfactory bulb interneuron development	0	0.000459183673469388	1	-0.000882742333834563	2	1
GO:0021892	cerebral cortex GABAergic interneuron differentiation	0	0.00076530612244898	1	-0.00147063765606126	2	1
GO:0021893	cerebral cortex GABAergic interneuron fate commitment	0	0	1	0	1	0
GO:0021895	cerebral cortex neuron differentiation	0	0.00693877551020408	1	-0.0132253991444363	6	15
GO:0021897	forebrain astrocyte development	0	0.000102040816326531	1	-0.000196258338972743	2	1
GO:0021902	commitment of neuronal cell to specific neuron type in forebrain	2	0.011530612244898	6.5968694633732e-05	1.30963646593257	6	15
GO:0021903	rostrocaudal neural tube patterning	0	0.00183673469387755	1	-0.00352450629726231	2	1
GO:0021904	dorsal/ventral neural tube patterning	2	0.0629081632653061	0.0018976587200853	1.21961363214459	7	21
GO:0021930	cerebellar granule cell precursor proliferation	0	0.0126020408163265	1	-0.0238427856473701	4	6
GO:0021934	hindbrain tangential cell migration	0	0.00127551020408163	1	-0.00244939970641966	2	1
GO:0021935	cerebellar granule cell precursor tangential migration	0	0.000178571428571429	1	-0.000343417059780471	2	1
GO:0021940	positive regulation of cerebellar granule cell precursor proliferation	0	0.000561224489795918	1	-0.00107876068298762	2	1
GO:0021941	negative regulation of cerebellar granule cell precursor proliferation	0	0	1	0	1	0
GO:0021942	radial glia guided migration of Purkinje cell	0	0.00112244897959184	1	-0.00215591050981212	2	1
GO:0021943	formation of radial glial scaffolds	0	0.00252551020408163	1	-0.00484176905227984	2	1
GO:0021952	central nervous system projection neuron axonogenesis	0	0.00982142857142857	1	-0.0186492707114878	7	21
GO:0021953	central nervous system neuron differentiation	0	0.000739795918367347	1	-0.0014216646752595	4	6
GO:0021955	central nervous system neuron axonogenesis	0	0.00150510204081633	1	-0.00288940972948382	4	6
GO:0021957	corticospinal tract morphogenesis	0	0.00607142857142857	1	-0.01158542413547	5	10
GO:0021960	anterior commissure morphogenesis	0	0.000841836734693878	1	-0.00161753665268849	4	6
GO:0021965	spinal cord ventral commissure morphogenesis	0	0.00229591836734694	1	-0.00440294868767055	2	1
GO:0021978	telencephalon regionalization	3	0.0300510204081633	4.42227292105641e-06	1.5293559775467	5	10
GO:0021979	hypothalamus cell differentiation	0	0.00163265306122449	1	-0.00313374381725984	3	3
GO:0021984	adenohypophysis development	0	0.0183673469387755	1	-0.0344933050956539	5	10
GO:0021985	neurohypophysis development	0	0	1	0	1	0
GO:0021986	habenula development	0	0.000510204081632653	1	-0.000980758166643114	3	3
GO:0021997	neural plate axis specification	0	0	1	0	1	0
GO:0021999	neural plate anterior/posterior regionalization	0	0.000663265306122449	1	-0.00127472578075483	2	1
GO:0022009	central nervous system vasculogenesis	0	0.0227040816326531	1	-0.0424023864870291	4	6
GO:0022027	interkinetic nuclear migration	0	0.00344387755102041	1	-0.00659438587827022	5	10
GO:0022028	tangential migration from the subventricular zone to the olfactory bulb	0	0.0171173469387755	1	-0.0321974356312371	3	3
GO:0022029	telencephalon cell migration	0	0	1	0	1	0
GO:0022400	regulation of opsin-mediated signaling pathway	3	0.0231122448979592	2.0223268906414e-06	1.54182017569463	8	28
GO:0022405	hair cycle process	0	7.6530612244898e-05	1	-0.00014719875991176	2	1
GO:0022407	regulation of cell-cell adhesion	2	0.0311734693877551	0.000475911695680235	1.27387980009529	10	45
GO:0022408	negative regulation of cell-cell adhesion	0	0.0200510204081633	1	-0.0375741961020185	5	10
GO:0022414	reproductive process	1	0.0050765306122449	0.00506366680775443	0.927534885355093	4	6
GO:0022602	ovulation cycle process	0	0.000535714285714286	1	-0.00102976108914732	2	1
GO:0022612	gland morphogenesis	1	0.00510204081632653	0.00508904751292754	0.927486471145172	4	6
GO:0022614	membrane to membrane docking	0	0.000408163265306122	1	-0.000784713180942753	2	1
GO:0022615	protein to membrane docking	1	0.0183928571428571	0.0182247408368578	0.902694475384371	4	6
GO:0022618	protein-RNA complex assembly	0	0	1	0	1	0
GO:0022898	regulation of transmembrane transporter activity	0	0.000459183673469388	1	-0.000882742333834563	2	1
GO:0022900	electron transport chain	0	0.0112244897959184	1	-0.0212745251310026	7	21
GO:0023021	termination of signal transduction	0	0	1	0	1	0
GO:0023035	CD40 signaling pathway	0	0.00278061224489796	1	-0.00532903435076215	4	6
GO:0023041	neuronal signal transduction	1	0.0105357142857143	0.0104804080486063	0.917247601223561	4	6
GO:0023051	regulation of signaling	0	0	1	0	1	0
GO:0023052	signaling	1	0.00441326530612245	0.00440354116112804	0.928794796701288	6	15
GO:0023061	signal release	0	0.00178571428571429	1	-0.00342683552053125	2	1
GO:0030001	metal ion transport	0	0.0151530612244898	1	-0.0285748120661344	10	45
GO:0030011	maintenance of cell polarity	0	0.00318877551020408	1	-0.00610797485481962	5	10
GO:0030026	intracellular manganese ion homeostasis	0	2.55102040816327e-05	1	-4.90695908794692e-05	2	1
GO:0030029	actin filament-based process	0	0.000459183673469388	1	-0.000882742333834563	2	1
GO:0030033	microvillus assembly	2	0.0226020408163265	0.000251609782296251	1.28926522316503	8	28
GO:0030035	microspike assembly	0	0	1	0	1	0
GO:0030042	actin filament depolymerization	6	0.0219897959183673	1.54102807471704e-13	2.00262575576189	9	36
GO:0030043	actin filament fragmentation	4	0.00553571428571429	3.89547389761607e-11	1.7615896254973	4	6
GO:0030046	parallel actin filament bundle assembly	0	0.000331632653061225	1	-0.000637644468527876	2	1
GO:0030047	actin modification	0	0.000178571428571429	1	-0.000343417059780471	3	3
GO:0030049	muscle filament sliding	15	0.197091836734694	1.67229560078496e-23	2.37409792087128	10	45
GO:0030050	vesicle transport along actin filament	0	0.00186224489795918	1	-0.00357333672682525	3	3
GO:0030070	insulin processing	1	0.00387755102040816	0.00387004302679456	0.929814026336245	6	15
GO:0030072	peptide hormone secretion	1	0.0074234693877551	0.00739598349449592	0.923094324535093	4	6
GO:0030091	protein repair	3	0.00147959183673469	5.39253053731784e-10	1.58212196774207	5	10
GO:0030098	lymphocyte differentiation	0	0.00612244897959184	1	-0.0116819965327553	5	10
GO:0030103	vasopressin secretion	0	0	1	0	1	0
GO:0030149	sphingolipid catabolic process	2	0.0435204081632653	0.000919979962417042	1.25227881710494	9	36
GO:0030157	pancreatic juice secretion	0	0.0110459183673469	1	-0.0209409319798047	5	10
GO:0030162	regulation of proteolysis	0	0.00903061224489796	1	-0.0171653607596199	7	21
GO:0030174	regulation of DNA-templated DNA replication initiation	2	0.00709183673469388	2.50284970969502e-05	1.31796808650355	6	15
GO:0030185	nitric oxide transport	0	0.00201530612244898	1	-0.00386624990915729	3	3
GO:0030187	melatonin biosynthetic process	1	0.00038265306122449	0.000382506693867143	0.936498865349736	2	1
GO:0030193	regulation of blood coagulation	0	0.030484693877551	1	-0.0563784307071248	7	21
GO:0030195	negative regulation of blood coagulation	3	0.0353061224489796	7.14346709653161e-06	1.52005745762652	7	21
GO:0030200	heparan sulfate proteoglycan catabolic process	6	0.0152040816326531	1.69343944985076e-14	2.01506228394034	8	28
GO:0030201	heparan sulfate proteoglycan metabolic process	0	0	1	0	1	0
GO:0030202	heparin proteoglycan metabolic process	1	0.00334183673469388	0.00333625901332119	0.930834698131999	5	10
GO:0030203	glycosaminoglycan metabolic process	5	0.0318622448979592	2.66485548051642e-10	1.86182621949388	9	36
GO:0030204	chondroitin sulfate metabolic process	0	0	1	0	1	0
GO:0030207	chondroitin sulfate proteoglycan catabolic process	2	0.0101530612244898	5.11947759025769e-05	1.31221185816269	4	6
GO:0030208	dermatan sulfate biosynthetic process	0	5.10204081632653e-05	1	-9.81358440319546e-05	2	1
GO:0030209	dermatan sulfate proteoglycan catabolic process	2	0.019719387755102	0.000191889939419913	1.29451411266347	4	6
GO:0030210	heparin proteoglycan biosynthetic process	2	0.00413265306122449	8.51592013510176e-06	1.323576446683	7	21
GO:0030212	hyaluronan metabolic process	0	0.00163265306122449	1	-0.00313374381725984	6	15
GO:0030219	megakaryocyte differentiation	2	0.0582142857142857	0.00163010423847478	1.2273873950777	9	36
GO:0030221	basophil differentiation	1	0.00535714285714286	0.00532859680284192	0.927002507678213	2	1
GO:0030222	eosinophil differentiation	0	0.00191326530612245	1	-0.00367098767058405	2	1
GO:0030223	neutrophil differentiation	0	0.0227295918367347	1	-0.0424486548889847	4	6
GO:0030238	male sex determination	3	0.0208928571428571	1.49637544532797e-06	1.54585277956425	9	36
GO:0030239	myofibril assembly	0	0.0663265306122449	1	-0.11747794140018	12	66
GO:0030240	skeletal muscle thin filament assembly	0	0.00341836734693878	1	-0.00654575953287817	3	3
GO:0030241	skeletal muscle myosin thick filament assembly	0	0.00285714285714286	1	-0.00547514978027042	2	1
GO:0030242	autophagy of peroxisome	1	0.00244897959183673	0.00244598328628555	0.932539033701618	3	3
GO:0030252	growth hormone secretion	4	0.0216326530612245	8.9683935762487e-09	1.73170382924785	6	15
GO:0030258	lipid modification	0	0.0119642857142857	1	-0.0226549127700944	5	10
GO:0030259	lipid glycosylation	1	0.0266326530612245	0.0262811315207046	0.887741573593995	7	21
GO:0030262	apoptotic nuclear changes	0	0.00331632653061225	1	-0.00635122136545196	5	10
GO:0030263	apoptotic chromosome condensation	0	0.000306122448979592	1	-0.000588614900424389	3	3
GO:0030278	regulation of ossification	0	0.0143877551020408	1	-0.0271584606972113	8	28
GO:0030299	intestinal cholesterol absorption	3	0.0538520408163265	2.49998959497917e-05	1.4881678054316	9	36
GO:0030300	regulation of intestinal cholesterol absorption	1	0.00505102040816327	0.00502563581907711	0.927583302814617	2	1
GO:0030311	poly-N-acetyllactosamine biosynthetic process	3	0.0241581632653061	2.30768446573703e-06	1.53992754040811	5	10
GO:0030321	transepithelial chloride transport	1	0.00331632653061225	0.00331083359358541	0.930883337592619	6	15
GO:0030322	stabilization of membrane potential	0	0.00229591836734694	1	-0.00440294868767055	3	3
GO:0030323	respiratory tube development	0	2.55102040816327e-05	1	-4.90695908794692e-05	2	1
GO:0030327	prenylated protein catabolic process	0	0	1	0	1	0
GO:0030382	sperm mitochondrion organization	0	0.000229591836734694	1	-0.000441506197876307	2	1
GO:0030388	fructose 1,6-bisphosphate metabolic process	10	0.0431122448979592	5.85490608208857e-21	2.31653861562502	5	10
GO:0030421	defecation	0	0.000408163265306122	1	-0.000784713180942753	2	1
GO:0030422	siRNA processing	1	0.000280612244897959	0.000280572876964168	0.936694976958487	3	3
GO:0030431	sleep	0	0.0177295918367347	1	-0.0333228561605452	5	10
GO:0030432	peristalsis	1	0.0129081632653061	0.0128252102332298	0.912822288396561	5	10
GO:0030449	regulation of complement activation	1	0.00520408163265306	0.00519056385919802	0.927292846792796	4	6
GO:0030497	fatty acid elongation	10	0.0453826530612245	9.79988986264251e-21	2.3126321939986	6	15
GO:0030505	inorganic diphosphate transport	0	0	1	0	1	0
GO:0030510	regulation of BMP signaling pathway	0	0.0144132653061225	1	-0.0272057172415268	9	36
GO:0030516	regulation of axon extension	0	0.0049234693877551	1	-0.00940912008651818	5	10
GO:0030518	nuclear receptor-mediated steroid hormone signaling pathway	0	0.000280612244897959	1	-0.000539581999583372	3	3
GO:0030540	female genitalia development	1	0.00627551020408163	0.00625586031576598	0.925262922782619	6	15
GO:0030575	nuclear body organization	0	0	1	0	1	0
GO:0030576	Cajal body organization	0	0.000255102040816327	1	-0.000490545765551631	2	1
GO:0030578	PML body organization	0	0.00165816326530612	1	-0.00318260070511378	3	3
GO:0030592	DNA ADP-ribosylation	0	0.000408163265306122	1	-0.000784713180942753	2	1
GO:0030595	leukocyte chemotaxis	1	0.00454081632653061	0.0045305224069018	0.928552335094204	7	21
GO:0030641	regulation of cellular pH	0	0	1	0	1	0
GO:0030643	intracellular phosphate ion homeostasis	8	0.0275255102040816	7.97513768550937e-18	2.18946853394257	9	36
GO:0030644	intracellular chloride ion homeostasis	1	0.0133673469387755	0.0132784007227515	0.911968903126604	7	21
GO:0030705	cytoskeleton-dependent intracellular transport	4	0.00826530612244898	1.93176042803745e-10	1.75643385159056	7	21
GO:0030718	germ-line stem cell population maintenance	0	0.0025765306122449	1	-0.00493924844708282	3	3
GO:0030719	P granule organization	0	0.00224489795918367	1	-0.00430539678807718	5	10
GO:0030728	ovulation	0	7.6530612244898e-05	1	-0.00014719875991176	2	1
GO:0030832	regulation of actin filament length	1	0.0064030612244898	0.00638260531140874	0.925021645220599	4	6
GO:0030834	regulation of actin filament depolymerization	0	0	1	0	1	0
GO:0030836	positive regulation of actin filament depolymerization	2	0.00377551020408163	7.10932471560813e-06	1.32425627610297	6	15
GO:0030845	phospholipase C-inhibiting G protein-coupled receptor signaling pathway	0	0	1	0	1	0
GO:0030850	prostate gland development	4	0.100051020408163	3.85453381501735e-06	1.60156432241857	9	36
GO:0030851	granulocyte differentiation	0	0.0129081632653061	1	-0.02441227056151	7	21
GO:0030853	negative regulation of granulocyte differentiation	0	0.0116581632653061	1	-0.0220840382269878	5	10
GO:0030854	positive regulation of granulocyte differentiation	0	0.000280612244897959	1	-0.000539581999583372	2	1
GO:0030856	regulation of epithelial cell differentiation	0	0.010765306122449	1	-0.0204164022773081	6	15
GO:0030858	positive regulation of epithelial cell differentiation	1	0.0246938775510204	0.0243914780096086	0.891232119788242	8	28
GO:0030859	polarized epithelial cell differentiation	1	0.00525510204081633	0.00524131814791132	0.92719605410289	4	6
GO:0030865	cortical cytoskeleton organization	1	0.00137755102040816	0.00137660263253546	0.934589566104996	6	15
GO:0030886	negative regulation of myeloid dendritic cell activation	0	0	1	0	1	0
GO:0030887	positive regulation of myeloid dendritic cell activation	0	0	1	0	1	0
GO:0030888	regulation of B cell proliferation	0	0.00130102040816327	1	-0.00249830296534115	4	6
GO:0030903	notochord development	0	0.00487244897959184	1	-0.00931224290124699	5	10
GO:0030910	olfactory placode formation	0	0.000229591836734694	1	-0.000441506197876307	3	3
GO:0030913	paranodal junction assembly	0	0.0125	1	-0.0236528573891784	5	10
GO:0030916	otic vesicle formation	0	0.00846938775510204	1	-0.0161104084044833	5	10
GO:0030917	midbrain-hindbrain boundary development	0	0	1	0	1	0
GO:0030947	regulation of vascular endothelial growth factor receptor signaling pathway	1	0.0329081632653061	0.0323725807487368	0.876557667079768	5	10
GO:0030948	negative regulation of vascular endothelial growth factor receptor signaling pathway	0	0.00744897959183674	1	-0.0141883515240488	6	15
GO:0030950	establishment or maintenance of actin cytoskeleton polarity	0	0.00048469387755102	1	-0.000931751915023038	3	3
GO:0030951	establishment or maintenance of microtubule cytoskeleton polarity	0	0.00262755102040816	1	-0.00503671467077449	3	3
GO:0030953	astral microtubule organization	0	0.00313775510204082	1	-0.00601065327878914	6	15
GO:0030997	regulation of centriole-centriole cohesion	0	0	1	0	1	0
GO:0031000	response to caffeine	0	0.011530612244898	1	-0.0218460404286479	3	3
GO:0031017	exocrine pancreas development	0	0.0111989795918367	1	-0.0212268784107867	4	6
GO:0031022	nuclear migration along microfilament	1	0.00183673469387755	0.00183336728457934	0.933710052660808	2	1
GO:0031023	microtubule organizing center organization	2	0.0478571428571429	0.00110926462815309	1.24484262982348	11	55
GO:0031048	regulatory ncRNA-mediated heterochromatin formation	0	0	1	0	1	0
GO:0031053	primary miRNA processing	4	0.0349234693877551	6.02742344838465e-08	1.70792826036866	6	15
GO:0031054	pre-miRNA processing	11	0.0313520408163265	7.00306507747997e-25	2.40349629758955	10	45
GO:0031076	embryonic camera-type eye development	4	0.049719387755102	2.44698843762088e-07	1.68235057247094	9	36
GO:0031077	post-embryonic camera-type eye development	0	0.00780612244897959	1	-0.0148616541455187	3	3
GO:0031086	nuclear-transcribed mRNA catabolic process, deadenylation-independent decay	0	0.000459183673469388	1	-0.000882742333834563	2	1
GO:0031087	deadenylation-independent decapping of nuclear-transcribed mRNA	7	0.0128826530612245	1.15534468957383e-17	2.12447544366681	5	10
GO:0031098	stress-activated protein kinase signaling cascade	0	0.000994897959183673	1	-0.00191124493054273	3	3
GO:0031102	neuron projection regeneration	0	0.00426020408163265	1	-0.00814870071129592	4	6
GO:0031104	dendrite regeneration	0	0	1	0	1	0
GO:0031106	septin ring organization	0	0.000229591836734694	1	-0.000441506197876307	2	1
GO:0031110	regulation of microtubule polymerization or depolymerization	5	0.010280612244898	9.48840967199111e-13	1.90114162990382	9	36
GO:0031111	negative regulation of microtubule polymerization or depolymerization	0	0.000255102040816327	1	-0.000490545765551631	2	1
GO:0031113	regulation of microtubule polymerization	0	0.00364795918367347	1	-0.00698327868124393	6	15
GO:0031114	regulation of microtubule depolymerization	0	0.00186224489795918	1	-0.00357333672682525	4	6
GO:0031115	negative regulation of microtubule polymerization	0	0.0128571428571429	1	-0.0243173876254383	8	28
GO:0031117	positive regulation of microtubule depolymerization	0	0.00221938775510204	1	-0.00425661589064885	3	3
GO:0031118	rRNA pseudouridine synthesis	0	0	1	0	1	0
GO:0031119	tRNA pseudouridine synthesis	1	0.000535714285714286	0.000535570816436984	0.936204797868923	4	6
GO:0031123	RNA 3'-end processing	9	0.0362755102040816	2.90123056821025e-19	2.25532080882575	12	66
GO:0031125	rRNA 3'-end processing	1	0.000306122448979592	0.000306075598283147	0.936645944057646	3	3
GO:0031133	regulation of axon diameter	1	0.0282908163265306	0.0278943784960803	0.884769580112882	6	15
GO:0031134	sister chromatid biorientation	0	0	1	0	1	0
GO:0031144	proteasome localization	0	2.55102040816327e-05	1	-4.90695908794692e-05	2	1
GO:0031179	peptide modification	0	0	1	0	1	0
GO:0031204	post-translational protein targeting to membrane, translocation	3	0.00308673469387755	4.8903655477393e-09	1.57904918215044	4	6
GO:0031223	auditory behavior	0	2.55102040816327e-05	1	-4.90695908794692e-05	2	1
GO:0031247	actin rod assembly	0	0	1	0	1	0
GO:0031274	positive regulation of pseudopodium assembly	2	0.00150510204081633	1.13153019916124e-06	1.32859309663173	6	15
GO:0031284	positive regulation of guanylate cyclase activity	0	0	1	0	1	0
GO:0031293	membrane protein intracellular domain proteolysis	7	0.0183163265306122	1.35045042430474e-16	2.11444053528234	8	28
GO:0031296	B cell costimulation	1	0.00048469387755102	0.000484576432446995	0.936302807043048	3	3
GO:0031338	regulation of vesicle fusion	0	0.000306122448979592	1	-0.000588614900424389	2	1
GO:0031339	negative regulation of vesicle fusion	0	0	1	0	1	0
GO:0031340	positive regulation of vesicle fusion	1	0.00400510204081633	0.00399709231646012	0.929571221958025	4	6
GO:0031344	regulation of cell projection organization	0	0.00295918367346939	1	-0.00566992432457369	3	3
GO:0031345	negative regulation of cell projection organization	0	0	1	0	1	0
GO:0031346	positive regulation of cell projection organization	0	0	1	0	1	0
GO:0031365	N-terminal protein amino acid modification	1	2.55102040816327e-05	2.55095533277212e-05	0.937185489367191	2	1
GO:0031394	positive regulation of prostaglandin biosynthetic process	1	0.00303571428571429	0.0030311111606814	0.931418588231018	3	3
GO:0031401	positive regulation of protein modification process	1	0.00471938775510204	0.00470826892242137	0.928213025700916	3	3
GO:0031408	oxylipin biosynthetic process	0	0	1	0	1	0
GO:0031427	response to methotrexate	0	0	1	0	1	0
GO:0031440	regulation of mRNA 3'-end processing	0	0.00191326530612245	1	-0.00367098767058405	3	3
GO:0031442	positive regulation of mRNA 3'-end processing	0	0	1	0	1	0
GO:0031448	positive regulation of fast-twitch skeletal muscle fiber contraction	0	0.000357142857142857	1	-0.000686670704346692	2	1
GO:0031449	regulation of slow-twitch skeletal muscle fiber contraction	0	0	1	0	1	0
GO:0031452	negative regulation of heterochromatin formation	0	0	1	0	1	0
GO:0031460	glycine betaine transport	0	5.10204081632653e-05	1	-9.81358440319546e-05	2	1
GO:0031503	protein-containing complex localization	0	0.0455102040816327	1	-0.0826251068347053	8	28
GO:0031508	pericentric heterochromatin formation	0	0	1	0	1	0
GO:0031509	subtelomeric heterochromatin formation	0	0.00864795918367347	1	-0.0164462424462056	5	10
GO:0031536	positive regulation of exit from mitosis	0	0.00125	1	-0.0024004931319106	3	3
GO:0031550	positive regulation of brain-derived neurotrophic factor receptor signaling pathway	0	0.00178571428571429	1	-0.00342683552053125	2	1
GO:0031571	mitotic G1 DNA damage checkpoint signaling	0	0.00125	1	-0.0024004931319106	6	15
GO:0031579	membrane raft organization	0	0.00201530612244898	1	-0.00386624990915729	3	3
GO:0031580	membrane raft distribution	0	0.000127551020408163	1	-0.000245314581668765	3	3
GO:0031581	hemidesmosome assembly	9	0.0232142857142857	5.2839925995609e-21	2.27860090376027	6	15
GO:0031583	phospholipase D-activating G protein-coupled receptor signaling pathway	0	0	1	0	1	0
GO:0031587	positive regulation of inositol 1,4,5-trisphosphate-sensitive calcium-release channel activity	0	0.00191326530612245	1	-0.00367098767058405	2	1
GO:0031591	wybutosine biosynthetic process	5	0.0011734693877551	1.85247728105481e-17	1.91839737348011	5	10
GO:0031619	homologous chromosome orientation in meiotic metaphase I	0	0	1	0	1	0
GO:0031620	regulation of fever generation	0	0.000892857142857143	1	-0.00171545270013673	2	1
GO:0031622	positive regulation of fever generation	0	0	1	0	1	0
GO:0031627	telomeric loop formation	1	0.00153061224489796	0.00152827305145186	0.934296275789736	2	1
GO:0031629	synaptic vesicle fusion to presynaptic active zone membrane	2	0.0361224489795918	0.000636915214255364	1.26514372859246	8	28
GO:0031630	regulation of synaptic vesicle fusion to presynaptic active zone membrane	8	0.0255867346938776	4.45371393991488e-18	2.19295131890233	7	21
GO:0031639	plasminogen activation	4	0.0826785714285714	1.82253092785143e-06	1.62843818274286	10	45
GO:0031642	negative regulation of myelination	1	0.00696428571428571	0.00694009127477477	0.923960981652291	5	10
GO:0031644	regulation of nervous system process	0	0	1	0	1	0
GO:0031649	heat generation	4	0.00441326530612245	1.57505487756186e-11	1.76372049585512	4	6
GO:0031652	positive regulation of heat generation	0	0.00334183673469388	1	-0.00639986082607147	3	3
GO:0031664	regulation of lipopolysaccharide-mediated signaling pathway	0	0.00625	1	-0.0119233709771839	4	6
GO:0031665	negative regulation of lipopolysaccharide-mediated signaling pathway	0	0.0214030612244898	1	-0.0400387540890432	10	45
GO:0031666	positive regulation of lipopolysaccharide-mediated signaling pathway	4	0.00829081632653061	1.95568005989331e-10	1.75638584017449	7	21
GO:0031670	cellular response to nutrient	0	0.00364795918367347	1	-0.00698327868124393	4	6
GO:0031848	protection from non-homologous end joining at telomere	6	0.0166581632653061	2.92570187976551e-14	2.01237920416159	6	15
GO:0031860	telomeric 3' overhang formation	1	0.00272959183673469	0.00272586988587239	0.932002951339013	3	3
GO:0031914	negative regulation of synaptic plasticity	0	0.000688775510204082	1	-0.00132370873805776	2	1
GO:0031915	positive regulation of synaptic plasticity	1	0.0146938775510204	0.014586449354867	0.909509223952358	7	21
GO:0031923	pyridoxine transport	1	2.55102040816327e-05	2.55095533277212e-05	0.937185489367191	2	1
GO:0031930	mitochondria-nucleus signaling pathway	0	0	1	0	1	0
GO:0031943	regulation of glucocorticoid metabolic process	0	0	1	0	1	0
GO:0031952	regulation of protein autophosphorylation	0	0.00107142857142857	1	-0.00205805423611594	2	1
GO:0031953	negative regulation of protein autophosphorylation	0	0.00339285714285714	1	-0.00649712990934237	5	10
GO:0031987	locomotion involved in locomotory behavior	0	0.00288265306122449	1	-0.00552384834706998	3	3
GO:0031989	bombesin receptor signaling pathway	1	0.000510204081632653	0.000509943906170321	0.936253800791427	2	1
GO:0031998	regulation of fatty acid beta-oxidation	0	0.00165816326530612	1	-0.00318260070511378	3	3
GO:0031999	negative regulation of fatty acid beta-oxidation	0	0.00706632653061225	1	-0.013466257779832	4	6
GO:0032000	positive regulation of fatty acid beta-oxidation	3	0.0216071428571429	1.65427112259092e-06	1.54455246822441	7	21
GO:0032014	positive regulation of ARF protein signal transduction	0	2.55102040816327e-05	1	-4.90695908794692e-05	2	1
GO:0032020	ISG15-protein conjugation	5	0.00711734693877551	1.51298213436557e-13	1.90708854827039	5	10
GO:0032025	response to cobalt ion	0	0.00395408163265306	1	-0.00756622505584381	4	6
GO:0032026	response to magnesium ion	1	0.027219387755102	0.0268522785906388	0.886688544752222	8	28
GO:0032042	mitochondrial DNA metabolic process	0	0.0038265306122449	1	-0.00732338798220078	3	3
GO:0032048	cardiolipin metabolic process	0	0.000892857142857143	1	-0.00171545270013673	3	3
GO:0032049	cardiolipin biosynthetic process	2	0.00420918367346939	8.83379443752897e-06	1.32343085226926	6	15
GO:0032053	ciliary basal body organization	0	0.000943877551020408	1	-0.00181335545821926	4	6
GO:0032055	negative regulation of translation in response to stress	0	0.000816326530612245	1	-0.0015685736443245	3	3
GO:0032056	positive regulation of translation in response to stress	0	0	1	0	1	0
GO:0032057	negative regulation of translational initiation in response to stress	0	0.000102040816326531	1	-0.000196258338972743	2	1
GO:0032060	bleb assembly	1	0.0147448979591837	0.0146367242738961	0.909414788196454	6	15
GO:0032071	regulation of endodeoxyribonuclease activity	0	0	1	0	1	0
GO:0032079	positive regulation of endodeoxyribonuclease activity	0	0	1	0	1	0
GO:0032095	regulation of response to food	0	0	1	0	1	0
GO:0032098	regulation of appetite	1	0.00739795918367347	0.00737066164048115	0.923142444846004	6	15
GO:0032099	negative regulation of appetite	1	0.0104591836734694	0.0104046766105562	0.917390806237519	8	28
GO:0032100	positive regulation of appetite	3	0.025484693877551	2.70639643500244e-06	1.53753424585876	4	6
GO:0032185	septin cytoskeleton organization	0	0.000153061224489796	1	-0.000294367488453351	2	1
GO:0032194	ubiquinone biosynthetic process via 3,4-dihydroxy-5-polyprenylbenzoate	0	0.000535714285714286	1	-0.00102976108914732	2	1
GO:0032197	retrotransposition	0	2.55102040816327e-05	1	-4.90695908794692e-05	2	1
GO:0032201	telomere maintenance via semi-conservative replication	0	0	1	0	1	0
GO:0032202	telomere assembly	3	0.0051530612244898	2.26885483992141e-08	1.57511759423548	3	3
GO:0032205	negative regulation of telomere maintenance	1	0.00204081632653061	0.00203665987780041	0.933319501746858	2	1
GO:0032210	regulation of telomere maintenance via telomerase	2	0.0154081632653061	0.000117493405916381	1.3024361944937	5	10
GO:0032214	negative regulation of telomere maintenance via semi-conservative replication	1	0.00408163265306122	0.0040650406504065	0.929425578550636	2	1
GO:0032218	riboflavin transport	0	5.10204081632653e-05	1	-9.81358440319546e-05	2	1
GO:0032224	positive regulation of synaptic transmission, cholinergic	0	0.0011734693877551	1	-0.0022537535103615	3	3
GO:0032225	regulation of synaptic transmission, dopaminergic	0	0.000510204081632653	1	-0.000980758166643114	3	3
GO:0032226	positive regulation of synaptic transmission, dopaminergic	0	0	1	0	1	0
GO:0032227	negative regulation of synaptic transmission, dopaminergic	0	0.00076530612244898	1	-0.00147063765606126	2	1
GO:0032229	negative regulation of synaptic transmission, GABAergic	0	0.00321428571428571	1	-0.00615663071942585	5	10
GO:0032232	negative regulation of actin filament bundle assembly	1	0.0134438775510204	0.0133539109127993	0.911826770351435	3	3
GO:0032233	positive regulation of actin filament bundle assembly	1	0.0213010204081633	0.0210757559622635	0.897381515759014	7	21
GO:0032237	activation of store-operated calcium channel activity	2	0.00397959183673469	7.89759844631825e-06	1.32386772369905	4	6
GO:0032238	adenosine transport	3	0.000459183673469388	1.61308963224619e-11	1.58407975838732	4	6
GO:0032252	secretory granule localization	0	0.000459183673469388	1	-0.000882742333834563	2	1
GO:0032263	GMP salvage	1	0.000535714285714286	0.000535427449580582	0.936204797868923	2	1
GO:0032264	IMP salvage	3	0.000688775510204082	5.44230290205461e-11	1.5836387919831	3	3
GO:0032273	positive regulation of protein polymerization	0	0	1	0	1	0
GO:0032274	gonadotropin secretion	0	0	1	0	1	0
GO:0032275	luteinizing hormone secretion	0	0.00038265306122449	1	-0.000735693608334143	3	3
GO:0032277	negative regulation of gonadotropin secretion	0	0	1	0	1	0
GO:0032286	central nervous system myelin maintenance	0	0.000433673469387755	1	-0.000833729422625384	2	1
GO:0032287	peripheral nervous system myelin maintenance	0	0.0151530612244898	1	-0.0285748120661344	6	15
GO:0032288	myelin assembly	1	0.0126020408163265	0.0125229676097497	0.9133917733107	7	21
GO:0032289	central nervous system myelin formation	0	0.00798469387755102	1	-0.0151980699311632	5	10
GO:0032290	peripheral nervous system myelin formation	0	0	1	0	1	0
GO:0032305	positive regulation of icosanoid secretion	0	0	1	0	1	0
GO:0032308	positive regulation of prostaglandin secretion	2	0.0207397959183673	0.000212118901511894	1.29265172856449	8	28
GO:0032310	prostaglandin secretion	0	0.00160714285714286	1	-0.00308488362010329	2	1
GO:0032324	molybdopterin cofactor biosynthetic process	1	0.00204081632653061	0.00203873527609198	0.933319501746858	3	3
GO:0032328	alanine transport	1	0.000612244897959184	0.00061205751429516	0.936057809071585	5	10
GO:0032330	regulation of chondrocyte differentiation	0	0.00474489795918367	1	-0.009069993001249	9	36
GO:0032341	aldosterone metabolic process	0	0.00142857142857143	1	-0.00274276954186492	2	1
GO:0032342	aldosterone biosynthetic process	1	0.00602040816326531	0.00600232176581589	0.925745720150514	3	3
GO:0032348	negative regulation of aldosterone biosynthetic process	0	0.00344387755102041	1	-0.00659438587827022	4	6
GO:0032349	positive regulation of aldosterone biosynthetic process	0	0.00793367346938776	1	-0.0151019671438583	3	3
GO:0032350	regulation of hormone metabolic process	0	0.00127551020408163	1	-0.00244939970641966	2	1
GO:0032354	response to follicle-stimulating hormone	1	0.00880102040816326	0.00876240479668267	0.920500583153266	5	10
GO:0032364	intracellular oxygen homeostasis	0	0.0437244897959184	1	-0.0795553516741827	7	21
GO:0032365	intracellular lipid transport	0	0.000178571428571429	1	-0.000343417059780471	2	1
GO:0032366	intracellular sterol transport	0	0	1	0	1	0
GO:0032367	intracellular cholesterol transport	1	0.0277295918367347	0.0273486558925031	0.885774115371422	9	36
GO:0032368	regulation of lipid transport	0	0.00086734693877551	1	-0.0016664963378088	3	3
GO:0032369	negative regulation of lipid transport	1	0.00153061224489796	0.00152827305145186	0.934296275789736	2	1
GO:0032370	positive regulation of lipid transport	0	0.00459183673469388	1	-0.00877918569215241	2	1
GO:0032374	regulation of cholesterol transport	1	0.0339285714285714	0.0333594520749312	0.87475542374266	6	15
GO:0032375	negative regulation of cholesterol transport	3	0.0170408163265306	8.10810202810003e-07	1.55290586619394	3	3
GO:0032376	positive regulation of cholesterol transport	1	0.0111479591836735	0.0110860509504024	0.916102983430293	5	10
GO:0032383	regulation of intracellular cholesterol transport	0	0.00173469387755102	1	-0.0033291515173427	3	3
GO:0032386	regulation of intracellular transport	0	0.000510204081632653	1	-0.000980758166643114	2	1
GO:0032387	negative regulation of intracellular transport	1	0.000790816326530612	0.000790503713695056	0.935714951645805	3	3
GO:0032388	positive regulation of intracellular transport	0	0.000204081632653061	1	-0.000392463296103651	2	1
GO:0032392	DNA geometric change	1	0.000255102040816327	0.000255036980362153	0.936744013192519	2	1
GO:0032400	melanosome localization	1	0.0129336734693878	0.0128503929423716	0.912774851608299	4	6
GO:0032411	positive regulation of transporter activity	1	0.00466836734693878	0.00465748745712099	0.928309954956698	4	6
GO:0032412	regulation of monoatomic ion transmembrane transporter activity	0	0.000688775510204082	1	-0.00132370873805776	2	1
GO:0032414	positive regulation of ion transmembrane transporter activity	0	0.00349489795918367	1	-0.00669162873639051	4	6
GO:0032417	positive regulation of sodium:proton antiporter activity	0	0	1	0	1	0
GO:0032425	positive regulation of mismatch repair	0	0	1	0	1	0
GO:0032430	positive regulation of phospholipase A2 activity	0	0.00181122448979592	1	-0.00347567256198011	3	3
GO:0032434	regulation of proteasomal ubiquitin-dependent protein catabolic process	1	0.00959183673469388	0.00954598179686118	0.919015786431437	7	21
GO:0032446	protein modification by small protein conjugation	1	0.00204081632653061	0.00203873527609198	0.933319501746858	3	3
GO:0032447	protein urmylation	5	0.00227040816326531	5.01783911831291e-16	1.91629695260354	4	6
GO:0032458	slow endocytic recycling	0	0	1	0	1	0
GO:0032463	negative regulation of protein homooligomerization	0	0.00448979591836735	1	-0.00858524900044932	2	1
GO:0032466	negative regulation of cytokinesis	2	0.00566326530612245	1.59758701859925e-05	1.32067012719773	4	6
GO:0032470	positive regulation of endoplasmic reticulum calcium ion concentration	1	0.00107142857142857	0.00107028184088477	0.935176504721955	2	1
GO:0032471	negative regulation of endoplasmic reticulum calcium ion concentration	1	0.0074234693877551	0.00739598349449592	0.923094324535093	5	10
GO:0032474	otolith morphogenesis	0	0	1	0	1	0
GO:0032479	regulation of type I interferon production	0	0.000637755102040816	1	-0.0012257394970483	4	6
GO:0032483	regulation of Rab protein signal transduction	1	0.000280612244897959	0.000280572876964168	0.936694976958487	3	3
GO:0032485	regulation of Ral protein signal transduction	0	0	1	0	1	0
GO:0032486	Rap protein signal transduction	1	0.00188775510204082	0.001885974413056	0.933612395106954	7	21
GO:0032487	regulation of Rap protein signal transduction	0	0.00112244897959184	1	-0.00215591050981212	2	1
GO:0032488	Cdc42 protein signal transduction	0	0.00170918367346939	1	-0.00328030455470707	5	10
GO:0032489	regulation of Cdc42 protein signal transduction	0	0.0166581632653061	1	-0.0313522164635802	4	6
GO:0032490	detection of molecule of bacterial origin	0	0.00423469387755102	1	-0.00810017903365046	3	3
GO:0032494	response to peptidoglycan	0	0.000586734693877551	1	-0.00112775694861655	3	3
GO:0032495	response to muramyl dipeptide	3	0.0263265306122449	2.98167423310053e-06	1.53601953255525	7	21
GO:0032497	detection of lipopolysaccharide	0	0.00502551020408163	1	-0.00960283543389107	4	6
GO:0032506	cytokinetic process	0	0.00522959183673469	1	-0.00999011013372109	3	3
GO:0032507	maintenance of protein location in cell	0	5.10204081632653e-05	1	-9.81358440319546e-05	2	1
GO:0032509	endosome transport via multivesicular body sorting pathway	1	0.0179336734693878	0.017773822147507	0.903536952470014	6	15
GO:0032510	endosome to lysosome transport via multivesicular body sorting pathway	0	0.00869897959183674	1	-0.0165421663187466	4	6
GO:0032511	late endosome to vacuole transport via multivesicular body sorting pathway	7	0.0321428571428571	6.83831352812836e-15	2.08951802607103	7	21
GO:0032525	somite rostral/caudal axis specification	1	0.00107142857142857	0.00107085479677455	0.935176504721955	4	6
GO:0032527	protein exit from endoplasmic reticulum	0	0.00400510204081633	1	-0.00766333700004607	5	10
GO:0032528	microvillus organization	0	0	1	0	1	0
GO:0032532	regulation of microvillus length	3	0.00446428571428571	1.47791938635024e-08	1.57642574404169	4	6
GO:0032534	regulation of microvillus assembly	0	0.00221938775510204	1	-0.00425661589064885	3	3
GO:0032571	response to vitamin K	0	0.00278061224489796	1	-0.00532903435076215	3	3
GO:0032642	regulation of chemokine production	0	0.00181122448979592	1	-0.00347567256198011	4	6
GO:0032645	regulation of granulocyte macrophage colony-stimulating factor production	0	0.00102040816326531	1	-0.0019601846856715	2	1
GO:0032648	regulation of interferon-beta production	0	0	1	0	1	0
GO:0032649	regulation of type II interferon production	3	0.00931122448979592	1.33609392157034e-07	1.56727024178579	5	10
GO:0032651	regulation of interleukin-1 beta production	0	0.0169642857142857	1	-0.0319158059346178	4	6
GO:0032653	regulation of interleukin-10 production	0	0	1	0	1	0
GO:0032655	regulation of interleukin-12 production	0	0	1	0	1	0
GO:0032663	regulation of interleukin-2 production	0	0.00102040816326531	1	-0.0019601846856715	2	1
GO:0032675	regulation of interleukin-6 production	2	0.0189540816326531	0.00017737486043154	1.2959140630067	6	15
GO:0032677	regulation of interleukin-8 production	0	0.00219387755102041	1	-0.00420783169420491	3	3
GO:0032680	regulation of tumor necrosis factor production	3	0.0534948979591837	2.45123420315388e-05	1.48876878530963	9	36
GO:0032682	negative regulation of chemokine production	0	0.00553571428571429	1	-0.0105706326146093	5	10
GO:0032686	negative regulation of hepatocyte growth factor production	0	0	1	0	1	0
GO:0032687	negative regulation of interferon-alpha production	0	0.00237244897959184	1	-0.00454925180559307	4	6
GO:0032690	negative regulation of interleukin-1 alpha production	0	0.00038265306122449	1	-0.000735693608334143	2	1
GO:0032692	negative regulation of interleukin-1 production	0	0.0038265306122449	1	-0.00732338798220078	4	6
GO:0032696	negative regulation of interleukin-13 production	1	0.00969387755102041	0.00964704337712175	0.918824422185602	5	10
GO:0032701	negative regulation of interleukin-18 production	0	0.000204081632653061	1	-0.000392463296103651	2	1
GO:0032713	negative regulation of interleukin-4 production	0	0.0114795918367347	1	-0.0217508193182933	6	15
GO:0032714	negative regulation of interleukin-5 production	1	0.00622448979591837	0.00620515779072868	0.925359456408784	6	15
GO:0032723	positive regulation of connective tissue growth factor production	0	0	1	0	1	0
GO:0032724	positive regulation of fractalkine production	0	0	1	0	1	0
GO:0032725	positive regulation of granulocyte macrophage colony-stimulating factor production	3	0.0273214285714286	3.33016605360321e-06	1.53423350788018	9	36
GO:0032730	positive regulation of interleukin-1 alpha production	1	0.00579081632653061	0.00577408186730862	0.926180514235539	5	10
GO:0032732	positive regulation of interleukin-1 production	3	0.039719387755102	1.01375224291374e-05	1.51234005177311	8	28
GO:0032736	positive regulation of interleukin-13 production	2	0.0609948979591837	0.00178624980191917	1.22277217787085	10	45
GO:0032741	positive regulation of interleukin-18 production	0	0.0075	1	-0.0142845760983855	4	6
GO:0032747	positive regulation of interleukin-23 production	0	0.00142857142857143	1	-0.00274276954186492	2	1
GO:0032754	positive regulation of interleukin-5 production	6	0.0510459183673469	2.35201642840903e-11	1.95167225363722	10	45
GO:0032759	positive regulation of TRAIL production	0	0	1	0	1	0
GO:0032761	positive regulation of lymphotoxin A production	0	0.00479591836734694	1	-0.0091669027240312	3	3
GO:0032764	negative regulation of mast cell cytokine production	0	0.000892857142857143	1	-0.00171545270013673	2	1
GO:0032765	positive regulation of mast cell cytokine production	0	0	1	0	1	0
GO:0032770	positive regulation of monooxygenase activity	0	0.00431122448979592	1	-0.00824573427620479	2	1
GO:0032773	positive regulation of tyrosinase activity	0	0.000535714285714286	1	-0.00102976108914732	2	1
GO:0032780	negative regulation of ATP-dependent activity	0	0.0331887755102041	1	-0.0611729578367036	5	10
GO:0032782	bile acid secretion	1	0.00344387755102041	0.00343795420643602	0.9306401730798	5	10
GO:0032784	regulation of DNA-templated transcription elongation	1	2.55102040816327e-05	2.55095533277212e-05	0.937185489367191	2	1
GO:0032786	positive regulation of DNA-templated transcription, elongation	0	0.00102040816326531	1	-0.0019601846856715	3	3
GO:0032792	negative regulation of CREB transcription factor activity	0	0	1	0	1	0
GO:0032793	positive regulation of CREB transcription factor activity	2	0.00943877551020408	4.42659295228423e-05	1.31355087542417	8	28
GO:0032796	uropod organization	0	0	1	0	1	0
GO:0032801	receptor catabolic process	3	0.0656377551020408	4.4870977615925e-05	1.46861124124106	9	36
GO:0032804	negative regulation of low-density lipoprotein particle receptor catabolic process	0	0.00142857142857143	1	-0.00274276954186492	2	1
GO:0032805	positive regulation of low-density lipoprotein particle receptor catabolic process	0	0.000306122448979592	1	-0.000588614900424389	2	1
GO:0032808	lacrimal gland development	0	0.010280612244898	1	-0.0195094970866544	5	10
GO:0032811	negative regulation of epinephrine secretion	0	0.000255102040816327	1	-0.000490545765551631	2	1
GO:0032814	regulation of natural killer cell activation	5	0.0129591836734694	3.01312826477201e-12	1.89614398597174	5	10
GO:0032815	negative regulation of natural killer cell activation	0	0.00112244897959184	1	-0.00215591050981212	3	3
GO:0032816	positive regulation of natural killer cell activation	3	0.0182142857142857	9.93470819269902e-07	1.55074993021571	6	15
GO:0032817	regulation of natural killer cell proliferation	0	0	1	0	1	0
GO:0032819	positive regulation of natural killer cell proliferation	3	0.0135459183673469	4.10075118346422e-07	1.55936524530131	5	10
GO:0032823	regulation of natural killer cell differentiation	0	0	1	0	1	0
GO:0032825	positive regulation of natural killer cell differentiation	2	0.00336734693877551	5.65680128280932e-06	1.32503400935399	5	10
GO:0032827	negative regulation of natural killer cell differentiation involved in immune response	0	2.55102040816327e-05	1	-4.90695908794692e-05	2	1
GO:0032831	positive regulation of CD4-positive, CD25-positive, alpha-beta regulatory T cell differentiation	0	0.00280612244897959	1	-0.00537774278256054	2	1
GO:0032834	positive regulation of CD4-positive, CD25-positive, alpha-beta regulatory T cell differentiation involved in immune response	0	0	1	0	1	0
GO:0032835	glomerulus development	0	0.0119132653061225	1	-0.0225597983817123	4	6
GO:0032836	glomerular basement membrane development	2	0.0144132653061225	0.000102878401095062	1.30427678911969	7	21
GO:0032849	positive regulation of cellular pH reduction	1	0.00211734693877551	0.00211510694014142	0.933173099651756	3	3
GO:0032872	regulation of stress-activated MAPK cascade	0	0.00446428571428571	1	-0.00853675667947074	4	6
GO:0032873	negative regulation of stress-activated MAPK cascade	0	0.00186224489795918	1	-0.00357333672682525	4	6
GO:0032877	positive regulation of DNA endoreduplication	1	2.55102040816327e-05	2.55095533277212e-05	0.937185489367191	2	1
GO:0032878	regulation of establishment or maintenance of cell polarity	1	0.00188775510204082	0.00188597441252865	0.933612395106954	3	3
GO:0032886	regulation of microtubule-based process	0	0.00372448979591837	1	-0.00712905944642306	4	6
GO:0032902	nerve growth factor production	0	0	1	0	1	0
GO:0032905	transforming growth factor beta1 production	0	0.00428571428571429	1	-0.00819721912533433	2	1
GO:0032909	regulation of transforming growth factor beta2 production	0	0	1	0	1	0
GO:0032911	negative regulation of transforming growth factor beta1 production	0	0.00285714285714286	1	-0.00547514978027042	4	6
GO:0032914	positive regulation of transforming growth factor beta1 production	0	0.0178316326530612	1	-0.0335102556603183	4	6
GO:0032915	positive regulation of transforming growth factor beta2 production	0	0.00408163265306122	1	-0.00780898040743483	2	1
GO:0032918	spermidine acetylation	1	0.000892857142857143	0.000892060660124888	0.935519106257934	2	1
GO:0032926	negative regulation of activin receptor signaling pathway	3	0.0703316326530612	5.5008880184567e-05	1.46096775229046	10	45
GO:0032927	positive regulation of activin receptor signaling pathway	0	0.0025765306122449	1	-0.00493924844708282	3	3
GO:0032929	negative regulation of superoxide anion generation	0	0.000153061224489796	1	-0.000294367488453351	2	1
GO:0032933	SREBP signaling pathway	11	0.0381377551020408	6.00578467614724e-24	2.39154991320304	7	21
GO:0032940	secretion by cell	0	0.00668367346938776	1	-0.012743440470501	8	28
GO:0032945	negative regulation of mononuclear cell proliferation	0	0.00232142857142857	1	-0.00445171969072788	3	3
GO:0032946	positive regulation of mononuclear cell proliferation	1	0.00201530612244898	0.00201327675655881	0.933368309048913	4	6
GO:0032957	inositol trisphosphate metabolic process	3	0.00650510204081633	4.55812215637347e-08	1.57255662302334	3	3
GO:0032958	inositol phosphate biosynthetic process	22	0.0510204081632653	3.15069470335872e-50	2.85741066445271	10	45
GO:0032959	inositol trisphosphate biosynthetic process	0	0	1	0	1	0
GO:0032962	positive regulation of inositol trisphosphate biosynthetic process	0	0.000816326530612245	1	-0.0015685736443245	3	3
GO:0032964	collagen biosynthetic process	3	0.0324489795918367	5.55764960825844e-06	1.52509808971018	7	21
GO:0032966	negative regulation of collagen biosynthetic process	0	0.0121683673469388	1	-0.0230352449586689	6	15
GO:0032970	regulation of actin filament-based process	0	0	1	0	1	0
GO:0032971	regulation of muscle filament sliding	0	0.00125	1	-0.0024004931319106	2	1
GO:0032979	protein insertion into mitochondrial inner membrane from matrix	0	0	1	0	1	0
GO:0032980	keratinocyte activation	0	5.10204081632653e-05	1	-9.81358440319546e-05	2	1
GO:0032984	protein-containing complex disassembly	0	0.00344387755102041	1	-0.00659438587827022	3	3
GO:0033004	negative regulation of mast cell activation	1	0.00260204081632653	0.00259865844244927	0.932246575752975	4	6
GO:0033005	positive regulation of mast cell activation	2	0.00586734693877551	1.71456986673833e-05	1.32028350115581	5	10
GO:0033007	negative regulation of mast cell activation involved in immune response	0	0	1	0	1	0
GO:0033024	mast cell apoptotic process	0	0.000357142857142857	1	-0.000686670704346692	2	1
GO:0033028	myeloid cell apoptotic process	0	0.0126785714285714	1	-0.0239851990308297	5	10
GO:0033030	negative regulation of neutrophil apoptotic process	0	0	1	0	1	0
GO:0033031	positive regulation of neutrophil apoptotic process	0	0.000663265306122449	1	-0.00127472578075483	3	3
GO:0033033	negative regulation of myeloid cell apoptotic process	0	0.0162244897959184	1	-0.0305530435285308	6	15
GO:0033043	regulation of organelle organization	0	0	1	0	1	0
GO:0033058	directional locomotion	0	0.000561224489795918	1	-0.00107876068298762	2	1
GO:0033076	isoquinoline alkaloid metabolic process	0	0	1	0	1	0
GO:0033080	immature T cell proliferation in thymus	0	0.00048469387755102	1	-0.000931751915023038	2	1
GO:0033081	regulation of T cell differentiation in thymus	0	0.00915816326530612	1	-0.0174049076420539	4	6
GO:0033082	regulation of extrathymic T cell differentiation	0	0	1	0	1	0
GO:0033085	negative regulation of T cell differentiation in thymus	2	0.0212755102040816	0.000223139032766231	1.29167589835613	5	10
GO:0033088	negative regulation of immature T cell proliferation in thymus	0	0.00487244897959184	1	-0.00931224290124699	3	3
GO:0033089	positive regulation of T cell differentiation in thymus	3	0.0833163265306122	9.05645037083426e-05	1.44023595876203	10	45
GO:0033092	positive regulation of immature T cell proliferation in thymus	0	0	1	0	1	0
GO:0033108	mitochondrial respiratory chain complex assembly	0	0.0120663265306122	1	-0.0228451039307622	6	15
GO:0033119	negative regulation of RNA splicing	0	7.6530612244898e-05	1	-0.00014719875991176	2	1
GO:0033120	positive regulation of RNA splicing	0	0.0023469387755102	1	-0.0045004873965534	5	10
GO:0033132	negative regulation of glucokinase activity	0	0	1	0	1	0
GO:0033135	regulation of peptidyl-serine phosphorylation	0	0	1	0	1	0
GO:0033144	negative regulation of intracellular steroid hormone receptor signaling pathway	0	0	1	0	1	0
GO:0033146	regulation of intracellular estrogen receptor signaling pathway	8	0.0151530612244898	6.80194807496303e-20	2.21198853280217	7	21
GO:0033148	positive regulation of intracellular estrogen receptor signaling pathway	1	0.00380102040816327	0.00379380567410349	0.929959748202087	4	6
GO:0033151	V(D)J recombination	3	0.00719387755102041	6.17156203976822e-08	1.57125546470202	6	15
GO:0033152	immunoglobulin V(D)J recombination	1	0.00711734693877551	0.00709207850285595	0.923671980237991	3	3
GO:0033153	T cell receptor V(D)J recombination	0	0.00762755102040816	1	-0.0145250813919963	3	3
GO:0033157	regulation of intracellular protein transport	0	0.00329081632653061	1	-0.00630257862492001	4	6
GO:0033194	response to hydroperoxide	0	0.000816326530612245	1	-0.0015685736443245	2	1
GO:0033197	response to vitamin E	0	0.00795918367346939	1	-0.0151500201379434	4	6
GO:0033206	meiotic cytokinesis	1	0.00448979591836735	0.00446972775294596	0.928649309957621	2	1
GO:0033210	leptin-mediated signaling pathway	0	0.000102040816326531	1	-0.000196258338972743	2	1
GO:0033211	adiponectin-activated signaling pathway	4	0.0061734693877551	6.02228482845646e-11	1.76038170210903	7	21
GO:0033212	iron import into cell	1	0.000408163265306122	0.000407996736026112	0.936449845777128	2	1
GO:0033227	dsRNA transport	0	0	1	0	1	0
GO:0033234	negative regulation of protein sumoylation	2	0.00168367346938776	1.41578824510264e-06	1.3282510520771	7	21
GO:0033235	positive regulation of protein sumoylation	1	0.0105867346938776	0.0105308924541948	0.91715214700608	8	28
GO:0033260	nuclear DNA replication	0	0.00112244897959184	1	-0.00215591050981212	3	3
GO:0033262	regulation of nuclear cell cycle DNA replication	0	0.000586734693877551	1	-0.00112775694861655	3	3
GO:0033273	response to vitamin	0	0.00127551020408163	1	-0.00244939970641966	2	1
GO:0033275	actin-myosin filament sliding	0	0.00392857142857143	1	-0.00751766418064004	2	1
GO:0033278	cell proliferation in midbrain	4	0.0441581632653061	1.52933203837218e-07	1.6918581925426	4	6
GO:0033292	T-tubule organization	0	0.011530612244898	1	-0.0218460404286479	4	6
GO:0033299	secretion of lysosomal enzymes	2	0.00696428571428571	2.41383390098023e-05	1.31820892905544	5	10
GO:0033314	mitotic DNA replication checkpoint signaling	4	0.0388010204081633	9.15565097309738e-08	1.70113695451587	9	36
GO:0033326	cerebrospinal fluid secretion	0	5.10204081632653e-05	1	-9.81358440319546e-05	2	1
GO:0033327	Leydig cell differentiation	2	0.0205612244897959	0.000208506680611582	1.29297729887487	8	28
GO:0033353	S-adenosylmethionine cycle	3	0.00977040816326531	1.54313962202578e-07	1.56640887407245	4	6
GO:0033363	secretory granule organization	0	0.000637755102040816	1	-0.0012257394970483	4	6
GO:0033364	mast cell secretory granule organization	0	2.55102040816327e-05	1	-4.90695908794692e-05	2	1
GO:0033366	protein localization to secretory granule	1	0.000153061224489796	0.000153037800336683	0.936940191469617	2	1
GO:0033384	geranyl diphosphate biosynthetic process	1	0.00408163265306122	0.0040650406504065	0.929425578550636	2	1
GO:0033387	putrescine biosynthetic process from arginine, via ornithine	0	0.0050765306122449	1	-0.00969967360297785	3	3
GO:0033484	intracellular nitric oxide homeostasis	0	0	1	0	1	0
GO:0033489	cholesterol biosynthetic process via desmosterol	6	0.0318622448979592	1.40762876971993e-12	1.98490651312858	4	6
GO:0033490	cholesterol biosynthetic process via lathosterol	6	0.0318622448979592	1.40762876971993e-12	1.98490651312858	4	6
GO:0033499	galactose catabolic process via UDP-galactose	6	0.0127551020408163	5.91593714428205e-15	2.01960383632156	5	10
GO:0033500	carbohydrate homeostasis	0	0	1	0	1	0
GO:0033504	floor plate development	0	0.0026530612244898	1	-0.00508544284456569	2	1
GO:0033512	L-lysine catabolic process to acetyl-CoA via saccharopine	1	0.00311224489795918	0.0031074068802488	0.931272571391592	3	3
GO:0033539	fatty acid beta-oxidation using acyl-CoA dehydrogenase	7	0.0206377551020408	3.10717179197039e-16	2.11019551870773	9	36
GO:0033540	fatty acid beta-oxidation using acyl-CoA oxidase	3	0.00502551020408163	2.10742689996064e-08	1.57535966528727	5	10
GO:0033552	response to vitamin B3	0	0.00306122448979592	1	-0.00586464629105354	3	3
GO:0033555	multicellular organismal response to stress	0	0.00885204081632653	1	-0.0168298614251037	6	15
GO:0033563	dorsal/ventral axon guidance	0	0.0024234693877551	1	-0.00464677073509745	3	3
GO:0033564	anterior/posterior axon guidance	7	0.0121683673469388	7.75482435751736e-18	2.12580502936167	5	10
GO:0033566	gamma-tubulin complex localization	0	0.000586734693877551	1	-0.00112775694861655	3	3
GO:0033572	transferrin transport	1	0.0191836734693878	0.0190008378252564	0.901245845147649	7	21
GO:0033591	response to L-ascorbic acid	1	0.00163265306122449	0.00162999185004075	0.934100815140811	2	1
GO:0033594	response to hydroxyisoflavone	0	0	1	0	1	0
GO:0033595	response to genistein	0	0	1	0	1	0
GO:0033598	mammary gland epithelial cell proliferation	0	0.00589285714285714	1	-0.0112473188935432	5	10
GO:0033599	regulation of mammary gland epithelial cell proliferation	0	0.00311224489795918	1	-0.00596198756647892	3	3
GO:0033600	negative regulation of mammary gland epithelial cell proliferation	0	0.00303571428571429	1	-0.00581597072705231	3	3
GO:0033601	positive regulation of mammary gland epithelial cell proliferation	0	0.000255102040816327	1	-0.000490545765551631	2	1
GO:0033602	negative regulation of dopamine secretion	0	0.00364795918367347	1	-0.00698327868124393	2	1
GO:0033603	positive regulation of dopamine secretion	0	0.00829081632653061	1	-0.0157744179374105	3	3
GO:0033604	negative regulation of catecholamine secretion	0	0	1	0	1	0
GO:0033605	positive regulation of catecholamine secretion	0	0.000357142857142857	1	-0.000686670704346692	2	1
GO:0033615	mitochondrial proton-transporting ATP synthase complex assembly	2	0.00119897959183673	7.18201757196042e-07	1.32917983632688	4	6
GO:0033619	membrane protein proteolysis	0	0.00895408163265306	1	-0.017021594437182	7	21
GO:0033622	integrin activation	1	0.0036734693877551	0.00366673045336554	0.930202683414852	6	15
GO:0033623	regulation of integrin activation	0	0.00107142857142857	1	-0.00205805423611594	2	1
GO:0033624	negative regulation of integrin activation	0	0.000663265306122449	1	-0.00127472578075483	3	3
GO:0033625	positive regulation of integrin activation	0	0.000306122448979592	1	-0.000588614900424389	4	6
GO:0033626	positive regulation of integrin activation by cell surface receptor linked signal transduction	0	0.00038265306122449	1	-0.000735693608334143	2	1
GO:0033628	regulation of cell adhesion mediated by integrin	2	0.00709183673469388	2.50284970969502e-05	1.31796808650355	5	10
GO:0033629	negative regulation of cell adhesion mediated by integrin	0	0.00913265306122449	1	-0.0173570046290905	7	21
GO:0033631	cell-cell adhesion mediated by integrin	0	5.10204081632653e-05	1	-9.81358440319546e-05	2	1
GO:0033632	regulation of cell-cell adhesion mediated by integrin	1	0.0035969387755102	0.00359047753351372	0.930348483823725	3	3
GO:0033633	negative regulation of cell-cell adhesion mediated by integrin	0	0	1	0	1	0
GO:0033634	positive regulation of cell-cell adhesion mediated by integrin	0	0.000586734693877551	1	-0.00112775694861655	3	3
GO:0033673	negative regulation of kinase activity	0	0.0120408163265306	1	-0.0227975608415741	4	6
GO:0033674	positive regulation of kinase activity	1	0.00252551020408163	0.00252232378619425	0.932392789905791	4	6
GO:0033685	negative regulation of luteinizing hormone secretion	0	0.00076530612244898	1	-0.00147063765606126	2	1
GO:0033686	positive regulation of luteinizing hormone secretion	0	0.000102040816326531	1	-0.000196258338972743	2	1
GO:0033687	osteoblast proliferation	0	0.0619642857142857	1	-0.110312386762952	6	15
GO:0033688	regulation of osteoblast proliferation	0	0	1	0	1	0
GO:0033690	positive regulation of osteoblast proliferation	0	0.0250765306122449	1	-0.0466927019131106	5	10
GO:0033693	neurofilament bundle assembly	3	0.00762755102040816	7.33992310695952e-08	1.57043741932916	3	3
GO:0033696	heterochromatin boundary formation	1	0.000204081632653061	0.0002040399918384	0.936842095661967	2	1
GO:0033700	phospholipid efflux	15	0.0990051020408163	5.99875811700254e-28	2.50977000615346	9	36
GO:0033762	response to glucagon	0	0.0234183673469388	1	-0.0436967812570896	5	10
GO:0033861	negative regulation of NAD(P)H oxidase activity	0	0	1	0	1	0
GO:0033993	response to lipid	0	0.0353571428571429	1	-0.0649947350463143	7	21
GO:0034014	response to triglyceride	0	0.00308673469387755	1	-0.00591331857071475	2	1
GO:0034021	response to silicon dioxide	0	0.00594387755102041	1	-0.011343936563182	3	3
GO:0034058	endosomal vesicle fusion	27	0.120586734693878	1.28117551444962e-53	2.89378879146252	11	55
GO:0034080	CENP-A containing chromatin assembly	7	0.015	3.34586763593807e-17	2.12054851013716	6	15
GO:0034085	establishment of sister chromatid cohesion	0	0	1	0	1	0
GO:0034087	establishment of mitotic sister chromatid cohesion	15	0.118469387755102	8.6969736769919e-27	2.48074100499002	7	21
GO:0034088	maintenance of mitotic sister chromatid cohesion	1	0.00471938775510204	0.00470826892242137	0.928213025700916	3	3
GO:0034089	establishment of meiotic sister chromatid cohesion	6	0.0445663265306122	1.04076725935197e-11	1.96272727091217	4	6
GO:0034101	erythrocyte homeostasis	1	0.0437755102040816	0.0428311920133652	0.857591318460088	9	36
GO:0034103	regulation of tissue remodeling	0	0.00127551020408163	1	-0.00244939970641966	4	6
GO:0034105	positive regulation of tissue remodeling	1	0.00895408163265306	0.00891411322612964	0.920212964520889	5	10
GO:0034109	homotypic cell-cell adhesion	0	0.00369897959183673	1	-0.00708046913146443	5	10
GO:0034111	negative regulation of homotypic cell-cell adhesion	0	0	1	0	1	0
GO:0034112	positive regulation of homotypic cell-cell adhesion	0	0.00551020408163265	1	-0.0105222735812761	3	3
GO:0034115	negative regulation of heterotypic cell-cell adhesion	1	0.0128826530612245	0.0128000268816637	0.912869728304535	8	28
GO:0034116	positive regulation of heterotypic cell-cell adhesion	3	0.0461224489795918	1.57972012182307e-05	1.50128790652318	8	28
GO:0034121	regulation of toll-like receptor signaling pathway	1	0.00278061224489796	0.00277674992337193	0.931905524607308	5	10
GO:0034123	positive regulation of toll-like receptor signaling pathway	0	0	1	0	1	0
GO:0034124	regulation of MyD88-dependent toll-like receptor signaling pathway	0	0	1	0	1	0
GO:0034134	toll-like receptor 2 signaling pathway	0	0.000204081632653061	1	-0.000392463296103651	2	1
GO:0034136	negative regulation of toll-like receptor 2 signaling pathway	0	0.00599489795918367	1	-0.0114405412935319	5	10
GO:0034137	positive regulation of toll-like receptor 2 signaling pathway	1	0.00926020408163265	0.0092174604318743	0.919638071069105	4	6
GO:0034138	toll-like receptor 3 signaling pathway	0	0.010765306122449	1	-0.0204164022773081	7	21
GO:0034139	regulation of toll-like receptor 3 signaling pathway	0	0	1	0	1	0
GO:0034140	negative regulation of toll-like receptor 3 signaling pathway	0	0.000637755102040816	1	-0.0012257394970483	2	1
GO:0034141	positive regulation of toll-like receptor 3 signaling pathway	0	0.00321428571428571	1	-0.00615663071942585	3	3
GO:0034143	regulation of toll-like receptor 4 signaling pathway	1	0.000127551020408163	0.000127534753220253	0.936989244376402	2	1
GO:0034145	positive regulation of toll-like receptor 4 signaling pathway	2	0.0267602040816327	0.000351730171044104	1.28176047088235	7	21
GO:0034146	toll-like receptor 5 signaling pathway	0	0	1	0	1	0
GO:0034154	toll-like receptor 7 signaling pathway	1	0.00176020408163265	0.00175865583057505	0.933856563785602	3	3
GO:0034157	positive regulation of toll-like receptor 7 signaling pathway	0	0	1	0	1	0
GO:0034158	toll-like receptor 8 signaling pathway	1	0.000153061224489796	0.000153037800336683	0.936940191469617	2	1
GO:0034161	positive regulation of toll-like receptor 8 signaling pathway	0	0	1	0	1	0
GO:0034162	toll-like receptor 9 signaling pathway	1	0.00844387755102041	0.00840832814561451	0.92117213961128	5	10
GO:0034164	negative regulation of toll-like receptor 9 signaling pathway	0	0.00298469387755102	1	-0.00571860974425564	4	6
GO:0034165	positive regulation of toll-like receptor 9 signaling pathway	1	0.00663265306122449	0.0066107054884057	0.924587548876116	3	3
GO:0034184	positive regulation of maintenance of mitotic sister chromatid cohesion	4	0.00696428571428571	9.74710664854516e-11	1.75888668080613	4	6
GO:0034197	triglyceride transport	0	0.0123469387755102	1	-0.0233678712050102	4	6
GO:0034199	activation of protein kinase A activity	0	0.0024234693877551	1	-0.00464677073509745	2	1
GO:0034204	lipid translocation	0	0.000178571428571429	1	-0.000343417059780471	3	3
GO:0034205	amyloid-beta formation	10	0.0137244897959184	6.45328322673834e-26	2.36910976266918	7	21
GO:0034214	protein hexamerization	2	0.0131377551020408	8.55481539102628e-05	1.30664341696578	9	36
GO:0034219	carbohydrate transmembrane transport	0	0	1	0	1	0
GO:0034224	cellular response to zinc ion starvation	1	0.00298469387755102	0.00298024410694827	0.931515949213815	5	10
GO:0034227	tRNA thio-modification	5	0.00227040816326531	5.01783911831291e-16	1.91629695260354	4	6
GO:0034230	enkephalin processing	0	0.000178571428571429	1	-0.000343417059780471	2	1
GO:0034241	positive regulation of macrophage fusion	1	0.000535714285714286	0.000535570816436984	0.936204797868923	4	6
GO:0034250	positive regulation of amide metabolic process	0	0	1	0	1	0
GO:0034276	kynurenic acid biosynthetic process	0	0.00196428571428571	1	-0.00376862539683553	2	1
GO:0034316	negative regulation of Arp2/3 complex-mediated actin nucleation	0	0.00767857142857143	1	-0.0146212610615314	5	10
GO:0034329	cell junction assembly	0	0.000204081632653061	1	-0.000392463296103651	2	1
GO:0034331	cell junction maintenance	0	0.000535714285714286	1	-0.00102976108914732	2	1
GO:0034333	adherens junction assembly	0	0.0213775510204082	1	-0.0399923308486601	8	28
GO:0034334	adherens junction maintenance	0	0	1	0	1	0
GO:0034340	response to type I interferon	0	0.00989795918367347	1	-0.0187927130320038	5	10
GO:0034342	response to type III interferon	0	0	1	0	1	0
GO:0034346	positive regulation of type III interferon production	0	0	1	0	1	0
GO:0034349	glial cell apoptotic process	0	0	1	0	1	0
GO:0034351	negative regulation of glial cell apoptotic process	0	0.00619897959183674	1	-0.0118268308913273	4	6
GO:0034354	'de novo' NAD biosynthetic process from L-tryptophan	10	0.027219387755102	6.00171029195566e-23	2.34449245110704	6	15
GO:0034356	NAD biosynthesis via nicotinamide riboside salvage pathway	0	0.00653061224489796	1	-0.01245411062354	7	21
GO:0034369	plasma lipoprotein particle remodeling	0	0.0013265306122449	1	-0.00254720290912458	2	1
GO:0034370	triglyceride-rich lipoprotein particle remodeling	3	0.0170408163265306	8.10810202810003e-07	1.55290586619394	3	3
GO:0034371	chylomicron remodeling	1	0.00392857142857143	0.00391319815012451	0.929716894777431	2	1
GO:0034372	very-low-density lipoprotein particle remodeling	7	0.0413265306122449	3.9397821998988e-14	2.07342782319646	5	10
GO:0034378	chylomicron assembly	0	0.00456632653061225	1	-0.00873070640718199	3	3
GO:0034379	very-low-density lipoprotein particle assembly	2	0.0577295918367347	0.00160358821936853	1.22819491337611	10	45
GO:0034380	high-density lipoprotein particle assembly	1	0.00959183673469388	0.00954598145020561	0.919015786431437	3	3
GO:0034381	plasma lipoprotein particle clearance	0	0.00466836734693878	1	-0.00892460400137263	3	3
GO:0034382	chylomicron remnant clearance	5	0.0289030612244898	1.64086396915819e-10	1.86709188458352	4	6
GO:0034383	low-density lipoprotein particle clearance	2	0.0533418367346939	0.0013730814470412	1.23554650710835	11	55
GO:0034384	high-density lipoprotein particle clearance	3	0.0281377551020408	3.63545262223443e-06	1.53277134733305	5	10
GO:0034391	regulation of smooth muscle cell apoptotic process	0	0	1	0	1	0
GO:0034392	negative regulation of smooth muscle cell apoptotic process	1	0.0256632653061225	0.0253367627168645	0.889484735381988	7	21
GO:0034393	positive regulation of smooth muscle cell apoptotic process	1	0.00165816326530612	0.00165678927182479	0.934051958252957	3	3
GO:0034405	response to fluid shear stress	1	0.00397959183673469	0.00397168375493179	0.929619776295905	4	6
GO:0034418	urate biosynthetic process	0	0	1	0	1	0
GO:0034421	post-translational protein acetylation	1	0.00306122448979592	0.00305654371598279	0.931369912667017	3	3
GO:0034436	glycoprotein transport	0	0.000153061224489796	1	-0.000294367488453351	2	1
GO:0034440	lipid oxidation	6	0.0310459183673469	1.21099084966598e-12	1.9863552753462	6	15
GO:0034445	negative regulation of plasma lipoprotein oxidation	1	0.00280612244897959	0.00279827016026456	0.93185681617551	2	1
GO:0034447	very-low-density lipoprotein particle clearance	0	0.00198979591836735	1	-0.00381743930451406	2	1
GO:0034453	microtubule anchoring	0	0.00862244897959184	1	-0.0163982757260733	7	21
GO:0034454	microtubule anchoring at centrosome	5	0.0284438775510204	1.51520733664921e-10	1.86791242659364	9	36
GO:0034462	small-subunit processome assembly	0	0	1	0	1	0
GO:0034465	response to carbon monoxide	0	0	1	0	1	0
GO:0034472	snRNA 3'-end processing	15	0.0146938775510204	2.42417611856591e-40	2.65105066730333	7	21
GO:0034473	U1 snRNA 3'-end processing	3	0.0256122448979592	2.72940786068937e-06	1.53730453929362	3	3
GO:0034475	U4 snRNA 3'-end processing	28	0.212244897959184	3.75946156592261e-49	2.79725715408063	8	28
GO:0034476	U5 snRNA 3'-end processing	3	0.0256122448979592	2.72940786068937e-06	1.53730453929362	3	3
GO:0034477	U6 snRNA 3'-end processing	0	7.6530612244898e-05	1	-0.00014719875991176	2	1
GO:0034478	phosphatidylglycerol catabolic process	0	0.000408163265306122	1	-0.000784713180942753	2	1
GO:0034498	early endosome to Golgi transport	2	0.0338265306122449	0.000559377455587245	1.26918339298863	10	45
GO:0034499	late endosome to Golgi transport	1	0.0102551020408163	0.0102026977719085	0.917772825322547	6	15
GO:0034501	protein localization to kinetochore	3	0.0114540816326531	2.48313200316812e-07	1.56325929667206	7	21
GO:0034502	protein localization to chromosome	0	0	1	0	1	0
GO:0034505	tooth mineralization	0	0.00244897959183673	1	-0.00469552525645312	2	1
GO:0034508	centromere complex assembly	0	0	1	0	1	0
GO:0034514	mitochondrial unfolded protein response	0	0.00038265306122449	1	-0.000735693608334143	2	1
GO:0034516	response to vitamin B6	0	0.00102040816326531	1	-0.0019601846856715	2	1
GO:0034551	mitochondrial respiratory chain complex III assembly	1	0.00145408163265306	0.00145302496817671	0.934442906041373	4	6
GO:0034553	mitochondrial respiratory chain complex II assembly	3	0.000433673469387755	1.35892678149164e-11	1.58412877129853	4	6
GO:0034616	response to laminar fluid shear stress	1	0.021734693877551	0.0215001973942968	0.896592574460725	6	15
GO:0034625	fatty acid elongation, monounsaturated fatty acid	4	0.0144897959183673	1.81553564128331e-09	1.74481278980967	6	15
GO:0034626	fatty acid elongation, polyunsaturated fatty acid	4	0.0144897959183673	1.81553564128331e-09	1.74481278980967	6	15
GO:0034633	retinol transport	1	0.000153061224489796	0.000153037800336683	0.936940191469617	2	1
GO:0034635	glutathione transport	0	0.000918367346938775	1	-0.00176440574012327	2	1
GO:0034638	phosphatidylcholine catabolic process	4	0.0385204081632653	8.89564677863199e-08	1.701626290215	12	66
GO:0034650	cortisol metabolic process	3	0.0114540816326531	2.48313200311732e-07	1.56325929667206	4	6
GO:0034651	cortisol biosynthetic process	1	0.00602040816326531	0.00600232176581589	0.925745720150514	3	3
GO:0034653	retinoic acid catabolic process	1	0.000510204081632653	0.000509943906170321	0.936253800791427	2	1
GO:0034695	response to prostaglandin E	1	0.00461734693877551	0.00460670338036766	0.928406897238855	7	21
GO:0034696	response to prostaglandin F	0	0.00252551020408163	1	-0.00484176905227984	2	1
GO:0034698	response to gonadotropin	0	0.0026530612244898	1	-0.00508544284456569	3	3
GO:0034699	response to luteinizing hormone	0	0.000408163265306122	1	-0.000784713180942753	2	1
GO:0034728	nucleosome organization	0	0.000408163265306122	1	-0.000784713180942753	2	1
GO:0034755	iron ion transmembrane transport	6	0.0246938775510204	3.08327966878877e-13	1.99772898145534	10	45
GO:0034756	regulation of iron ion transport	0	0.000204081632653061	1	-0.000392463296103651	2	1
GO:0034760	negative regulation of iron ion transmembrane transport	0	0.00178571428571429	1	-0.00342683552053125	2	1
GO:0034763	negative regulation of transmembrane transport	0	0	1	0	1	0
GO:0034766	negative regulation of monoatomic ion transmembrane transport	0	0.000255102040816327	1	-0.000490545765551631	2	1
GO:0034767	positive regulation of monoatomic ion transmembrane transport	0	0.0038265306122449	1	-0.00732338798220078	3	3
GO:0034769	basement membrane disassembly	0	0.000510204081632653	1	-0.000980758166643114	2	1
GO:0034775	glutathione transmembrane transport	0	2.55102040816327e-05	1	-4.90695908794692e-05	2	1
GO:0034776	response to histamine	1	0.000229591836734694	0.000229565482545771	0.936793052760194	3	3
GO:0034975	protein folding in endoplasmic reticulum	5	0.0262755102040816	1.02109957883653e-10	1.87179986914449	7	21
GO:0034982	mitochondrial protein processing	2	0.00538265306122449	1.44345979808456e-05	1.3212020765883	6	15
GO:0034983	peptidyl-lysine deacetylation	1	0.0136224489795918	0.0135300833127086	0.911495236079284	5	10
GO:0035020	regulation of Rac protein signal transduction	1	0.0160204081632653	0.0158927639707967	0.907057903395525	5	10
GO:0035021	negative regulation of Rac protein signal transduction	0	0	1	0	1	0
GO:0035022	positive regulation of Rac protein signal transduction	0	0.00915816326530612	1	-0.0174049076420539	7	21
GO:0035036	sperm-egg recognition	1	0.00038265306122449	0.000382579858878296	0.936498865349736	3	3
GO:0035051	cardiocyte differentiation	0	0.000433673469387755	1	-0.000833729422625384	2	1
GO:0035054	embryonic heart tube anterior/posterior pattern specification	0	0.00910714285714286	1	-0.017309098434788	3	3
GO:0035063	nuclear speck organization	0	7.6530612244898e-05	1	-0.00014719875991176	2	1
GO:0035088	establishment or maintenance of apical/basal cell polarity	0	0	1	0	1	0
GO:0035089	establishment of apical/basal cell polarity	0	0.00418367346938776	1	-0.008003125885782	3	3
GO:0035095	behavioral response to nicotine	8	0.029234693877551	1.28938902476776e-17	2.18641206872973	9	36
GO:0035106	operant conditioning	0	0.00198979591836735	1	-0.00381743930451406	4	6
GO:0035112	genitalia morphogenesis	0	0.000102040816326531	1	-0.000196258338972743	2	1
GO:0035128	post-embryonic forelimb morphogenesis	0	0.000510204081632653	1	-0.000980758166643114	2	1
GO:0035136	forelimb morphogenesis	0	0.00816326530612245	1	-0.0155343288952725	8	28
GO:0035137	hindlimb morphogenesis	0	0.00420918367346939	1	-0.00805165409195885	5	10
GO:0035148	tube formation	0	0.00237244897959184	1	-0.00454925180559307	4	6
GO:0035166	post-embryonic hemopoiesis	0	0	1	0	1	0
GO:0035194	regulatory ncRNA-mediated post-transcriptional gene silencing	5	0.022780612244898	5.01652953532366e-11	1.87810994419981	11	55
GO:0035268	protein mannosylation	2	0.00688775510204082	2.36119449355663e-05	1.31835347319387	4	6
GO:0035281	pre-miRNA export from nucleus	0	0	1	0	1	0
GO:0035284	brain segmentation	0	0	1	0	1	0
GO:0035295	tube development	0	0	1	0	1	0
GO:0035303	regulation of dephosphorylation	3	0.00602040816326531	3.62047772792283e-08	1.5734736619136	5	10
GO:0035305	negative regulation of dephosphorylation	0	0.000408163265306122	1	-0.000784713180942753	2	1
GO:0035315	hair cell differentiation	0	0.00237244897959184	1	-0.00454925180559307	4	6
GO:0035330	regulation of hippo signaling	1	0.00221938775510204	0.00221692673408063	0.932977943067422	3	3
GO:0035336	long-chain fatty-acyl-CoA metabolic process	1	0.0035969387755102	0.00359047754044334	0.930348483823725	6	15
GO:0035340	inosine transport	3	0.000306122448979592	4.77970771086848e-12	1.58437388582073	3	3
GO:0035344	hypoxanthine transport	1	0.000102040816326531	0.000102030405060708	0.937038300619098	2	1
GO:0035349	coenzyme A transmembrane transport	0	0	1	0	1	0
GO:0035351	heme transmembrane transport	0	0	1	0	1	0
GO:0035352	NAD transmembrane transport	0	0	1	0	1	0
GO:0035356	intracellular triglyceride homeostasis	1	0.0126275510204082	0.0125481580290642	0.913344299058787	4	6
GO:0035357	peroxisome proliferator activated receptor signaling pathway	1	0.00589285714285714	0.00587552831568065	0.925987240064527	4	6
GO:0035358	regulation of peroxisome proliferator activated receptor signaling pathway	0	0	1	0	1	0
GO:0035359	negative regulation of peroxisome proliferator activated receptor signaling pathway	0	0.0013265306122449	1	-0.00254720290912458	3	3
GO:0035360	positive regulation of peroxisome proliferator activated receptor signaling pathway	0	0.0154591836734694	1	-0.0291405748562698	7	21
GO:0035364	thymine transport	1	0.000102040816326531	0.000102030405060708	0.937038300619098	2	1
GO:0035372	protein localization to microtubule	2	0.00678571428571429	2.2919072251079e-05	1.31854624377771	8	28
GO:0035377	transepithelial water transport	0	0.000969387755102041	1	-0.00186230185487546	4	6
GO:0035378	carbon dioxide transmembrane transport	1	0.000535714285714286	0.000535570816433556	0.936204797868923	3	3
GO:0035385	Roundabout signaling pathway	2	0.00313775510204082	4.9124680501197e-06	1.32547185308243	4	6
GO:0035425	autocrine signaling	2	0.00275510204081633	3.78832987701432e-06	1.32620218373147	5	10
GO:0035426	extracellular matrix-cell signaling	1	0.00191326530612245	0.00191143618022022	0.933563571287486	3	3
GO:0035434	copper ion transmembrane transport	0	0.000408163265306122	1	-0.000784713180942753	2	1
GO:0035435	phosphate ion transmembrane transport	1	0.00288265306122449	0.00287850220633825	0.931710710611001	4	6
GO:0035437	maintenance of protein localization in endoplasmic reticulum	0	0.00038265306122449	1	-0.000735693608334143	2	1
GO:0035441	cell migration involved in vasculogenesis	0	0	1	0	1	0
GO:0035455	response to interferon-alpha	0	0.0111479591836735	1	-0.0211315755277779	7	21
GO:0035456	response to interferon-beta	0	0.00563775510204082	1	-0.010764036334635	5	10
GO:0035457	cellular response to interferon-alpha	1	0.00512755102040816	0.00511442757064193	0.927438060184418	6	15
GO:0035459	vesicle cargo loading	2	0.0115816326530612	6.65515184567514e-05	1.30954125739017	7	21
GO:0035461	vitamin transmembrane transport	0	0.00206632653061225	1	-0.00396386121112546	2	1
GO:0035469	determination of pancreatic left/right asymmetry	1	0.00459183673469388	0.00458131037034035	0.928455373265918	5	10
GO:0035470	positive regulation of vascular wound healing	0	0.0024234693877551	1	-0.00464677073509745	3	3
GO:0035483	gastric emptying	1	0.000510204081632653	0.000509943906170321	0.936253800791427	2	1
GO:0035493	SNARE complex assembly	1	0.0296173469387755	0.0291830514403143	0.882400770212566	7	21
GO:0035494	SNARE complex disassembly	1	0.00285714285714286	0.00284900284900285	0.9317594091778	2	1
GO:0035502	metanephric part of ureteric bud development	0	0.000433673469387755	1	-0.000833729422625384	3	3
GO:0035513	oxidative RNA demethylation	0	0	1	0	1	0
GO:0035519	protein K29-linked ubiquitination	0	0.00354591836734694	1	-0.00678885848723787	5	10
GO:0035520	monoubiquitinated protein deubiquitination	1	0.014719387755102	0.0146115871350124	0.909462004529015	8	28
GO:0035523	protein K29-linked deubiquitination	0	0.000127551020408163	1	-0.000245314581668765	2	1
GO:0035524	proline transmembrane transport	1	0.000714285714285714	0.000714030672972635	0.935861870588662	4	6
GO:0035526	retrograde transport, plasma membrane to Golgi	1	5.10204081632653e-05	5.10178052140197e-05	0.937136423114039	2	1
GO:0035542	regulation of SNARE complex assembly	27	0.141198979591837	8.89902789368874e-52	2.86439393246716	11	55
GO:0035544	negative regulation of SNARE complex assembly	0	0.000102040816326531	1	-0.000196258338972743	2	1
GO:0035545	determination of left/right asymmetry in nervous system	0	0.000612244897959184	1	-0.00117674988648608	2	1
GO:0035562	negative regulation of chromatin binding	0	0.000841836734693878	1	-0.00161753665268849	2	1
GO:0035563	positive regulation of chromatin binding	1	0.000433673469387755	0.000433579446640945	0.936400829535445	4	6
GO:0035564	regulation of kidney size	0	0	1	0	1	0
GO:0035566	regulation of metanephros size	0	0.000102040816326531	1	-0.000196258338972743	2	1
GO:0035582	sequestering of BMP in extracellular matrix	0	0.0191071428571429	1	-0.0358486508630647	3	3
GO:0035583	sequestering of TGFbeta in extracellular matrix	2	0.00487244897959184	1.18318679524334e-05	1.32217026345997	3	3
GO:0035589	G protein-coupled purinergic nucleotide receptor signaling pathway	2	0.000612244897959184	1.87345426361373e-07	1.33030575647473	5	10
GO:0035590	purinergic nucleotide receptor signaling pathway	20	0.0677295918367347	1.59013030607375e-42	2.7621152217025	9	36
GO:0035592	establishment of protein localization to extracellular region	0	0	1	0	1	0
GO:0035600	tRNA methylthiolation	0	0.000153061224489796	1	-0.000294367488453351	2	1
GO:0035606	peptidyl-cysteine S-trans-nitrosylation	0	0	1	0	1	0
GO:0035609	C-terminal protein deglutamylation	0	0	1	0	1	0
GO:0035617	stress granule disassembly	1	0.0153061224489796	0.0151895791232275	0.908376810029927	4	6
GO:0035621	ER to Golgi ceramide transport	0	0	1	0	1	0
GO:0035622	intrahepatic bile duct development	0	0.00448979591836735	1	-0.00858524900044932	2	1
GO:0035623	renal D-glucose absorption	0	0.00135204081632653	1	-0.00259609953821927	4	6
GO:0035624	receptor transactivation	0	0	1	0	1	0
GO:0035627	ceramide transport	2	0.00846938775510204	3.56634016272093e-05	1.31537209795673	7	21
GO:0035630	bone mineralization involved in bone maturation	0	0.00459183673469388	1	-0.00877918569215241	2	1
GO:0035634	response to stilbenoid	0	0.0130612244897959	1	-0.0246968445097511	4	6
GO:0035646	endosome to melanosome transport	5	0.0507908163265306	2.70006398262261e-09	1.82902400812303	9	36
GO:0035654	clathrin-coated vesicle cargo loading, AP-3-mediated	21	0.0490816326530612	6.02059232280649e-48	2.82771930493581	7	21
GO:0035655	interleukin-18-mediated signaling pathway	3	0.00589285714285714	3.39552822298702e-08	1.57371518182761	4	6
GO:0035666	TRIF-dependent toll-like receptor signaling pathway	1	0.00579081632653061	0.00577408186730862	0.926180514235539	4	6
GO:0035669	TRAM-dependent toll-like receptor 4 signaling pathway	0	0.000459183673469388	1	-0.000882742333834563	2	1
GO:0035672	oligopeptide transmembrane transport	0	0	1	0	1	0
GO:0035683	memory T cell extravasation	0	0	1	0	1	0
GO:0035694	mitochondrial protein catabolic process	2	0.0136479591836735	9.22903289331518e-05	1.30569583387984	8	28
GO:0035696	monocyte extravasation	0	0.00323979591836735	1	-0.00620528330234949	4	6
GO:0035701	hematopoietic stem cell migration	0	0.000255102040816327	1	-0.000490545765551631	2	1
GO:0035702	monocyte homeostasis	0	0.000790816326530612	1	-0.00151960731226586	3	3
GO:0035709	memory T cell activation	0	0.00153061224489796	1	-0.00293828316833478	2	1
GO:0035710	CD4-positive, alpha-beta T cell activation	0	0.000178571428571429	1	-0.000343417059780471	2	1
GO:0035711	T-helper 1 cell activation	0	0.00306122448979592	1	-0.00586464629105354	2	1
GO:0035721	intraciliary retrograde transport	21	0.133010204081633	6.8882298013219e-39	2.69746156698819	10	45
GO:0035722	interleukin-12-mediated signaling pathway	8	0.0167091836734694	1.4848122230309e-19	2.20911716624223	6	15
GO:0035723	interleukin-15-mediated signaling pathway	6	0.00829081632653061	4.47353265161271e-16	2.02795700268776	4	6
GO:0035726	common myeloid progenitor cell proliferation	0	0.00696428571428571	1	-0.0132735773057797	6	15
GO:0035733	hepatic stellate cell activation	0	0.000280612244897959	1	-0.000539581999583372	2	1
GO:0035735	intraciliary transport involved in cilium assembly	4	0.0468367346938776	1.93141315936002e-07	1.68726318870473	7	21
GO:0035739	CD4-positive, alpha-beta T cell proliferation	1	0.010484693877551	0.0104299210672171	0.917343068073944	6	15
GO:0035751	regulation of lysosomal lumen pH	0	0.00397959183673469	1	-0.00761478266216586	2	1
GO:0035752	lysosomal lumen pH elevation	1	0.00400510204081633	0.00399709230581594	0.929571221958025	3	3
GO:0035754	B cell chemotaxis	2	0.00512755102040816	1.3101038542419e-05	1.32168600758756	4	6
GO:0035759	mesangial cell-matrix adhesion	0	0	1	0	1	0
GO:0035767	endothelial cell chemotaxis	0	0.00553571428571429	1	-0.0105706326146093	5	10
GO:0035771	interleukin-4-mediated signaling pathway	1	0.00196428571428571	0.00196043486009624	0.933465933561235	2	1
GO:0035772	interleukin-13-mediated signaling pathway	1	0.000918367346938775	0.000917524722193903	0.935470153217947	2	1
GO:0035773	insulin secretion involved in cellular response to glucose stimulus	4	0.015765306122449	2.54168896101927e-09	1.74245436385331	9	36
GO:0035781	CD86 biosynthetic process	0	0	1	0	1	0
GO:0035793	positive regulation of metanephric mesenchymal cell migration by platelet-derived growth factor receptor-beta signaling pathway	1	0.000510204081632653	0.000509943906170321	0.936253800791427	2	1
GO:0035795	negative regulation of mitochondrial membrane permeability	0	0	1	0	1	0
GO:0035799	ureter maturation	0	0.00227040816326531	1	-0.00435417438693553	3	3
GO:0035802	adrenal cortex formation	0	0.000229591836734694	1	-0.000441506197876307	2	1
GO:0035809	regulation of urine volume	0	0.0010969387755102	1	-0.00210698403233245	3	3
GO:0035810	positive regulation of urine volume	3	0.0388265306122449	9.47545769462805e-06	1.51389472851737	9	36
GO:0035811	negative regulation of urine volume	0	0.00301020408163265	1	-0.00576729187826741	3	3
GO:0035812	renal sodium excretion	0	0.00339285714285714	1	-0.00649712990934237	2	1
GO:0035813	regulation of renal sodium excretion	0	0.000178571428571429	1	-0.000343417059780471	2	1
GO:0035815	positive regulation of renal sodium excretion	1	0.00443877551020408	0.00442893868998014	0.928746297859676	3	3
GO:0035821	modulation of process of another organism	0	0.0023469387755102	1	-0.0045004873965534	4	6
GO:0035825	homologous recombination	7	0.0263010204081633	1.68804838100178e-15	2.09994315985692	6	15
GO:0035845	photoreceptor cell outer segment organization	2	0.0651530612244898	0.0020324846302522	1.21592515334689	11	55
GO:0035854	eosinophil fate commitment	1	0.00344387755102041	0.00343205796364561	0.9306401730798	2	1
GO:0035860	glial cell-derived neurotrophic factor receptor signaling pathway	24	0.0465051020408163	1.61406280862437e-56	2.92685415724675	9	36
GO:0035864	response to potassium ion	0	0.00510204081632653	1	-0.0097480878128986	5	10
GO:0035871	protein K11-linked deubiquitination	0	0.00392857142857143	1	-0.00751766418064004	6	15
GO:0035872	nucleotide-binding domain, leucine rich repeat containing receptor signaling pathway	0	0.00102040816326531	1	-0.0019601846856715	2	1
GO:0035873	lactate transmembrane transport	0	0.000357142857142857	1	-0.000686670704346692	5	10
GO:0035878	nail development	1	0.00364795918367347	0.00364131345680061	0.930251280276827	3	3
GO:0035879	plasma membrane lactate transport	2	0.000280612244897959	3.93642510716781e-08	1.33094292436163	3	3
GO:0035880	embryonic nail plate morphogenesis	1	0.00479591836734694	0.00478443631385124	0.928067656234039	4	6
GO:0035881	amacrine cell differentiation	1	0.00622448979591837	0.00620515779072868	0.925359456408784	7	21
GO:0035883	enteroendocrine cell differentiation	0	0.000306122448979592	1	-0.000588614900424389	2	1
GO:0035886	vascular associated smooth muscle cell differentiation	0	0.000306122448979592	1	-0.000588614900424389	2	1
GO:0035898	parathyroid hormone secretion	0	0	1	0	1	0
GO:0035900	response to isolation stress	1	0.0130357142857143	0.0129511161797514	0.912585135644172	3	3
GO:0035910	ascending aorta morphogenesis	0	0.00272959183673469	1	-0.0052316076190575	4	6
GO:0035912	dorsal aorta morphogenesis	2	0.0212755102040816	0.000223139032766231	1.29167589835613	6	15
GO:0035928	rRNA import into mitochondrion	0	0.00464285714285714	1	-0.00887613448880997	2	1
GO:0035962	response to interleukin-13	0	0	1	0	1	0
GO:0035963	cellular response to interleukin-13	0	0.000612244897959184	1	-0.00117674988648608	2	1
GO:0035965	cardiolipin acyl-chain remodeling	1	0.0125765306122449	0.0124977765478143	0.913439250687257	6	15
GO:0035970	peptidyl-threonine dephosphorylation	0	0.000790816326530612	1	-0.00151960731226586	5	10
GO:0035973	aggrephagy	2	0.00698979591836735	2.43150872518401e-05	1.31816075411165	8	28
GO:0035984	cellular response to trichostatin A	0	0	1	0	1	0
GO:0035989	tendon development	0	0.0050765306122449	1	-0.00969967360297785	4	6
GO:0035990	tendon cell differentiation	0	0.00038265306122449	1	-0.000735693608334143	2	1
GO:0035993	deltoid tuberosity development	0	0.00119897959183673	1	-0.00230267003433127	3	3
GO:0035995	detection of muscle stretch	1	0.00372448979591837	0.00371756247873364	0.930105499511648	3	3
GO:0035999	tetrahydrofolate interconversion	12	0.0425	6.97099036329712e-26	2.44475425869014	6	15
GO:0036005	response to macrophage colony-stimulating factor	2	0.00530612244897959	1.40277359354529e-05	1.32134722180233	3	3
GO:0036006	cellular response to macrophage colony-stimulating factor stimulus	0	0.00176020408163265	1	-0.00337799517246806	5	10
GO:0036010	protein localization to endosome	3	0.0407397959183673	1.093072683991e-05	1.51056737159011	9	36
GO:0036016	cellular response to interleukin-3	1	0.00204081632653061	0.00203873527681211	0.933319501746858	4	6
GO:0036022	limb joint morphogenesis	1	0.00204081632653061	0.00203873527609198	0.933319501746858	3	3
GO:0036035	osteoclast development	0	0.0126020408163265	1	-0.0238427856473701	3	3
GO:0036060	slit diaphragm assembly	0	0	1	0	1	0
GO:0036065	fucosylation	16	0.116071428571429	4.6510475124445e-29	2.5297091050352	8	28
GO:0036066	protein O-linked fucosylation	2	0.000127551020408163	8.13393970528181e-09	1.33123719177955	3	3
GO:0036071	N-glycan fucosylation	1	0.00946428571428572	0.00941963999019464	0.919255063151196	3	3
GO:0036089	cleavage furrow formation	3	0.00214285714285714	1.6373083281466e-09	1.58085224731867	5	10
GO:0036101	leukotriene B4 catabolic process	1	0.00426020408163265	0.00425114227153861	0.929085858246775	3	3
GO:0036109	alpha-linolenic acid metabolic process	3	0.0209948979591837	1.51829153767212e-06	1.54566687723207	8	28
GO:0036112	medium-chain fatty-acyl-CoA metabolic process	0	0.000204081632653061	1	-0.000392463296103651	2	1
GO:0036114	medium-chain fatty-acyl-CoA catabolic process	0	0	1	0	1	0
GO:0036119	response to platelet-derived growth factor	0	0.000229591836734694	1	-0.000441506197876307	2	1
GO:0036135	Schwann cell migration	0	0	1	0	1	0
GO:0036145	dendritic cell homeostasis	0	0	1	0	1	0
GO:0036148	phosphatidylglycerol acyl-chain remodeling	3	0.00724489795918367	6.3035642220669e-08	1.57115917590518	4	6
GO:0036149	phosphatidylinositol acyl-chain remodeling	3	0.00875	1.10923477105631e-07	1.56832442328401	5	10
GO:0036150	phosphatidylserine acyl-chain remodeling	1	0.00385204081632653	0.00384463122417159	0.929862597020736	5	10
GO:0036152	phosphatidylethanolamine acyl-chain remodeling	1	0.0099234693877551	0.00987439423149963	0.918394038157189	4	6
GO:0036155	acylglycerol acyl-chain remodeling	1	0.0138775510204082	0.0137817001988363	0.911021879857531	3	3
GO:0036179	osteoclast maturation	0	0.000229591836734694	1	-0.000441506197876307	2	1
GO:0036228	protein localization to nuclear inner membrane	0	0	1	0	1	0
GO:0036261	7-methylguanosine cap hypermethylation	0	0	1	0	1	0
GO:0036269	swimming behavior	0	0.00252551020408163	1	-0.00484176905227984	2	1
GO:0036289	peptidyl-serine autophosphorylation	0	0.000280612244897959	1	-0.000539581999583372	3	3
GO:0036293	response to decreased oxygen levels	0	0.000204081632653061	1	-0.000392463296103651	2	1
GO:0036294	cellular response to decreased oxygen levels	0	0	1	0	1	0
GO:0036295	cellular response to increased oxygen levels	6	0.0115816326530612	3.31326657638242e-15	2.02179017165412	4	6
GO:0036298	recombinational interstrand cross-link repair	1	0.000918367346938775	0.000917524722193903	0.935470153217947	2	1
GO:0036302	atrioventricular canal development	1	0.00352040816326531	0.00351421879161571	0.930494313708068	6	15
GO:0036303	lymph vessel morphogenesis	0	0	1	0	1	0
GO:0036304	umbilical cord morphogenesis	1	0.00038265306122449	0.000382506693867143	0.936498865349736	2	1
GO:0036305	ameloblast differentiation	5	0.0400255102040816	8.27988565694395e-10	1.84749641642783	8	28
GO:0036309	protein localization to M-band	1	0.000408163265306122	0.000407996736026112	0.936449845777128	2	1
GO:0036315	cellular response to sterol	1	0.00517857142857143	0.00516518571407269	0.927341248008666	3	3
GO:0036316	SREBP-SCAP complex retention in endoplasmic reticulum	1	0.00107142857142857	0.00107028184088477	0.935176504721955	2	1
GO:0036321	ghrelin secretion	0	0.000306122448979592	1	-0.000588614900424389	2	1
GO:0036324	vascular endothelial growth factor receptor-2 signaling pathway	0	0.00137755102040816	1	-0.00264499285307473	4	6
GO:0036335	intestinal stem cell homeostasis	0	0.0175765306122449	1	-0.0330416655954808	6	15
GO:0036336	dendritic cell migration	0	0.00533163265306123	1	-0.0101836695419918	5	10
GO:0036337	Fas signaling pathway	0	0.000204081632653061	1	-0.000392463296103651	2	1
GO:0036343	psychomotor behavior	1	0.00693877551020408	0.0069147577907081	0.924009159813634	4	6
GO:0036344	platelet morphogenesis	0	0.00252551020408163	1	-0.00484176905227984	2	1
GO:0036345	platelet maturation	0	0	1	0	1	0
GO:0036359	renal potassium excretion	0	0	1	0	1	0
GO:0036367	light adaption	0	0	1	0	1	0
GO:0036372	opsin transport	0	0.00076530612244898	1	-0.00147063765606126	2	1
GO:0036378	calcitriol biosynthetic process from calciol	1	0.00191326530612245	0.00191143618022022	0.933563571287486	3	3
GO:0036416	tRNA stabilization	0	0.00048469387755102	1	-0.000931751915023038	3	3
GO:0036438	maintenance of lens transparency	0	0.00364795918367347	1	-0.00698327868124393	5	10
GO:0036444	calcium import into the mitochondrion	24	0.0291071428571429	2.14362607234773e-61	2.95726027815752	9	36
GO:0036445	neuronal stem cell division	0	0	1	0	1	0
GO:0036446	myofibroblast differentiation	0	0.000892857142857143	1	-0.00171545270013673	3	3
GO:0036462	TRAIL-activated apoptotic signaling pathway	5	0.02125	3.54751909903885e-11	1.88089095716871	5	10
GO:0036465	synaptic vesicle recycling	11	0.104795918367347	3.81001602262784e-19	2.2836509252178	10	45
GO:0036481	intrinsic apoptotic signaling pathway in response to hydrogen peroxide	1	0.00280612244897959	0.00279827016026456	0.93185681617551	2	1
GO:0036484	trunk neural crest cell migration	0	0.00392857142857143	1	-0.00751766418064004	2	1
GO:0036486	ventral trunk neural crest cell migration	3	0.012984693877551	3.60167660746079e-07	1.56040792915236	3	3
GO:0036492	eiF2alpha phosphorylation in response to endoplasmic reticulum stress	0	0.000102040816326531	1	-0.000196258338972743	2	1
GO:0036493	positive regulation of translation in response to endoplasmic reticulum stress	0	0.000663265306122449	1	-0.00127472578075483	2	1
GO:0036498	IRE1-mediated unfolded protein response	1	0.00900510204081633	0.00896467754268069	0.920117117122336	5	10
GO:0036499	PERK-mediated unfolded protein response	0	0.00625	1	-0.0119233709771839	4	6
GO:0036500	ATF6-mediated unfolded protein response	9	0.0409183673469388	8.54104599339195e-19	2.24722319411	7	21
GO:0036506	maintenance of unfolded protein	1	0.00193877551020408	0.00193689729838401	0.933514750772396	3	3
GO:0036514	dopaminergic neuron axon guidance	2	0.00364795918367347	6.63763599251455e-06	1.32449922767997	3	3
GO:0036515	serotonergic neuron axon guidance	2	0.00364795918367347	6.63763599251455e-06	1.32449922767997	3	3
GO:0036518	chemorepulsion of dopaminergic neuron axon	0	0	1	0	1	0
GO:0036520	astrocyte-dopaminergic neuron signaling	0	0	1	0	1	0
GO:0038001	paracrine signaling	0	0.00727040816326531	1	-0.0138514643949239	5	10
GO:0038003	G protein-coupled opioid receptor signaling pathway	4	0.00857142857142857	2.23369568938386e-10	1.75585792539594	7	21
GO:0038004	epidermal growth factor receptor ligand maturation	0	0.00107142857142857	1	-0.00205805423611594	2	1
GO:0038007	netrin-activated signaling pathway	0	0.0104336734693878	1	-0.0197960113974957	8	28
GO:0038016	insulin receptor internalization	0	0.000357142857142857	1	-0.000686670704346692	2	1
GO:0038018	Wnt receptor catabolic process	0	0.00612244897959184	1	-0.0116819965327553	2	1
GO:0038020	insulin receptor recycling	0	0.0010969387755102	1	-0.00210698403233245	4	6
GO:0038026	reelin-mediated signaling pathway	6	0.0238520408163265	2.50578427918217e-13	1.99924988852451	7	21
GO:0038027	apolipoprotein A-I-mediated signaling pathway	0	0	1	0	1	0
GO:0038035	ligand-independent adenylate cyclase-activating G protein-coupled receptor signaling pathway	0	2.55102040816327e-05	1	-4.90695908794692e-05	2	1
GO:0038043	interleukin-5-mediated signaling pathway	3	0.00341836734693878	6.63468587409099e-09	1.57841674118828	3	3
GO:0038060	nitric oxide-cGMP-mediated signaling	2	0.00959183673469388	4.57085610351525e-05	1.31326373383458	5	10
GO:0038065	collagen-activated signaling pathway	0	0	1	0	1	0
GO:0038083	peptidyl-tyrosine autophosphorylation	0	0.000739795918367347	1	-0.0014216646752595	3	3
GO:0038092	nodal signaling pathway	7	0.0347959183673469	1.18863378827144e-14	2.0848327646505	9	36
GO:0038093	Fc receptor signaling pathway	1	0.000969387755102041	0.000968918050542971	0.935372257103195	3	3
GO:0038094	Fc-gamma receptor signaling pathway	3	0.00410714285714286	1.15114632651329e-08	1.57710497904521	7	21
GO:0038098	sequestering of BMP from receptor via BMP binding	1	0.00303571428571429	0.0030311111606814	0.931418588231018	3	3
GO:0038108	negative regulation of appetite by leptin-mediated signaling pathway	1	0.00334183673469388	0.00333625900815563	0.930834698131999	3	3
GO:0038110	interleukin-2-mediated signaling pathway	3	0.0060969387755102	3.75436406668527e-08	1.57332878877093	3	3
GO:0038111	interleukin-7-mediated signaling pathway	4	0.0104336734693878	4.89681076448897e-10	1.75236424671441	4	6
GO:0038112	interleukin-8-mediated signaling pathway	0	0	1	0	1	0
GO:0038113	interleukin-9-mediated signaling pathway	3	0.00387755102040816	9.67915207516054e-09	1.57754196809933	3	3
GO:0038116	chemokine (C-C motif) ligand 21 signaling pathway	1	0.000306122448979592	0.00030602876670407	0.936645944057646	2	1
GO:0038124	toll-like receptor TLR6:TLR2 signaling pathway	0	0	1	0	1	0
GO:0038127	ERBB signaling pathway	0	0.000204081632653061	1	-0.000392463296103651	2	1
GO:0038128	ERBB2 signaling pathway	0	0.000178571428571429	1	-0.000343417059780471	2	1
GO:0038130	ERBB4 signaling pathway	3	0.000841836734693878	9.93497464622802e-11	1.58334496406847	3	3
GO:0038133	ERBB2-ERBB3 signaling pathway	0	0.000102040816326531	1	-0.000196258338972743	2	1
GO:0038134	ERBB2-EGFR signaling pathway	7	0.00872448979591837	7.57590577840811e-19	2.13225015084834	5	10
GO:0038135	ERBB2-ERBB4 signaling pathway	1	0.00262755102040816	0.00262410202771007	0.932197844287296	3	3
GO:0038138	ERBB4-ERBB4 signaling pathway	4	0.00260204081632653	1.90608022142896e-12	1.76717227490681	5	10
GO:0038146	chemokine (C-X-C motif) ligand 12 signaling pathway	0	0.000306122448979592	1	-0.000588614900424389	2	1
GO:0038154	interleukin-11-mediated signaling pathway	2	0.0026530612244898	3.51314632847305e-06	1.32639706351665	3	3
GO:0038155	interleukin-23-mediated signaling pathway	1	0.00525510204081633	0.00524131811643344	0.92719605410289	3	3
GO:0038156	interleukin-3-mediated signaling pathway	3	0.00344387755102041	6.78416179804459e-09	1.57836811484289	3	3
GO:0038157	granulocyte-macrophage colony-stimulating factor signaling pathway	1	0.000153061224489796	0.000153037800336683	0.936940191469617	2	1
GO:0038158	granulocyte colony-stimulating factor signaling pathway	0	5.10204081632653e-05	1	-9.81358440319546e-05	2	1
GO:0038160	CXCL12-activated CXCR4 signaling pathway	0	0	1	0	1	0
GO:0038161	prolactin signaling pathway	1	0.0014030612244898	0.00140109540185964	0.93454067610393	2	1
GO:0038162	erythropoietin-mediated signaling pathway	1	0.00285714285714286	0.00284900284900285	0.9317594091778	2	1
GO:0038163	thrombopoietin-mediated signaling pathway	1	0.00813775510204082	0.00810473320839668	0.921748257461893	5	10
GO:0038165	oncostatin-M-mediated signaling pathway	3	0.00372448979591837	8.57889970460355e-09	1.57783344127473	3	3
GO:0038166	angiotensin-activated signaling pathway	4	0.00778061224489796	1.51754275873223e-10	1.75734667617462	7	21
GO:0038170	somatostatin signaling pathway	0	0	1	0	1	0
GO:0038171	cannabinoid signaling pathway	2	0.00104591836734694	5.46591322833163e-07	1.3294733852405	3	3
GO:0038172	interleukin-33-mediated signaling pathway	3	0.00313775510204082	5.13266799712686e-09	1.57895184744237	3	3
GO:0038173	interleukin-17A-mediated signaling pathway	2	0.0014030612244898	9.83370042980276e-07	1.32878862350707	3	3
GO:0038178	complement component C5a signaling pathway	1	0.000408163265306122	0.000408079978011384	0.936449845777128	3	3
GO:0038179	neurotrophin signaling pathway	0	0.00224489795918367	1	-0.00430539678807718	2	1
GO:0038180	nerve growth factor signaling pathway	6	0.0395918367346939	5.17092771861027e-12	1.97133086331517	10	45
GO:0038185	nuclear receptor-mediated bile acid signaling pathway	0	0	1	0	1	0
GO:0038188	cholecystokinin signaling pathway	0	0.000153061224489796	1	-0.000294367488453351	2	1
GO:0038189	neuropilin signaling pathway	0	0	1	0	1	0
GO:0038190	VEGF-activated neuropilin signaling pathway	0	0	1	0	1	0
GO:0038192	gastric inhibitory peptide signaling pathway	1	0.00229591836734694	0.00229065920081446	0.9328316102704	2	1
GO:0038194	thyroid-stimulating hormone signaling pathway	1	0.00168367346938776	0.00168084347781796	0.934003104673957	2	1
GO:0038195	urokinase plasminogen activator signaling pathway	1	0.000535714285714286	0.000535570816433556	0.936204797868923	3	3
GO:0038196	type III interferon-mediated signaling pathway	11	0.0177040816326531	1.32009159851906e-27	2.42814007106114	7	21
GO:0038203	TORC2 signaling	6	0.0106632653061224	2.02320432155464e-15	2.02350585102634	5	10
GO:0039003	pronephric field specification	0	0.000153061224489796	1	-0.000294367488453351	2	1
GO:0039529	RIG-I signaling pathway	1	0.00966836734693877	0.00962177894883646	0.918872258487913	5	10
GO:0039530	MDA-5 signaling pathway	0	0	1	0	1	0
GO:0039532	negative regulation of cytoplasmic pattern recognition receptor signaling pathway	1	0.00122448979591837	0.00122299225438239	0.934882975716706	2	1
GO:0039534	negative regulation of MDA-5 signaling pathway	0	0.000892857142857143	1	-0.00171545270013673	4	6
GO:0039536	negative regulation of RIG-I signaling pathway	3	0.0154591836734694	6.08660320249141e-07	1.55582192586489	5	10
GO:0039585	PKR/eIFalpha signaling	0	0.000816326530612245	1	-0.0015685736443245	2	1
GO:0039689	negative stranded viral RNA replication	0	0	1	0	1	0
GO:0039694	viral RNA genome replication	1	0.00038265306122449	0.000382506693867143	0.936498865349736	2	1
GO:0040001	establishment of mitotic spindle localization	0	0.000102040816326531	1	-0.000196258338972743	2	1
GO:0040010	positive regulation of growth rate	0	0	1	0	1	0
GO:0040011	locomotion	0	0.0229591836734694	1	-0.042864937012942	7	21
GO:0040012	regulation of locomotion	0	0.00512755102040816	1	-0.00979649877365274	4	6
GO:0040015	negative regulation of multicellular organism growth	3	0.0565816326530612	2.89381995815924e-05	1.48359106472714	10	45
GO:0040016	embryonic cleavage	0	0.000255102040816327	1	-0.000490545765551631	2	1
GO:0040020	regulation of meiotic nuclear division	0	2.55102040816327e-05	1	-4.90695908794692e-05	2	1
GO:0040036	regulation of fibroblast growth factor receptor signaling pathway	0	0.00313775510204082	1	-0.00601065327878914	4	6
GO:0040038	polar body extrusion after meiotic divisions	2	0.00321428571428571	5.15476005151672e-06	1.32532587564179	5	10
GO:0040040	thermosensory behavior	0	0	1	0	1	0
GO:0042044	fluid transport	1	0.000153061224489796	0.000153037800336683	0.936940191469617	2	1
GO:0042045	epithelial fluid transport	1	0.0112244897959184	0.0111617302444524	0.915960033827068	5	10
GO:0042048	olfactory behavior	0	0.0061734693877551	1	-0.0117785560028739	4	6
GO:0042053	regulation of dopamine metabolic process	2	0.0154336734693878	0.000117880776778262	1.30238906145958	8	28
GO:0042058	regulation of epidermal growth factor receptor signaling pathway	1	0.0191326530612245	0.018950785570762	0.901339217424066	8	28
GO:0042063	gliogenesis	2	0.0198214285714286	0.000193867835008353	1.29432765772984	5	10
GO:0042074	cell migration involved in gastrulation	1	0.0491581632653061	0.0479694584690591	0.848378692752251	8	28
GO:0042088	T-helper 1 type immune response	1	0.00670918367346939	0.00668672734995295	0.924442908126954	5	10
GO:0042092	type 2 immune response	1	0.0089030612244898	0.00886354632970071	0.920308824656637	6	15
GO:0042093	T-helper cell differentiation	0	0.00377551020408163	1	-0.00722623025824154	5	10
GO:0042117	monocyte activation	0	0.00464285714285714	1	-0.00887613448880997	5	10
GO:0042118	endothelial cell activation	0	0.00344387755102041	1	-0.00659438587827022	4	6
GO:0042126	nitrate metabolic process	0	0	1	0	1	0
GO:0042129	regulation of T cell proliferation	0	0.0230867346938776	1	-0.0430961010977419	9	36
GO:0042138	meiotic DNA double-strand break formation	3	0.00158163265306122	6.58643585598857e-10	1.58192648060796	5	10
GO:0042148	DNA strand invasion	1	0.00122448979591837	0.00122374041409605	0.934882975716706	3	3
GO:0042158	lipoprotein biosynthetic process	1	0.00426020408163265	0.00425114227153861	0.929085858246775	3	3
GO:0042159	lipoprotein catabolic process	0	0.00441326530612245	1	-0.00843976225678267	4	6
GO:0042167	heme catabolic process	6	0.0208928571428571	1.13469345010438e-13	2.00462169946826	9	36
GO:0042168	heme metabolic process	0	0.00163265306122449	1	-0.00313374381725984	3	3
GO:0042180	ketone metabolic process	0	0	1	0	1	0
GO:0042245	RNA repair	1	0.00160714285714286	0.00160456409342129	0.934149675337967	2	1
GO:0042249	establishment of planar polarity of embryonic epithelium	0	0.00122448979591837	1	-0.00235158324136442	2	1
GO:0042255	ribosome assembly	0	0.000178571428571429	1	-0.000343417059780471	2	1
GO:0042256	cytosolic ribosome assembly	0	0.000204081632653061	1	-0.000392463296103651	2	1
GO:0042262	DNA protection	1	0.00946428571428572	0.00941964031885107	0.919255063151196	5	10
GO:0042269	regulation of natural killer cell mediated cytotoxicity	0	0.00102040816326531	1	-0.0019601846856715	2	1
GO:0042270	protection from natural killer cell mediated cytotoxicity	0	0.00119897959183673	1	-0.00230267003433127	3	3
GO:0042271	susceptibility to natural killer cell mediated cytotoxicity	0	0.00329081632653061	1	-0.00630257862492001	3	3
GO:0042276	error-prone translesion synthesis	11	0.0385459183673469	6.74937090240846e-24	2.39083760305893	8	28
GO:0042278	purine nucleoside metabolic process	0	0	1	0	1	0
GO:0042297	vocal learning	2	0.0158418367346939	0.000124164492799627	1.30163535144997	5	10
GO:0042304	regulation of fatty acid biosynthetic process	0	0.00275510204081633	1	-0.00528032262974254	2	1
GO:0042306	regulation of protein import into nucleus	0	0.00553571428571429	1	-0.0105706326146093	3	3
GO:0042309	homoiothermy	0	0.000153061224489796	1	-0.000294367488453351	2	1
GO:0042313	protein kinase C deactivation	0	0	1	0	1	0
GO:0042322	negative regulation of circadian sleep/wake cycle, REM sleep	0	0.00255102040816327	1	-0.00489051039629274	2	1
GO:0042325	regulation of phosphorylation	0	0.0141071428571429	1	-0.026638434281211	4	6
GO:0042326	negative regulation of phosphorylation	1	0.0206632653061225	0.0204512429090914	0.898543293301889	9	36
GO:0042335	cuticle development	1	0.00280612244897959	0.00279827016026456	0.93185681617551	2	1
GO:0042340	keratan sulfate proteoglycan catabolic process	0	0	1	0	1	0
GO:0042350	GDP-L-fucose biosynthetic process	1	7.6530612244898e-05	7.65276838522956e-05	0.937087360198159	3	3
GO:0042351	'de novo' GDP-L-fucose biosynthetic process	0	0	1	0	1	0
GO:0042355	L-fucose catabolic process	16	0.122448979591837	1.08798382693975e-28	2.52040126595152	8	28
GO:0042359	vitamin D metabolic process	4	0.0305867346938776	3.5587684309318e-08	1.71560032208321	8	28
GO:0042360	vitamin E metabolic process	0	0.0060969387755102	1	-0.0116337119502248	5	10
GO:0042361	menaquinone catabolic process	3	0.0128571428571429	3.50829145204507e-07	1.56064511309572	5	10
GO:0042369	vitamin D catabolic process	2	0.00219387755102041	2.40303150186105e-06	1.32727467466701	3	3
GO:0042373	vitamin K metabolic process	6	0.00655612244897959	1.09675456804612e-16	2.03122908030078	5	10
GO:0042376	phylloquinone catabolic process	3	0.015765306122449	6.45391008249482e-07	1.55525660646256	6	15
GO:0042377	vitamin K catabolic process	0	0.000331632653061225	1	-0.000637644468527876	2	1
GO:0042403	thyroid hormone metabolic process	1	0.00316326530612245	0.00315826745365729	0.931175243249982	7	21
GO:0042412	taurine biosynthetic process	1	0.000892857142857143	0.000892060660124888	0.935519106257934	2	1
GO:0042415	norepinephrine metabolic process	0	0.0194132653061225	1	-0.0364087395515288	5	10
GO:0042416	dopamine biosynthetic process	3	0.0541836734693878	2.54582948373478e-05	1.48761020066081	8	28
GO:0042418	epinephrine biosynthetic process	1	0.00130102040816327	0.00129932995337698	0.934736255992729	2	1
GO:0042420	dopamine catabolic process	3	0.0173214285714286	8.54988683042982e-07	1.55238972978626	7	21
GO:0042421	norepinephrine biosynthetic process	1	0.0252040816326531	0.0248891105017446	0.890311916167541	7	21
GO:0042423	catecholamine biosynthetic process	0	0.00275510204081633	1	-0.00528032262974254	3	3
GO:0042426	choline catabolic process	0	0.000127551020408163	1	-0.000245314581668765	2	1
GO:0042427	serotonin biosynthetic process	3	0.0177295918367347	9.12525690743156e-07	1.55163964456061	3	3
GO:0042428	serotonin metabolic process	0	0.00711734693877551	1	-0.0135625787200799	5	10
GO:0042438	melanin biosynthetic process	10	0.0340051020408163	5.52400242901213e-22	2.33242434319247	9	36
GO:0042446	hormone biosynthetic process	4	0.0426275510204082	1.32969032696386e-07	1.69449711087055	10	45
GO:0042447	hormone catabolic process	1	0.00594387755102041	0.00592624765811929	0.925890622394889	5	10
GO:0042448	progesterone metabolic process	4	0.0203061224489796	6.97018142003869e-09	1.73412040611582	6	15
GO:0042450	arginine biosynthetic process via ornithine	1	0.00252551020408163	0.00251914806992544	0.932392789905791	2	1
GO:0042461	photoreceptor cell development	0	7.6530612244898e-05	1	-0.00014719875991176	2	1
GO:0042471	ear morphogenesis	0	0.00477040816326531	1	-0.00911844949006213	3	3
GO:0042473	outer ear morphogenesis	0	0.00313775510204082	1	-0.00601065327878914	5	10
GO:0042481	regulation of odontogenesis	1	0.00290816326530612	0.0029039386518305	0.931662015331646	3	3
GO:0042482	positive regulation of odontogenesis	0	0.0142091836734694	1	-0.0268275781749056	4	6
GO:0042487	regulation of odontogenesis of dentin-containing tooth	1	0.0190816326530612	0.0189007307625159	0.90143260178829	4	6
GO:0042488	positive regulation of odontogenesis of dentin-containing tooth	0	0	1	0	1	0
GO:0042489	negative regulation of odontogenesis of dentin-containing tooth	0	0.000255102040816327	1	-0.000490545765551631	2	1
GO:0042490	mechanoreceptor differentiation	0	0.000841836734693878	1	-0.00161753665268849	2	1
GO:0042492	gamma-delta T cell differentiation	0	0.00102040816326531	1	-0.0019601846856715	2	1
GO:0042495	detection of triacyl bacterial lipopeptide	0	0	1	0	1	0
GO:0042496	detection of diacyl bacterial lipopeptide	0	0	1	0	1	0
GO:0042509	regulation of tyrosine phosphorylation of STAT protein	0	0.00114795918367347	1	-0.00220483366900515	2	1
GO:0042532	negative regulation of tyrosine phosphorylation of STAT protein	0	0.000357142857142857	1	-0.000686670704346692	3	3
GO:0042541	hemoglobin biosynthetic process	2	0.0204336734693878	0.00020594525472706	1.29320993909375	5	10
GO:0042590	antigen processing and presentation of exogenous peptide antigen via MHC class I	0	0	1	0	1	0
GO:0042592	homeostatic process	0	0.0188775510204082	1	-0.0354282987721769	8	28
GO:0042595	behavioral response to starvation	0	0	1	0	1	0
GO:0042596	fear response	0	0.00732142857142857	1	-0.0139477339160123	6	15
GO:0042631	cellular response to water deprivation	0	0.000510204081632653	1	-0.000980758166643114	2	1
GO:0042633	hair cycle	0	0.000816326530612245	1	-0.0015685736443245	3	3
GO:0042634	regulation of hair cycle	1	0.00701530612244898	0.00699075630416227	0.92386463498186	4	6
GO:0042659	regulation of cell fate specification	21	0.034234693877551	3.1665297658164e-51	2.85342607574266	7	21
GO:0042660	positive regulation of cell fate specification	0	0	1	0	1	0
GO:0042662	negative regulation of mesodermal cell fate specification	0	0.000841836734693878	1	-0.00161753665268849	2	1
GO:0042670	retinal cone cell differentiation	0	0.00183673469387755	1	-0.00352450629726231	2	1
GO:0042693	muscle cell fate commitment	2	0.0130867346938776	8.48878765628717e-05	1.30673824377286	5	10
GO:0042698	ovulation cycle	0	0.000816326530612245	1	-0.0015685736443245	3	3
GO:0042699	follicle-stimulating hormone signaling pathway	3	0.00732142857142857	6.49316714942952e-08	1.57101476680514	3	3
GO:0042700	luteinizing hormone signaling pathway	0	0.000535714285714286	1	-0.00102976108914732	2	1
GO:0042701	progesterone secretion	0	0.0036734693877551	1	-0.00703187554321838	2	1
GO:0042704	uterine wall breakdown	1	0.00198979591836735	0.00198584449310046	0.933417119653557	2	1
GO:0042711	maternal behavior	5	0.0280867346938776	1.42286432169479e-10	1.86855127185846	9	36
GO:0042713	sperm ejaculation	2	0.00589285714285714	1.72948218266213e-05	1.32023518746767	5	10
GO:0042723	thiamine-containing compound metabolic process	1	2.55102040816327e-05	2.55095533277212e-05	0.937185489367191	2	1
GO:0042732	D-xylose metabolic process	0	0.000586734693877551	1	-0.00112775694861655	3	3
GO:0042743	hydrogen peroxide metabolic process	0	0.00385204081632653	1	-0.00737196193733469	4	6
GO:0042745	circadian sleep/wake cycle	0	0.00433673469387755	1	-0.00829424616434604	2	1
GO:0042753	positive regulation of circadian rhythm	3	0.0266836734693878	3.10384467349166e-06	1.53537788658332	7	21
GO:0042754	negative regulation of circadian rhythm	0	0.00594387755102041	1	-0.011343936563182	4	6
GO:0042756	drinking behavior	0	0.00665816326530612	1	-0.0126952268875907	7	21
GO:0042758	long-chain fatty acid catabolic process	0	0.000892857142857143	1	-0.00171545270013673	2	1
GO:0042760	very long-chain fatty acid catabolic process	4	0.00357142857142857	6.75952012527098e-12	1.76532278966337	6	15
GO:0042761	very long-chain fatty acid biosynthetic process	29	0.11375	4.24913533766585e-59	2.95467416951619	12	66
GO:0042775	mitochondrial ATP synthesis coupled electron transport	0	0.000510204081632653	1	-0.000980758166643114	3	3
GO:0042780	tRNA 3'-end processing	1	0.000229591836734694	0.000229565482545887	0.936793052760194	4	6
GO:0042790	nucleolar large rRNA transcription by RNA polymerase I	0	0.000306122448979592	1	-0.000588614900424389	2	1
GO:0042791	5S class rRNA transcription by RNA polymerase III	15	0.0175255102040816	3.39585554039306e-39	2.64582809126535	6	15
GO:0042793	plastid transcription	0	0	1	0	1	0
GO:0042795	snRNA transcription by RNA polymerase II	6	0.00244897959183673	2.98892433776682e-19	2.03903589536872	4	6
GO:0042796	snRNA transcription by RNA polymerase III	6	0.00244897959183673	2.98892433776682e-19	2.03903589536872	4	6
GO:0042797	tRNA transcription by RNA polymerase III	16	0.0238010204081633	4.9565717693264e-40	2.67984099763734	7	21
GO:0042818	pyridoxamine metabolic process	1	0.00038265306122449	0.000382506693867143	0.936498865349736	2	1
GO:0042853	L-alanine catabolic process	1	0.00102040816326531	0.00101936799184506	0.935274374272399	2	1
GO:0042866	pyruvate biosynthetic process	1	0.00206632653061225	0.00206419314686486	0.933270697746945	3	3
GO:0042867	pyruvate catabolic process	0	0.000918367346938775	1	-0.00176440574012327	3	3
GO:0042904	9-cis-retinoic acid biosynthetic process	0	0.000229591836734694	1	-0.000441506197876307	2	1
GO:0042921	nuclear receptor-mediated glucocorticoid signaling pathway	0	0	1	0	1	0
GO:0042976	activation of Janus kinase activity	0	0	1	0	1	0
GO:0042982	amyloid precursor protein metabolic process	3	0.0075765306122449	7.2076307602404e-08	1.57053361182436	6	15
GO:0042986	positive regulation of amyloid precursor protein biosynthetic process	0	0.00204081632653061	1	-0.00391505721121221	4	6
GO:0042987	amyloid precursor protein catabolic process	12	0.067219387755102	1.66976464844471e-23	2.40326121893967	12	66
GO:0042997	negative regulation of Golgi to plasma membrane protein transport	0	0.000714285714285714	1	-0.00137268836940874	3	3
GO:0042998	positive regulation of Golgi to plasma membrane protein transport	0	0.000612244897959184	1	-0.00117674988648608	2	1
GO:0043007	maintenance of rDNA	0	0.00038265306122449	1	-0.000735693608334143	2	1
GO:0043009	chordate embryonic development	0	0.000535714285714286	1	-0.00102976108914732	3	3
GO:0043030	regulation of macrophage activation	0	0.00686224489795918	1	-0.0130808453507371	7	21
GO:0043031	negative regulation of macrophage activation	0	0.00859693877551021	1	-0.0163503058161342	7	21
GO:0043039	tRNA aminoacylation	0	0.00331632653061225	1	-0.00635122136545196	2	1
GO:0043043	peptide biosynthetic process	0	0.00173469387755102	1	-0.0033291515173427	2	1
GO:0043052	thermotaxis	0	0.000663265306122449	1	-0.00127472578075483	2	1
GO:0043067	regulation of programmed cell death	0	0.00237244897959184	1	-0.00454925180559307	4	6
GO:0043084	penile erection	0	0	1	0	1	0
GO:0043085	positive regulation of catalytic activity	0	0.0130867346938776	1	-0.0247442625883513	5	10
GO:0043086	negative regulation of catalytic activity	1	0.0104081632653061	0.0103541857652196	0.917486292043529	10	45
GO:0043090	amino acid import	1	2.55102040816327e-05	2.55095533277212e-05	0.937185489367191	2	1
GO:0043097	pyrimidine nucleoside salvage	0	0.00107142857142857	1	-0.00205805423611594	2	1
GO:0043101	purine-containing compound salvage	0	0	1	0	1	0
GO:0043103	hypoxanthine salvage	0	0	1	0	1	0
GO:0043111	replication fork arrest	0	0.000535714285714286	1	-0.00102976108914732	2	1
GO:0043114	regulation of vascular permeability	2	0.0275255102040816	0.00037194648554611	1.28038769543547	8	28
GO:0043117	positive regulation of vascular permeability	0	0.00864795918367347	1	-0.0164462424462056	8	28
GO:0043131	erythrocyte enucleation	0	0.000510204081632653	1	-0.000980758166643114	2	1
GO:0043137	DNA replication, removal of RNA primer	1	0.00142857142857143	0.00142755150597023	0.934491789416206	3	3
GO:0043152	induction of bacterial agglutination	1	0.0051530612244898	0.0051398069518055	0.927389652472395	3	3
GO:0043163	cell envelope organization	0	0	1	0	1	0
GO:0043174	nucleoside salvage	0	0	1	0	1	0
GO:0043201	response to L-leucine	0	0	1	0	1	0
GO:0043207	response to external biotic stimulus	1	0.000816326530612245	0.000815660685154976	0.935665985313746	2	1
GO:0043217	myelin maintenance	1	0.000612244897959184	0.000612057514289312	0.936057809071585	3	3
GO:0043242	negative regulation of protein-containing complex disassembly	0	0.000739795918367347	1	-0.0014216646752595	3	3
GO:0043243	positive regulation of protein-containing complex disassembly	0	0	1	0	1	0
GO:0043247	telomere maintenance in response to DNA damage	3	0.00431122448979592	1.33120995912917e-08	1.57671676644495	6	15
GO:0043248	proteasome assembly	2	0.000586734693877551	1.72061486018924e-07	1.3303547494126	4	6
GO:0043266	regulation of potassium ion transport	0	0.0141836734693878	1	-0.0267802968508336	6	15
GO:0043267	negative regulation of potassium ion transport	0	0.0107908163265306	1	-0.0204641025597156	4	6
GO:0043268	positive regulation of potassium ion transport	0	0.0338265306122449	1	-0.0622991133725885	8	28
GO:0043270	positive regulation of monoatomic ion transport	1	0.0025765306122449	0.00257321420613239	0.932295310510988	4	6
GO:0043276	anoikis	0	0.00334183673469388	1	-0.00639986082607147	4	6
GO:0043278	response to morphine	0	0.0035969387755102	1	-0.00688607513434525	7	21
GO:0043279	response to alkaloid	0	0.016530612244898	1	-0.031117257495852	7	21
GO:0043297	apical junction assembly	0	0.00622448979591837	1	-0.0118751025492865	5	10
GO:0043304	regulation of mast cell degranulation	1	0.00525510204081633	0.00524131814791132	0.92719605410289	5	10
GO:0043305	negative regulation of mast cell degranulation	0	0.00211734693877551	1	-0.00406145930631496	5	10
GO:0043306	positive regulation of mast cell degranulation	2	0.0350765306122449	0.000600983345129068	1.26698121511542	8	28
GO:0043308	eosinophil degranulation	0	0	1	0	1	0
GO:0043312	neutrophil degranulation	0	0	1	0	1	0
GO:0043313	regulation of neutrophil degranulation	0	0	1	0	1	0
GO:0043314	negative regulation of neutrophil degranulation	0	0	1	0	1	0
GO:0043315	positive regulation of neutrophil degranulation	0	0	1	0	1	0
GO:0043318	negative regulation of cytotoxic T cell degranulation	0	0.00158163265306122	1	-0.00303602011319593	3	3
GO:0043320	natural killer cell degranulation	1	0.00464285714285714	0.00463209572342239	0.928358424469261	3	3
GO:0043323	positive regulation of natural killer cell degranulation	0	0.0266071428571429	1	-0.0494471666121659	5	10
GO:0043331	response to dsRNA	0	0	1	0	1	0
GO:0043335	protein unfolding	1	0.0061734693877551	0.00615445267876186	0.925456002955197	4	6
GO:0043353	enucleate erythrocyte differentiation	0	0.00170918367346939	1	-0.00328030455470707	4	6
GO:0043367	CD4-positive, alpha-beta T cell differentiation	0	0	1	0	1	0
GO:0043368	positive T cell selection	0	0.000255102040816327	1	-0.000490545765551631	2	1
GO:0043369	CD4-positive or CD8-positive, alpha-beta T cell lineage commitment	0	0	1	0	1	0
GO:0043371	negative regulation of CD4-positive, alpha-beta T cell differentiation	1	0.00352040816326531	0.00351421878525642	0.930494313708068	3	3
GO:0043372	positive regulation of CD4-positive, alpha-beta T cell differentiation	0	0.00487244897959184	1	-0.00931224290124699	4	6
GO:0043373	CD4-positive, alpha-beta T cell lineage commitment	0	0	1	0	1	0
GO:0043374	CD8-positive, alpha-beta T cell differentiation	0	0.000153061224489796	1	-0.000294367488453351	2	1
GO:0043377	negative regulation of CD8-positive, alpha-beta T cell differentiation	0	0.000204081632653061	1	-0.000392463296103651	2	1
GO:0043378	positive regulation of CD8-positive, alpha-beta T cell differentiation	1	0.00375	0.00374297753082893	0.930056912469536	4	6
GO:0043381	negative regulation of memory T cell differentiation	0	0	1	0	1	0
GO:0043382	positive regulation of memory T cell differentiation	6	0.0201020408163265	9.00796557255653e-14	2.00606406929342	7	21
GO:0043393	regulation of protein binding	1	0.0105867346938776	0.0105308924541948	0.91715214700608	5	10
GO:0043405	regulation of MAP kinase activity	0	0.00142857142857143	1	-0.00274276954186492	4	6
GO:0043415	positive regulation of skeletal muscle tissue regeneration	0	0.000714285714285714	1	-0.00137268836940874	2	1
GO:0043416	regulation of skeletal muscle tissue regeneration	0	0	1	0	1	0
GO:0043418	homocysteine catabolic process	3	0.00767857142857143	7.4878179028554e-08	1.57034123965962	3	3
GO:0043420	anthranilate metabolic process	3	0.00352040816326531	7.24600974750357e-09	1.57822225547115	3	3
GO:0043457	regulation of cellular respiration	0	0.00471938775510204	1	-0.00902153325715471	4	6
GO:0043462	regulation of ATP-dependent activity	2	0.00806122448979592	3.23174069460515e-05	1.31614030625132	3	3
GO:0043467	regulation of generation of precursor metabolites and energy	0	0	1	0	1	0
GO:0043489	RNA stabilization	0	0.00086734693877551	1	-0.0016664963378088	3	3
GO:0043490	malate-aspartate shuttle	0	0.00048469387755102	1	-0.000931751915023038	3	3
GO:0043501	skeletal muscle adaptation	0	0	1	0	1	0
GO:0043503	skeletal muscle fiber adaptation	0	0.00420918367346939	1	-0.00805165409195885	3	3
GO:0043504	mitochondrial DNA repair	0	0.00946428571428572	1	-0.0179794958068744	5	10
GO:0043508	negative regulation of JUN kinase activity	0	0.0195408163265306	1	-0.0366419815493717	8	28
GO:0043516	regulation of DNA damage response, signal transduction by p53 class mediator	0	0.000127551020408163	1	-0.000245314581668765	2	1
GO:0043517	positive regulation of DNA damage response, signal transduction by p53 class mediator	0	0.00923469387755102	1	-0.0175485975971345	7	21
GO:0043534	blood vessel endothelial cell migration	0	0.0362244897959184	1	-0.0665177944021204	7	21
GO:0043535	regulation of blood vessel endothelial cell migration	1	0.0100765306122449	0.0100259324715071	0.918107258063121	5	10
GO:0043545	molybdopterin cofactor metabolic process	2	0.00357142857142857	6.3623799328691e-06	1.32464503791268	3	3
GO:0043549	regulation of kinase activity	0	0.000280612244897959	1	-0.000539581999583372	2	1
GO:0043550	regulation of lipid kinase activity	0	0	1	0	1	0
GO:0043555	regulation of translation in response to stress	1	0.00119897959183673	0.00119826110289984	0.934931888923739	3	3
GO:0043558	regulation of translational initiation in response to stress	0	0	1	0	1	0
GO:0043567	regulation of insulin-like growth factor receptor signaling pathway	3	0.00380102040816327	9.12665008054754e-09	1.57768768996517	6	15
GO:0043568	positive regulation of insulin-like growth factor receptor signaling pathway	5	0.0390816326530612	7.35435730382419e-10	1.84913881941769	9	36
GO:0043569	negative regulation of insulin-like growth factor receptor signaling pathway	0	0.00854591836734694	1	-0.0162543564251381	5	10
GO:0043570	maintenance of DNA repeat elements	1	0.00698979591836735	0.00696542401437118	0.923912806708509	3	3
GO:0043576	regulation of respiratory gaseous exchange	0	0.000204081632653061	1	-0.000392463296103651	3	3
GO:0043583	ear development	0	0.0114795918367347	1	-0.0217508193182933	6	15
GO:0043584	nose development	0	0.00709183673469388	1	-0.0135144198576629	7	21
GO:0043585	nose morphogenesis	0	0.000714285714285714	1	-0.00137268836940874	3	3
GO:0043586	tongue development	0	0.0106122448979592	1	-0.0201301343244363	6	15
GO:0043587	tongue morphogenesis	1	0.000994897959183673	0.000994403212256155	0.935323314027528	3	3
GO:0043589	skin morphogenesis	2	0.0649234693877551	0.00201849263646643	1.21630151949265	8	28
GO:0043605	amide catabolic process	1	0.00227040816326531	0.00226783273611039	0.932880384571135	4	6
GO:0043615	astrocyte cell migration	0	0.0126530612244898	1	-0.0239377310269667	4	6
GO:0043622	cortical microtubule organization	2	0.0144132653061225	0.000102878401095062	1.30427678911969	6	15
GO:0043634	polyadenylation-dependent ncRNA catabolic process	0	0.000102040816326531	1	-0.000196258338972743	2	1
GO:0043648	dicarboxylic acid metabolic process	0	0.00168367346938776	1	-0.00323145428411353	2	1
GO:0043649	dicarboxylic acid catabolic process	0	0.0014030612244898	1	-0.0026938828541403	2	1
GO:0043652	engulfment of apoptotic cell	0	0.00130102040816327	1	-0.00249830296534115	3	3
GO:0043653	mitochondrial fragmentation involved in apoptotic process	1	0.0335714285714286	0.0330141616524813	0.875385696845618	6	15
GO:0043654	recognition of apoptotic cell	3	0.00798469387755102	8.43380002560672e-08	1.56976443078999	4	6
GO:0043686	co-translational protein modification	1	0.00688775510204082	0.00684063845958956	0.924105525790726	2	1
GO:0043697	cell dedifferentiation	0	0.000816326530612245	1	-0.0015685736443245	3	3
GO:0043922	negative regulation by host of viral transcription	0	0.00150510204081633	1	-0.00288940972948382	4	6
GO:0043931	ossification involved in bone maturation	1	0.0269132653061225	0.0265543306249884	0.887237759311164	10	45
GO:0043932	ossification involved in bone remodeling	0	0.00076530612244898	1	-0.00147063765606126	2	1
GO:0043950	positive regulation of cAMP-mediated signaling	4	0.0690816326530612	8.97977502805058e-07	1.65019310479228	10	45
GO:0043951	negative regulation of cAMP-mediated signaling	0	0.0074234693877551	1	-0.0141402344229775	7	21
GO:0044029	positive regulation of gene expression via chromosomal CpG island demethylation	2	0.0279591836734694	0.000383648414655831	1.27961094743659	11	55
GO:0044065	regulation of respiratory system process	1	0.00239795918367347	0.00239508637492882	0.932636546039778	3	3
GO:0044070	regulation of monoatomic anion transport	0	0.00456632653061225	1	-0.00873070640718199	4	6
GO:0044090	positive regulation of vacuole organization	0	0	1	0	1	0
GO:0044091	membrane biogenesis	0	0	1	0	1	0
GO:0044205	'de novo' UMP biosynthetic process	1	0.0025	0.00249376558603491	0.932441534543472	2	1
GO:0044206	UMP salvage	15	0.0225765306122449	1.50852871479739e-37	2.63660500235822	6	15
GO:0044208	'de novo' AMP biosynthetic process	2	0.00168367346938776	1.41578791072697e-06	1.3282510520771	3	3
GO:0044209	AMP salvage	0	0	1	0	1	0
GO:0044210	'de novo' CTP biosynthetic process	1	0.000637755102040816	0.000637348629700446	0.936008819461022	2	1
GO:0044211	CTP salvage	3	0.00216836734693878	1.69553053610123e-09	1.58080345652286	3	3
GO:0044241	lipid digestion	0	0.00181122448979592	1	-0.00347567256198011	3	3
GO:0044245	polysaccharide digestion	2	0.00910714285714286	4.12191010096428e-05	1.31417340792643	4	6
GO:0044313	protein K6-linked deubiquitination	0	5.10204081632653e-05	1	-9.81358440319546e-05	2	1
GO:0044314	protein K27-linked ubiquitination	0	0.0113010204081633	1	-0.0214174464114841	6	15
GO:0044320	cellular response to leptin stimulus	0	0.0134438775510204	1	-0.0254077886066354	4	6
GO:0044321	response to leptin	0	0.0119897959183673	1	-0.0227024652616534	4	6
GO:0044341	sodium-dependent phosphate transport	7	0.0139795918367347	2.04512128027764e-17	2.12243833967092	7	21
GO:0044346	fibroblast apoptotic process	2	0.0140561224489796	9.78664395565403e-05	1.30493866262832	6	15
GO:0044351	macropinocytosis	1	0.0184438775510204	0.018274830133506	0.902600927527874	7	21
GO:0044355	clearance of foreign intracellular DNA	1	0.000204081632653061	0.000204060809413167	0.936842095661967	3	3
GO:0044375	regulation of peroxisome size	3	0.00270408163265306	3.28650105945922e-09	1.57977961140289	3	3
GO:0044380	protein localization to cytoskeleton	0	0	1	0	1	0
GO:0044381	glucose import in response to insulin stimulus	1	0.00219387755102041	0.00219147276059268	0.933026727263866	4	6
GO:0044387	negative regulation of protein kinase activity by regulation of protein phosphorylation	0	0.0010969387755102	1	-0.00210698403233245	4	6
GO:0044406	adhesion of symbiont to host	0	0.00206632653061225	1	-0.00396386121112546	2	1
GO:0044528	regulation of mitochondrial mRNA stability	1	0.000178571428571429	0.000178539546509552	0.93689114189829	2	1
GO:0044539	long-chain fatty acid import into cell	1	0.00862244897959184	0.0085853822781419	0.920836283231997	8	28
GO:0044546	NLRP3 inflammasome complex assembly	0	0.00793367346938776	1	-0.0151019671438583	3	3
GO:0044565	dendritic cell proliferation	0	0	1	0	1	0
GO:0044571	[2Fe-2S] cluster assembly	17	0.0604336734693878	5.0802919726474e-36	2.65920809378973	10	45
GO:0044572	[4Fe-4S] cluster assembly	9	0.0244387755102041	8.38297918920391e-21	2.27638619810721	5	10
GO:0044597	daunorubicin metabolic process	0	0.0215051020408163	1	-0.0402244171800739	6	15
GO:0044598	doxorubicin metabolic process	0	0.0227040816326531	1	-0.0424023864870291	7	21
GO:0044691	tooth eruption	0	0.014515306122449	1	-0.0273947124664093	4	6
GO:0044721	protein import into peroxisome matrix, substrate release	3	0.0129081632653061	3.5386381514086e-07	1.56055023015965	3	3
GO:0044725	epigenetic programming in the zygotic pronuclei	0	0.000331632653061225	1	-0.000637644468527876	3	3
GO:0044726	epigenetic programing of female pronucleus	0	0.000102040816326531	1	-0.000196258338972743	2	1
GO:0044727	epigenetic programing of male pronucleus	0	2.55102040816327e-05	1	-4.90695908794692e-05	2	1
GO:0044751	cellular response to human chorionic gonadotropin stimulus	1	0.00137755102040816	0.00137565598410353	0.934589566104996	2	1
GO:0044752	response to human chorionic gonadotropin	1	0.00864795918367347	0.00861067291533303	0.920788316511865	3	3
GO:0044770	cell cycle phase transition	0	0.00589285714285714	1	-0.0112473188935432	3	3
GO:0044772	mitotic cell cycle phase transition	1	0.00436224489795918	0.00435274412760051	0.928891804167874	4	6
GO:0044773	mitotic DNA damage checkpoint signaling	0	0	1	0	1	0
GO:0044778	meiotic DNA integrity checkpoint signaling	0	0.00076530612244898	1	-0.00147063765606126	2	1
GO:0044788	modulation by host of viral process	1	0.0258418367346939	0.0255107941845359	0.889163309956185	5	10
GO:0044793	negative regulation by host of viral process	0	0.00413265306122449	1	-0.00790605967821512	2	1
GO:0044794	positive regulation by host of viral process	0	0.02875	1	-0.053285832099022	7	21
GO:0044804	nucleophagy	2	0.00933673469387755	4.33169461881106e-05	1.31374236667043	4	6
GO:0044827	modulation by host of viral genome replication	0	0.000306122448979592	1	-0.000588614900424389	2	1
GO:0044828	negative regulation by host of viral genome replication	2	0.025969387755102	0.000331423014898205	1.28318175542604	8	28
GO:0044829	positive regulation by host of viral genome replication	1	0.0173214285714286	0.0171722750531957	0.904661788023175	7	21
GO:0044830	modulation by host of viral RNA genome replication	0	0.0118622448979592	1	-0.0224646714502221	4	6
GO:0044839	cell cycle G2/M phase transition	0	0	1	0	1	0
GO:0044843	cell cycle G1/S phase transition	0	0.000102040816326531	1	-0.000196258338972743	2	1
GO:0044854	plasma membrane raft assembly	0	0	1	0	1	0
GO:0044857	plasma membrane raft organization	0	0.00196428571428571	1	-0.00376862539683553	4	6
GO:0044860	protein localization to plasma membrane raft	0	7.6530612244898e-05	1	-0.00014719875991176	2	1
GO:0044861	protein transport into plasma membrane raft	0	0.000280612244897959	1	-0.000539581999583372	2	1
GO:0044871	negative regulation by host of viral glycoprotein metabolic process	0	0.000918367346938775	1	-0.00176440574012327	2	1
GO:0044878	mitotic cytokinesis checkpoint signaling	1	0.00431122448979592	0.0042927176204628	0.928988824681866	2	1
GO:0045003	double-strand break repair via synthesis-dependent strand annealing	0	0.000816326530612245	1	-0.0015685736443245	3	3
GO:0045004	DNA replication proofreading	0	0	1	0	1	0
GO:0045006	DNA deamination	6	0.0441581632653061	9.85271367301265e-12	1.96342935505587	4	6
GO:0045007	depurination	2	0.00308673469387755	4.75416970186287e-06	1.3255691877905	3	3
GO:0045008	depyrimidination	10	0.0198979591836735	2.63309749664791e-24	2.35774380710254	8	28
GO:0045010	actin nucleation	1	0.00428571428571429	0.00427654371773382	0.929037339832736	7	21
GO:0045023	G0 to G1 transition	0	0	1	0	1	0
GO:0045026	plasma membrane fusion	1	0.00176020408163265	0.00175865583097377	0.933856563785602	4	6
GO:0045039	protein insertion into mitochondrial inner membrane	21	0.05625	1.04932929169521e-46	2.81562807649755	9	36
GO:0045040	protein insertion into mitochondrial outer membrane	29	0.15	1.25066237825976e-55	2.9030638093368	11	55
GO:0045041	protein import into mitochondrial intermembrane space	0	0.00181122448979592	1	-0.00347567256198011	3	3
GO:0045046	protein import into peroxisome membrane	6	0.0344387755102041	2.24976804708983e-12	1.9803528494822	5	10
GO:0045048	protein insertion into ER membrane	7	0.00778061224489796	3.40180439038787e-19	2.13402669238306	8	28
GO:0045050	protein insertion into ER membrane by stop-transfer membrane-anchor sequence	45	0.115484693877551	4.8609889591331e-99	3.26577285832276	11	55
GO:0045053	protein retention in Golgi apparatus	0	0.000586734693877551	1	-0.00112775694861655	3	3
GO:0045054	constitutive secretory pathway	0	0.0118622448979592	1	-0.0224646714502221	3	3
GO:0045056	transcytosis	1	0.0523979591836735	0.0510488521346439	0.842889847174585	7	21
GO:0045058	T cell selection	0	0	1	0	1	0
GO:0045059	positive thymic T cell selection	4	0.0578571428571429	4.45794297399245e-07	1.66866007265217	9	36
GO:0045060	negative thymic T cell selection	1	0.0139540816326531	0.0138571747082532	0.910879933541023	5	10
GO:0045061	thymic T cell selection	0	0.00191326530612245	1	-0.00367098767058405	3	3
GO:0045063	T-helper 1 cell differentiation	0	0.0281887755102041	1	-0.052282440090386	9	36
GO:0045064	T-helper 2 cell differentiation	0	0.0131887755102041	1	-0.0249339037384266	7	21
GO:0045069	regulation of viral genome replication	0	0.000535714285714286	1	-0.00102976108914732	2	1
GO:0045110	intermediate filament bundle assembly	0	0.00443877551020408	1	-0.00848826109839473	3	3
GO:0045123	cellular extravasation	0	0.00229591836734694	1	-0.00440294868767055	3	3
GO:0045124	regulation of bone resorption	0	0.00821428571428571	1	-0.0156303741015186	6	15
GO:0045132	meiotic chromosome segregation	1	0.00405612244897959	0.00404790748382935	0.92947412308583	3	3
GO:0045136	development of secondary sexual characteristics	0	0	1	0	1	0
GO:0045141	meiotic telomere clustering	4	0.0241581632653061	1.39204855800696e-08	1.72712529779886	7	21
GO:0045143	homologous chromosome segregation	1	2.55102040816327e-05	2.55095533277212e-05	0.937185489367191	2	1
GO:0045161	neuronal ion channel clustering	0	0	1	0	1	0
GO:0045162	clustering of voltage-gated sodium channels	1	0.00561224489795918	0.00559652567202502	0.926518868692315	5	10
GO:0045163	clustering of voltage-gated potassium channels	1	0.00293367346938776	0.00292937445437158	0.931613323339293	4	6
GO:0045185	maintenance of protein location	0	5.10204081632653e-05	1	-9.81358440319546e-05	2	1
GO:0045186	zonula adherens assembly	0	0.000459183673469388	1	-0.000882742333834563	2	1
GO:0045187	regulation of circadian sleep/wake cycle, sleep	0	0.00834183673469388	1	-0.0158704311839843	4	6
GO:0045188	regulation of circadian sleep/wake cycle, non-REM sleep	0	0	1	0	1	0
GO:0045191	regulation of isotype switching	0	0	1	0	1	0
GO:0045199	maintenance of epithelial cell apical/basal polarity	0	0.0191836734693878	1	-0.0359887138104211	6	15
GO:0045200	establishment of neuroblast polarity	0	0.00173469387755102	1	-0.0033291515173427	3	3
GO:0045217	cell-cell junction maintenance	1	0.0223469387755102	0.0220990955512179	0.895480241903468	7	21
GO:0045218	zonula adherens maintenance	3	0.000663265306122449	4.85984636430168e-11	1.5836877749404	3	3
GO:0045299	otolith mineralization	0	0	1	0	1	0
GO:0045321	leukocyte activation	0	0.00349489795918367	1	-0.00669162873639051	4	6
GO:0045324	late endosome to vacuole transport	4	0.0478061224489796	2.09472279337128e-07	1.68560742199907	5	10
GO:0045329	carnitine biosynthetic process	0	0.000280612244897959	1	-0.000539581999583372	3	3
GO:0045337	farnesyl diphosphate biosynthetic process	1	0.00408163265306122	0.0040650406504065	0.929425578550636	2	1
GO:0045342	MHC class II biosynthetic process	0	0	1	0	1	0
GO:0045345	positive regulation of MHC class I biosynthetic process	0	0.0118367346938776	1	-0.0224171032797775	6	15
GO:0045428	regulation of nitric oxide biosynthetic process	2	0.00571428571428571	1.62644673801031e-05	1.32057345125837	5	10
GO:0045472	response to ether	1	0.0159438775510204	0.0158174467595093	0.907199099530862	4	6
GO:0045540	regulation of cholesterol biosynthetic process	4	0.0209183673469388	7.84575335862975e-09	1.7330040568802	7	21
GO:0045541	negative regulation of cholesterol biosynthetic process	2	0.00413265306122449	8.51592013510175e-06	1.323576446683	4	6
GO:0045576	mast cell activation	0	0.00114795918367347	1	-0.00220483366900515	5	10
GO:0045577	regulation of B cell differentiation	1	0.00466836734693878	0.00465748745712099	0.928309954956698	5	10
GO:0045578	negative regulation of B cell differentiation	1	0.00571428571428571	0.00569799023745181	0.926325503855225	4	6
GO:0045579	positive regulation of B cell differentiation	1	0.0926530612244898	0.0884903165016788	0.777960541076459	10	45
GO:0045580	regulation of T cell differentiation	0	0.0263265306122449	1	-0.0489429681659108	9	36
GO:0045581	negative regulation of T cell differentiation	1	0.0010969387755102	0.00109633735809772	0.935127574925738	4	6
GO:0045585	positive regulation of cytotoxic T cell differentiation	0	0	1	0	1	0
GO:0045586	regulation of gamma-delta T cell differentiation	0	0.000816326530612245	1	-0.0015685736443245	2	1
GO:0045588	positive regulation of gamma-delta T cell differentiation	0	0.00303571428571429	1	-0.00581597072705231	3	3
GO:0045589	regulation of regulatory T cell differentiation	0	0	1	0	1	0
GO:0045590	negative regulation of regulatory T cell differentiation	0	0.00377551020408163	1	-0.00722623025824154	4	6
GO:0045598	regulation of fat cell differentiation	0	0.00780612244897959	1	-0.0148616541455187	5	10
GO:0045601	regulation of endothelial cell differentiation	0	0	1	0	1	0
GO:0045602	negative regulation of endothelial cell differentiation	1	0.0142857142857143	0.0141841576475954	0.910265155402669	5	10
GO:0045604	regulation of epidermal cell differentiation	1	0.000739795918367347	0.000739522336823459	0.935812894282811	3	3
GO:0045605	negative regulation of epidermal cell differentiation	0	0.000306122448979592	1	-0.000588614900424389	2	1
GO:0045606	positive regulation of epidermal cell differentiation	1	0.0264540816326531	0.0261072376255547	0.888062365991081	6	15
GO:0045607	regulation of inner ear auditory receptor cell differentiation	0	0.000229591836734694	1	-0.000441506197876307	2	1
GO:0045608	negative regulation of inner ear auditory receptor cell differentiation	1	0.00193877551020408	0.00193689729838401	0.933514750772396	3	3
GO:0045616	regulation of keratinocyte differentiation	0	0.00145408163265306	1	-0.0027916529166977	4	6
GO:0045617	negative regulation of keratinocyte differentiation	0	0.00448979591836735	1	-0.00858524900044932	6	15
GO:0045619	regulation of lymphocyte differentiation	0	0.000408163265306122	1	-0.000784713180942753	3	3
GO:0045621	positive regulation of lymphocyte differentiation	0	0	1	0	1	0
GO:0045622	regulation of T-helper cell differentiation	0	0.000637755102040816	1	-0.0012257394970483	2	1
GO:0045626	negative regulation of T-helper 1 cell differentiation	0	0.00119897959183673	1	-0.00230267003433127	3	3
GO:0045627	positive regulation of T-helper 1 cell differentiation	0	0.000204081632653061	1	-0.000392463296103651	2	1
GO:0045629	negative regulation of T-helper 2 cell differentiation	0	0.00221938775510204	1	-0.00425661589064885	4	6
GO:0045630	positive regulation of T-helper 2 cell differentiation	0	0.0245663265306122	1	-0.0457722047289976	5	10
GO:0045636	positive regulation of melanocyte differentiation	0	0.000178571428571429	1	-0.000343417059780471	2	1
GO:0045637	regulation of myeloid cell differentiation	0	0.00160714285714286	1	-0.00308488362010329	3	3
GO:0045639	positive regulation of myeloid cell differentiation	0	0.00173469387755102	1	-0.0033291515173427	3	3
GO:0045645	positive regulation of eosinophil differentiation	0	0.000280612244897959	1	-0.000539581999583372	2	1
GO:0045646	regulation of erythrocyte differentiation	0	0.00433673469387755	1	-0.00829424616434604	2	1
GO:0045647	negative regulation of erythrocyte differentiation	0	0.000918367346938775	1	-0.00176440574012327	3	3
GO:0045649	regulation of macrophage differentiation	0	0	1	0	1	0
GO:0045650	negative regulation of macrophage differentiation	1	0.0140561224489796	0.0139577963933138	0.910690715225178	7	21
GO:0045652	regulation of megakaryocyte differentiation	0	0.0135969387755102	1	-0.0256919701679385	5	10
GO:0045654	positive regulation of megakaryocyte differentiation	0	0.00872448979591837	1	-0.0165901234720033	6	15
GO:0045656	negative regulation of monocyte differentiation	0	0.00469387755102041	1	-0.00897307025734173	4	6
GO:0045657	positive regulation of monocyte differentiation	1	0.00451530612244898	0.00450512745345752	0.928600820896302	6	15
GO:0045659	negative regulation of neutrophil differentiation	0	0.000153061224489796	1	-0.000294367488453351	2	1
GO:0045661	regulation of myoblast differentiation	0	0.00530612244897959	1	-0.0101352845588805	6	15
GO:0045667	regulation of osteoblast differentiation	0	0.0106377551020408	1	-0.0201778535399099	7	21
GO:0045670	regulation of osteoclast differentiation	1	0.0256887755102041	0.0253616262578201	0.889438808694268	6	15
GO:0045682	regulation of epidermis development	0	0.00145408163265306	1	-0.0027916529166977	3	3
GO:0045684	positive regulation of epidermis development	1	0.000612244897959184	0.000612057514289312	0.936057809071585	3	3
GO:0045687	positive regulation of glial cell differentiation	0	0	1	0	1	0
GO:0045719	negative regulation of glycogen biosynthetic process	0	0.00464285714285714	1	-0.00887613448880997	4	6
GO:0045726	positive regulation of integrin biosynthetic process	0	0.00183673469387755	1	-0.00352450629726231	2	1
GO:0045728	respiratory burst after phagocytosis	0	0.00165816326530612	1	-0.00318260070511378	3	3
GO:0045737	positive regulation of cyclin-dependent protein serine/threonine kinase activity	1	0.0166581632653061	0.0165201832903276	0.90588234249449	8	28
GO:0045741	positive regulation of epidermal growth factor-activated receptor activity	0	0.00255102040816327	1	-0.00489051039629274	2	1
GO:0045743	positive regulation of fibroblast growth factor receptor signaling pathway	0	0.00594387755102041	1	-0.011343936563182	4	6
GO:0045744	negative regulation of G protein-coupled receptor signaling pathway	0	0.0144897959183673	1	-0.0273474683022346	7	21
GO:0045751	negative regulation of Toll signaling pathway	0	0.000408163265306122	1	-0.000784713180942753	2	1
GO:0045759	negative regulation of action potential	1	0.00400510204081633	0.00399709231646012	0.929571221958025	4	6
GO:0045760	positive regulation of action potential	0	0.000153061224489796	1	-0.000294367488453351	2	1
GO:0045762	positive regulation of adenylate cyclase activity	1	0.00471938775510204	0.00470826892242137	0.928213025700916	3	3
GO:0045792	negative regulation of cell size	1	0.0149744897959184	0.0148629296697712	0.908989980221867	4	6
GO:0045793	positive regulation of cell size	0	0.0189285714285714	1	-0.0355217315189488	6	15
GO:0045794	negative regulation of cell volume	0	0.0102295918367347	1	-0.019413967021564	4	6
GO:0045796	negative regulation of intestinal cholesterol absorption	1	0.00160714285714286	0.00160456409342129	0.934149675337967	2	1
GO:0045797	positive regulation of intestinal cholesterol absorption	0	0.00464285714285714	1	-0.00887613448880997	3	3
GO:0045818	negative regulation of glycogen catabolic process	0	0	1	0	1	0
GO:0045819	positive regulation of glycogen catabolic process	1	0.00048469387755102	0.000484576432446995	0.936302807043048	3	3
GO:0045822	negative regulation of heart contraction	1	0.00691326530612245	0.00688942366037084	0.924057341192969	4	6
GO:0045823	positive regulation of heart contraction	1	0.0222448979591837	0.0219993046533558	0.895665511589973	8	28
GO:0045830	positive regulation of isotype switching	5	0.0412755102040816	9.64606662020292e-10	1.84532708171515	8	28
GO:0045833	negative regulation of lipid metabolic process	3	0.0149744897959184	5.51317165844802e-07	1.55671792198495	3	3
GO:0045834	positive regulation of lipid metabolic process	0	2.55102040816327e-05	1	-4.90695908794692e-05	2	1
GO:0045835	negative regulation of meiotic nuclear division	0	0.00107142857142857	1	-0.00205805423611594	4	6
GO:0045836	positive regulation of meiotic nuclear division	0	0.00956632653061225	1	-0.0181709235318602	3	3
GO:0045837	negative regulation of membrane potential	0	0.00229591836734694	1	-0.00440294868767055	2	1
GO:0045838	positive regulation of membrane potential	0	0.00803571428571429	1	-0.0152941599167115	4	6
GO:0045839	negative regulation of mitotic nuclear division	1	0.00933673469387755	0.00929328272482874	0.919494419267287	5	10
GO:0045841	negative regulation of mitotic metaphase/anaphase transition	0	0.00048469387755102	1	-0.000931751915023038	2	1
GO:0045842	positive regulation of mitotic metaphase/anaphase transition	0	0	1	0	1	0
GO:0045843	negative regulation of striated muscle tissue development	0	0.0158163265306122	1	-0.0298000711006152	4	6
GO:0045844	positive regulation of striated muscle tissue development	0	0	1	0	1	0
GO:0045851	pH reduction	2	0.00658163265306123	2.15641441908744e-05	1.31893193956043	5	10
GO:0045859	regulation of protein kinase activity	0	0.00443877551020408	1	-0.00848826109839473	5	10
GO:0045869	negative regulation of single stranded viral RNA replication via double stranded DNA intermediate	2	0.00522959183673469	1.3626734693876e-05	1.32149239622749	7	21
GO:0045870	positive regulation of single stranded viral RNA replication via double stranded DNA intermediate	0	0	1	0	1	0
GO:0045875	negative regulation of sister chromatid cohesion	0	0	1	0	1	0
GO:0045876	positive regulation of sister chromatid cohesion	0	0.00048469387755102	1	-0.000931751915023038	2	1
GO:0045899	positive regulation of RNA polymerase II transcription preinitiation complex assembly	0	0.000357142857142857	1	-0.000686670704346692	2	1
GO:0045905	positive regulation of translational termination	0	0	1	0	1	0
GO:0045906	negative regulation of vasoconstriction	0	0.0129336734693878	1	-0.0244597073497718	4	6
GO:0045916	negative regulation of complement activation	0	0.00275510204081633	1	-0.00528032262974254	3	3
GO:0045917	positive regulation of complement activation	0	0	1	0	1	0
GO:0045920	negative regulation of exocytosis	3	0.00477040816326531	1.8028588746378e-08	1.57584405123109	6	15
GO:0045922	negative regulation of fatty acid metabolic process	0	0	1	0	1	0
GO:0045923	positive regulation of fatty acid metabolic process	1	0.00642857142857143	0.0064079523706206	0.924973399391036	4	6
GO:0045925	positive regulation of female receptivity	0	0.000127551020408163	1	-0.000245314581668765	2	1
GO:0045927	positive regulation of growth	0	0	1	0	1	0
GO:0045933	positive regulation of muscle contraction	2	0.00698979591836735	2.43149883491827e-05	1.31816075411165	3	3
GO:0045939	negative regulation of steroid metabolic process	0	0	1	0	1	0
GO:0045950	negative regulation of mitotic recombination	0	0	1	0	1	0
GO:0045955	negative regulation of calcium ion-dependent exocytosis	0	5.10204081632653e-05	1	-9.81358440319546e-05	2	1
GO:0045956	positive regulation of calcium ion-dependent exocytosis	2	0.00887755102040816	3.917301465592e-05	1.31460470690516	8	28
GO:0045957	negative regulation of complement activation, alternative pathway	0	0.000229591836734694	1	-0.000441506197876307	2	1
GO:0045959	negative regulation of complement activation, classical pathway	1	0.00433673469387755	0.00432734463893819	0.928940312793724	5	10
GO:0045964	positive regulation of dopamine metabolic process	0	0.000280612244897959	1	-0.000539581999583372	2	1
GO:0045976	negative regulation of mitotic cell cycle, embryonic	0	0	1	0	1	0
GO:0045986	negative regulation of smooth muscle contraction	0	0.00224489795918367	1	-0.00430539678807718	2	1
GO:0045988	negative regulation of striated muscle contraction	0	0.00517857142857143	1	-0.00989331094940449	3	3
GO:0045989	positive regulation of striated muscle contraction	0	0.00114795918367347	1	-0.00220483366900515	2	1
GO:0046006	regulation of activated T cell proliferation	0	0	1	0	1	0
GO:0046010	positive regulation of circadian sleep/wake cycle, non-REM sleep	0	0.00178571428571429	1	-0.00342683552053125	2	1
GO:0046013	regulation of T cell homeostatic proliferation	0	0.000459183673469388	1	-0.000882742333834563	2	1
GO:0046015	regulation of transcription by glucose	1	0.000459183673469388	0.000458972920597685	0.936351816624236	2	1
GO:0046032	ADP catabolic process	0	0	1	0	1	0
GO:0046033	AMP metabolic process	3	0.00204081632653061	1.41447672954647e-09	1.58104744350994	6	15
GO:0046037	GMP metabolic process	0	0.0136734693877551	1	-0.0258340189761255	7	21
GO:0046038	GMP catabolic process	1	0.000204081632653061	0.0002040399918384	0.936842095661967	2	1
GO:0046039	GTP metabolic process	2	0.0255102040816327	0.000319904072850752	1.28400830433358	7	21
GO:0046050	UMP catabolic process	4	0.00653061224489796	7.53937995937013e-11	1.75970614748837	4	6
GO:0046055	dGMP catabolic process	1	0.000204081632653061	0.0002040399918384	0.936842095661967	2	1
GO:0046058	cAMP metabolic process	1	0.00877551020408163	0.0087371178007988	0.920548530743462	4	6
GO:0046059	dAMP catabolic process	0	0.000714285714285714	1	-0.00137268836940874	2	1
GO:0046061	dATP catabolic process	0	0.000714285714285714	1	-0.00137268836940874	2	1
GO:0046068	cGMP metabolic process	0	0	1	0	1	0
GO:0046069	cGMP catabolic process	1	0.000357142857142857	0.00035707908922362	0.936547888253724	3	3
GO:0046074	dTMP catabolic process	1	0.00142857142857143	0.0014265335235378	0.934491789416206	2	1
GO:0046079	dUMP catabolic process	4	0.00653061224489796	7.53937995937013e-11	1.75970614748837	4	6
GO:0046085	adenosine metabolic process	0	0.00178571428571429	1	-0.00342683552053125	2	1
GO:0046098	guanine metabolic process	0	0	1	0	1	0
GO:0046103	inosine biosynthetic process	1	0.000178571428571429	0.000178539546509552	0.93689114189829	2	1
GO:0046104	thymidine metabolic process	1	0.000535714285714286	0.000535427449580582	0.936204797868923	2	1
GO:0046105	thymidine biosynthetic process	0	0.00130102040816327	1	-0.00249830296534115	2	1
GO:0046166	glyceraldehyde-3-phosphate biosynthetic process	0	0	1	0	1	0
GO:0046167	glycerol-3-phosphate biosynthetic process	1	0.00163265306122449	0.00162999185004075	0.934100815140811	2	1
GO:0046168	glycerol-3-phosphate catabolic process	1	0.00229591836734694	0.00229065920081446	0.9328316102704	2	1
GO:0046185	aldehyde catabolic process	1	0.00306122448979592	0.00305188199389624	0.931369912667017	2	1
GO:0046203	spermidine catabolic process	0	2.55102040816327e-05	1	-4.90695908794692e-05	2	1
GO:0046208	spermine catabolic process	0	0	1	0	1	0
GO:0046209	nitric oxide metabolic process	0	0.00732142857142857	1	-0.0139477339160123	3	3
GO:0046219	indolalkylamine biosynthetic process	1	0.00038265306122449	0.000382506693867143	0.936498865349736	2	1
GO:0046222	aflatoxin metabolic process	0	0	1	0	1	0
GO:0046294	formaldehyde catabolic process	1	0.00295918367346939	0.00295480960190566	0.931564634633497	3	3
GO:0046314	phosphocreatine biosynthetic process	2	0.0013265306122449	8.79064028207108e-07	1.32893530345209	5	10
GO:0046320	regulation of fatty acid oxidation	0	0	1	0	1	0
GO:0046321	positive regulation of fatty acid oxidation	0	0.00974489795918367	1	-0.0185057998613225	5	10
GO:0046322	negative regulation of fatty acid oxidation	1	0.0110714285714286	0.0110103658643481	0.916245961367488	5	10
GO:0046324	regulation of D-glucose import	0	0.00114795918367347	1	-0.00220483366900515	2	1
GO:0046327	glycerol biosynthetic process from pyruvate	1	0.000918367346938775	0.000917524722193903	0.935470153217947	2	1
GO:0046331	lateral inhibition	0	0.00122448979591837	1	-0.00235158324136442	2	1
GO:0046337	phosphatidylethanolamine metabolic process	3	0.00344387755102041	6.79000677905211e-09	1.57836811484289	5	10
GO:0046338	phosphatidylethanolamine catabolic process	1	0.00206632653061225	0.00206419314762164	0.933270697746945	4	6
GO:0046339	diacylglycerol metabolic process	0	0.00443877551020408	1	-0.00848826109839473	6	15
GO:0046340	diacylglycerol catabolic process	1	0.0114540816326531	0.0113887333790087	0.915531354908975	5	10
GO:0046370	fructose biosynthetic process	0	0	1	0	1	0
GO:0046373	L-arabinose metabolic process	1	0.000102040816326531	0.000102030405060708	0.937038300619098	2	1
GO:0046380	N-acetylneuraminate biosynthetic process	2	0.00160714285714286	1.29007093678236e-06	1.32839762274111	3	3
GO:0046395	carboxylic acid catabolic process	1	0.000331632653061225	0.000331522709305588	0.936596914489543	2	1
GO:0046415	urate metabolic process	4	0.00650510204081633	7.42241705584755e-11	1.75975438041409	8	28
GO:0046425	regulation of receptor signaling pathway via JAK-STAT	0	0.0223214285714286	1	-0.0417080040938187	7	21
GO:0046449	creatinine metabolic process	0	0	1	0	1	0
GO:0046452	dihydrofolate metabolic process	1	0.00737244897959184	0.00731849375775532	0.923190568367183	2	1
GO:0046456	icosanoid biosynthetic process	3	0.0236989795918367	2.17933010309987e-06	1.54075784203246	4	6
GO:0046459	short-chain fatty acid metabolic process	0	0.000561224489795918	1	-0.00107876068298762	2	1
GO:0046464	acylglycerol catabolic process	1	0.000229591836734694	0.000229565482545771	0.936793052760194	3	3
GO:0046466	membrane lipid catabolic process	0	7.6530612244898e-05	1	-0.00014719875991176	2	1
GO:0046469	platelet activating factor metabolic process	1	0.00540816326530612	0.00539356544265	0.926905753936475	3	3
GO:0046471	phosphatidylglycerol metabolic process	3	0.00420918367346939	1.2390005711345e-08	1.5769108466292	8	28
GO:0046473	phosphatidic acid metabolic process	2	0.00344387755102041	5.91654872859669e-06	1.32488812048294	5	10
GO:0046474	glycerophospholipid biosynthetic process	0	0.0011734693877551	1	-0.0022537535103615	3	3
GO:0046477	glycosylceramide catabolic process	1	0.0036734693877551	0.00366002440016267	0.930202683414852	2	1
GO:0046479	glycosphingolipid catabolic process	3	0.0243877551020408	2.37369805815614e-06	1.5395127477133	8	28
GO:0046485	ether lipid metabolic process	0	0.00596938775510204	1	-0.0113922405455514	4	6
GO:0046486	glycerolipid metabolic process	0	0.00188775510204082	1	-0.0036221638511168	4	6
GO:0046487	glyoxylate metabolic process	1	0.00160714285714286	0.00160585209435657	0.934149675337967	3	3
GO:0046498	S-adenosylhomocysteine metabolic process	0	0.000357142857142857	1	-0.000686670704346692	2	1
GO:0046500	S-adenosylmethionine metabolic process	1	0.00946428571428572	0.00941963999019464	0.919255063151196	3	3
GO:0046501	protoporphyrinogen IX metabolic process	0	0	1	0	1	0
GO:0046511	sphinganine biosynthetic process	1	0.00255102040816327	0.00254452926208651	0.932344048561778	2	1
GO:0046514	ceramide catabolic process	8	0.0205102040816327	7.62645099040227e-19	2.20215118446631	6	15
GO:0046533	negative regulation of photoreceptor cell differentiation	0	0.00548469387755102	1	-0.0104739113057429	3	3
GO:0046541	saliva secretion	1	0.00604591836734694	0.00602767858016198	0.925697425870012	5	10
GO:0046544	development of secondary male sexual characteristics	0	0	1	0	1	0
GO:0046545	development of primary female sexual characteristics	0	0.000102040816326531	1	-0.000196258338972743	2	1
GO:0046548	retinal rod cell development	0	0.0100510204081633	1	-0.0190795121294579	6	15
GO:0046549	retinal cone cell development	1	0.0235714285714286	0.0232957924090644	0.893260709320219	9	36
GO:0046578	regulation of Ras protein signal transduction	0	0.00204081632653061	1	-0.00391505721121221	3	3
GO:0046596	regulation of viral entry into host cell	0	0.00308673469387755	1	-0.00591331857071475	4	6
GO:0046599	regulation of centriole replication	2	0.0118367346938776	6.95037819599376e-05	1.30906540308144	7	21
GO:0046600	negative regulation of centriole replication	0	0.000816326530612245	1	-0.0015685736443245	2	1
GO:0046601	positive regulation of centriole replication	6	0.016734693877551	2.99989706082838e-14	2.01223826550724	4	6
GO:0046604	positive regulation of mitotic centrosome separation	0	0.00323979591836735	1	-0.00620528330234949	3	3
GO:0046605	regulation of centrosome cycle	2	0.00436224489795918	9.48696550407176e-06	1.32313975157102	6	15
GO:0046618	xenobiotic export from cell	0	0.000433673469387755	1	-0.000833729422625384	3	3
GO:0046619	lens placode formation involved in camera-type eye formation	0	7.6530612244898e-05	1	-0.00014719875991176	2	1
GO:0046620	regulation of organ growth	1	0.0253571428571429	0.0250383507467658	0.8900360838321	6	15
GO:0046621	negative regulation of organ growth	1	0.0271683673469388	0.0268026269300761	0.886780051478267	6	15
GO:0046622	positive regulation of organ growth	0	0.0153826530612245	1	-0.028999175753505	5	10
GO:0046626	regulation of insulin receptor signaling pathway	0	0.00176020408163265	1	-0.00337799517246806	6	15
GO:0046629	gamma-delta T cell activation	3	0.00275510204081633	3.47827954379032e-09	1.57968217809141	6	15
GO:0046631	alpha-beta T cell activation	3	0.000994897959183673	1.63965429487322e-10	1.58305125579061	3	3
GO:0046632	alpha-beta T cell differentiation	1	0.0264795918367347	0.0261320815117889	0.888016529770545	5	10
GO:0046633	alpha-beta T cell proliferation	0	7.6530612244898e-05	1	-0.00014719875991176	2	1
GO:0046636	negative regulation of alpha-beta T cell activation	0	0.0010969387755102	1	-0.00210698403233245	3	3
GO:0046638	positive regulation of alpha-beta T cell differentiation	2	0.0264030612244898	0.000342485761167954	1.28240199457387	5	10
GO:0046639	negative regulation of alpha-beta T cell differentiation	2	0.0112244897959184	6.25245203336694e-05	1.31020798123021	3	3
GO:0046641	positive regulation of alpha-beta T cell proliferation	0	0.000510204081632653	1	-0.000980758166643114	2	1
GO:0046642	negative regulation of alpha-beta T cell proliferation	0	0.000153061224489796	1	-0.000294367488453351	2	1
GO:0046649	lymphocyte activation	0	0	1	0	1	0
GO:0046651	lymphocyte proliferation	0	0.00122448979591837	1	-0.00235158324136442	3	3
GO:0046653	tetrahydrofolate metabolic process	2	0.0215051020408163	0.000227946138361429	1.29125808918114	4	6
GO:0046654	tetrahydrofolate biosynthetic process	1	0.0151785714285714	0.0150639553856966	0.908612583040833	3	3
GO:0046655	folic acid metabolic process	12	0.0751275510204082	6.2971259565913e-23	2.39047542215123	9	36
GO:0046661	male sex differentiation	0	0.000586734693877551	1	-0.00112775694861655	3	3
GO:0046666	retinal cell programmed cell death	0	0.00306122448979592	1	-0.00586464629105354	2	1
GO:0046668	regulation of retinal cell programmed cell death	0	0	1	0	1	0
GO:0046683	response to organophosphorus	0	0.000280612244897959	1	-0.000539581999583372	2	1
GO:0046684	response to pyrethroid	0	0.0039030612244898	1	-0.00746910003611401	2	1
GO:0046685	response to arsenic-containing substance	1	0.0257142857142857	0.0253864891645098	0.889392884930417	7	21
GO:0046688	response to copper ion	0	0.00788265306122449	1	-0.015005851551385	5	10
GO:0046689	response to mercury ion	0	0.0269132653061225	1	-0.0499967996469064	5	10
GO:0046710	GDP metabolic process	0	0.0136734693877551	1	-0.0258340189761255	7	21
GO:0046717	acid secretion	0	0	1	0	1	0
GO:0046724	oxalic acid secretion	0	0	1	0	1	0
GO:0046725	negative regulation by virus of viral protein levels in host cell	0	0	1	0	1	0
GO:0046726	positive regulation by virus of viral protein levels in host cell	0	0.00119897959183673	1	-0.00230267003433127	3	3
GO:0046755	viral budding	3	0.0228571428571429	1.95647268461232e-06	1.54228254832788	4	6
GO:0046761	viral budding from plasma membrane	19	0.0957142857142857	3.265717122417e-37	2.68160043104926	7	21
GO:0046813	receptor-mediated virion attachment to host cell	2	0.0128571428571429	8.19480104983562e-05	1.30716511873578	4	6
GO:0046822	regulation of nucleocytoplasmic transport	0	0.00543367346938776	1	-0.0103771770263377	4	6
GO:0046825	regulation of protein export from nucleus	1	0.00581632653061225	0.00579944444987973	0.926132190837736	7	21
GO:0046826	negative regulation of protein export from nucleus	0	0.0144642857142857	1	-0.0273002210436328	5	10
GO:0046832	negative regulation of RNA export from nucleus	0	0	1	0	1	0
GO:0046833	positive regulation of RNA export from nucleus	0	0.00076530612244898	1	-0.00147063765606126	2	1
GO:0046834	lipid phosphorylation	0	7.6530612244898e-05	1	-0.00014719875991176	3	3
GO:0046836	glycolipid transport	0	0.00150510204081633	1	-0.00288940972948382	4	6
GO:0046839	phospholipid dephosphorylation	1	7.6530612244898e-05	7.65276838522956e-05	0.937087360198159	3	3
GO:0046850	regulation of bone remodeling	0	0.000102040816326531	1	-0.000196258338972743	2	1
GO:0046851	negative regulation of bone remodeling	0	0.00122448979591837	1	-0.00235158324136442	2	1
GO:0046877	regulation of saliva secretion	0	0	1	0	1	0
GO:0046878	positive regulation of saliva secretion	0	2.55102040816327e-05	1	-4.90695908794692e-05	2	1
GO:0046879	hormone secretion	0	0.000688775510204082	1	-0.00132370873805776	2	1
GO:0046881	positive regulation of follicle-stimulating hormone secretion	2	0.0023469387755102	2.7497555233162e-06	1.32698201896466	4	6
GO:0046882	negative regulation of follicle-stimulating hormone secretion	2	0.00193877551020408	1.87699722781231e-06	1.32776269817554	3	3
GO:0046883	regulation of hormone secretion	0	0.0025	1	-0.00479302441459906	4	6
GO:0046884	follicle-stimulating hormone secretion	0	0.000178571428571429	1	-0.000343417059780471	2	1
GO:0046885	regulation of hormone biosynthetic process	0	2.55102040816327e-05	1	-4.90695908794692e-05	2	1
GO:0046886	positive regulation of hormone biosynthetic process	0	0.00410714285714286	1	-0.00785752167594644	3	3
GO:0046887	positive regulation of hormone secretion	1	0.00548469387755102	0.0054696804047274	0.926760647652328	5	10
GO:0046888	negative regulation of hormone secretion	3	0.0424489795918367	1.23491965770327e-05	1.50760785708268	9	36
GO:0046890	regulation of lipid biosynthetic process	1	0.00076530612244898	0.000765013350409958	0.935763921302009	5	10
GO:0046898	response to cycloheximide	0	0.00604591836734694	1	-0.0115371330880582	3	3
GO:0046902	regulation of mitochondrial membrane permeability	7	0.0620918367346939	6.68691562278714e-13	2.03831735505132	9	36
GO:0046903	secretion	0	0.00576530612244898	1	-0.0110057180873043	7	21
GO:0046929	negative regulation of neurotransmitter secretion	0	0.000433673469387755	1	-0.000833729422625384	4	6
GO:0046931	pore complex assembly	4	0.0166326530612245	3.14671710612975e-09	1.74085502731976	7	21
GO:0046940	nucleoside monophosphate phosphorylation	0	0.000663265306122449	1	-0.00127472578075483	6	15
GO:0046947	hydroxylysine biosynthetic process	1	0.00076530612244898	0.000764720876879939	0.935763921302009	2	1
GO:0046949	fatty-acyl-CoA biosynthetic process	5	0.0356632653061224	4.66683880593803e-10	1.85511847430518	8	28
GO:0046951	ketone body biosynthetic process	6	0.0240816326530612	2.65350891650079e-13	1.99883477756424	6	15
GO:0046952	ketone body catabolic process	1	0.00163265306122449	0.00162999185004075	0.934100815140811	2	1
GO:0046959	habituation	0	0.0142091836734694	1	-0.0268275781749056	4	6
GO:0046960	sensitization	0	0.00405612244897959	1	-0.00776043587224062	3	3
GO:0046963	3'-phosphoadenosine 5'-phosphosulfate transport	0	0	1	0	1	0
GO:0046967	cytosol to endoplasmic reticulum transport	1	0.000229591836734694	0.00022953913642276	0.936793052760194	2	1
GO:0046968	peptide antigen transport	1	0.00252551020408163	0.00252232378450688	0.932392789905791	3	3
GO:0046985	positive regulation of hemoglobin biosynthetic process	1	0.00227040816326531	0.00226783273611039	0.932880384571135	4	6
GO:0047484	regulation of response to osmotic stress	0	0	1	0	1	0
GO:0047497	mitochondrion transport along microtubule	1	0.0163775510204082	0.016244168086337	0.906399353282213	8	28
GO:0048002	antigen processing and presentation of peptide antigen	1	0.00221938775510204	0.00221692673408063	0.932977943067422	3	3
GO:0048006	antigen processing and presentation, endogenous lipid antigen via MHC class Ib	3	0.00160714285714286	6.91017009908721e-10	1.58187761710105	5	10
GO:0048007	antigen processing and presentation, exogenous lipid antigen via MHC class Ib	4	0.00852040816326531	2.18107442368789e-10	1.75595388116867	7	21
GO:0048014	Tie signaling pathway	3	0.00188775510204082	1.11909219324365e-09	1.58134033687004	3	3
GO:0048021	regulation of melanin biosynthetic process	0	2.55102040816327e-05	1	-4.90695908794692e-05	2	1
GO:0048022	negative regulation of melanin biosynthetic process	0	0.00104591836734694	1	-0.0020091211207125	3	3
GO:0048023	positive regulation of melanin biosynthetic process	2	0.010969387755102	5.97255655326442e-05	1.31068459011471	9	36
GO:0048034	heme O biosynthetic process	25	0.0623214285714286	4.45928899302925e-56	2.92928498522676	9	36
GO:0048048	embryonic eye morphogenesis	7	0.0186224489795918	1.5161817255302e-16	2.11387932089684	8	28
GO:0048050	post-embryonic eye morphogenesis	1	0.00252551020408163	0.00252232378450688	0.932392789905791	3	3
GO:0048066	developmental pigmentation	1	0.0149489795918367	0.0148377983015069	0.909037168755586	7	21
GO:0048070	regulation of developmental pigmentation	0	0.00688775510204082	1	-0.013129033167345	3	3
GO:0048102	autophagic cell death	0	0.00127551020408163	1	-0.00244939970641966	4	6
GO:0048103	somatic stem cell division	1	0.0156377551020408	0.0155161202670196	0.907764160611087	5	10
GO:0048105	establishment of body hair planar orientation	1	0.00137755102040816	0.00137565598410353	0.934589566104996	2	1
GO:0048133	male germ-line stem cell asymmetric division	0	5.10204081632653e-05	1	-9.81358440319546e-05	2	1
GO:0048137	spermatocyte division	0	5.10204081632653e-05	1	-9.81358440319546e-05	2	1
GO:0048145	regulation of fibroblast proliferation	0	0	1	0	1	0
GO:0048149	behavioral response to ethanol	1	0.0210969387755102	0.0208759551171487	0.897753081034344	8	28
GO:0048160	primary follicle stage	0	0.000918367346938775	1	-0.00176440574012327	2	1
GO:0048170	positive regulation of long-term neuronal synaptic plasticity	3	0.05125	2.15902968563835e-05	1.49255788145701	7	21
GO:0048172	regulation of short-term neuronal synaptic plasticity	1	0.0210459183673469	0.0208259985343445	0.897846002266012	8	28
GO:0048193	Golgi vesicle transport	0	0.00908163265306122	1	-0.0172611890587239	8	28
GO:0048194	Golgi vesicle budding	1	0.000127551020408163	0.000127534753220253	0.936989244376402	2	1
GO:0048203	vesicle targeting, trans-Golgi to endosome	0	0.000204081632653061	1	-0.000392463296103651	2	1
GO:0048205	COPI coating of Golgi vesicle	3	0.00755102040816327	7.13520772898943e-08	1.57058171288266	6	15
GO:0048210	Golgi vesicle fusion to target membrane	0	0	1	0	1	0
GO:0048219	inter-Golgi cisterna vesicle-mediated transport	0	0.00196428571428571	1	-0.00376862539683553	2	1
GO:0048227	plasma membrane to endosome transport	1	0.00573979591836735	0.00572335476111117	0.92627717074385	6	15
GO:0048232	male gamete generation	0	0.000153061224489796	1	-0.000294367488453351	2	1
GO:0048241	epinephrine transport	0	7.6530612244898e-05	1	-0.00014719875991176	3	3
GO:0048247	lymphocyte chemotaxis	0	0.000586734693877551	1	-0.00112775694861655	3	3
GO:0048250	iron import into the mitochondrion	0	5.10204081632653e-05	1	-9.81358440319546e-05	2	1
GO:0048251	elastic fiber assembly	2	0.0261224489795918	0.000335307140163198	1.28290644945471	8	28
GO:0048254	snoRNA localization	3	0.00191326530612245	1.16504692559373e-09	1.58129151305057	3	3
GO:0048261	negative regulation of receptor-mediated endocytosis	3	0.0511224489795918	2.14315407485495e-05	1.49277376974176	6	15
GO:0048263	determination of dorsal identity	2	0.0190051020408163	0.000178325001434382	1.29582064840926	5	10
GO:0048280	vesicle fusion with Golgi apparatus	2	0.0088265306122449	3.87253601777841e-05	1.31470058615305	4	6
GO:0048284	organelle fusion	1	0.00571428571428571	0.00569799019348047	0.926325503855225	3	3
GO:0048289	isotype switching to IgE isotypes	0	0	1	0	1	0
GO:0048294	negative regulation of isotype switching to IgE isotypes	0	0.000357142857142857	1	-0.000686670704346692	2	1
GO:0048295	positive regulation of isotype switching to IgE isotypes	0	0	1	0	1	0
GO:0048298	positive regulation of isotype switching to IgA isotypes	1	0.00410714285714286	0.00409872008104553	0.929377037282124	4	6
GO:0048302	regulation of isotype switching to IgG isotypes	0	0.000357142857142857	1	-0.000686670704346692	2	1
GO:0048304	positive regulation of isotype switching to IgG isotypes	1	0.0186989795918367	0.0185252382866863	0.902133370135017	5	10
GO:0048311	mitochondrion distribution	1	0.0346173469387755	0.0340250211713524	0.873541450005707	6	15
GO:0048312	intracellular distribution of mitochondria	1	0.00579081632653061	0.00577408182094031	0.926180514235539	3	3
GO:0048318	axial mesoderm development	0	0.00267857142857143	1	-0.00513416772691355	4	6
GO:0048320	axial mesoderm formation	0	0	1	0	1	0
GO:0048332	mesoderm morphogenesis	0	0	1	0	1	0
GO:0048333	mesodermal cell differentiation	1	0.0182908163265306	0.0181245545765068	0.902881607500459	6	15
GO:0048339	paraxial mesoderm development	0	0.00408163265306122	1	-0.00780898040743483	5	10
GO:0048341	paraxial mesoderm formation	0	0.0144642857142857	1	-0.0273002210436328	4	6
GO:0048368	lateral mesoderm development	0	0	1	0	1	0
GO:0048371	lateral mesodermal cell differentiation	0	0	1	0	1	0
GO:0048382	mesendoderm development	0	0.00155612244897959	1	-0.00298715329608912	3	3
GO:0048385	regulation of retinoic acid receptor signaling pathway	0	0	1	0	1	0
GO:0048386	positive regulation of retinoic acid receptor signaling pathway	0	0.000637755102040816	1	-0.0012257394970483	3	3
GO:0048387	negative regulation of retinoic acid receptor signaling pathway	1	0.0155357142857143	0.0154156576027124	0.907952612710766	5	10
GO:0048388	endosomal lumen acidification	3	0.0240051020408163	2.26435833417573e-06	1.54020420143955	5	10
GO:0048483	autonomic nervous system development	0	0	1	0	1	0
GO:0048484	enteric nervous system development	4	0.0376275510204082	8.10489956330879e-08	1.70318547953383	6	15
GO:0048496	maintenance of animal organ identity	2	0.0144132653061225	0.000102878401095062	1.30427678911969	5	10
GO:0048499	synaptic vesicle membrane organization	0	0.00400510204081633	1	-0.00766333700004607	4	6
GO:0048505	regulation of timing of cell differentiation	0	0.0013265306122449	1	-0.00254720290912458	3	3
GO:0048512	circadian behavior	0	0.000459183673469388	1	-0.000882742333834563	2	1
GO:0048515	spermatid differentiation	0	0.0163520408163265	1	-0.0307881863152544	4	6
GO:0048524	positive regulation of viral process	0	0.000663265306122449	1	-0.00127472578075483	2	1
GO:0048525	negative regulation of viral process	1	0.0173469387755102	0.0171973468692412	0.904614884839021	5	10
GO:0048539	bone marrow development	0	0.000739795918367347	1	-0.0014216646752595	3	3
GO:0048541	Peyer's patch development	0	0.00456632653061225	1	-0.00873070640718199	3	3
GO:0048549	positive regulation of pinocytosis	1	0.00270408163265306	0.00270042889487159	0.932051669639808	3	3
GO:0048550	negative regulation of pinocytosis	1	0.00153061224489796	0.00152827305145186	0.934296275789736	2	1
GO:0048562	embryonic organ morphogenesis	0	0.000918367346938775	1	-0.00176440574012327	3	3
GO:0048570	notochord morphogenesis	0	0.00530612244897959	1	-0.0101352845588805	2	1
GO:0048588	developmental cell growth	0	0	1	0	1	0
GO:0048592	eye morphogenesis	1	0.00885204081632653	0.00881297685326226	0.920404697532967	4	6
GO:0048596	embryonic camera-type eye morphogenesis	0	0.0877551020408163	1	-0.151679150402398	10	45
GO:0048597	post-embryonic camera-type eye morphogenesis	1	0.00244897959183673	0.00244299674267101	0.932539033701618	2	1
GO:0048598	embryonic morphogenesis	1	0.0138775510204082	0.013781701706112	0.911021879857531	7	21
GO:0048608	reproductive structure development	0	0	1	0	1	0
GO:0048617	embryonic foregut morphogenesis	1	0.0166581632653061	0.0165201832903275	0.90588234249449	4	6
GO:0048625	myoblast fate commitment	0	0.00362244897959184	1	-0.0069346785451001	3	3
GO:0048627	myoblast development	0	0	1	0	1	0
GO:0048630	skeletal muscle tissue growth	1	0.00869897959183674	0.00866125294257346	0.920692392639324	6	15
GO:0048632	negative regulation of skeletal muscle tissue growth	0	0.000153061224489796	1	-0.000294367488453351	2	1
GO:0048633	positive regulation of skeletal muscle tissue growth	0	0.00846938775510204	1	-0.0161104084044833	4	6
GO:0048634	regulation of muscle organ development	0	0	1	0	1	0
GO:0048638	regulation of developmental growth	0	0	1	0	1	0
GO:0048639	positive regulation of developmental growth	0	0	1	0	1	0
GO:0048641	regulation of skeletal muscle tissue development	0	0	1	0	1	0
GO:0048642	negative regulation of skeletal muscle tissue development	0	0.000153061224489796	1	-0.000294367488453351	2	1
GO:0048643	positive regulation of skeletal muscle tissue development	1	0.0164030612244898	0.0162692635782787	0.906352336986257	4	6
GO:0048644	muscle organ morphogenesis	1	0.0107397959183673	0.0106823302174702	0.916865860117638	5	10
GO:0048645	animal organ formation	0	0.00112244897959184	1	-0.00215591050981212	2	1
GO:0048646	anatomical structure formation involved in morphogenesis	3	0.00489795918367347	1.95118775840403e-08	1.57560181760094	6	15
GO:0048659	smooth muscle cell proliferation	0	0	1	0	1	0
GO:0048660	regulation of smooth muscle cell proliferation	0	0.0132397959183673	1	-0.0250287056206032	5	10
GO:0048664	neuron fate determination	0	0.00247448979591837	1	-0.00474427648280518	4	6
GO:0048667	cell morphogenesis involved in neuron differentiation	0	0.0132908163265306	1	-0.0251234950452397	5	10
GO:0048668	collateral sprouting	0	0.0626275510204082	1	-0.111406485416964	10	45
GO:0048669	collateral sprouting in absence of injury	0	0	1	0	1	0
GO:0048671	negative regulation of collateral sprouting	0	0.0163520408163265	1	-0.0307881863152544	6	15
GO:0048672	positive regulation of collateral sprouting	0	0.039030612244898	1	-0.0714234224121224	8	28
GO:0048677	axon extension involved in regeneration	0	0.000637755102040816	1	-0.0012257394970483	2	1
GO:0048679	regulation of axon regeneration	0	0.000510204081632653	1	-0.000980758166643114	2	1
GO:0048680	positive regulation of axon regeneration	0	0.00704081632653061	1	-0.0134180924861578	4	6
GO:0048681	negative regulation of axon regeneration	1	0.0101020408163265	0.0100511865898851	0.918059472463392	7	21
GO:0048692	negative regulation of axon extension involved in regeneration	0	0.000510204081632653	1	-0.000980758166643114	2	1
GO:0048697	positive regulation of collateral sprouting in absence of injury	0	0	1	0	1	0
GO:0048699	generation of neurons	0	0.0312244897959184	1	-0.0576933107401303	10	45
GO:0048702	embryonic neurocranium morphogenesis	1	0.0337244897959184	0.0331621583623953	0.875115512366358	8	28
GO:0048703	embryonic viscerocranium morphogenesis	1	0.0224489795918367	0.0221988762668549	0.895295019789099	6	15
GO:0048710	regulation of astrocyte differentiation	0	0.00196428571428571	1	-0.00376862539683553	3	3
GO:0048711	positive regulation of astrocyte differentiation	0	0.0664030612244898	1	-0.117603019720947	9	36
GO:0048712	negative regulation of astrocyte differentiation	0	0.0181122448979592	1	-0.0340253533955294	9	36
GO:0048713	regulation of oligodendrocyte differentiation	0	5.10204081632653e-05	1	-9.81358440319546e-05	2	1
GO:0048715	negative regulation of oligodendrocyte differentiation	1	0.00344387755102041	0.00343795420643602	0.9306401730798	7	21
GO:0048729	tissue morphogenesis	3	0.00831632653061225	9.5067399469801e-08	1.56914007456301	3	3
GO:0048730	epidermis morphogenesis	0	0.00441326530612245	1	-0.00843976225678267	4	6
GO:0048732	gland development	0	0	1	0	1	0
GO:0048733	sebaceous gland development	0	0.00387755102040816	1	-0.00742053262182563	4	6
GO:0048742	regulation of skeletal muscle fiber development	0	0	1	0	1	0
GO:0048743	positive regulation of skeletal muscle fiber development	2	0.0106377551020408	5.61812503505706e-05	1.3113046528213	5	10
GO:0048752	semicircular canal morphogenesis	0	0.00237244897959184	1	-0.00454925180559307	5	10
GO:0048755	branching morphogenesis of a nerve	0	0.00086734693877551	1	-0.0016664963378088	3	3
GO:0048762	mesenchymal cell differentiation	1	0.00885204081632653	0.00881297685326226	0.920404697532967	4	6
GO:0048769	sarcomerogenesis	0	0.00163265306122449	1	-0.00313374381725984	2	1
GO:0048771	tissue remodeling	1	0.0376275510204082	0.0369284308751115	0.868259780379999	9	36
GO:0048790	maintenance of presynaptic active zone structure	6	0.0156632653061225	2.02363161666693e-14	2.01421391694494	7	21
GO:0048791	calcium ion-regulated exocytosis of neurotransmitter	0	0.00104591836734694	1	-0.0020091211207125	3	3
GO:0048793	pronephros development	0	0.000510204081632653	1	-0.000980758166643114	3	3
GO:0048806	genitalia development	0	0.00114795918367347	1	-0.00220483366900515	5	10
GO:0048807	female genitalia morphogenesis	0	0.000994897959183673	1	-0.00191124493054273	3	3
GO:0048808	male genitalia morphogenesis	0	0.00076530612244898	1	-0.00147063765606126	2	1
GO:0048820	hair follicle maturation	0	0.000663265306122449	1	-0.00127472578075483	3	3
GO:0048822	enucleate erythrocyte development	0	0	1	0	1	0
GO:0048840	otolith development	0	0	1	0	1	0
GO:0048841	regulation of axon extension involved in axon guidance	1	0.00125	0.00124843945068664	0.93483406582616	2	1
GO:0048842	positive regulation of axon extension involved in axon guidance	0	0.00227040816326531	1	-0.00435417438693553	4	6
GO:0048843	negative regulation of axon extension involved in axon guidance	4	0.044515306122449	1.5789614170703e-07	1.69124383155607	8	28
GO:0048845	venous blood vessel morphogenesis	0	0.00737244897959184	1	-0.0140439905908875	6	15
GO:0048846	axon extension involved in axon guidance	9	0.0778826530612245	2.7087742413095e-16	2.1858047525205	10	45
GO:0048850	hypophysis morphogenesis	0	0	1	0	1	0
GO:0048853	forebrain morphogenesis	0	0.00216836734693878	1	-0.00415904419829871	5	10
GO:0048858	cell projection morphogenesis	1	0.00908163265306122	0.00904051918052416	0.919973369899347	6	15
GO:0048859	formation of anatomical boundary	0	0.00785714285714286	1	-0.0149577889521437	3	3
GO:0048861	leukemia inhibitory factor signaling pathway	1	0.00181122448979592	0.0018095852121218	0.93375888639609	3	3
GO:0048864	stem cell development	0	0.011530612244898	1	-0.0218460404286479	3	3
GO:0048866	stem cell fate specification	0	0.000688775510204082	1	-0.00132370873805776	3	3
GO:0048871	multicellular organismal-level homeostasis	0	5.10204081632653e-05	1	-9.81358440319546e-05	2	1
GO:0048874	host-mediated regulation of intestinal microbiota composition	1	0.0319387755102041	0.0314341197842201	0.878273979064517	7	21
GO:0048877	homeostasis of number of retina cells	0	0	1	0	1	0
GO:0048880	sensory system development	0	0.000994897959183673	1	-0.00191124493054273	3	3
GO:0048935	peripheral nervous system neuron development	0	0.00339285714285714	1	-0.00649712990934237	8	28
GO:0048936	peripheral nervous system neuron axonogenesis	0	0.00191326530612245	1	-0.00367098767058405	3	3
GO:0050428	3'-phosphoadenosine 5'-phosphosulfate biosynthetic process	1	0.00125	0.00124843945068664	0.93483406582616	2	1
GO:0050434	positive regulation of viral transcription	0	0	1	0	1	0
GO:0050435	amyloid-beta metabolic process	3	0.0210204081632653	1.52380361819895e-06	1.54562040913398	8	28
GO:0050650	chondroitin sulfate proteoglycan biosynthetic process	6	0.00923469387755102	8.54604491814905e-16	2.02618282302804	9	36
GO:0050651	dermatan sulfate proteoglycan biosynthetic process	4	0.00260204081632653	1.90608022126908e-12	1.76717227490681	4	6
GO:0050653	chondroitin sulfate proteoglycan biosynthetic process, chain elongation	6	0.00377551020408163	4.0075754783282e-18	2.03650519036693	4	6
GO:0050658	RNA transport	2	0.0152040816326531	0.00011441715581453	1.30281336967638	7	21
GO:0050665	hydrogen peroxide biosynthetic process	6	0.0460969387755102	1.28099489781464e-11	1.96010052459595	6	15
GO:0050667	homocysteine metabolic process	6	0.0636734693877551	8.76454763267773e-11	1.93060299043906	7	21
GO:0050671	positive regulation of lymphocyte proliferation	1	0.00454081632653061	0.0045305224069018	0.928552335094204	6	15
GO:0050672	negative regulation of lymphocyte proliferation	0	0.00122448979591837	1	-0.00235158324136442	2	1
GO:0050687	negative regulation of defense response to virus	1	0.0113520408163265	0.0112878495312855	0.915721847422248	6	15
GO:0050688	regulation of defense response to virus	0	0.00334183673469388	1	-0.00639986082607147	3	3
GO:0050689	negative regulation of defense response to virus by host	0	0.000178571428571429	1	-0.000343417059780471	2	1
GO:0050691	regulation of defense response to virus by host	0	0.00397959183673469	1	-0.00761478266216586	4	6
GO:0050708	regulation of protein secretion	0	0.00316326530612245	1	-0.00605931570808838	6	15
GO:0050730	regulation of peptidyl-tyrosine phosphorylation	1	0.022219387755102	0.0219743553377958	0.89571183644761	7	21
GO:0050732	negative regulation of peptidyl-tyrosine phosphorylation	0	0.00482142857142857	1	-0.00921535270359375	4	6
GO:0050746	regulation of lipoprotein metabolic process	0	0.000408163265306122	1	-0.000784713180942753	2	1
GO:0050764	regulation of phagocytosis	0	0.00186224489795918	1	-0.00357333672682525	3	3
GO:0050771	negative regulation of axonogenesis	1	0.0227040816326531	0.0224482835155301	0.894832172471041	9	36
GO:0050774	negative regulation of dendrite morphogenesis	0	0.0140816326530612	1	-0.0265911405575131	6	15
GO:0050777	negative regulation of immune response	3	0.0412755102040816	1.13630707428764e-05	1.50963845544583	9	36
GO:0050779	RNA destabilization	0	0.000357142857142857	1	-0.000686670704346692	3	3
GO:0050790	regulation of catalytic activity	0	0.00568877551020408	1	-0.0108607187527456	5	10
GO:0050793	regulation of developmental process	10	0.00790816326530612	2.61552432601631e-28	2.3799845543644	5	10
GO:0050795	regulation of behavior	2	0.0268367346938776	0.000353726843110852	1.28162307571598	10	45
GO:0050798	activated T cell proliferation	0	0.00438775510204082	1	-0.00839126015419634	3	3
GO:0050801	monoatomic ion homeostasis	0	0.00181122448979592	1	-0.00347567256198011	4	6
GO:0050803	regulation of synapse structure or activity	3	0.00813775510204082	8.92714318543587e-08	1.56947619922498	5	10
GO:0050805	negative regulation of synaptic transmission	0	0.00135204081632653	1	-0.00259609953821927	3	3
GO:0050810	regulation of steroid biosynthetic process	2	0.0435714285714286	0.000922107021868167	1.25219088542683	8	28
GO:0050817	coagulation	0	0	1	0	1	0
GO:0050819	negative regulation of coagulation	1	0.00127551020408163	0.00127388535031847	0.934785159251651	2	1
GO:0050820	positive regulation of coagulation	1	0.00142857142857143	0.00142755150597023	0.934491789416206	3	3
GO:0050847	progesterone receptor signaling pathway	0	0.000586734693877551	1	-0.00112775694861655	3	3
GO:0050848	regulation of calcium-mediated signaling	0	0.00522959183673469	1	-0.00999011013372109	6	15
GO:0050849	negative regulation of calcium-mediated signaling	0	0.00209183673469388	1	-0.00401266190934424	5	10
GO:0050851	antigen receptor-mediated signaling pathway	0	0.000331632653061225	1	-0.000637644468527876	4	6
GO:0050855	regulation of B cell receptor signaling pathway	0	0	1	0	1	0
GO:0050856	regulation of T cell receptor signaling pathway	0	0.000153061224489796	1	-0.000294367488453351	2	1
GO:0050859	negative regulation of B cell receptor signaling pathway	0	0.00181122448979592	1	-0.00347567256198011	4	6
GO:0050861	positive regulation of B cell receptor signaling pathway	0	0.000433673469387755	1	-0.000833729422625384	3	3
GO:0050863	regulation of T cell activation	0	0.00048469387755102	1	-0.000931751915023038	5	10
GO:0050866	negative regulation of cell activation	0	0	1	0	1	0
GO:0050869	negative regulation of B cell activation	0	0.000994897959183673	1	-0.00191124493054273	4	6
GO:0050871	positive regulation of B cell activation	1	0.00829081632653061	0.00825654229415878	0.92146014102066	6	15
GO:0050877	nervous system process	1	0.0386224489795918	0.0378861123371211	0.866522612397432	10	45
GO:0050878	regulation of body fluid levels	0	0.00627551020408163	1	-0.0119716361754518	4	6
GO:0050881	musculoskeletal movement	1	0.00701530612244898	0.00699075630416227	0.92386463498186	6	15
GO:0050882	voluntary musculoskeletal movement	0	0.0267091836734694	1	-0.0496304241604224	5	10
GO:0050883	musculoskeletal movement, spinal reflex action	0	0.000127551020408163	1	-0.000245314581668765	2	1
GO:0050884	neuromuscular process controlling posture	1	0.0432397959183673	0.0423182856357164	0.858514685623404	12	66
GO:0050891	multicellular organismal-level water homeostasis	4	0.0212755102040816	8.39304299152926e-09	1.73235365010682	8	28
GO:0050892	intestinal absorption	3	0.0566071428571429	2.89768053361815e-05	1.48354842811511	10	45
GO:0050893	sensory processing	2	0.00747448979591837	2.77951933060794e-05	1.31724604094551	4	6
GO:0050902	leukocyte adhesive activation	0	0.00102040816326531	1	-0.0019601846856715	2	1
GO:0050904	diapedesis	0	0.000816326530612245	1	-0.0015685736443245	3	3
GO:0050906	detection of stimulus involved in sensory perception	0	0	1	0	1	0
GO:0050909	sensory perception of taste	1	0.0460459183673469	0.0450018907701011	0.853691067208666	9	36
GO:0050912	detection of chemical stimulus involved in sensory perception of taste	0	0.000841836734693878	1	-0.00161753665268849	3	3
GO:0050913	sensory perception of bitter taste	0	0	1	0	1	0
GO:0050914	sensory perception of salty taste	5	0.00479591836734694	2.10591978978837e-14	1.91148422426644	4	6
GO:0050915	sensory perception of sour taste	7	0.0108673469387755	3.51807282118403e-18	2.12823308983604	9	36
GO:0050916	sensory perception of sweet taste	3	0.00487244897959184	1.92089570456924e-08	1.57565025781991	4	6
GO:0050917	sensory perception of umami taste	3	0.0089030612244898	1.16833547163014e-07	1.56803676641972	5	10
GO:0050920	regulation of chemotaxis	0	0.00436224489795918	1	-0.00834275479019697	3	3
GO:0050922	negative regulation of chemotaxis	0	0.000918367346938775	1	-0.00176440574012327	4	6
GO:0050925	negative regulation of negative chemotaxis	0	0.00252551020408163	1	-0.00484176905227984	2	1
GO:0050927	positive regulation of positive chemotaxis	1	0.0188775510204082	0.0187004859894102	0.901806260185894	6	15
GO:0050942	positive regulation of pigment cell differentiation	1	0.00178571428571429	0.0017825311942959	0.933807723437539	2	1
GO:0050951	sensory perception of temperature stimulus	0	0	1	0	1	0
GO:0050953	sensory perception of light stimulus	29	0.0838265306122449	6.25653894607728e-63	3.00024811354528	9	36
GO:0050954	sensory perception of mechanical stimulus	0	0.000408163265306122	1	-0.000784713180942753	2	1
GO:0050955	thermoception	3	0.00176020408163265	9.0774634894614e-10	1.58158450554869	4	6
GO:0050957	equilibrioception	12	0.0256632653061225	1.66386716509257e-28	2.47444723610314	6	15
GO:0050960	detection of temperature stimulus involved in thermoception	0	0.00219387755102041	1	-0.00420783169420491	3	3
GO:0050968	detection of chemical stimulus involved in sensory perception of pain	1	0.000816326530612245	0.000815993426738149	0.935665985313746	3	3
GO:0050974	detection of mechanical stimulus involved in sensory perception	0	0.00125	1	-0.0024004931319106	4	6
GO:0050975	sensory perception of touch	0	0.00344387755102041	1	-0.00659438587827022	2	1
GO:0050976	detection of mechanical stimulus involved in sensory perception of touch	0	0.000688775510204082	1	-0.00132370873805776	2	1
GO:0050982	detection of mechanical stimulus	3	0.0164540816326531	7.33351967440285e-07	1.55398625534978	8	28
GO:0050992	dimethylallyl diphosphate biosynthetic process	1	0.000918367346938775	0.000917524722193903	0.935470153217947	2	1
GO:0050994	regulation of lipid catabolic process	0	0.000994897959183673	1	-0.00191124493054273	3	3
GO:0050996	positive regulation of lipid catabolic process	1	0.0135969387755102	0.013504917942828	0.911542588790132	5	10
GO:0050999	regulation of nitric-oxide synthase activity	0	0	1	0	1	0
GO:0051000	positive regulation of nitric-oxide synthase activity	0	0.039234693877551	1	-0.0717788973585521	8	28
GO:0051001	negative regulation of nitric-oxide synthase activity	0	0	1	0	1	0
GO:0051005	negative regulation of lipoprotein lipase activity	2	0.0164030612244898	0.000133068080340796	1.3006002843894	5	10
GO:0051006	positive regulation of lipoprotein lipase activity	8	0.0534438775510204	1.57412004788447e-15	2.14445552461292	7	21
GO:0051012	microtubule sliding	0	0.00122448979591837	1	-0.00235158324136442	2	1
GO:0051013	microtubule severing	2	0.00201530612244898	2.02800308350691e-06	1.32761625645206	4	6
GO:0051014	actin filament severing	4	0.0158928571428571	2.62468020971455e-09	1.74221894479817	8	28
GO:0051026	chiasma assembly	1	0.0120663265306122	0.0119938203334609	0.914389455027308	7	21
GO:0051036	regulation of endosome size	28	0.0681632653061225	6.70948196005689e-63	3.00031914186348	9	36
GO:0051043	regulation of membrane protein ectodomain proteolysis	0	2.55102040816327e-05	1	-4.90695908794692e-05	2	1
GO:0051045	negative regulation of membrane protein ectodomain proteolysis	1	0.00505102040816327	0.0050382854551061	0.927583302814617	4	6
GO:0051046	regulation of secretion	1	0.00329081632653061	0.00328540752523372	0.930931980333151	4	6
GO:0051047	positive regulation of secretion	0	0.000178571428571429	1	-0.000343417059780471	3	3
GO:0051048	negative regulation of secretion	0	0	1	0	1	0
GO:0051049	regulation of transport	0	2.55102040816327e-05	1	-4.90695908794692e-05	2	1
GO:0051051	negative regulation of transport	0	0.00150510204081633	1	-0.00288940972948382	4	6
GO:0051055	negative regulation of lipid biosynthetic process	0	0.000102040816326531	1	-0.000196258338972743	2	1
GO:0051057	positive regulation of small GTPase mediated signal transduction	0	0.00436224489795918	1	-0.00834275479019697	6	15
GO:0051058	negative regulation of small GTPase mediated signal transduction	0	0.0061734693877551	1	-0.0117785560028739	5	10
GO:0051066	dihydrobiopterin metabolic process	0	0.00252551020408163	1	-0.00484176905227984	2	1
GO:0051081	nuclear membrane disassembly	0	0.000408163265306122	1	-0.000784713180942753	2	1
GO:0051083	'de novo' cotranslational protein folding	1	0.000433673469387755	0.000433579446639472	0.936400829535445	3	3
GO:0051084	'de novo' post-translational protein folding	1	0.00211734693877551	0.00211510694014142	0.933173099651756	3	3
GO:0051093	negative regulation of developmental process	1	0.0102295918367347	0.010177447518661	0.917820591936507	5	10
GO:0051094	positive regulation of developmental process	0	0.000510204081632653	1	-0.000980758166643114	2	1
GO:0051096	positive regulation of helicase activity	0	0.00323979591836735	1	-0.00620528330234949	3	3
GO:0051099	positive regulation of binding	0	0.00122448979591837	1	-0.00235158324136442	2	1
GO:0051101	regulation of DNA binding	0	0.000306122448979592	1	-0.000588614900424389	2	1
GO:0051122	hepoxilin biosynthetic process	7	0.0345408163265306	1.12921080097012e-14	2.08528195049255	8	28
GO:0051124	synaptic assembly at neuromuscular junction	0	0.000663265306122449	1	-0.00127472578075483	3	3
GO:0051125	regulation of actin nucleation	0	0	1	0	1	0
GO:0051126	negative regulation of actin nucleation	0	0	1	0	1	0
GO:0051127	positive regulation of actin nucleation	2	0.00186224489795918	1.7318268047548e-06	1.32790916963439	6	15
GO:0051128	regulation of cellular component organization	0	0.000408163265306122	1	-0.000784713180942753	2	1
GO:0051132	NK T cell activation	3	0.00607142857142857	3.71316398150751e-08	1.57337707658569	5	10
GO:0051134	negative regulation of NK T cell activation	0	0	1	0	1	0
GO:0051135	positive regulation of NK T cell activation	4	0.00683673469387755	9.05333544451973e-11	1.75912760379706	5	10
GO:0051136	regulation of NK T cell differentiation	0	0	1	0	1	0
GO:0051138	positive regulation of NK T cell differentiation	1	0.00793367346938776	0.00790228494564567	0.922132591814212	4	6
GO:0051142	positive regulation of NK T cell proliferation	1	0.00369897959183673	0.00369214678646696	0.930154089826606	3	3
GO:0051147	regulation of muscle cell differentiation	0	0.000408163265306122	1	-0.000784713180942753	2	1
GO:0051148	negative regulation of muscle cell differentiation	0	0.00642857142857143	1	-0.0122611595670346	4	6
GO:0051149	positive regulation of muscle cell differentiation	10	0.0328826530612245	3.95297971183978e-22	2.33440668726057	9	36
GO:0051150	regulation of smooth muscle cell differentiation	1	0.00966836734693877	0.00962177894883646	0.918872258487913	4	6
GO:0051151	negative regulation of smooth muscle cell differentiation	1	0.00408163265306122	0.00407331411209529	0.929425578550636	4	6
GO:0051152	positive regulation of smooth muscle cell differentiation	0	0.00818877551020408	1	-0.015582353096911	4	6
GO:0051154	negative regulation of striated muscle cell differentiation	0	0	1	0	1	0
GO:0051155	positive regulation of striated muscle cell differentiation	0	0.00489795918367347	1	-0.00936068312021188	3	3
GO:0051156	glucose 6-phosphate metabolic process	6	0.00834183673469388	4.64103457378315e-16	2.02786098944119	4	6
GO:0051168	nuclear export	0	0.00816326530612245	1	-0.0155343288952725	5	10
GO:0051170	import into nucleus	0	0	1	0	1	0
GO:0051177	meiotic sister chromatid cohesion	3	0.0193622448979592	1.19237330718962e-06	1.54864707908961	6	15
GO:0051180	vitamin transport	0	0.00125	1	-0.0024004931319106	3	3
GO:0051204	protein insertion into mitochondrial membrane	0	0.000306122448979592	1	-0.000588614900424389	2	1
GO:0051205	protein insertion into membrane	2	0.00229591836734694	2.63158993275833e-06	1.32707955767354	5	10
GO:0051208	sequestering of calcium ion	0	0.00076530612244898	1	-0.00147063765606126	2	1
GO:0051222	positive regulation of protein transport	0	0	1	0	1	0
GO:0051223	regulation of protein transport	0	0.00423469387755102	1	-0.00810017903365046	5	10
GO:0051224	negative regulation of protein transport	2	0.00522959183673469	1.3626734693876e-05	1.32149239622749	5	10
GO:0051228	mitotic spindle disassembly	0	0	1	0	1	0
GO:0051246	regulation of protein metabolic process	0	0.0177295918367347	1	-0.0333228561605452	6	15
GO:0051248	negative regulation of protein metabolic process	1	0.00487244897959184	0.0048605978558739	0.927922316056824	5	10
GO:0051250	negative regulation of lymphocyte activation	0	0.000280612244897959	1	-0.000539581999583372	3	3
GO:0051256	mitotic spindle midzone assembly	3	0.00237244897959184	2.2216041802683e-09	1.58041324891556	4	6
GO:0051257	meiotic spindle midzone assembly	0	0.00196428571428571	1	-0.00376862539683553	2	1
GO:0051280	negative regulation of release of sequestered calcium ion into cytosol	0	0.000255102040816327	1	-0.000490545765551631	2	1
GO:0051284	positive regulation of sequestering of calcium ion	0	0	1	0	1	0
GO:0051291	protein heterooligomerization	2	0.0180357142857143	0.000160701063573579	1.29759759769218	7	21
GO:0051292	nuclear pore complex assembly	1	0.0123724489795918	0.0122962249160102	0.913819182236204	4	6
GO:0051293	establishment of spindle localization	3	0.00466836734693878	1.68975371769201e-08	1.57603789671978	4	6
GO:0051294	establishment of spindle orientation	1	0.00153061224489796	0.00152944145539361	0.934296275789736	4	6
GO:0051295	establishment of meiotic spindle localization	2	0.00290816326530612	4.22051720972688e-06	1.32590996273479	4	6
GO:0051296	establishment of meiotic spindle orientation	3	0.00153061224489796	5.96960735040495e-10	1.58202421755282	4	6
GO:0051299	centrosome separation	0	0	1	0	1	0
GO:0051303	establishment of chromosome localization	1	0.00076530612244898	0.000764720876879939	0.935763921302009	2	1
GO:0051304	chromosome separation	1	0.000918367346938775	0.000917524722193903	0.935470153217947	2	1
GO:0051306	mitotic sister chromatid separation	0	0.00153061224489796	1	-0.00293828316833478	2	1
GO:0051309	female meiosis chromosome separation	1	0.000918367346938775	0.000917524722193903	0.935470153217947	2	1
GO:0051344	negative regulation of cyclic-nucleotide phosphodiesterase activity	0	0.00142857142857143	1	-0.00274276954186492	2	1
GO:0051346	negative regulation of hydrolase activity	0	0	1	0	1	0
GO:0051349	positive regulation of lyase activity	0	0	1	0	1	0
GO:0051351	positive regulation of ligase activity	0	0.000153061224489796	1	-0.000294367488453351	2	1
GO:0051354	negative regulation of oxidoreductase activity	0	0.00859693877551021	1	-0.0163503058161342	5	10
GO:0051365	cellular response to potassium ion starvation	0	0.000153061224489796	1	-0.000294367488453351	2	1
GO:0051382	kinetochore assembly	6	0.0249489795918367	3.27867964060118e-13	1.99726873291013	7	21
GO:0051383	kinetochore organization	1	0.00471938775510204	0.00470826892242137	0.928213025700916	3	3
GO:0051385	response to mineralocorticoid	0	0	1	0	1	0
GO:0051387	negative regulation of neurotrophin TRK receptor signaling pathway	0	0	1	0	1	0
GO:0051388	positive regulation of neurotrophin TRK receptor signaling pathway	1	0.00895408163265306	0.00891411296257313	0.920212964520889	3	3
GO:0051409	response to nitrosative stress	1	0.00806122448979592	0.00802881977812241	0.921892358848178	3	3
GO:0051412	response to corticosterone	2	0.0917602040816327	0.00396107835566593	1.17358702302324	10	45
GO:0051414	response to cortisol	0	0.00494897959183674	1	-0.00945755380060243	4	6
GO:0051438	regulation of ubiquitin-protein transferase activity	1	0.00295918367346939	0.00295480960190566	0.931564634633497	3	3
GO:0051443	positive regulation of ubiquitin-protein transferase activity	1	0.00854591836734694	0.00850950580705974	0.920980202532933	6	15
GO:0051444	negative regulation of ubiquitin-protein transferase activity	0	0.00191326530612245	1	-0.00367098767058405	4	6
GO:0051446	positive regulation of meiotic cell cycle	0	0	1	0	1	0
GO:0051447	negative regulation of meiotic cell cycle	1	0.000739795918367347	0.000739522336823459	0.935812894282811	3	3
GO:0051450	myoblast proliferation	1	0.0108163265306122	0.0107580404073328	0.916722759269998	6	15
GO:0051451	myoblast migration	0	0.00216836734693878	1	-0.00415904419829871	5	10
GO:0051452	intracellular pH reduction	1	0.00436224489795918	0.00435274411263061	0.928891804167874	3	3
GO:0051454	intracellular pH elevation	0	7.6530612244898e-05	1	-0.00014719875991176	2	1
GO:0051458	corticotropin secretion	0	0.000178571428571429	1	-0.000343417059780471	2	1
GO:0051461	positive regulation of corticotropin secretion	1	0.00892857142857143	0.00888883010040813	0.920260892996402	4	6
GO:0051464	positive regulation of cortisol secretion	1	0.0102040816326531	0.0101521966212662	0.917868361713713	4	6
GO:0051466	positive regulation of corticotropin-releasing hormone secretion	0	0	1	0	1	0
GO:0051469	vesicle fusion with vacuole	10	0.0523214285714286	4.02077705482765e-20	2.30082293082038	5	10
GO:0051481	negative regulation of cytosolic calcium ion concentration	0	0.0130102040816327	1	-0.0246019990003851	7	21
GO:0051490	negative regulation of filopodium assembly	0	0.00298469387755102	1	-0.00571860974425564	2	1
GO:0051494	negative regulation of cytoskeleton organization	0	0	1	0	1	0
GO:0051495	positive regulation of cytoskeleton organization	0	0.0160459183673469	1	-0.0302237147999596	6	15
GO:0051503	adenine nucleotide transport	0	0.000841836734693878	1	-0.00161753665268849	2	1
GO:0051546	keratinocyte migration	0	0.000637755102040816	1	-0.0012257394970483	5	10
GO:0051549	positive regulation of keratinocyte migration	1	0.0161989795918367	0.0160684817162505	0.906728553186424	9	36
GO:0051561	positive regulation of mitochondrial calcium ion concentration	9	0.0210969387755102	2.23854941520175e-21	2.28244661696364	8	28
GO:0051562	negative regulation of mitochondrial calcium ion concentration	0	0.000178571428571429	1	-0.000343417059780471	2	1
GO:0051563	smooth endoplasmic reticulum calcium ion homeostasis	0	0	1	0	1	0
GO:0051580	regulation of neurotransmitter uptake	0	0.000688775510204082	1	-0.00132370873805776	3	3
GO:0051583	dopamine uptake involved in synaptic transmission	0	0.00102040816326531	1	-0.0019601846856715	2	1
GO:0051584	regulation of dopamine uptake involved in synaptic transmission	0	0.0076530612244898	1	-0.0145731728297582	4	6
GO:0051586	positive regulation of dopamine uptake involved in synaptic transmission	0	0.000204081632653061	1	-0.000392463296103651	2	1
GO:0051593	response to folic acid	3	0.0300510204081633	4.42227292105642e-06	1.5293559775467	7	21
GO:0051597	response to methylmercury	1	0.0239285714285714	0.0236445530579516	0.892614629993156	4	6
GO:0051598	meiotic recombination checkpoint signaling	0	0.00142857142857143	1	-0.00274276954186492	3	3
GO:0051599	response to hydrostatic pressure	0	0.000102040816326531	1	-0.000196258338972743	2	1
GO:0051601	exocyst localization	0	0.00153061224489796	1	-0.00293828316833478	2	1
GO:0051606	detection of stimulus	1	0.000306122448979592	0.00030602876670407	0.936645944057646	2	1
GO:0051608	histamine transport	0	7.6530612244898e-05	1	-0.00014719875991176	3	3
GO:0051610	serotonin uptake	4	0.0128571428571429	1.12693940523717e-09	1.74784287048647	7	21
GO:0051615	histamine uptake	1	0.000841836734693878	0.000841482489562432	0.935617022305382	4	6
GO:0051620	norepinephrine uptake	0	0.00237244897959184	1	-0.00454925180559307	5	10
GO:0051625	epinephrine uptake	0	2.55102040816327e-05	1	-4.90695908794692e-05	2	1
GO:0051639	actin filament network formation	0	0.00198979591836735	1	-0.00381743930451406	4	6
GO:0051640	organelle localization	0	0	1	0	1	0
GO:0051643	endoplasmic reticulum localization	0	0	1	0	1	0
GO:0051645	Golgi localization	0	0.0128316326530612	1	-0.0242699414768077	5	10
GO:0051646	mitochondrion localization	2	0.0202295918367347	0.000201879453102177	1.29358231957331	6	15
GO:0051647	nucleus localization	0	0.000204081632653061	1	-0.000392463296103651	2	1
GO:0051648	vesicle localization	0	0.000127551020408163	1	-0.000245314581668765	2	1
GO:0051650	establishment of vesicle localization	0	0.00926020408163265	1	-0.0175964878889656	4	6
GO:0051651	maintenance of location in cell	3	0.0115561224489796	2.54253180735804e-07	1.56306885445052	3	3
GO:0051653	spindle localization	1	0.00448979591836735	0.00446972775294596	0.928649309957621	2	1
GO:0051654	establishment of mitochondrion localization	0	0	1	0	1	0
GO:0051656	establishment of organelle localization	1	0.000663265306122449	0.000663045394303887	0.935959833177316	3	3
GO:0051660	establishment of centrosome localization	0	0.0133163265306122	1	-0.0251708850870033	6	15
GO:0051661	maintenance of centrosome location	0	0.00650510204081633	1	-0.0124058776978128	4	6
GO:0051664	nuclear pore localization	3	0.0210204081632653	1.52380361819895e-06	1.54562040913398	5	10
GO:0051668	localization within membrane	0	0.000535714285714286	1	-0.00102976108914732	2	1
GO:0051673	disruption of plasma membrane integrity in another organism	6	0.00548469387755102	3.76305243956331e-17	2.03325750931943	6	15
GO:0051674	localization of cell	2	0.00783163265306123	3.05075879193976e-05	1.31657278321088	4	6
GO:0051683	establishment of Golgi localization	1	0.0168112244897959	0.0166707043955679	0.905600492717353	4	6
GO:0051684	maintenance of Golgi location	0	0	1	0	1	0
GO:0051693	actin filament capping	10	0.0206632653061225	3.8376820924117e-24	2.3563471996567	9	36
GO:0051694	pointed-end actin filament capping	0	0.00474489795918367	1	-0.009069993001249	5	10
GO:0051697	protein delipidation	0	0.0035969387755102	1	-0.00688607513434525	5	10
GO:0051701	biological process involved in interaction with host	0	2.55102040816327e-05	1	-4.90695908794692e-05	2	1
GO:0051702	biological process involved in interaction with symbiont	0	0	1	0	1	0
GO:0051707	response to other organism	0	0.00181122448979592	1	-0.00347567256198011	3	3
GO:0051715	cytolysis in another organism	5	0.00272959183673469	1.25985181840638e-15	1.91541951937141	5	10
GO:0051725	protein de-ADP-ribosylation	0	0	1	0	1	0
GO:0051729	germline cell cycle switching, mitotic to meiotic cell cycle	1	0.000204081632653061	0.0002040399918384	0.936842095661967	2	1
GO:0051764	actin crosslink formation	2	0.00892857142857143	3.96232263046346e-05	1.31450884039955	7	21
GO:0051775	response to redox state	1	0.047219387755102	0.0461218945430522	0.85168344333649	8	28
GO:0051782	negative regulation of cell division	0	0.00316326530612245	1	-0.00605931570808838	3	3
GO:0051788	response to misfolded protein	0	0.00553571428571429	1	-0.0105706326146093	3	3
GO:0051791	medium-chain fatty acid metabolic process	0	0.00206632653061225	1	-0.00396386121112546	4	6
GO:0051792	medium-chain fatty acid biosynthetic process	0	0.0014030612244898	1	-0.0026938828541403	3	3
GO:0051793	medium-chain fatty acid catabolic process	0	0	1	0	1	0
GO:0051795	positive regulation of timing of catagen	0	0.00229591836734694	1	-0.00440294868767055	3	3
GO:0051797	regulation of hair follicle development	0	0.000408163265306122	1	-0.000784713180942753	2	1
GO:0051798	positive regulation of hair follicle development	0	0.00127551020408163	1	-0.00244939970641966	3	3
GO:0051823	regulation of synapse structural plasticity	0	0.00122448979591837	1	-0.00235158324136442	3	3
GO:0051835	positive regulation of synapse structural plasticity	0	0.000331632653061225	1	-0.000637644468527876	2	1
GO:0051838	cytolysis by host of symbiont cells	1	0.0159438775510204	0.0158174467595094	0.907199099530862	6	15
GO:0051867	general adaptation syndrome, behavioral process	0	0.00155612244897959	1	-0.00298715329608912	3	3
GO:0051873	killing by host of symbiont cells	2	0.022015306122449	0.000238809297157073	1.29033048985002	8	28
GO:0051877	pigment granule aggregation in cell center	0	0.000255102040816327	1	-0.000490545765551631	2	1
GO:0051882	mitochondrial depolarization	0	0.00875	1	-0.0166380774371493	4	6
GO:0051884	regulation of timing of anagen	0	0	1	0	1	0
GO:0051885	positive regulation of timing of anagen	0	0	1	0	1	0
GO:0051891	positive regulation of cardioblast differentiation	1	0.00510204081632653	0.00508904751292754	0.927486471145172	4	6
GO:0051900	regulation of mitochondrial depolarization	1	0.0166326530612245	0.0164950941994806	0.905929328165925	5	10
GO:0051901	positive regulation of mitochondrial depolarization	0	0.00301020408163265	1	-0.00576729187826741	4	6
GO:0051902	negative regulation of mitochondrial depolarization	0	0.00283163265306122	1	-0.005426447925582	3	3
GO:0051917	regulation of fibrinolysis	1	0.00206632653061225	0.00206419314686486	0.933270697746945	3	3
GO:0051918	negative regulation of fibrinolysis	6	0.050280612244898	2.14962246944656e-11	1.95296917509489	10	45
GO:0051919	positive regulation of fibrinolysis	2	0.00137755102040816	9.47952338567579e-07	1.32883751350814	3	3
GO:0051926	negative regulation of calcium ion transport	0	0.00385204081632653	1	-0.00737196193733469	6	15
GO:0051935	glutamate reuptake	0	0.000255102040816327	1	-0.000490545765551631	2	1
GO:0051936	gamma-aminobutyric acid reuptake	1	2.55102040816327e-05	2.55095533277212e-05	0.937185489367191	2	1
GO:0051938	L-glutamate import	1	0.0089030612244898	0.00886354632970071	0.920308824656637	6	15
GO:0051939	gamma-aminobutyric acid import	0	0.00329081632653061	1	-0.00630257862492001	3	3
GO:0051946	regulation of glutamate uptake involved in transmission of nerve impulse	0	0	1	0	1	0
GO:0051951	positive regulation of glutamate uptake involved in transmission of nerve impulse	0	0	1	0	1	0
GO:0051956	negative regulation of amino acid transport	0	0	1	0	1	0
GO:0051957	positive regulation of amino acid transport	0	0.000459183673469388	1	-0.000882742333834563	2	1
GO:0051958	methotrexate transport	0	0	1	0	1	0
GO:0051960	regulation of nervous system development	0	0	1	0	1	0
GO:0051964	negative regulation of synapse assembly	1	0.00252551020408163	0.00252232378450688	0.932392789905791	3	3
GO:0051967	negative regulation of synaptic transmission, glutamatergic	1	0.00392857142857143	0.00392086468730104	0.929716894777431	6	15
GO:0051969	regulation of transmission of nerve impulse	1	0.00352040816326531	0.00351421878525642	0.930494313708068	3	3
GO:0051970	negative regulation of transmission of nerve impulse	1	0.010969387755102	0.0109094434057249	0.916436642711565	5	10
GO:0051971	positive regulation of transmission of nerve impulse	0	0.00709183673469388	1	-0.0135144198576629	5	10
GO:0051977	lysophospholipid transport	0	0.000102040816326531	1	-0.000196258338972743	2	1
GO:0051983	regulation of chromosome segregation	0	0.00125	1	-0.0024004931319106	5	10
GO:0051984	positive regulation of chromosome segregation	23	0.0789030612244898	1.54108640002668e-48	2.84321916830302	11	55
GO:0051987	positive regulation of attachment of spindle microtubules to kinetochore	0	0.000331632653061225	1	-0.000637644468527876	2	1
GO:0051988	regulation of attachment of spindle microtubules to kinetochore	5	0.00650510204081633	9.65462096896843e-14	1.90824524929266	7	21
GO:0052548	regulation of endopeptidase activity	0	0.000357142857142857	1	-0.000686670704346692	3	3
GO:0052651	monoacylglycerol catabolic process	1	0.000229591836734694	0.000229565482545771	0.936793052760194	3	3
GO:0055003	cardiac myofibril assembly	1	0.0296173469387755	0.0291830514403143	0.882400770212566	6	15
GO:0055005	ventricular cardiac myofibril assembly	1	0.00418367346938776	0.00417493408667406	0.929231433072289	3	3
GO:0055008	cardiac muscle tissue morphogenesis	1	0.0509438775510204	0.0496679960047815	0.845348180166753	8	28
GO:0055009	atrial cardiac muscle tissue morphogenesis	1	0.0372448979591837	0.0365598380739233	0.868929037444037	6	15
GO:0055012	ventricular cardiac muscle cell differentiation	1	0.0115561224489796	0.0114896069329869	0.915340912687436	5	10
GO:0055014	atrial cardiac muscle cell development	0	0.000510204081632653	1	-0.000980758166643114	2	1
GO:0055015	ventricular cardiac muscle cell development	0	0.00783163265306123	1	-0.0149097231503307	5	10
GO:0055026	negative regulation of cardiac muscle tissue development	0	0.00038265306122449	1	-0.000735693608334143	2	1
GO:0055059	asymmetric neuroblast division	0	0.000459183673469388	1	-0.000882742333834563	2	1
GO:0055062	phosphate ion homeostasis	5	0.0305867346938776	2.17479669116905e-10	1.86409119096178	9	36
GO:0055064	chloride ion homeostasis	0	0.00438775510204082	1	-0.00839126015419634	5	10
GO:0055070	copper ion homeostasis	0	0	1	0	1	0
GO:0055080	monoatomic cation homeostasis	0	0.000816326530612245	1	-0.0015685736443245	3	3
GO:0055081	monoatomic anion homeostasis	1	0.00252551020408163	0.00251914806992544	0.932392789905791	2	1
GO:0055086	nucleobase-containing small molecule metabolic process	1	0.00119897959183673	0.00119826110289984	0.934931888923739	3	3
GO:0055090	acylglycerol homeostasis	1	0.00487244897959184	0.00486059783259464	0.927922316056824	3	3
GO:0055092	sterol homeostasis	0	0.00548469387755102	1	-0.0104739113057429	3	3
GO:0055096	low-density lipoprotein particle mediated signaling	0	0.000994897959183673	1	-0.00191124493054273	2	1
GO:0055107	Golgi to secretory granule transport	0	0	1	0	1	0
GO:0055118	negative regulation of cardiac muscle contraction	0	0.000408163265306122	1	-0.000784713180942753	3	3
GO:0055119	relaxation of cardiac muscle	4	0.0555867346938776	3.80520931017658e-07	1.67245361874389	12	66
GO:0055123	digestive system development	0	0.0199489795918367	1	-0.037387849544422	5	10
GO:0055129	L-proline biosynthetic process	7	0.0285204081632653	2.97046059074172e-15	2.09596475208759	5	10
GO:0060003	copper ion export	1	0.00107142857142857	0.00107028184088477	0.935176504721955	2	1
GO:0060005	vestibular reflex	0	0.000102040816326531	1	-0.000196258338972743	2	1
GO:0060008	Sertoli cell differentiation	3	0.0326020408163265	5.63602117399429e-06	1.52482716106082	7	21
GO:0060009	Sertoli cell development	1	0.0169387755102041	0.0167961210519383	0.905365701998083	6	15
GO:0060011	Sertoli cell proliferation	1	0.0158418367346939	0.0157170148443722	0.907387404046829	4	6
GO:0060012	synaptic transmission, glycinergic	2	0.000510204081632653	1.3010983800113e-07	1.33050174819457	3	3
GO:0060013	righting reflex	0	0.00586734693877551	1	-0.0111990052054073	6	15
GO:0060017	parathyroid gland development	0	0.00038265306122449	1	-0.000735693608334143	2	1
GO:0060018	astrocyte fate commitment	0	0.00456632653061225	1	-0.00873070640718199	3	3
GO:0060019	radial glial cell differentiation	0	0.00150510204081633	1	-0.00288940972948382	3	3
GO:0060020	Bergmann glial cell differentiation	0	0.0159183673469388	1	-0.0299883879063956	5	10
GO:0060022	hard palate development	1	0.0106887755102041	0.0106318535384953	0.91696127645646	5	10
GO:0060023	soft palate development	0	0.000306122448979592	1	-0.000588614900424389	2	1
GO:0060024	rhythmic synaptic transmission	0	0.00142857142857143	1	-0.00274276954186492	2	1
GO:0060025	regulation of synaptic activity	0	0.00125	1	-0.0024004931319106	3	3
GO:0060026	convergent extension	0	0.00104591836734694	1	-0.0020091211207125	3	3
GO:0060027	convergent extension involved in gastrulation	0	0.000178571428571429	1	-0.000343417059780471	2	1
GO:0060028	convergent extension involved in axis elongation	0	0.00122448979591837	1	-0.00235158324136442	2	1
GO:0060029	convergent extension involved in organogenesis	0	0	1	0	1	0
GO:0060033	anatomical structure regression	0	0	1	0	1	0
GO:0060039	pericardium development	0	0.0113520408163265	1	-0.0215127115358229	5	10
GO:0060040	retinal bipolar neuron differentiation	0	5.10204081632653e-05	1	-9.81358440319546e-05	2	1
GO:0060042	retina morphogenesis in camera-type eye	0	0.00482142857142857	1	-0.00921535270359375	6	15
GO:0060043	regulation of cardiac muscle cell proliferation	0	0.00076530612244898	1	-0.00147063765606126	2	1
GO:0060046	regulation of acrosome reaction	0	0	1	0	1	0
GO:0060049	regulation of protein glycosylation	0	0.00239795918367347	1	-0.00459801291829254	3	3
GO:0060050	positive regulation of protein glycosylation	0	0.0035969387755102	1	-0.00688607513434525	4	6
GO:0060052	neurofilament cytoskeleton organization	4	0.0406887755102041	1.10550349601879e-07	1.69785365960449	9	36
GO:0060054	positive regulation of epithelial cell proliferation involved in wound healing	1	0.0233928571428571	0.0231213653700439	0.893583966112743	9	36
GO:0060055	angiogenesis involved in wound healing	0	0.00630102040816327	1	-0.0120198981445224	4	6
GO:0060056	mammary gland involution	0	0.000994897959183673	1	-0.00191124493054273	3	3
GO:0060057	apoptotic process involved in mammary gland involution	0	0	1	0	1	0
GO:0060058	positive regulation of apoptotic process involved in mammary gland involution	0	0.00122448979591837	1	-0.00235158324136442	2	1
GO:0060059	embryonic retina morphogenesis in camera-type eye	0	0.00260204081632653	1	-0.00498798320509519	5	10
GO:0060060	post-embryonic retina morphogenesis in camera-type eye	0	0.000153061224489796	1	-0.000294367488453351	2	1
GO:0060061	Spemann organizer formation	1	0.00872448979591837	0.00864903140964038	0.920644435486067	2	1
GO:0060066	oviduct development	0	0	1	0	1	0
GO:0060068	vagina development	1	0.0247959183673469	0.0244910248206023	0.891047985129822	7	21
GO:0060073	micturition	0	0.000816326530612245	1	-0.0015685736443245	3	3
GO:0060075	regulation of resting membrane potential	1	0.0104081632653061	0.0103541857652196	0.917486292043529	11	55
GO:0060080	inhibitory postsynaptic potential	0	0.014234693877551	1	-0.0268748564000867	7	21
GO:0060081	membrane hyperpolarization	0	0.00691326530612245	1	-0.0131772177651015	5	10
GO:0060083	smooth muscle contraction involved in micturition	0	0.00209183673469388	1	-0.00401266190934424	3	3
GO:0060084	synaptic transmission involved in micturition	3	0.00339285714285714	6.48741935710437e-09	1.57846537081181	3	3
GO:0060086	circadian temperature homeostasis	0	0.00181122448979592	1	-0.00347567256198011	3	3
GO:0060087	relaxation of vascular associated smooth muscle	0	0.000969387755102041	1	-0.00186230185487546	3	3
GO:0060100	positive regulation of phagocytosis, engulfment	0	0.0178061224489796	1	-0.0334634103493662	7	21
GO:0060112	generation of ovulation cycle rhythm	0	0.000663265306122449	1	-0.00127472578075483	3	3
GO:0060113	inner ear receptor cell differentiation	6	0.0199744897959184	8.67136464212896e-14	2.00629697992811	5	10
GO:0060117	auditory receptor cell development	0	0.00311224489795918	1	-0.00596198756647892	3	3
GO:0060119	inner ear receptor cell development	0	0.0163520408163265	1	-0.0307881863152544	6	15
GO:0060123	regulation of growth hormone secretion	0	0.000102040816326531	1	-0.000196258338972743	2	1
GO:0060124	positive regulation of growth hormone secretion	3	0.0252295918367347	2.62643592124897e-06	1.53799387854951	6	15
GO:0060126	somatotropin secreting cell differentiation	0	0.00380102040816327	1	-0.00727481075598324	4	6
GO:0060127	prolactin secreting cell differentiation	0	0.000153061224489796	1	-0.000294367488453351	2	1
GO:0060128	corticotropin hormone secreting cell differentiation	0	0.00216836734693878	1	-0.00415904419829871	2	1
GO:0060129	thyroid-stimulating hormone-secreting cell differentiation	0	0.0260714285714286	1	-0.0484842999235582	5	10
GO:0060134	prepulse inhibition	1	0.0356632653061224	0.0350348239664058	0.871701906272777	9	36
GO:0060136	embryonic process involved in female pregnancy	0	0.00645408163265306	1	-0.0123094021699914	5	10
GO:0060137	maternal process involved in parturition	0	0.00354591836734694	1	-0.00678885848723787	3	3
GO:0060143	positive regulation of syncytium formation by plasma membrane fusion	0	0	1	0	1	0
GO:0060152	microtubule-based peroxisome localization	1	0.00321428571428571	0.00320398718405126	0.931077928238645	2	1
GO:0060157	urinary bladder development	0	0.000280612244897959	1	-0.000539581999583372	3	3
GO:0060158	phospholipase C-activating dopamine receptor signaling pathway	1	0.0103316326530612	0.0102784446669313	0.917629544455963	6	15
GO:0060159	regulation of dopamine receptor signaling pathway	0	0.00971938775510204	1	-0.0184579699027171	3	3
GO:0060160	negative regulation of dopamine receptor signaling pathway	0	0	1	0	1	0
GO:0060161	positive regulation of dopamine receptor signaling pathway	1	0.0075765306122449	0.0075479010540553	0.922805670061276	4	6
GO:0060163	subpallium neuron fate commitment	0	0	1	0	1	0
GO:0060164	regulation of timing of neuron differentiation	0	0.000408163265306122	1	-0.000784713180942753	2	1
GO:0060166	olfactory pit development	0	0.00038265306122449	1	-0.000735693608334143	2	1
GO:0060168	positive regulation of adenosine receptor signaling pathway	0	0	1	0	1	0
GO:0060174	limb bud formation	3	0.0417857142857143	1.17851743829247e-05	1.50875488414422	7	21
GO:0060177	regulation of angiotensin metabolic process	0	0	1	0	1	0
GO:0060179	male mating behavior	0	0.000255102040816327	1	-0.000490545765551631	2	1
GO:0060183	apelin receptor signaling pathway	2	0.000331632653061225	5.49779516191815e-08	1.33084486189269	3	3
GO:0060192	negative regulation of lipase activity	0	0.000918367346938775	1	-0.00176440574012327	2	1
GO:0060193	positive regulation of lipase activity	0	0.000204081632653061	1	-0.000392463296103651	2	1
GO:0060197	cloacal septation	0	0.00122448979591837	1	-0.00235158324136442	2	1
GO:0060212	negative regulation of nuclear-transcribed mRNA poly(A) tail shortening	0	0.00112244897959184	1	-0.00215591050981212	3	3
GO:0060213	positive regulation of nuclear-transcribed mRNA poly(A) tail shortening	10	0.0757397959183674	1.59802588813149e-18	2.26233634734336	10	45
GO:0060214	endocardium formation	0	0.000331632653061225	1	-0.000637644468527876	3	3
GO:0060215	primitive hemopoiesis	1	0.00887755102040816	0.0088382619139909	0.920356759502017	4	6
GO:0060219	camera-type eye photoreceptor cell differentiation	0	0.00135204081632653	1	-0.00259609953821927	4	6
GO:0060221	retinal rod cell differentiation	1	0.0344387755102041	0.0338525102371152	0.873855987815101	6	15
GO:0060231	mesenchymal to epithelial transition	1	0.0248214285714286	0.0245159099362291	0.891001958808514	6	15
GO:0060235	lens induction in camera-type eye	0	0.0024234693877551	1	-0.00464677073509745	3	3
GO:0060242	contact inhibition	0	0.000229591836734694	1	-0.000441506197876307	2	1
GO:0060244	negative regulation of cell proliferation involved in contact inhibition	0	0	1	0	1	0
GO:0060251	regulation of glial cell proliferation	0	0.00561224489795918	1	-0.0107156902657556	2	1
GO:0060253	negative regulation of glial cell proliferation	0	0.00517857142857143	1	-0.00989331094940449	4	6
GO:0060259	regulation of feeding behavior	1	0.00729591836734694	0.00726936776451828	0.923334958196612	8	28
GO:0060263	regulation of respiratory burst	1	0.00142857142857143	0.0014265335235378	0.934491789416206	2	1
GO:0060264	regulation of respiratory burst involved in inflammatory response	0	0	1	0	1	0
GO:0060265	positive regulation of respiratory burst involved in inflammatory response	0	0	1	0	1	0
GO:0060266	negative regulation of respiratory burst involved in inflammatory response	0	0	1	0	1	0
GO:0060267	positive regulation of respiratory burst	0	0.000612244897959184	1	-0.00117674988648608	2	1
GO:0060272	embryonic skeletal joint morphogenesis	3	0.0194387755102041	1.20649889410373e-06	1.54850710673631	6	15
GO:0060279	positive regulation of ovulation	1	0.00122448979591837	0.00122299225438239	0.934882975716706	2	1
GO:0060282	positive regulation of oocyte development	0	5.10204081632653e-05	1	-9.81358440319546e-05	2	1
GO:0060285	cilium-dependent cell motility	16	0.046734693877551	2.36869750834854e-35	2.63950769352642	12	66
GO:0060287	epithelial cilium movement involved in determination of left/right asymmetry	3	0.0179591836734694	9.52492301559796e-07	1.55121806412821	11	55
GO:0060290	transdifferentiation	1	0.0146938775510204	0.014586449354867	0.909509223952358	5	10
GO:0060296	regulation of cilium beat frequency involved in ciliary motility	3	0.0266581632653061	3.0950102772121e-06	1.53542369951531	7	21
GO:0060298	positive regulation of sarcomere organization	0	0.00420918367346939	1	-0.00805165409195885	5	10
GO:0060302	negative regulation of cytokine activity	0	0	1	0	1	0
GO:0060304	regulation of phosphatidylinositol dephosphorylation	0	0.00142857142857143	1	-0.00274276954186492	5	10
GO:0060309	elastin catabolic process	0	0.000357142857142857	1	-0.000686670704346692	2	1
GO:0060312	regulation of blood vessel remodeling	0	0	1	0	1	0
GO:0060313	negative regulation of blood vessel remodeling	0	0	1	0	1	0
GO:0060314	regulation of ryanodine-sensitive calcium-release channel activity	0	0.0144387755102041	1	-0.0272529706901986	8	28
GO:0060315	negative regulation of ryanodine-sensitive calcium-release channel activity	2	0.0051530612244898	1.3231496479049e-05	1.32163759987554	5	10
GO:0060316	positive regulation of ryanodine-sensitive calcium-release channel activity	2	0.00408163265306122	8.30723092017075e-06	1.32367352595378	5	10
GO:0060317	cardiac epithelial to mesenchymal transition	4	0.062780612244898	6.15604281023951e-07	1.66050152388	11	55
GO:0060318	definitive erythrocyte differentiation	0	0.000816326530612245	1	-0.0015685736443245	3	3
GO:0060319	primitive erythrocyte differentiation	1	0.00346938775510204	0.00346337637734126	0.93059155001211	3	3
GO:0060322	head development	0	0.0183673469387755	1	-0.0344933050956539	9	36
GO:0060323	head morphogenesis	0	0.0109183673469388	1	-0.0207025566693363	4	6
GO:0060327	cytoplasmic actin-based contraction involved in cell motility	0	0	1	0	1	0
GO:0060333	type II interferon-mediated signaling pathway	1	0.00334183673469388	0.00333625901332119	0.930834698131999	6	15
GO:0060334	regulation of type II interferon-mediated signaling pathway	0	0	1	0	1	0
GO:0060335	positive regulation of type II interferon-mediated signaling pathway	0	0.000535714285714286	1	-0.00102976108914732	4	6
GO:0060336	negative regulation of type II interferon-mediated signaling pathway	1	0.00788265306122449	0.00785166642400791	0.922228707406686	6	15
GO:0060338	regulation of type I interferon-mediated signaling pathway	0	0	1	0	1	0
GO:0060341	regulation of cellular localization	3	0.00466836734693878	1.68975371769201e-08	1.57603789671978	4	6
GO:0060346	bone trabecula formation	0	0.0522704081632653	1	-0.0941294034451875	8	28
GO:0060350	endochondral bone morphogenesis	0	0.000918367346938775	1	-0.00176440574012327	2	1
GO:0060351	cartilage development involved in endochondral bone morphogenesis	1	0.0338520408163265	0.0332854716511303	0.87489043591271	7	21
GO:0060352	cell adhesion molecule production	0	0.00405612244897959	1	-0.00776043587224062	3	3
GO:0060354	negative regulation of cell adhesion molecule production	0	0.000408163265306122	1	-0.000784713180942753	2	1
GO:0060363	cranial suture morphogenesis	2	0.0167091836734694	0.000138053059798938	1.30003632773514	6	15
GO:0060364	frontal suture morphogenesis	0	0.00344387755102041	1	-0.00659438587827022	3	3
GO:0060368	regulation of Fc receptor mediated stimulatory signaling pathway	0	0.00329081632653061	1	-0.00630257862492001	3	3
GO:0060369	positive regulation of Fc receptor mediated stimulatory signaling pathway	0	0.000178571428571429	1	-0.000343417059780471	2	1
GO:0060370	susceptibility to T cell mediated cytotoxicity	0	0.00114795918367347	1	-0.00220483366900515	2	1
GO:0060371	regulation of atrial cardiac muscle cell membrane depolarization	5	0.0261734693877551	1.00151090873088e-10	1.87198332477123	7	21
GO:0060372	regulation of atrial cardiac muscle cell membrane repolarization	0	0.00316326530612245	1	-0.00605931570808838	3	3
GO:0060373	regulation of ventricular cardiac muscle cell membrane depolarization	1	0.0115561224489796	0.0114896069329869	0.915340912687436	4	6
GO:0060374	mast cell differentiation	0	0	1	0	1	0
GO:0060379	cardiac muscle cell myoblast differentiation	1	0.00869897959183674	0.00866125294257346	0.920692392639324	7	21
GO:0060385	axonogenesis involved in innervation	4	0.0250255102040816	1.60187785894948e-08	1.72555955307693	6	15
GO:0060386	synapse assembly involved in innervation	0	0	1	0	1	0
GO:0060390	regulation of SMAD protein signal transduction	0	0.00102040816326531	1	-0.0019601846856715	2	1
GO:0060396	growth hormone receptor signaling pathway	12	0.0332142857142857	3.64962360186719e-27	2.46097902184873	8	28
GO:0060397	growth hormone receptor signaling pathway via JAK-STAT	0	0.00122448979591837	1	-0.00235158324136442	2	1
GO:0060399	positive regulation of growth hormone receptor signaling pathway	0	0.000255102040816327	1	-0.000490545765551631	2	1
GO:0060400	negative regulation of growth hormone receptor signaling pathway	0	0.000816326530612245	1	-0.0015685736443245	4	6
GO:0060402	calcium ion transport into cytosol	2	0.0341836734693878	0.000571116093033833	1.26855351299562	8	28
GO:0060406	positive regulation of penile erection	1	0.00221938775510204	0.00221692673508753	0.932977943067422	4	6
GO:0060411	cardiac septum morphogenesis	3	0.0455102040816327	1.51833772972185e-05	1.50233739388645	10	45
GO:0060413	atrial septum morphogenesis	6	0.0509948979591837	2.33804873168375e-11	1.95175864256193	10	45
GO:0060414	aorta smooth muscle tissue morphogenesis	0	0.00456632653061225	1	-0.00873070640718199	4	6
GO:0060415	muscle tissue morphogenesis	1	0.00303571428571429	0.0030311111606814	0.931418588231018	3	3
GO:0060416	response to growth hormone	2	0.0796173469387755	0.00300614943159069	1.19260143693903	11	55
GO:0060420	regulation of heart growth	0	0	1	0	1	0
GO:0060421	positive regulation of heart growth	0	0.00413265306122449	1	-0.00790605967821512	4	6
GO:0060426	lung vasculature development	1	0.0152551020408163	0.015139332411798	0.908471109986979	5	10
GO:0060427	lung connective tissue development	0	0.000637755102040816	1	-0.0012257394970483	2	1
GO:0060428	lung epithelium development	1	0.0175	0.0173477643349268	0.904333529760197	5	10
GO:0060429	epithelium development	0	0.000331632653061225	1	-0.000637644468527876	4	6
GO:0060430	lung saccule development	0	0.00198979591836735	1	-0.00381743930451406	4	6
GO:0060434	bronchus morphogenesis	0	0.00183673469387755	1	-0.00352450629726231	2	1
GO:0060435	bronchiole development	0	0.00122448979591837	1	-0.00235158324136442	3	3
GO:0060437	lung growth	0	0	1	0	1	0
GO:0060438	trachea development	0	0.00038265306122449	1	-0.000735693608334143	2	1
GO:0060440	trachea formation	0	0.00459183673469388	1	-0.00877918569215241	2	1
GO:0060442	branching involved in prostate gland morphogenesis	0	0.00306122448979592	1	-0.00586464629105354	2	1
GO:0060443	mammary gland morphogenesis	0	0	1	0	1	0
GO:0060444	branching involved in mammary gland duct morphogenesis	0	0.0038265306122449	1	-0.00732338798220078	5	10
GO:0060445	branching involved in salivary gland morphogenesis	2	0.0272448979591837	0.000364469453289591	1.28089074314502	8	28
GO:0060447	bud outgrowth involved in lung branching	1	0.00625	0.0062305093137382	0.925311187980887	3	3
GO:0060449	bud elongation involved in lung branching	0	0.00650510204081633	1	-0.0124058776978128	3	3
GO:0060452	positive regulation of cardiac muscle contraction	0	0.0237244897959184	1	-0.0442508116379688	5	10
GO:0060453	regulation of gastric acid secretion	0	0.00178571428571429	1	-0.00342683552053125	2	1
GO:0060455	negative regulation of gastric acid secretion	0	0	1	0	1	0
GO:0060463	lung lobe morphogenesis	1	0.0288520408163265	0.0284397949126955	0.883766441806479	5	10
GO:0060466	activation of meiosis involved in egg activation	0	0	1	0	1	0
GO:0060468	prevention of polyspermy	3	0.00298469387755102	4.42156515744706e-09	1.5792438909769	4	6
GO:0060471	cortical granule exocytosis	0	0.00130102040816327	1	-0.00249830296534115	2	1
GO:0060474	positive regulation of flagellated sperm motility involved in capacitation	1	0.00153061224489796	0.00152827305145186	0.934296275789736	2	1
GO:0060478	acrosomal vesicle exocytosis	3	0.012780612244898	3.4462132285489e-07	1.56078746090485	4	6
GO:0060480	lung goblet cell differentiation	0	5.10204081632653e-05	1	-9.81358440319546e-05	2	1
GO:0060484	lung-associated mesenchyme development	0	0.0194642857142857	1	-0.036502045400895	5	10
GO:0060485	mesenchyme development	1	0.00594387755102041	0.00592624765811929	0.925890622394889	4	6
GO:0060486	club cell differentiation	0	0.000306122448979592	1	-0.000588614900424389	2	1
GO:0060487	lung epithelial cell differentiation	0	0.00522959183673469	1	-0.00999011013372109	4	6
GO:0060492	lung induction	0	0.00607142857142857	1	-0.01158542413547	2	1
GO:0060501	positive regulation of epithelial cell proliferation involved in lung morphogenesis	0	0.00548469387755102	1	-0.0104739113057429	3	3
GO:0060502	epithelial cell proliferation involved in lung morphogenesis	0	0.00650510204081633	1	-0.0124058776978128	2	1
GO:0060509	type I pneumocyte differentiation	1	0.00272959183673469	0.00272586988817408	0.932002951339013	4	6
GO:0060510	type II pneumocyte differentiation	0	0.00415816326530612	1	-0.00795459441468049	5	10
GO:0060513	prostatic bud formation	1	0.0110714285714286	0.0110103658643481	0.916245961367488	4	6
GO:0060523	prostate epithelial cord elongation	0	0	1	0	1	0
GO:0060527	prostate epithelial cord arborization involved in prostate glandular acinus morphogenesis	0	0.00168367346938776	1	-0.00323145428411353	3	3
GO:0060528	secretory columnal luminar epithelial cell differentiation involved in prostate glandular acinus development	0	0.000510204081632653	1	-0.000980758166643114	2	1
GO:0060529	squamous basal epithelial stem cell differentiation involved in prostate gland acinus development	0	0	1	0	1	0
GO:0060532	bronchus cartilage development	0	0.00420918367346939	1	-0.00805165409195885	2	1
GO:0060534	trachea cartilage development	1	0.02125	0.0210258095736397	0.897474389136307	4	6
GO:0060535	trachea cartilage morphogenesis	0	0.00293367346938776	1	-0.00562123561877792	3	3
GO:0060536	cartilage morphogenesis	0	0.00135204081632653	1	-0.00259609953821927	4	6
GO:0060537	muscle tissue development	0	0.000153061224489796	1	-0.000294367488453351	2	1
GO:0060538	skeletal muscle organ development	0	0.00979591836734694	1	-0.0186014502652875	8	28
GO:0060539	diaphragm development	0	0.00943877551020408	1	-0.0179316309370486	6	15
GO:0060541	respiratory system development	0	0	1	0	1	0
GO:0060544	regulation of necroptotic process	1	0.00369897959183673	0.00369214678646696	0.930154089826606	3	3
GO:0060545	positive regulation of necroptotic process	0	0.00048469387755102	1	-0.000931751915023038	3	3
GO:0060560	developmental growth involved in morphogenesis	0	0.00076530612244898	1	-0.00147063765606126	2	1
GO:0060561	apoptotic process involved in morphogenesis	0	0.012015306122449	1	-0.0227500146186757	4	6
GO:0060563	neuroepithelial cell differentiation	1	0.021530612244898	0.0213004831787219	0.896963733470943	7	21
GO:0060571	morphogenesis of an epithelial fold	0	0	1	0	1	0
GO:0060574	intestinal epithelial cell maturation	0	0.000969387755102041	1	-0.00186230185487546	2	1
GO:0060575	intestinal epithelial cell differentiation	2	0.0736224489795918	0.00258071617121422	1.20217689696141	9	36
GO:0060576	intestinal epithelial cell development	0	0.00670918367346939	1	-0.0127916508311168	5	10
GO:0060579	ventral spinal cord interneuron fate commitment	0	0.000892857142857143	1	-0.00171545270013673	3	3
GO:0060585	positive regulation of prostaglandin-endoperoxide synthase activity	1	0.000918367346938775	0.000917524722193903	0.935470153217947	2	1
GO:0060591	chondroblast differentiation	0	0.00535714285714286	1	-0.0102320512798578	4	6
GO:0060595	fibroblast growth factor receptor signaling pathway involved in mammary gland specification	0	0	1	0	1	0
GO:0060596	mammary placode formation	0	7.6530612244898e-05	1	-0.00014719875991176	2	1
GO:0060603	mammary gland duct morphogenesis	0	0.0164540816326531	1	-0.0309762453713791	5	10
GO:0060613	fat pad development	0	0.0111989795918367	1	-0.0212268784107867	7	21
GO:0060615	mammary gland bud formation	0	0	1	0	1	0
GO:0060621	negative regulation of cholesterol import	1	0.00688775510204082	0.00684063845958956	0.924105525790726	2	1
GO:0060628	regulation of ER to Golgi vesicle-mediated transport	1	0.0194897959183673	0.0193010977307346	0.900685865157997	6	15
GO:0060629	regulation of homologous chromosome segregation	0	0	1	0	1	0
GO:0060631	regulation of meiosis I	0	0	1	0	1	0
GO:0060632	regulation of microtubule-based movement	0	0.000510204081632653	1	-0.000980758166643114	2	1
GO:0060633	negative regulation of transcription initiation by RNA polymerase II	0	0.000306122448979592	1	-0.000588614900424389	2	1
GO:0060638	mesenchymal-epithelial cell signaling	0	0.000714285714285714	1	-0.00137268836940874	2	1
GO:0060644	mammary gland epithelial cell differentiation	0	0.00956632653061225	1	-0.0181709235318602	4	6
GO:0060661	submandibular salivary gland formation	0	0	1	0	1	0
GO:0060662	salivary gland cavitation	1	0.00364795918367347	0.00364131346413117	0.930251280276827	4	6
GO:0060664	epithelial cell proliferation involved in salivary gland morphogenesis	1	0.00280612244897959	0.00279827016026456	0.93185681617551	2	1
GO:0060665	regulation of branching involved in salivary gland morphogenesis by mesenchymal-epithelial signaling	0	0.00165816326530612	1	-0.00318260070511378	3	3
GO:0060666	dichotomous subdivision of terminal units involved in salivary gland branching	5	0.0140051020408163	4.43792894352325e-12	1.89420188621122	4	6
GO:0060667	branch elongation involved in salivary gland morphogenesis	0	0	1	0	1	0
GO:0060669	embryonic placenta morphogenesis	1	0.0116581632653061	0.0115904694405738	0.915150520731083	3	3
GO:0060670	branching involved in labyrinthine layer morphogenesis	0	0.0234183673469388	1	-0.0436967812570896	7	21
GO:0060672	epithelial cell morphogenesis involved in placental branching	0	0	1	0	1	0
GO:0060674	placenta blood vessel development	1	0.0326530612244898	0.0321257055314889	0.877008932355946	11	55
GO:0060675	ureteric bud morphogenesis	0	0.00326530612244898	1	-0.00625393260403329	2	1
GO:0060676	ureteric bud formation	0	0.0116836734693878	1	-0.0221316283652498	5	10
GO:0060684	epithelial-mesenchymal cell signaling	1	0.0235204081632653	0.0232459470673	0.893353053623033	3	3
GO:0060685	regulation of prostatic bud formation	0	0	1	0	1	0
GO:0060686	negative regulation of prostatic bud formation	1	0.00344387755102041	0.00343205796364561	0.9306401730798	2	1
GO:0060687	regulation of branching involved in prostate gland morphogenesis	1	0.0107908163265306	0.0107328037670917	0.916770456398355	3	3
GO:0060688	regulation of morphogenesis of a branching structure	0	0	1	0	1	0
GO:0060689	cell differentiation involved in salivary gland development	0	0	1	0	1	0
GO:0060693	regulation of branching involved in salivary gland morphogenesis	0	0	1	0	1	0
GO:0060700	regulation of ribonuclease activity	1	0.00201530612244898	0.00201327675587399	0.933368309048913	3	3
GO:0060702	negative regulation of endoribonuclease activity	0	0	1	0	1	0
GO:0060706	cell differentiation involved in embryonic placenta development	1	0.0039030612244898	0.00389545418116553	0.929765458921957	6	15
GO:0060707	trophoblast giant cell differentiation	1	0.00586734693877551	0.00585016767404924	0.926035553752663	7	21
GO:0060710	chorio-allantoic fusion	0	0.0200255102040816	1	-0.0375276139754681	7	21
GO:0060711	labyrinthine layer development	0	0.00219387755102041	1	-0.00420783169420491	4	6
GO:0060715	syncytiotrophoblast cell differentiation involved in labyrinthine layer development	0	0.00145408163265306	1	-0.0027916529166977	2	1
GO:0060717	chorion development	0	0.00221938775510204	1	-0.00425661589064885	3	3
GO:0060718	chorionic trophoblast cell differentiation	1	0.00206632653061225	0.00206419314762164	0.933270697746945	4	6
GO:0060729	intestinal epithelial structure maintenance	0	0.0024234693877551	1	-0.00464677073509745	3	3
GO:0060732	positive regulation of inositol phosphate biosynthetic process	1	0.00441326530612245	0.00440354116112804	0.928794796701288	7	21
GO:0060736	prostate gland growth	1	0.0011734693877551	0.00117278114179128	0.934980805447709	4	6
GO:0060739	mesenchymal-epithelial cell signaling involved in prostate gland development	0	0.000637755102040816	1	-0.0012257394970483	2	1
GO:0060740	prostate gland epithelium morphogenesis	0	0.0183928571428571	1	-0.0345400835736991	6	15
GO:0060741	prostate gland stromal morphogenesis	0	0.000510204081632653	1	-0.000980758166643114	2	1
GO:0060742	epithelial cell differentiation involved in prostate gland development	1	0.000127551020408163	0.000127534753220253	0.936989244376402	2	1
GO:0060743	epithelial cell maturation involved in prostate gland development	0	0.00168367346938776	1	-0.00323145428411353	3	3
GO:0060744	mammary gland branching involved in thelarche	0	0.000306122448979592	1	-0.000588614900424389	2	1
GO:0060748	tertiary branching involved in mammary gland duct morphogenesis	0	0	1	0	1	0
GO:0060750	epithelial cell proliferation involved in mammary gland duct elongation	0	0	1	0	1	0
GO:0060754	positive regulation of mast cell chemotaxis	4	0.00589285714285714	5.00086605301239e-11	1.76091293921836	4	6
GO:0060761	negative regulation of response to cytokine stimulus	1	0.00293367346938776	0.00292937445437158	0.931613323339293	5	10
GO:0060762	regulation of branching involved in mammary gland duct morphogenesis	0	0	1	0	1	0
GO:0060763	mammary duct terminal end bud growth	0	0	1	0	1	0
GO:0060764	cell-cell signaling involved in mammary gland development	0	0	1	0	1	0
GO:0060767	epithelial cell proliferation involved in prostate gland development	0	0.00688775510204082	1	-0.013129033167345	3	3
GO:0060769	positive regulation of epithelial cell proliferation involved in prostate gland development	0	0	1	0	1	0
GO:0060770	negative regulation of epithelial cell proliferation involved in prostate gland development	0	0.000714285714285714	1	-0.00137268836940874	2	1
GO:0060785	regulation of apoptosis involved in tissue homeostasis	0	0	1	0	1	0
GO:0060789	hair follicle placode formation	0	0	1	0	1	0
GO:0060800	regulation of cell differentiation involved in embryonic placenta development	1	0.00204081632653061	0.00203873527609198	0.933319501746858	3	3
GO:0060809	mesodermal to mesenchymal transition involved in gastrulation	0	0.000102040816326531	1	-0.000196258338972743	2	1
GO:0060816	random inactivation of X chromosome	0	0.0104081632653061	1	-0.0197482669145419	6	15
GO:0060831	smoothened signaling pathway involved in dorsal/ventral neural tube patterning	1	0.00428571428571429	0.0042765437037852	0.929037339832736	3	3
GO:0060836	lymphatic endothelial cell differentiation	0	0.000943877551020408	1	-0.00181335545821926	4	6
GO:0060837	blood vessel endothelial cell differentiation	0	0.000612244897959184	1	-0.00117674988648608	3	3
GO:0060838	lymphatic endothelial cell fate commitment	1	7.6530612244898e-05	7.65276838522956e-05	0.937087360198159	3	3
GO:0060840	artery development	1	0.0458163265306123	0.0447826058280718	0.854084517579561	8	28
GO:0060841	venous blood vessel development	0	0.00158163265306122	1	-0.00303602011319593	3	3
GO:0060842	arterial endothelial cell differentiation	1	0.00038265306122449	0.000382506693867143	0.936498865349736	2	1
GO:0060856	establishment of blood-brain barrier	2	0.0335204081632653	0.000549410586768087	1.2697237282352	7	21
GO:0060887	limb epidermis development	0	0	1	0	1	0
GO:0060900	embryonic camera-type eye formation	0	0.000306122448979592	1	-0.000588614900424389	2	1
GO:0060903	positive regulation of meiosis I	0	0.000688775510204082	1	-0.00132370873805776	2	1
GO:0060912	cardiac cell fate specification	0	0	1	0	1	0
GO:0060913	cardiac cell fate determination	1	0.00392857142857143	0.00392086467744604	0.929716894777431	3	3
GO:0060914	heart formation	0	0.000612244897959184	1	-0.00117674988648608	2	1
GO:0060915	mesenchymal cell differentiation involved in lung development	0	0	1	0	1	0
GO:0060916	mesenchymal cell proliferation involved in lung development	0	0.000561224489795918	1	-0.00107876068298762	2	1
GO:0060923	cardiac muscle cell fate commitment	0	0.000229591836734694	1	-0.000441506197876307	2	1
GO:0060928	atrioventricular node cell development	1	0.00357142857142857	0.00356505859922136	0.930397090509532	3	3
GO:0060929	atrioventricular node cell fate commitment	1	0.00153061224489796	0.00152827305145186	0.934296275789736	2	1
GO:0060931	sinoatrial node cell development	0	0.000102040816326531	1	-0.000196258338972743	2	1
GO:0060940	epithelial to mesenchymal transition involved in cardiac fibroblast development	0	0	1	0	1	0
GO:0060947	cardiac vascular smooth muscle cell differentiation	1	0.00119897959183673	0.00119826110289984	0.934931888923739	3	3
GO:0060948	cardiac vascular smooth muscle cell development	0	0	1	0	1	0
GO:0060956	endocardial cell differentiation	0	0.00086734693877551	1	-0.0016664963378088	3	3
GO:0060964	regulation of miRNA-mediated gene silencing	0	0.00076530612244898	1	-0.00147063765606126	2	1
GO:0060965	negative regulation of miRNA-mediated gene silencing	0	0	1	0	1	0
GO:0060971	embryonic heart tube left/right pattern formation	0	0.00471938775510204	1	-0.00902153325715471	5	10
GO:0060972	left/right pattern formation	0	0.00107142857142857	1	-0.00205805423611594	4	6
GO:0060977	coronary vasculature morphogenesis	0	0.000459183673469388	1	-0.000882742333834563	2	1
GO:0060978	angiogenesis involved in coronary vascular morphogenesis	0	0.00267857142857143	1	-0.00513416772691355	2	1
GO:0060979	vasculogenesis involved in coronary vascular morphogenesis	0	0.000102040816326531	1	-0.000196258338972743	2	1
GO:0060980	cell migration involved in coronary vasculogenesis	0	0	1	0	1	0
GO:0060982	coronary artery morphogenesis	0	0.0324744897959184	1	-0.0599095728529379	4	6
GO:0060988	lipid tube assembly	0	0.00122448979591837	1	-0.00235158324136442	2	1
GO:0060992	response to fungicide	0	0.000739795918367347	1	-0.0014216646752595	3	3
GO:0060993	kidney morphogenesis	3	0.0228061224489796	1.94347480923e-06	1.54237505843002	7	21
GO:0060996	dendritic spine development	2	0.0400255102040816	0.000779963979087191	1.25832779579858	11	55
GO:0060998	regulation of dendritic spine development	0	0.0453316326530612	1	-0.0823187185140217	6	15
GO:0061000	negative regulation of dendritic spine development	0	0.0060969387755102	1	-0.0116337119502248	4	6
GO:0061002	negative regulation of dendritic spine morphogenesis	0	0.017219387755102	1	-0.0323851276951189	5	10
GO:0061005	cell differentiation involved in kidney development	1	0.00244897959183673	0.00244299674267101	0.932539033701618	2	1
GO:0061009	common bile duct development	0	0.00586734693877551	1	-0.0111990052054073	3	3
GO:0061010	gallbladder development	0	0.00168367346938776	1	-0.00323145428411353	2	1
GO:0061014	positive regulation of mRNA catabolic process	3	0.0653826530612245	4.4358291448592e-05	1.46902897782932	11	55
GO:0061017	hepatoblast differentiation	0	5.10204081632653e-05	1	-9.81358440319546e-05	2	1
GO:0061026	cardiac muscle tissue regeneration	0	0	1	0	1	0
GO:0061029	eyelid development in camera-type eye	0	0.0113265306122449	1	-0.0214650805463081	6	15
GO:0061030	epithelial cell differentiation involved in mammary gland alveolus development	0	0.000102040816326531	1	-0.000196258338972743	2	1
GO:0061031	endodermal digestive tract morphogenesis	0	0.000612244897959184	1	-0.00117674988648608	2	1
GO:0061032	visceral serous pericardium development	0	0.000688775510204082	1	-0.00132370873805776	2	1
GO:0061033	secretion by lung epithelial cell involved in lung growth	0	0.000510204081632653	1	-0.000980758166643114	2	1
GO:0061034	olfactory bulb mitral cell layer development	0	0.00318877551020408	1	-0.00610797485481962	3	3
GO:0061035	regulation of cartilage development	0	0.000178571428571429	1	-0.000343417059780471	2	1
GO:0061037	negative regulation of cartilage development	0	0.024234693877551	1	-0.045173251048127	5	10
GO:0061038	uterus morphogenesis	0	0.00933673469387755	1	-0.0177401396907835	4	6
GO:0061041	regulation of wound healing	0	0.000535714285714286	1	-0.00102976108914732	2	1
GO:0061042	vascular wound healing	0	0.00795918367346939	1	-0.0151500201379434	5	10
GO:0061044	negative regulation of vascular wound healing	0	0.000892857142857143	1	-0.00171545270013673	2	1
GO:0061047	positive regulation of branching involved in lung morphogenesis	0	0	1	0	1	0
GO:0061049	cell growth involved in cardiac muscle cell development	0	0.00377551020408163	1	-0.00722623025824154	3	3
GO:0061051	positive regulation of cell growth involved in cardiac muscle cell development	0	0.00357142857142857	1	-0.00683746844853828	3	3
GO:0061052	negative regulation of cell growth involved in cardiac muscle cell development	0	0.00673469387755102	1	-0.0128398579698686	4	6
GO:0061055	myotome development	0	0.00150510204081633	1	-0.00288940972948382	3	3
GO:0061056	sclerotome development	0	7.6530612244898e-05	1	-0.00014719875991176	2	1
GO:0061061	muscle structure development	0	0.00293367346938776	1	-0.00562123561877792	6	15
GO:0061072	iris morphogenesis	0	0.0246428571428571	1	-0.0459103542114545	8	28
GO:0061073	ciliary body morphogenesis	1	0.00344387755102041	0.00343795420061114	0.9306401730798	3	3
GO:0061074	regulation of neural retina development	0	0.00038265306122449	1	-0.000735693608334143	2	1
GO:0061084	negative regulation of protein refolding	0	0	1	0	1	0
GO:0061092	positive regulation of phospholipid translocation	2	0.00323979591836735	5.2368172901579e-06	1.32527722305887	4	6
GO:0061097	regulation of protein tyrosine kinase activity	0	2.55102040816327e-05	1	-4.90695908794692e-05	2	1
GO:0061098	positive regulation of protein tyrosine kinase activity	2	0.0428316326530612	0.000891498072012577	1.25346694505706	11	55
GO:0061099	negative regulation of protein tyrosine kinase activity	0	0.00168367346938776	1	-0.00323145428411353	5	10
GO:0061101	neuroendocrine cell differentiation	0	0.00668367346938776	1	-0.012743440470501	5	10
GO:0061102	stomach neuroendocrine cell differentiation	0	0.00102040816326531	1	-0.0019601846856715	2	1
GO:0061104	adrenal chromaffin cell differentiation	0	0.00038265306122449	1	-0.000735693608334143	2	1
GO:0061113	pancreas morphogenesis	0	0	1	0	1	0
GO:0061138	morphogenesis of a branching epithelium	0	0.00280612244897959	1	-0.00537774278256054	2	1
GO:0061144	alveolar secondary septum development	0	0.000637755102040816	1	-0.0012257394970483	2	1
GO:0061145	lung smooth muscle development	0	0.00420918367346939	1	-0.00805165409195885	2	1
GO:0061146	Peyer's patch morphogenesis	1	0.00178571428571429	0.0017825311942959	0.933807723437539	2	1
GO:0061153	trachea gland development	0	0.000841836734693878	1	-0.00161753665268849	2	1
GO:0061154	endothelial tube morphogenesis	0	0.0135714285714286	1	-0.0256446143484272	6	15
GO:0061156	pulmonary artery morphogenesis	1	0.0218367346938776	0.0216000392188727	0.896407066546511	6	15
GO:0061159	establishment of bipolar cell polarity involved in cell morphogenesis	0	0.000153061224489796	1	-0.000294367488453351	2	1
GO:0061162	establishment of monopolar cell polarity	0	7.6530612244898e-05	1	-0.00014719875991176	2	1
GO:0061179	negative regulation of insulin secretion involved in cellular response to glucose stimulus	0	0.000459183673469388	1	-0.000882742333834563	4	6
GO:0061180	mammary gland epithelium development	0	0.0528571428571429	1	-0.0951192901176504	6	15
GO:0061182	negative regulation of chondrocyte development	0	0	1	0	1	0
GO:0061184	positive regulation of dermatome development	1	0.00872448979591837	0.00864903140964038	0.920644435486067	2	1
GO:0061188	negative regulation of rDNA heterochromatin formation	0	5.10204081632653e-05	1	-9.81358440319546e-05	2	1
GO:0061197	fungiform papilla morphogenesis	0	0.000102040816326531	1	-0.000196258338972743	2	1
GO:0061205	paramesonephric duct development	0	0.000969387755102041	1	-0.00186230185487546	2	1
GO:0061298	retina vasculature development in camera-type eye	0	0.00112244897959184	1	-0.00215591050981212	3	3
GO:0061299	retina vasculature morphogenesis in camera-type eye	0	0.0106377551020408	1	-0.0201778535399099	3	3
GO:0061303	cornea development in camera-type eye	0	0.0324234693877551	1	-0.0598192463413693	8	28
GO:0061304	retinal blood vessel morphogenesis	1	0.00607142857142857	0.00605303469351171	0.925649134822601	4	6
GO:0061308	cardiac neural crest cell development involved in heart development	0	0	1	0	1	0
GO:0061309	cardiac neural crest cell development involved in outflow tract morphogenesis	0	0.0025765306122449	1	-0.00493924844708282	3	3
GO:0061311	cell surface receptor signaling pathway involved in heart development	1	0.000306122448979592	0.00030602876670407	0.936645944057646	2	1
GO:0061326	renal tubule development	0	0.000459183673469388	1	-0.000882742333834563	2	1
GO:0061333	renal tubule morphogenesis	0	0.0025765306122449	1	-0.00493924844708282	3	3
GO:0061337	cardiac conduction	2	0.0339795918367347	0.000564393716993789	1.26891337706916	6	15
GO:0061355	Wnt protein secretion	0	0.00173469387755102	1	-0.0033291515173427	2	1
GO:0061357	positive regulation of Wnt protein secretion	0	0.0036734693877551	1	-0.00703187554321838	3	3
GO:0061364	apoptotic process involved in luteolysis	2	0.00224489795918367	2.51601443556801e-06	1.32717710957314	3	3
GO:0061367	behavioral response to acetic acid induced pain	0	0	1	0	1	0
GO:0061368	behavioral response to formalin induced pain	0	0	1	0	1	0
GO:0061370	testosterone biosynthetic process	0	0.00443877551020408	1	-0.00848826109839473	3	3
GO:0061371	determination of heart left/right asymmetry	0	0.00191326530612245	1	-0.00367098767058405	3	3
GO:0061384	heart trabecula morphogenesis	2	0.00869897959183674	3.76174133239079e-05	1.31494034004247	5	10
GO:0061430	bone trabecula morphogenesis	0	0	1	0	1	0
GO:0061431	cellular response to methionine	0	0.00339285714285714	1	-0.00649712990934237	3	3
GO:0061441	renal artery morphogenesis	0	0.00267857142857143	1	-0.00513416772691355	2	1
GO:0061448	connective tissue development	0	0.00119897959183673	1	-0.00230267003433127	3	3
GO:0061458	reproductive system development	0	5.10204081632653e-05	1	-9.81358440319546e-05	2	1
GO:0061469	regulation of type B pancreatic cell proliferation	0	0.000357142857142857	1	-0.000686670704346692	2	1
GO:0061470	T follicular helper cell differentiation	1	0.00198979591836735	0.00198781758684518	0.933417119653557	5	10
GO:0061502	early endosome to recycling endosome transport	0	0.00214285714285714	1	-0.00411025340248428	2	1
GO:0061511	centriole elongation	0	0	1	0	1	0
GO:0061515	myeloid cell development	0	0.000255102040816327	1	-0.000490545765551631	2	1
GO:0061518	microglial cell proliferation	4	0.0271428571428571	2.21301766354973e-08	1.72175150834853	8	28
GO:0061519	macrophage homeostasis	0	0.000510204081632653	1	-0.000980758166643114	2	1
GO:0061520	Langerhans cell differentiation	1	0.00688775510204082	0.00686408879112422	0.924105525790726	3	3
GO:0061523	cilium disassembly	0	0.000255102040816327	1	-0.000490545765551631	2	1
GO:0061534	gamma-aminobutyric acid secretion, neurotransmission	0	0	1	0	1	0
GO:0061535	glutamate secretion, neurotransmission	1	0.000663265306122449	0.000663045394303887	0.935959833177316	3	3
GO:0061548	ganglion development	0	0	1	0	1	0
GO:0061549	sympathetic ganglion development	5	0.0526785714285714	3.2354573499433e-09	1.82583296295544	7	21
GO:0061551	trigeminal ganglion development	1	0.0140561224489796	0.0139577963933138	0.910690715225178	4	6
GO:0061572	actin filament bundle organization	0	0	1	0	1	0
GO:0061577	calcium ion transmembrane transport via high voltage-gated calcium channel	1	0.00563775510204082	0.00560614900687451	0.926470522623436	2	1
GO:0061589	calcium activated phosphatidylserine scrambling	0	0	1	0	1	0
GO:0061590	calcium activated phosphatidylcholine scrambling	0	0	1	0	1	0
GO:0061624	fructose catabolic process to hydroxyacetone phosphate and glyceraldehyde-3-phosphate	1	0.000688775510204082	0.000688301425038876	0.935910850220013	2	1
GO:0061626	pharyngeal arch artery morphogenesis	2	0.0351020408163265	0.000601847615006804	1.26693634263739	7	21
GO:0061643	chemorepulsion of axon	1	0.00191326530612245	0.00191143618022022	0.933563571287486	3	3
GO:0061646	positive regulation of glutamate neurotransmitter secretion in response to membrane depolarization	0	0.000918367346938775	1	-0.00176440574012327	2	1
GO:0061668	mitochondrial ribosome assembly	1	0.00201530612244898	0.00201327675655881	0.933368309048913	6	15
GO:0061669	spontaneous neurotransmitter secretion	0	0.00698979591836735	1	-0.0133217522495612	6	15
GO:0061684	chaperone-mediated autophagy	0	0	1	0	1	0
GO:0061692	cellular detoxification of hydrogen peroxide	0	0.00285714285714286	1	-0.00547514978027042	2	1
GO:0061698	protein deglutarylation	0	0	1	0	1	0
GO:0061723	glycophagy	9	0.0274234693877551	2.35841921560177e-20	2.27101616981427	8	28
GO:0061724	lipophagy	0	0.00334183673469388	1	-0.00639986082607147	3	3
GO:0061728	GDP-mannose biosynthetic process from mannose	1	0.000535714285714286	0.000535427449580582	0.936204797868923	2	1
GO:0061729	GDP-D-mannose biosynthetic process from fructose-6-phosphate	1	0.00285714285714286	0.00284900284900285	0.9317594091778	2	1
GO:0061734	type 2 mitophagy	0	0.00760204081632653	1	-0.0144769867478177	3	3
GO:0061737	leukotriene signaling pathway	2	0.000331632653061225	5.49779521230331e-08	1.33084486189269	4	6
GO:0061738	late endosomal microautophagy	1	0.00298469387755102	0.00297581198972455	0.931515949213815	2	1
GO:0061739	protein lipidation involved in autophagosome assembly	1	0.00290816326530612	0.00290393865479527	0.931662015331646	4	6
GO:0061740	protein targeting to lysosome involved in chaperone-mediated autophagy	0	0.00086734693877551	1	-0.0016664963378088	2	1
GO:0061743	motor learning	0	0.00280612244897959	1	-0.00537774278256054	2	1
GO:0061753	substrate localization to autophagosome	0	0.00188775510204082	1	-0.0036221638511168	3	3
GO:0061756	leukocyte adhesion to vascular endothelial cell	0	0	1	0	1	0
GO:0061762	CAMKK-AMPK signaling cascade	1	0.00272959183673469	0.00272586988817408	0.932002951339013	5	10
GO:0061763	multivesicular body-lysosome fusion	10	0.0523214285714286	4.02077705482765e-20	2.30082293082038	5	10
GO:0061764	late endosome to lysosome transport via multivesicular body sorting pathway	1	0.00298469387755102	0.00297581198972455	0.931515949213815	2	1
GO:0061771	response to caloric restriction	0	0	1	0	1	0
GO:0061789	dense core granule priming	3	0.00244897959183673	2.44197194037816e-09	1.5802669754647	3	3
GO:0061795	Golgi lumen acidification	2	0.00971938775510204	4.69279406627136e-05	1.3130245364585	3	3
GO:0061817	endoplasmic reticulum-plasma membrane tethering	4	0.00551020408163265	3.82424079229272e-11	1.76163798453063	5	10
GO:0061819	telomeric DNA-containing double minutes formation	0	0	1	0	1	0
GO:0061820	telomeric D-loop disassembly	7	0.0471173469387755	9.81603688378153e-14	2.0634635130462	7	21
GO:0061824	cytosolic ciliogenesis	0	0.000357142857142857	1	-0.000686670704346692	3	3
GO:0061833	protein localization to tricellular tight junction	0	0	1	0	1	0
GO:0061857	endoplasmic reticulum stress-induced pre-emptive quality control	0	0	1	0	1	0
GO:0061870	positive regulation of hepatic stellate cell migration	0	0.000306122448979592	1	-0.000588614900424389	2	1
GO:0061885	positive regulation of mini excitatory postsynaptic potential	0	0.000280612244897959	1	-0.000539581999583372	2	1
GO:0061886	negative regulation of mini excitatory postsynaptic potential	0	0	1	0	1	0
GO:0061889	negative regulation of astrocyte activation	0	0.00155612244897959	1	-0.00298715329608912	3	3
GO:0061909	autophagosome-lysosome fusion	1	0.012015306122449	0.0119434105689541	0.914484544339395	7	21
GO:0061939	c-di-GMP signaling	1	0.000510204081632653	0.000509943906170321	0.936253800791427	2	1
GO:0061944	negative regulation of protein K48-linked ubiquitination	0	0	1	0	1	0
GO:0061951	establishment of protein localization to plasma membrane	0	0.00311224489795918	1	-0.00596198756647892	4	6
GO:0061966	establishment of left/right asymmetry	2	0.00392857142857143	7.69665571543478e-06	1.32396484218057	6	15
GO:0061975	articular cartilage development	0	0.00479591836734694	1	-0.0091669027240312	3	3
GO:0062009	secondary palate development	6	0.0793622448979592	3.24212237095443e-10	1.9052552386858	9	36
GO:0062029	positive regulation of stress granule assembly	3	0.00362244897959184	7.90088574288937e-09	1.57802782217606	4	6
GO:0062030	negative regulation of stress granule assembly	0	0	1	0	1	0
GO:0062043	positive regulation of cardiac epithelial to mesenchymal transition	0	0	1	0	1	0
GO:0062044	negative regulation of cardiac epithelial to mesenchymal transition	0	0	1	0	1	0
GO:0062094	stomach development	0	0	1	0	1	0
GO:0062100	positive regulation of programmed necrotic cell death	0	0	1	0	1	0
GO:0062111	zinc ion import into organelle	0	0.000561224489795918	1	-0.00107876068298762	4	6
GO:0062176	R-loop processing	1	0.0118877551020408	0.0118173749049332	0.914722322474008	6	15
GO:0062177	radial spoke assembly	1	0.00255102040816327	0.00254452926208651	0.932344048561778	2	1
GO:0062196	regulation of lysosome size	28	0.0681632653061225	6.70948196005689e-63	3.00031914186348	9	36
GO:0062197	cellular response to chemical stress	0	0.000790816326530612	1	-0.00151960731226586	3	3
GO:0062234	platelet activating factor catabolic process	0	0.000510204081632653	1	-0.000980758166643114	2	1
GO:0065001	specification of axis polarity	0	0	1	0	1	0
GO:0065002	intracellular protein transmembrane transport	0	0	1	0	1	0
GO:0065004	protein-DNA complex assembly	0	0.00170918367346939	1	-0.00328030455470707	3	3
GO:0070072	vacuolar proton-transporting V-type ATPase complex assembly	1	0.000637755102040816	0.000637348629700446	0.936008819461022	2	1
GO:0070075	tear secretion	0	0.000433673469387755	1	-0.000833729422625384	3	3
GO:0070086	ubiquitin-dependent endocytosis	0	0.000535714285714286	1	-0.00102976108914732	2	1
GO:0070093	negative regulation of glucagon secretion	0	0.000255102040816327	1	-0.000490545765551631	2	1
GO:0070094	positive regulation of glucagon secretion	0	0.000688775510204082	1	-0.00132370873805776	2	1
GO:0070100	negative regulation of chemokine-mediated signaling pathway	2	0.00362244897959184	6.54524505111492e-06	1.32454782781611	4	6
GO:0070101	positive regulation of chemokine-mediated signaling pathway	0	0	1	0	1	0
GO:0070102	interleukin-6-mediated signaling pathway	1	0.0105357142857143	0.0104804080486063	0.917247601223561	4	6
GO:0070104	negative regulation of interleukin-6-mediated signaling pathway	0	0	1	0	1	0
GO:0070105	positive regulation of interleukin-6-mediated signaling pathway	0	0	1	0	1	0
GO:0070106	interleukin-27-mediated signaling pathway	7	0.0250255102040816	1.19327849787628e-15	2.10223956928536	6	15
GO:0070120	ciliary neurotrophic factor-mediated signaling pathway	5	0.0136224489795918	3.86512423359734e-12	1.89491180411168	4	6
GO:0070126	mitochondrial translational termination	0	2.55102040816327e-05	1	-4.90695908794692e-05	2	1
GO:0070129	regulation of mitochondrial translation	1	0.00441326530612245	0.00440354116112804	0.928794796701288	5	10
GO:0070164	negative regulation of adiponectin secretion	3	0.00275510204081633	3.47588412013432e-09	1.57968217809141	3	3
GO:0070165	positive regulation of adiponectin secretion	0	0	1	0	1	0
GO:0070168	negative regulation of biomineral tissue development	1	0.00408163265306122	0.00407331411209529	0.929425578550636	4	6
GO:0070169	positive regulation of biomineral tissue development	0	0.000102040816326531	1	-0.000196258338972743	2	1
GO:0070171	negative regulation of tooth mineralization	0	0	1	0	1	0
GO:0070172	positive regulation of tooth mineralization	0	0.00357142857142857	1	-0.00683746844853828	3	3
GO:0070173	regulation of enamel mineralization	0	0.000204081632653061	1	-0.000392463296103651	2	1
GO:0070175	positive regulation of enamel mineralization	1	0.000816326530612245	0.000815993426738149	0.935665985313746	3	3
GO:0070178	D-serine metabolic process	1	0.00153061224489796	0.00152827305145186	0.934296275789736	2	1
GO:0070189	kynurenine metabolic process	6	0.0231887755102041	2.10990860586901e-13	2.00045044158179	4	6
GO:0070192	chromosome organization involved in meiotic cell cycle	0	0.000994897959183673	1	-0.00191124493054273	4	6
GO:0070194	synaptonemal complex disassembly	0	0	1	0	1	0
GO:0070197	meiotic attachment of telomere to nuclear envelope	5	0.00323979591836735	2.9664330261709e-15	1.91444584368812	5	10
GO:0070198	protein localization to chromosome, telomeric region	8	0.042780612244898	2.67882514270628e-16	2.16263587094007	9	36
GO:0070200	establishment of protein localization to telomere	1	0.0023469387755102	0.00234418686797603	0.932734071561517	4	6
GO:0070201	regulation of establishment of protein localization	0	0.00150510204081633	1	-0.00288940972948382	4	6
GO:0070203	regulation of establishment of protein localization to telomere	0	0.00107142857142857	1	-0.00205805423611594	2	1
GO:0070212	protein poly-ADP-ribosylation	0	0.00630102040816327	1	-0.0120198981445224	5	10
GO:0070213	protein auto-ADP-ribosylation	0	0.00566326530612245	1	-0.0108123791634869	4	6
GO:0070221	sulfide oxidation, using sulfide:quinone oxidoreductase	0	0	1	0	1	0
GO:0070231	T cell apoptotic process	0	0.0209183673469388	1	-0.0391562012317005	9	36
GO:0070232	regulation of T cell apoptotic process	0	0.000510204081632653	1	-0.000980758166643114	2	1
GO:0070233	negative regulation of T cell apoptotic process	0	0.0239285714285714	1	-0.044619928964915	7	21
GO:0070234	positive regulation of T cell apoptotic process	0	0.0164795918367347	1	-0.0310232524757875	6	15
GO:0070236	negative regulation of activation-induced cell death of T cells	0	0.000357142857142857	1	-0.000686670704346692	2	1
GO:0070242	thymocyte apoptotic process	3	0.0376785714285714	8.66704242423221e-06	1.51589853476408	8	28
GO:0070244	negative regulation of thymocyte apoptotic process	0	0.0244387755102041	1	-0.0455418967801542	7	21
GO:0070245	positive regulation of thymocyte apoptotic process	0	0	1	0	1	0
GO:0070252	actin-mediated cell contraction	0	0.000127551020408163	1	-0.000245314581668765	2	1
GO:0070254	mucus secretion	0	0.0171683673469388	1	-0.0322912877677791	8	28
GO:0070256	negative regulation of mucus secretion	0	0.000178571428571429	1	-0.000343417059780471	2	1
GO:0070257	positive regulation of mucus secretion	0	0.00426020408163265	1	-0.00814870071129592	3	3
GO:0070262	peptidyl-serine dephosphorylation	0	0.000127551020408163	1	-0.000245314581668765	3	3
GO:0070268	cornification	0	0.000790816326530612	1	-0.00151960731226586	3	3
GO:0070278	extracellular matrix constituent secretion	0	0.00255102040816327	1	-0.00489051039629274	2	1
GO:0070291	N-acylethanolamine metabolic process	1	0.000612244897959184	0.000612057514289312	0.936057809071585	3	3
GO:0070292	N-acylphosphatidylethanolamine metabolic process	0	0.00038265306122449	1	-0.000735693608334143	2	1
GO:0070293	renal absorption	1	0.0101020408163265	0.0100511865898851	0.918059472463392	7	21
GO:0070294	renal sodium ion absorption	6	0.0337244897959184	1.98513294334005e-12	1.98161237403346	10	45
GO:0070295	renal water absorption	0	0.000306122448979592	1	-0.000588614900424389	4	6
GO:0070296	sarcoplasmic reticulum calcium ion transport	1	0.0126530612244898	0.0125733478057741	0.913296827931104	4	6
GO:0070305	response to cGMP	0	0.000688775510204082	1	-0.00132370873805776	2	1
GO:0070307	lens fiber cell development	1	0.0386734693877551	0.0379351985281599	0.866433639530166	8	28
GO:0070309	lens fiber cell morphogenesis	0	0.00244897959183673	1	-0.00469552525645312	4	6
GO:0070314	G1 to G0 transition	1	0.00859693877551021	0.00856009076631986	0.920884253141936	6	15
GO:0070315	G1 to G0 transition involved in cell differentiation	0	0.000408163265306122	1	-0.000784713180942753	3	3
GO:0070317	negative regulation of G0 to G1 transition	0	0.00206632653061225	1	-0.00396386121112546	3	3
GO:0070318	positive regulation of G0 to G1 transition	0	0.000612244897959184	1	-0.00117674988648608	2	1
GO:0070327	thyroid hormone transport	4	0.0063265306122449	6.64130435698717e-11	1.76009210122708	10	45
GO:0070341	fat cell proliferation	0	0.000816326530612245	1	-0.0015685736443245	3	3
GO:0070343	white fat cell proliferation	0	0.000892857142857143	1	-0.00171545270013673	2	1
GO:0070345	negative regulation of fat cell proliferation	1	0.00102040816326531	0.00101988772384563	0.935274374272399	3	3
GO:0070346	positive regulation of fat cell proliferation	0	0	1	0	1	0
GO:0070352	positive regulation of white fat cell proliferation	0	0	1	0	1	0
GO:0070358	actin polymerization-dependent cell motility	3	0.0320408163265306	5.35218946787219e-06	1.52582106398312	7	21
GO:0070365	hepatocyte differentiation	2	0.020765306122449	0.000212637430097987	1.29260523051307	9	36
GO:0070370	cellular heat acclimation	0	0	1	0	1	0
GO:0070375	ERK5 cascade	0	0.000357142857142857	1	-0.000686670704346692	2	1
GO:0070378	positive regulation of ERK5 cascade	0	5.10204081632653e-05	1	-9.81358440319546e-05	2	1
GO:0070383	DNA cytosine deamination	2	0.00125	7.80599263407416e-07	1.3290820132293	5	10
GO:0070384	Harderian gland development	0	0.00385204081632653	1	-0.00737196193733469	3	3
GO:0070417	cellular response to cold	2	0.00602040816326531	1.80500839825307e-05	1.31999366755366	7	21
GO:0070427	nucleotide-binding oligomerization domain containing 1 signaling pathway	0	0	1	0	1	0
GO:0070431	nucleotide-binding oligomerization domain containing 2 signaling pathway	0	0.00112244897959184	1	-0.00215591050981212	3	3
GO:0070433	negative regulation of nucleotide-binding oligomerization domain containing 2 signaling pathway	0	0.000586734693877551	1	-0.00112775694861655	3	3
GO:0070434	positive regulation of nucleotide-binding oligomerization domain containing 2 signaling pathway	0	0.00107142857142857	1	-0.00205805423611594	2	1
GO:0070445	regulation of oligodendrocyte progenitor proliferation	0	0.00160714285714286	1	-0.00308488362010329	2	1
GO:0070447	positive regulation of oligodendrocyte progenitor proliferation	0	0	1	0	1	0
GO:0070455	positive regulation of heme biosynthetic process	0	0.000229591836734694	1	-0.000441506197876307	2	1
GO:0070458	cellular detoxification of nitrogen compound	2	0.00119897959183673	7.18201671172157e-07	1.32917983632688	3	3
GO:0070459	prolactin secretion	0	0.00198979591836735	1	-0.00381743930451406	2	1
GO:0070460	thyroid-stimulating hormone secretion	1	5.10204081632653e-05	5.10178052140197e-05	0.937136423114039	2	1
GO:0070474	positive regulation of uterine smooth muscle contraction	1	0.00908163265306122	0.00904051918052416	0.919973369899347	7	21
GO:0070475	rRNA base methylation	0	0.00102040816326531	1	-0.0019601846856715	3	3
GO:0070476	rRNA (guanine-N7)-methylation	1	0.000178571428571429	0.000178539546509552	0.93689114189829	2	1
GO:0070478	nuclear-transcribed mRNA catabolic process, 3'-5' exonucleolytic nonsense-mediated decay	1	0.000255102040816327	0.000255036980362153	0.936744013192519	2	1
GO:0070482	response to oxygen levels	3	0.00107142857142857	2.04828055660313e-10	1.58290444648504	4	6
GO:0070483	detection of hypoxia	1	0.00331632653061225	0.00330536486142893	0.930883337592619	2	1
GO:0070487	monocyte aggregation	0	0	1	0	1	0
GO:0070488	neutrophil aggregation	1	0.000102040816326531	0.000102030405060708	0.937038300619098	2	1
GO:0070489	T cell aggregation	0	0	1	0	1	0
GO:0070493	thrombin-activated receptor signaling pathway	2	0.00938775510204082	4.37901605802071e-05	1.31364661469306	7	21
GO:0070495	negative regulation of thrombin-activated receptor signaling pathway	0	0	1	0	1	0
GO:0070508	cholesterol import	0	0.00596938775510204	1	-0.0113922405455514	5	10
GO:0070525	tRNA threonylcarbamoyladenosine metabolic process	2	0.00145408163265306	1.05615244165891e-06	1.32869085344452	4	6
GO:0070528	protein kinase C signaling	0	0.000331632653061225	1	-0.000637644468527876	3	3
GO:0070541	response to platinum ion	3	0.00831632653061225	9.5067399469801e-08	1.56914007456301	3	3
GO:0070543	response to linoleic acid	0	0.00854591836734694	1	-0.0162543564251381	3	3
GO:0070561	vitamin D receptor signaling pathway	0	0	1	0	1	0
GO:0070562	regulation of vitamin D receptor signaling pathway	0	0	1	0	1	0
GO:0070563	negative regulation of vitamin D receptor signaling pathway	0	5.10204081632653e-05	1	-9.81358440319546e-05	2	1
GO:0070564	positive regulation of vitamin D receptor signaling pathway	0	0.00102040816326531	1	-0.0019601846856715	2	1
GO:0070574	cadmium ion transmembrane transport	3	0.00186224489795918	1.07486169252405e-09	1.58138916399433	5	10
GO:0070585	protein localization to mitochondrion	2	0.0153061224489796	0.000115950232256571	1.30262475743307	7	21
GO:0070602	regulation of centromeric sister chromatid cohesion	0	0.00214285714285714	1	-0.00411025340248428	2	1
GO:0070613	regulation of protein processing	0	0.0125255102040816	1	-0.0237003441421296	4	6
GO:0070633	transepithelial transport	3	0.00160714285714286	6.91017009908721e-10	1.58187761710105	9	36
GO:0070634	transepithelial ammonium transport	0	0	1	0	1	0
GO:0070649	formin-nucleated actin cable assembly	2	0.000306122448979592	4.6845915274222e-08	1.33089389146079	3	3
GO:0070662	mast cell proliferation	0	0.000357142857142857	1	-0.000686670704346692	2	1
GO:0070664	negative regulation of leukocyte proliferation	0	0.000229591836734694	1	-0.000441506197876307	2	1
GO:0070665	positive regulation of leukocyte proliferation	2	0.00170918367346939	1.45899112997784e-06	1.32820220180651	4	6
GO:0070667	negative regulation of mast cell proliferation	0	0	1	0	1	0
GO:0070668	positive regulation of mast cell proliferation	0	0	1	0	1	0
GO:0070673	response to interleukin-18	0	0	1	0	1	0
GO:0070676	intralumenal vesicle formation	0	0.000918367346938775	1	-0.00176440574012327	2	1
GO:0070681	glutaminyl-tRNAGln biosynthesis via transamidation	3	0.00323979591836735	5.6493006223671e-09	1.57875721741881	3	3
GO:0070682	proteasome regulatory particle assembly	3	0.000306122448979592	4.77970771086848e-12	1.58437388582073	3	3
GO:0070716	mismatch repair involved in maintenance of fidelity involved in DNA-dependent DNA replication	1	0.000918367346938775	0.000917524722193903	0.935470153217947	2	1
GO:0070723	response to cholesterol	0	0.0104081632653061	1	-0.0197482669145419	5	10
GO:0070741	response to interleukin-6	0	0.00119897959183673	1	-0.00230267003433127	3	3
GO:0070778	L-aspartate transmembrane transport	0	0.00114795918367347	1	-0.00220483366900515	5	10
GO:0070779	D-aspartate import across plasma membrane	1	0.000790816326530612	0.000790503713711329	0.935714951645805	5	10
GO:0070781	response to biotin	0	0.00196428571428571	1	-0.00376862539683553	2	1
GO:0070782	phosphatidylserine exposure on apoptotic cell surface	0	0.000178571428571429	1	-0.000343417059780471	2	1
GO:0070814	hydrogen sulfide biosynthetic process	6	0.0338010204081633	2.00247348587509e-12	1.98147731973398	4	6
GO:0070828	heterochromatin organization	1	0.00658163265306123	0.00656002114786057	0.924683992157287	6	15
GO:0070831	basement membrane assembly	0	0.00354591836734694	1	-0.00678885848723787	4	6
GO:0070836	caveola assembly	0	0.000663265306122449	1	-0.00127472578075483	3	3
GO:0070837	dehydroascorbic acid transport	2	0.00196428571428571	1.92668469826356e-06	1.32771388096438	4	6
GO:0070841	inclusion body assembly	0	0	1	0	1	0
GO:0070842	aggresome assembly	0	0.00150510204081633	1	-0.00288940972948382	3	3
GO:0070849	response to epidermal growth factor	0	0.000255102040816327	1	-0.000490545765551631	2	1
GO:0070857	regulation of bile acid biosynthetic process	1	0.00698979591836735	0.00696542401437118	0.923912806708509	3	3
GO:0070858	negative regulation of bile acid biosynthetic process	0	7.6530612244898e-05	1	-0.00014719875991176	2	1
GO:0070859	positive regulation of bile acid biosynthetic process	0	0.00181122448979592	1	-0.00347567256198011	3	3
GO:0070863	positive regulation of protein exit from endoplasmic reticulum	0	0.0109183673469388	1	-0.0207025566693363	7	21
GO:0070873	regulation of glycogen metabolic process	0	7.6530612244898e-05	1	-0.00014719875991176	2	1
GO:0070884	regulation of calcineurin-NFAT signaling cascade	0	0.000612244897959184	1	-0.00117674988648608	2	1
GO:0070889	platelet alpha granule organization	0	0	1	0	1	0
GO:0070897	transcription preinitiation complex assembly	0	0.000892857142857143	1	-0.00171545270013673	3	3
GO:0070900	mitochondrial tRNA modification	0	0	1	0	1	0
GO:0070901	mitochondrial tRNA methylation	1	0.00191326530612245	0.00190961171228517	0.933563571287486	2	1
GO:0070902	mitochondrial tRNA pseudouridine synthesis	0	0.000510204081632653	1	-0.000980758166643114	2	1
GO:0070911	global genome nucleotide-excision repair	0	0	1	0	1	0
GO:0070914	UV-damage excision repair	0	0.000127551020408163	1	-0.000245314581668765	2	1
GO:0070920	regulation of regulatory ncRNA processing	0	0	1	0	1	0
GO:0070922	RISC complex assembly	4	0.0246683673469388	1.51280602885269e-08	1.72620385995185	6	15
GO:0070925	organelle assembly	2	0.00568877551020408	1.61198470841236e-05	1.32062178760847	5	10
GO:0070934	CRD-mediated mRNA stabilization	9	0.0218112244897959	3.01879065925057e-21	2.28114697498204	7	21
GO:0070944	neutrophil-mediated killing of bacterium	0	0.00122448979591837	1	-0.00235158324136442	2	1
GO:0070945	neutrophil-mediated killing of gram-negative bacterium	0	0.00441326530612245	1	-0.00843976225678267	3	3
GO:0070946	neutrophil-mediated killing of gram-positive bacterium	0	0.00535714285714286	1	-0.0102320512798578	2	1
GO:0070965	positive regulation of neutrophil mediated killing of fungus	0	0	1	0	1	0
GO:0070966	nuclear-transcribed mRNA catabolic process, no-go decay	0	0.00211734693877551	1	-0.00406145930631496	3	3
GO:0070972	protein localization to endoplasmic reticulum	0	0.0330357142857143	1	-0.0609024186959736	7	21
GO:0070973	protein localization to endoplasmic reticulum exit site	3	0.012984693877551	3.61339869864723e-07	1.56040792915236	8	28
GO:0070977	bone maturation	0	0.00275510204081633	1	-0.00528032262974254	2	1
GO:0070986	left/right axis specification	2	0.0501530612244898	0.00121639467561425	1.24093664128684	10	45
GO:0070987	error-free translesion synthesis	2	0.00191326530612245	1.82795918372981e-06	1.32781151869063	4	6
GO:0070988	demethylation	0	0.000127551020408163	1	-0.000245314581668765	2	1
GO:0070989	oxidative demethylation	0	0	1	0	1	0
GO:0070994	detection of oxidative stress	0	0.00102040816326531	1	-0.0019601846856715	2	1
GO:0070995	NADPH oxidation	0	0.00489795918367347	1	-0.00936068312021188	4	6
GO:0071028	nuclear mRNA surveillance	16	0.155229591836735	4.69395671235652e-27	2.47436695395782	8	28
GO:0071031	nuclear mRNA surveillance of mRNA 3'-end processing	0	0.00214285714285714	1	-0.00411025340248428	2	1
GO:0071034	CUT catabolic process	3	0.0194132653061225	1.19595116829058e-06	1.54855376116963	3	3
GO:0071035	nuclear polyadenylation-dependent rRNA catabolic process	10	0.0942091836734694	1.39311726091501e-17	2.23336813760347	6	15
GO:0071036	nuclear polyadenylation-dependent snoRNA catabolic process	0	0	1	0	1	0
GO:0071037	nuclear polyadenylation-dependent snRNA catabolic process	0	0	1	0	1	0
GO:0071038	TRAMP-dependent tRNA surveillance pathway	10	0.0942091836734694	1.39311726091501e-17	2.23336813760347	6	15
GO:0071039	nuclear polyadenylation-dependent CUT catabolic process	0	0	1	0	1	0
GO:0071044	histone mRNA catabolic process	3	0.0386734693877551	9.36490986729399e-06	1.51416158129325	7	21
GO:0071051	poly(A)-dependent snoRNA 3'-end processing	10	0.0852551020408163	5.17358781140647e-18	2.24726690597085	7	21
GO:0071071	regulation of phospholipid biosynthetic process	0	0.00321428571428571	1	-0.00615663071942585	2	1
GO:0071072	negative regulation of phospholipid biosynthetic process	0	0.000306122448979592	1	-0.000588614900424389	2	1
GO:0071073	positive regulation of phospholipid biosynthetic process	0	0.000586734693877551	1	-0.00112775694861655	3	3
GO:0071103	DNA conformation change	0	0	1	0	1	0
GO:0071107	response to parathyroid hormone	0	0	1	0	1	0
GO:0071109	superior temporal gyrus development	0	0	1	0	1	0
GO:0071139	resolution of DNA recombination intermediates	3	0.00681122448979592	5.23969674943609e-08	1.57197804066191	4	6
GO:0071140	resolution of mitotic recombination intermediates	0	0.00102040816326531	1	-0.0019601846856715	2	1
GO:0071163	DNA replication preinitiation complex assembly	0	0	1	0	1	0
GO:0071169	establishment of protein localization to chromatin	0	0.0025765306122449	1	-0.00493924844708282	4	6
GO:0071205	protein localization to juxtaparanode region of axon	2	0.00260204081632653	3.37944145767988e-06	1.32649452315612	4	6
GO:0071211	protein targeting to vacuole involved in autophagy	0	0.000280612244897959	1	-0.000539581999583372	2	1
GO:0071218	cellular response to misfolded protein	3	0.0380612244897959	8.93123474891931e-06	1.51522998067955	8	28
GO:0071219	cellular response to molecule of bacterial origin	0	0.00635204081632653	1	-0.0121164123967997	4	6
GO:0071221	cellular response to bacterial lipopeptide	0	0.000612244897959184	1	-0.00117674988648608	2	1
GO:0071223	cellular response to lipoteichoic acid	1	0.0111734693877551	0.0111112780252866	0.916055330414887	5	10
GO:0071224	cellular response to peptidoglycan	0	0.00357142857142857	1	-0.00683746844853828	3	3
GO:0071225	cellular response to muramyl dipeptide	2	0.0161734693877551	0.000129388847635588	1.3010235414139	6	15
GO:0071226	cellular response to molecule of fungal origin	0	0	1	0	1	0
GO:0071228	cellular response to tumor cell	0	0.00163265306122449	1	-0.00313374381725984	2	1
GO:0071233	cellular response to L-leucine	3	0.0235204081632653	2.13072172889191e-06	1.54108099538612	7	21
GO:0071236	cellular response to antibiotic	0	0.000357142857142857	1	-0.000686670704346692	2	1
GO:0071242	cellular response to ammonium ion	1	0.00410714285714286	0.00409872006927659	0.929377037282124	3	3
GO:0071243	cellular response to arsenic-containing substance	0	0.0159183673469388	1	-0.0299883879063956	7	21
GO:0071248	cellular response to metal ion	0	0.00744897959183674	1	-0.0141883515240488	4	6
GO:0071257	cellular response to electrical stimulus	0	0.00487244897959184	1	-0.00931224290124699	4	6
GO:0071267	L-methionine salvage	1	0.005	0.00497512437810945	0.927680147484218	2	1
GO:0071279	cellular response to cobalt ion	0	0.00395408163265306	1	-0.00756622505584381	3	3
GO:0071281	cellular response to iron ion	2	0.0124489795918367	7.68484365134342e-05	1.30792463185721	7	21
GO:0071284	cellular response to lead ion	0	0.00410714285714286	1	-0.00785752167594644	3	3
GO:0071285	cellular response to lithium ion	1	0.0598469387755102	0.0580913077507904	0.830426017808266	9	36
GO:0071286	cellular response to magnesium ion	0	0.0327551020408163	1	-0.0604061665906647	6	15
GO:0071287	cellular response to manganese ion	0	0.0111479591836735	1	-0.0211315755277779	4	6
GO:0071288	cellular response to mercury ion	0	0.000357142857142857	1	-0.000686670704346692	3	3
GO:0071305	cellular response to vitamin D	1	0.0377295918367347	0.0370266984704678	0.868081416647757	9	36
GO:0071307	cellular response to vitamin K	0	0.000306122448979592	1	-0.000588614900424389	2	1
GO:0071312	cellular response to alkaloid	0	0.00334183673469388	1	-0.00639986082607147	3	3
GO:0071313	cellular response to caffeine	3	0.010484693877551	1.90590753190765e-07	1.56507100983703	6	15
GO:0071314	cellular response to cocaine	2	0.0141836734693878	9.96421954321415e-05	1.30470220951038	8	28
GO:0071315	cellular response to morphine	0	0.00186224489795918	1	-0.00357333672682525	3	3
GO:0071316	cellular response to nicotine	0	0.00670918367346939	1	-0.0127916508311168	3	3
GO:0071321	cellular response to cGMP	1	0.00780612244897959	0.00777573379905351	0.922372904812552	7	21
GO:0071332	cellular response to fructose stimulus	0	0.00456632653061225	1	-0.00873070640718199	3	3
GO:0071340	skeletal muscle acetylcholine-gated channel clustering	3	0.00698979591836735	5.66194847237399e-08	1.57164074847159	5	10
GO:0071344	diphosphate metabolic process	0	0.00038265306122449	1	-0.000735693608334143	2	1
GO:0071349	cellular response to interleukin-12	1	0.00130102040816327	0.00129932995337698	0.934736255992729	2	1
GO:0071359	cellular response to dsRNA	0	0.000229591836734694	1	-0.000441506197876307	2	1
GO:0071371	cellular response to gonadotropin stimulus	0	0.00823979591836735	1	-0.0156783919095205	5	10
GO:0071372	cellular response to follicle-stimulating hormone stimulus	3	0.0789540816326531	7.73226093493318e-05	1.44713461182813	9	36
GO:0071373	cellular response to luteinizing hormone stimulus	1	0.00405612244897959	0.00404790748382935	0.92947412308583	3	3
GO:0071374	cellular response to parathyroid hormone stimulus	3	0.0221428571428571	1.77967758713487e-06	1.54357877063614	7	21
GO:0071376	cellular response to corticotropin-releasing hormone stimulus	1	0.0025	0.00249687760253988	0.932441534543472	4	6
GO:0071377	cellular response to glucagon stimulus	2	0.0310969387755102	0.00047360194528336	1.27401572814829	8	28
GO:0071386	cellular response to corticosterone stimulus	0	0	1	0	1	0
GO:0071389	cellular response to mineralocorticoid stimulus	0	0.000459183673469388	1	-0.000882742333834563	2	1
GO:0071393	cellular response to progesterone stimulus	0	0.00127551020408163	1	-0.00244939970641966	2	1
GO:0071394	cellular response to testosterone stimulus	0	0.0117091836734694	1	-0.02217921536401	6	15
GO:0071395	cellular response to jasmonic acid stimulus	0	0.00137755102040816	1	-0.00264499285307473	2	1
GO:0071396	cellular response to lipid	0	0	1	0	1	0
GO:0071400	cellular response to oleic acid	1	0.00579081632653061	0.00577408182094031	0.926180514235539	3	3
GO:0071402	cellular response to lipoprotein particle stimulus	0	0.00183673469387755	1	-0.00352450629726231	2	1
GO:0071403	cellular response to high density lipoprotein particle stimulus	0	0.000255102040816327	1	-0.000490545765551631	2	1
GO:0071409	cellular response to cycloheximide	0	0	1	0	1	0
GO:0071415	cellular response to purine-containing compound	0	0	1	0	1	0
GO:0071418	cellular response to amine stimulus	0	0.00232142857142857	1	-0.00445171969072788	2	1
GO:0071420	cellular response to histamine	5	0.0161224489795918	8.95653489620749e-12	1.89028625289576	5	10
GO:0071421	manganese ion transmembrane transport	3	0.00155612244897959	6.27297001734416e-10	1.58197534742507	5	10
GO:0071422	succinate transmembrane transport	0	5.10204081632653e-05	1	-9.81358440319546e-05	2	1
GO:0071447	cellular response to hydroperoxide	0	0.00362244897959184	1	-0.0069346785451001	5	10
GO:0071453	cellular response to oxygen levels	0	0.00380102040816327	1	-0.00727481075598324	3	3
GO:0071455	cellular response to hyperoxia	0	0.00755102040816327	1	-0.0143807878385007	3	3
GO:0071459	protein localization to chromosome, centromeric region	0	0.00517857142857143	1	-0.00989331094940449	4	6
GO:0071460	cellular response to cell-matrix adhesion	0	0	1	0	1	0
GO:0071461	cellular response to redox state	0	0.000357142857142857	1	-0.000686670704346692	2	1
GO:0071464	cellular response to hydrostatic pressure	0	0.00114795918367347	1	-0.00220483366900515	2	1
GO:0071467	cellular response to pH	0	0.000612244897959184	1	-0.00117674988648608	5	10
GO:0071469	cellular response to alkaline pH	0	0	1	0	1	0
GO:0071470	cellular response to osmotic stress	1	0.0105612244897959	0.0105056505733674	0.917199872535916	11	55
GO:0071472	cellular response to salt stress	0	0.000280612244897959	1	-0.000539581999583372	3	3
GO:0071474	cellular hyperosmotic response	1	0.0161734693877551	0.0160433811022572	0.906775594010755	8	28
GO:0071475	cellular hyperosmotic salinity response	0	0	1	0	1	0
GO:0071476	cellular hypotonic response	1	0.0154336734693878	0.0153151846865898	0.908141114056438	9	36
GO:0071477	cellular hypotonic salinity response	0	0.00211734693877551	1	-0.00406145930631496	3	3
GO:0071481	cellular response to X-ray	0	0.0130357142857143	1	-0.024649423313899	5	10
GO:0071486	cellular response to high light intensity	0	0	1	0	1	0
GO:0071492	cellular response to UV-A	5	0.0315816326530612	2.55015262289357e-10	1.86232390338008	8	28
GO:0071493	cellular response to UV-B	0	0.0207908163265306	1	-0.0389237709024962	8	28
GO:0071494	cellular response to UV-C	0	0.000102040816326531	1	-0.000196258338972743	2	1
GO:0071498	cellular response to fluid shear stress	0	0.0337755102040816	1	-0.0622090856008094	7	21
GO:0071499	cellular response to laminar fluid shear stress	1	0.0287755102040816	0.0283654379701125	0.883903151277265	6	15
GO:0071502	cellular response to temperature stimulus	0	0.000204081632653061	1	-0.000392463296103651	2	1
GO:0071503	response to heparin	0	0.000102040816326531	1	-0.000196258338972743	2	1
GO:0071504	cellular response to heparin	0	0.0112244897959184	1	-0.0212745251310026	4	6
GO:0071506	cellular response to mycophenolic acid	0	0.00102040816326531	1	-0.0019601846856715	2	1
GO:0071529	cementum mineralization	0	0.00410714285714286	1	-0.00785752167594644	4	6
GO:0071559	response to transforming growth factor beta	1	0.00188775510204082	0.00188597441252865	0.933612395106954	3	3
GO:0071569	protein ufmylation	12	0.0089030612244898	5.13530590392026e-34	2.50527132537779	7	21
GO:0071578	zinc ion import across plasma membrane	1	0.000612244897959184	0.00061205751429516	0.936057809071585	5	10
GO:0071586	CAAX-box protein processing	1	0.000510204081632653	0.000509943906170321	0.936253800791427	2	1
GO:0071593	lymphocyte aggregation	0	0	1	0	1	0
GO:0071596	ubiquitin-dependent protein catabolic process via the N-end rule pathway	0	0.000739795918367347	1	-0.0014216646752595	3	3
GO:0071599	otic vesicle development	0	0.00971938775510204	1	-0.0184579699027171	5	10
GO:0071603	endothelial cell-cell adhesion	0	0.0024234693877551	1	-0.00464677073509745	2	1
GO:0071604	transforming growth factor beta production	0	0	1	0	1	0
GO:0071621	granulocyte chemotaxis	1	0.00479591836734694	0.00478443631385124	0.928067656234039	4	6
GO:0071624	positive regulation of granulocyte chemotaxis	0	0	1	0	1	0
GO:0071626	mastication	0	0.00048469387755102	1	-0.000931751915023038	2	1
GO:0071629	cytoplasm protein quality control by the ubiquitin-proteasome system	0	0.000204081632653061	1	-0.000392463296103651	3	3
GO:0071630	nuclear protein quality control by the ubiquitin-proteasome system	0	5.10204081632653e-05	1	-9.81358440319546e-05	2	1
GO:0071635	negative regulation of transforming growth factor beta production	0	0.00160714285714286	1	-0.00308488362010329	3	3
GO:0071636	positive regulation of transforming growth factor beta production	0	0.00821428571428571	1	-0.0156303741015186	6	15
GO:0071638	negative regulation of monocyte chemotactic protein-1 production	0	0.00219387755102041	1	-0.00420783169420491	5	10
GO:0071639	positive regulation of monocyte chemotactic protein-1 production	2	0.060969387755102	0.00178478616820243	1.22281438538501	11	55
GO:0071641	negative regulation of macrophage inflammatory protein 1 alpha production	0	0.0074234693877551	1	-0.0141402344229775	3	3
GO:0071642	positive regulation of macrophage inflammatory protein 1 alpha production	0	0.000255102040816327	1	-0.000490545765551631	2	1
GO:0071650	negative regulation of chemokine (C-C motif) ligand 5 production	0	0.0048469387755102	1	-0.00926379942918654	5	10
GO:0071651	positive regulation of chemokine (C-C motif) ligand 5 production	0	0.00711734693877551	1	-0.0135625787200799	5	10
GO:0071657	positive regulation of granulocyte colony-stimulating factor production	0	0.00209183673469388	1	-0.00401266190934424	3	3
GO:0071659	negative regulation of IP-10 production	1	0.00201530612244898	0.00201327675587399	0.933368309048913	3	3
GO:0071663	positive regulation of granzyme B production	0	0.000204081632653061	1	-0.000392463296103651	2	1
GO:0071670	smooth muscle cell chemotaxis	0	0	1	0	1	0
GO:0071672	negative regulation of smooth muscle cell chemotaxis	0	0.000229591836734694	1	-0.000441506197876307	3	3
GO:0071673	positive regulation of smooth muscle cell chemotaxis	0	0.00267857142857143	1	-0.00513416772691355	4	6
GO:0071674	mononuclear cell migration	0	0	1	0	1	0
GO:0071676	negative regulation of mononuclear cell migration	0	0.000306122448979592	1	-0.000588614900424389	2	1
GO:0071677	positive regulation of mononuclear cell migration	0	0.000255102040816327	1	-0.000490545765551631	2	1
GO:0071679	commissural neuron axon guidance	3	0.170459183673469	0.000726819714942774	1.3146721761584	10	45
GO:0071681	cellular response to indole-3-methanol	1	0.00678571428571429	0.00673997871585669	0.924298296374568	2	1
GO:0071691	cardiac muscle thin filament assembly	0	0	1	0	1	0
GO:0071705	nitrogen compound transport	0	7.6530612244898e-05	1	-0.00014719875991176	2	1
GO:0071707	immunoglobulin heavy chain V-D-J recombination	0	0	1	0	1	0
GO:0071709	membrane assembly	1	0.00183673469387755	0.00183336728457934	0.933710052660808	2	1
GO:0071716	leukotriene transport	0	0.000229591836734694	1	-0.000441506197876307	4	6
GO:0071726	cellular response to diacyl bacterial lipopeptide	1	0.00436224489795918	0.00435274411263061	0.928891804167874	3	3
GO:0071727	cellular response to triacyl bacterial lipopeptide	0	0.000714285714285714	1	-0.00137268836940874	2	1
GO:0071731	response to nitric oxide	0	0.00357142857142857	1	-0.00683746844853828	3	3
GO:0071763	nuclear membrane organization	3	0.0111479591836735	2.28983795242814e-07	1.56383092519338	6	15
GO:0071774	response to fibroblast growth factor	1	0.00892857142857143	0.00888883010040813	0.920260892996402	8	28
GO:0071786	endoplasmic reticulum tubular network organization	1	0.0213265306122449	0.0211007282009845	0.897335083554019	8	28
GO:0071787	endoplasmic reticulum tubular network formation	1	0.00334183673469388	0.00333625901332119	0.930834698131999	4	6
GO:0071799	cellular response to prostaglandin D stimulus	0	0.00076530612244898	1	-0.00147063765606126	2	1
GO:0071800	podosome assembly	0	0.00372448979591837	1	-0.00712905944642306	6	15
GO:0071801	regulation of podosome assembly	0	0.00076530612244898	1	-0.00147063765606126	2	1
GO:0071803	positive regulation of podosome assembly	0	0.00224489795918367	1	-0.00430539678807718	2	1
GO:0071812	positive regulation of fever generation by positive regulation of prostaglandin secretion	1	0.000229591836734694	0.00022953913642276	0.936793052760194	2	1
GO:0071830	triglyceride-rich lipoprotein particle clearance	0	0	1	0	1	0
GO:0071838	cell proliferation in bone marrow	0	0.000510204081632653	1	-0.000980758166643114	2	1
GO:0071846	actin filament debranching	0	0	1	0	1	0
GO:0071864	positive regulation of cell proliferation in bone marrow	0	0.00369897959183673	1	-0.00708046913146443	3	3
GO:0071866	negative regulation of apoptotic process in bone marrow cell	0	0.00272959183673469	1	-0.0052316076190575	3	3
GO:0071870	cellular response to catecholamine stimulus	0	0.0036734693877551	1	-0.00703187554321838	3	3
GO:0071871	response to epinephrine	0	0	1	0	1	0
GO:0071872	cellular response to epinephrine stimulus	0	0.00982142857142857	1	-0.0186492707114878	5	10
GO:0071874	cellular response to norepinephrine stimulus	0	0.000102040816326531	1	-0.000196258338972743	2	1
GO:0071875	adrenergic receptor signaling pathway	0	0.000892857142857143	1	-0.00171545270013673	3	3
GO:0071878	negative regulation of adenylate cyclase-activating adrenergic receptor signaling pathway	0	0.000127551020408163	1	-0.000245314581668765	3	3
GO:0071879	positive regulation of adenylate cyclase-activating adrenergic receptor signaling pathway	0	0	1	0	1	0
GO:0071880	adenylate cyclase-activating adrenergic receptor signaling pathway	6	0.035280612244898	2.59869334267389e-12	1.97887122768881	12	66
GO:0071882	phospholipase C-activating adrenergic receptor signaling pathway	0	5.10204081632653e-05	1	-9.81358440319546e-05	2	1
GO:0071887	leukocyte apoptotic process	0	0	1	0	1	0
GO:0071888	macrophage apoptotic process	0	0	1	0	1	0
GO:0071895	odontoblast differentiation	0	0.00829081632653061	1	-0.0157744179374105	6	15
GO:0071896	protein localization to adherens junction	1	0.00112244897959184	0.00112181926929784	0.935078648448258	3	3
GO:0071907	determination of digestive tract left/right asymmetry	1	0.00229591836734694	0.00229328476267152	0.9328316102704	5	10
GO:0071910	determination of liver left/right asymmetry	1	0.00739795918367347	0.00737066164048115	0.923142444846004	6	15
GO:0071918	urea transmembrane transport	1	0.00112244897959184	0.00112181926936385	0.935078648448258	6	15
GO:0071932	replication fork reversal	0	0	1	0	1	0
GO:0071934	thiamine transmembrane transport	2	0.000153061224489796	1.17126739969848e-08	1.33118813887276	4	6
GO:0071941	nitrogen cycle metabolic process	0	0.000229591836734694	1	-0.000441506197876307	2	1
GO:0071947	protein deubiquitination involved in ubiquitin-dependent protein catabolic process	0	0.00086734693877551	1	-0.0016664963378088	5	10
GO:0071955	recycling endosome to Golgi transport	0	7.6530612244898e-05	1	-0.00014719875991176	2	1
GO:0071962	mitotic sister chromatid cohesion, centromeric	0	0.00364795918367347	1	-0.00698327868124393	3	3
GO:0071963	establishment or maintenance of cell polarity regulating cell shape	3	0.00119897959183673	2.86921711094132e-10	1.58265983068683	3	3
GO:0071965	multicellular organismal locomotion	0	0.000510204081632653	1	-0.000980758166643114	2	1
GO:0072006	nephron development	1	0.0267091836734694	0.0263556479704326	0.887604134797648	7	21
GO:0072011	glomerular endothelium development	2	0.0115816326530612	6.65515184567459e-05	1.30954125739017	4	6
GO:0072012	glomerulus vasculature development	3	0.00494897959183674	2.01272273355068e-08	1.57550494692055	4	6
GO:0072014	proximal tubule development	1	0.00663265306122449	0.00661070556808641	0.924587548876116	4	6
GO:0072015	podocyte development	2	0.0238265306122449	0.000279383009632135	1.28704711244986	6	15
GO:0072017	distal tubule development	0	0.000178571428571429	1	-0.000343417059780471	2	1
GO:0072033	renal vesicle formation	0	0	1	0	1	0
GO:0072034	renal vesicle induction	0	0.00533163265306123	1	-0.0101836695419918	2	1
GO:0072038	mesenchymal stem cell maintenance involved in nephron morphogenesis	0	0.000306122448979592	1	-0.000588614900424389	2	1
GO:0072044	collecting duct development	0	0.000331632653061225	1	-0.000637644468527876	3	3
GO:0072046	establishment of planar polarity involved in nephron morphogenesis	0	0	1	0	1	0
GO:0072049	comma-shaped body morphogenesis	1	0.000408163265306122	0.000407996736026112	0.936449845777128	2	1
GO:0072050	S-shaped body morphogenesis	1	0.000408163265306122	0.000407996736026112	0.936449845777128	2	1
GO:0072051	juxtaglomerular apparatus development	0	0.00329081632653061	1	-0.00630257862492001	3	3
GO:0072053	renal inner medulla development	0	0	1	0	1	0
GO:0072054	renal outer medulla development	0	0	1	0	1	0
GO:0072061	inner medullary collecting duct development	0	0.00038265306122449	1	-0.000735693608334143	2	1
GO:0072070	loop of Henle development	0	0.00107142857142857	1	-0.00205805423611594	2	1
GO:0072073	kidney epithelium development	0	2.55102040816327e-05	1	-4.90695908794692e-05	2	1
GO:0072075	metanephric mesenchyme development	0	0.00403061224489796	1	-0.0077118880699244	6	15
GO:0072079	nephron tubule formation	0	0	1	0	1	0
GO:0072086	specification of loop of Henle identity	0	5.10204081632653e-05	1	-9.81358440319546e-05	2	1
GO:0072091	regulation of stem cell proliferation	0	0.054234693877551	1	-0.0974380471654024	9	36
GO:0072092	ureteric bud invasion	0	2.55102040816327e-05	1	-4.90695908794692e-05	2	1
GO:0072095	regulation of branch elongation involved in ureteric bud branching	0	0.000357142857142857	1	-0.000686670704346692	3	3
GO:0072102	glomerulus morphogenesis	0	0.000688775510204082	1	-0.00132370873805776	2	1
GO:0072104	glomerular capillary formation	0	0.0195663265306122	1	-0.0366886209002718	3	3
GO:0072105	ureteric peristalsis	0	0	1	0	1	0
GO:0072107	positive regulation of ureteric bud formation	0	0.00405612244897959	1	-0.00776043587224062	4	6
GO:0072108	positive regulation of mesenchymal to epithelial transition involved in metanephros morphogenesis	0	0.00604591836734694	1	-0.0115371330880582	4	6
GO:0072111	cell proliferation involved in kidney development	0	0.00642857142857143	1	-0.0122611595670346	2	1
GO:0072112	podocyte differentiation	3	0.0325	5.5836928593479e-06	1.52500776885356	9	36
GO:0072125	negative regulation of glomerular mesangial cell proliferation	1	0.00344387755102041	0.00343205796364561	0.9306401730798	2	1
GO:0072126	positive regulation of glomerular mesangial cell proliferation	1	0.0060969387755102	0.00607839016003006	0.925600847007846	4	6
GO:0072133	metanephric mesenchyme morphogenesis	0	0	1	0	1	0
GO:0072134	nephrogenic mesenchyme morphogenesis	0	0	1	0	1	0
GO:0072136	metanephric mesenchymal cell proliferation involved in metanephros development	0	0.00505102040816327	1	-0.00965125614345397	2	1
GO:0072137	condensed mesenchymal cell proliferation	1	0.000127551020408163	0.000127542886122598	0.936989244376402	3	3
GO:0072138	mesenchymal cell proliferation involved in ureteric bud development	0	0.00910714285714286	1	-0.017309098434788	2	1
GO:0072139	glomerular parietal epithelial cell differentiation	0	0.000255102040816327	1	-0.000490545765551631	2	1
GO:0072144	glomerular mesangial cell development	0	0	1	0	1	0
GO:0072156	distal tubule morphogenesis	0	0	1	0	1	0
GO:0072160	nephron tubule epithelial cell differentiation	0	0	1	0	1	0
GO:0072161	mesenchymal cell differentiation involved in kidney development	0	5.10204081632653e-05	1	-9.81358440319546e-05	2	1
GO:0072162	metanephric mesenchymal cell differentiation	0	0.00048469387755102	1	-0.000931751915023038	2	1
GO:0072164	mesonephric tubule development	1	0.00038265306122449	0.000382506693867143	0.936498865349736	2	1
GO:0072166	posterior mesonephric tubule development	0	0	1	0	1	0
GO:0072174	metanephric tubule formation	0	0.00290816326530612	1	-0.00557254362642456	2	1
GO:0072177	mesonephric duct development	1	0.00364795918367347	0.00364131345680061	0.930251280276827	3	3
GO:0072178	nephric duct morphogenesis	2	0.00823979591836735	3.37612151093284e-05	1.31580411445169	4	6
GO:0072179	nephric duct formation	0	0.0024234693877551	1	-0.00464677073509745	3	3
GO:0072180	mesonephric duct morphogenesis	0	0	1	0	1	0
GO:0072181	mesonephric duct formation	0	0.000306122448979592	1	-0.000588614900424389	2	1
GO:0072182	regulation of nephron tubule epithelial cell differentiation	0	0	1	0	1	0
GO:0072189	ureter development	0	0.00176020408163265	1	-0.00337799517246806	4	6
GO:0072190	ureter urothelium development	0	0	1	0	1	0
GO:0072193	ureter smooth muscle cell differentiation	0	0.00112244897959184	1	-0.00215591050981212	2	1
GO:0072197	ureter morphogenesis	0	0.00752551020408163	1	-0.0143326835725068	3	3
GO:0072201	negative regulation of mesenchymal cell proliferation	0	0.00604591836734694	1	-0.0115371330880582	3	3
GO:0072203	cell proliferation involved in metanephros development	0	0.00857142857142857	1	-0.0163023327159638	2	1
GO:0072205	metanephric collecting duct development	1	0.0411479591836735	0.0403128750810011	0.862131575717651	8	28
GO:0072207	metanephric epithelium development	0	0.00788265306122449	1	-0.015005851551385	4	6
GO:0072208	metanephric smooth muscle tissue development	0	0	1	0	1	0
GO:0072210	metanephric nephron development	0	0	1	0	1	0
GO:0072218	metanephric ascending thin limb development	1	0.000816326530612245	0.000815993426756625	0.935665985313746	4	6
GO:0072221	metanephric distal convoluted tubule development	0	0.000739795918367347	1	-0.0014216646752595	4	6
GO:0072224	metanephric glomerulus development	0	0	1	0	1	0
GO:0072233	metanephric thick ascending limb development	0	2.55102040816327e-05	1	-4.90695908794692e-05	2	1
GO:0072236	metanephric loop of Henle development	0	0.00038265306122449	1	-0.000735693608334143	2	1
GO:0072237	metanephric proximal tubule development	0	0	1	0	1	0
GO:0072239	metanephric glomerulus vasculature development	0	0	1	0	1	0
GO:0072249	metanephric podocyte development	0	0.0014030612244898	1	-0.0026938828541403	2	1
GO:0072278	metanephric comma-shaped body morphogenesis	0	0	1	0	1	0
GO:0072282	metanephric nephron tubule morphogenesis	1	0.00270408163265306	0.00270042889487159	0.932051669639808	3	3
GO:0072284	metanephric S-shaped body morphogenesis	0	0.00329081632653061	1	-0.00630257862492001	3	3
GO:0072289	metanephric nephron tubule formation	0	0.00211734693877551	1	-0.00406145930631496	3	3
GO:0072300	positive regulation of metanephric glomerulus development	0	0.00188775510204082	1	-0.0036221638511168	3	3
GO:0072305	negative regulation of mesenchymal cell apoptotic process involved in metanephric nephron morphogenesis	0	0.000153061224489796	1	-0.000294367488453351	2	1
GO:0072307	regulation of metanephric nephron tubule epithelial cell differentiation	0	0.0014030612244898	1	-0.0026938828541403	3	3
GO:0072318	clathrin coat disassembly	0	0.000153061224489796	1	-0.000294367488453351	2	1
GO:0072331	signal transduction by p53 class mediator	1	2.55102040816327e-05	2.55095533277212e-05	0.937185489367191	2	1
GO:0072334	UDP-galactose transmembrane transport	0	7.6530612244898e-05	1	-0.00014719875991176	2	1
GO:0072350	tricarboxylic acid metabolic process	1	0.0271173469387755	0.0267529727362008	0.886871569813894	5	10
GO:0072359	circulatory system development	1	0.00334183673469388	0.00333625901332119	0.930834698131999	7	21
GO:0072377	blood coagulation, common pathway	0	0.00308673469387755	1	-0.00591331857071475	2	1
GO:0072378	blood coagulation, fibrin clot formation	8	0.012984693877551	1.98116640820627e-20	2.21600877329951	6	15
GO:0072383	plus-end-directed vesicle transport along microtubule	3	0.0049234693877551	1.98179622280077e-08	1.57555338063464	6	15
GO:0072384	organelle transport along microtubule	29	0.108494897959184	1.08339265371632e-59	2.96247218779634	10	45
GO:0072385	minus-end-directed organelle transport along microtubule	2	0.00112244897959184	6.29474600115236e-07	1.3293265958514	3	3
GO:0072388	flavin adenine dinucleotide biosynthetic process	0	0	1	0	1	0
GO:0072393	microtubule anchoring at microtubule organizing center	0	0.000102040816326531	1	-0.000196258338972743	2	1
GO:0072423	response to DNA damage checkpoint signaling	0	0.00204081632653061	1	-0.00391505721121221	2	1
GO:0072429	response to intra-S DNA damage checkpoint signaling	3	0.00931122448979592	1.3360939215584e-07	1.56727024178579	4	6
GO:0072488	ammonium transmembrane transport	3	0.00926020408163265	1.31430112804798e-07	1.56736601283219	8	28
GO:0072489	methylammonium transmembrane transport	0	0.000510204081632653	1	-0.000980758166643114	2	1
GO:0072498	embryonic skeletal joint development	0	0.00188775510204082	1	-0.0036221638511168	3	3
GO:0072513	positive regulation of secondary heart field cardioblast proliferation	1	0.00163265306122449	0.00163132100794556	0.934100815140811	3	3
GO:0072530	purine-containing compound transmembrane transport	0	2.55102040816327e-05	1	-4.90695908794692e-05	2	1
GO:0072531	pyrimidine-containing compound transmembrane transport	1	0.000102040816326531	0.000102030405060708	0.937038300619098	2	1
GO:0072537	fibroblast activation	0	0.000178571428571429	1	-0.000343417059780471	2	1
GO:0072538	T-helper 17 type immune response	1	0.00160714285714286	0.00160585209435657	0.934149675337967	3	3
GO:0072539	T-helper 17 cell differentiation	1	0.00380102040816327	0.00379380567410349	0.929959748202087	4	6
GO:0072540	T-helper 17 cell lineage commitment	2	0.00744897959183674	2.76062579906404e-05	1.31729415483717	6	15
GO:0072553	terminal button organization	0	0.00767857142857143	1	-0.0146212610615314	4	6
GO:0072554	blood vessel lumenization	0	0	1	0	1	0
GO:0072560	type B pancreatic cell maturation	0	7.6530612244898e-05	1	-0.00014719875991176	2	1
GO:0072573	tolerance induction to lipopolysaccharide	0	0	1	0	1	0
GO:0072574	hepatocyte proliferation	0	0.0114795918367347	1	-0.0217508193182933	5	10
GO:0072576	liver morphogenesis	0	0	1	0	1	0
GO:0072577	endothelial cell apoptotic process	0	0.0011734693877551	1	-0.0022537535103615	5	10
GO:0072578	neurotransmitter-gated ion channel clustering	0	0.000204081632653061	1	-0.000392463296103651	2	1
GO:0072584	caveolin-mediated endocytosis	0	0	1	0	1	0
GO:0072592	oxygen metabolic process	0	0.00579081632653061	1	-0.0110540447225312	4	6
GO:0072594	establishment of protein localization to organelle	3	0.00854591836734694	1.03357496346772e-07	1.56870814429602	4	6
GO:0072655	establishment of protein localization to mitochondrion	0	0.00160714285714286	1	-0.00308488362010329	2	1
GO:0072656	maintenance of protein location in mitochondrion	0	0	1	0	1	0
GO:0072660	maintenance of protein location in plasma membrane	0	0	1	0	1	0
GO:0072665	protein localization to vacuole	0	7.6530612244898e-05	1	-0.00014719875991176	2	1
GO:0072672	neutrophil extravasation	2	0.00380102040816327	7.20559873210016e-06	1.32420769560523	4	6
GO:0072673	lamellipodium morphogenesis	1	0.011734693877551	0.011666110886284	0.915007759734388	5	10
GO:0072674	multinuclear osteoclast differentiation	0	2.55102040816327e-05	1	-4.90695908794692e-05	2	1
GO:0072675	osteoclast fusion	0	0.000663265306122449	1	-0.00127472578075483	3	3
GO:0072676	lymphocyte migration	1	0.00288265306122449	0.00287850220633825	0.931710710611001	4	6
GO:0072678	T cell migration	0	0.00987244897959184	1	-0.0187449020944257	6	15
GO:0072679	thymocyte migration	0	0	1	0	1	0
GO:0072683	T cell extravasation	0	0	1	0	1	0
GO:0072697	protein localization to cell cortex	0	0	1	0	1	0
GO:0072708	response to sorbitol	0	0	1	0	1	0
GO:0072711	cellular response to hydroxyurea	0	0.00219387755102041	1	-0.00420783169420491	6	15
GO:0072717	cellular response to actinomycin D	0	0	1	0	1	0
GO:0072719	cellular response to cisplatin	0	0.000306122448979592	1	-0.000588614900424389	2	1
GO:0072732	cellular response to calcium ion starvation	3	0.00336734693877551	6.34234587098582e-09	1.57851400371394	3	3
GO:0072734	cellular response to staurosporine	0	0.00239795918367347	1	-0.00459801291829254	3	3
GO:0072738	cellular response to diamide	0	0	1	0	1	0
GO:0072740	cellular response to anisomycin	0	0	1	0	1	0
GO:0072752	cellular response to rapamycin	0	0	1	0	1	0
GO:0072757	cellular response to camptothecin	0	0	1	0	1	0
GO:0075342	symbiont-mediated disruption of host cell PML body	1	0.00183673469387755	0.00183504892849598	0.933710052660808	3	3
GO:0075506	entry of viral genome into host nucleus through nuclear pore complex via importin	0	0	1	0	1	0
GO:0075509	endocytosis involved in viral entry into host cell	1	7.6530612244898e-05	7.65247557584879e-05	0.937087360198159	2	1
GO:0075522	IRES-dependent viral translational initiation	0	0.00114795918367347	1	-0.00220483366900515	3	3
GO:0075732	viral penetration into host nucleus	0	0	1	0	1	0
GO:0075733	intracellular transport of virus	1	0.00137755102040816	0.00137565598410353	0.934589566104996	2	1
GO:0080121	AMP transport	0	0	1	0	1	0
GO:0080135	regulation of cellular response to stress	0	0.00303571428571429	1	-0.00581597072705231	4	6
GO:0080144	intracellular amino acid homeostasis	0	2.55102040816327e-05	1	-4.90695908794692e-05	2	1
GO:0080154	regulation of fertilization	0	0.000153061224489796	1	-0.000294367488453351	2	1
GO:0080170	hydrogen peroxide transmembrane transport	1	0.000433673469387755	0.000433579446639472	0.936400829535445	3	3
GO:0086001	cardiac muscle cell action potential	0	0	1	0	1	0
GO:0086003	cardiac muscle cell contraction	0	0.00380102040816327	1	-0.00727481075598324	5	10
GO:0086004	regulation of cardiac muscle cell contraction	0	0.0367091836734694	1	-0.0673675172375011	9	36
GO:0086009	membrane repolarization	18	0.07375	6.06785095182067e-37	2.67784425039402	13	78
GO:0086010	membrane depolarization during action potential	10	0.0449744897959184	8.95665673034047e-21	2.31333291412699	9	36
GO:0086011	membrane repolarization during action potential	9	0.0153316326530612	1.27215617627329e-22	2.29302320060314	8	28
GO:0086012	membrane depolarization during cardiac muscle cell action potential	5	0.0501530612244898	2.53609697307624e-09	1.8301052619161	9	36
GO:0086013	membrane repolarization during cardiac muscle cell action potential	4	0.0402040816326531	1.05416937547511e-07	1.69869524288059	9	36
GO:0086014	atrial cardiac muscle cell action potential	0	0.00732142857142857	1	-0.0139477339160123	5	10
GO:0086015	SA node cell action potential	0	0.00793367346938776	1	-0.0151019671438583	4	6
GO:0086016	AV node cell action potential	1	0.00349489795918367	0.00348879790555086	0.93054293022168	3	3
GO:0086021	SA node cell to atrial cardiac muscle cell communication by electrical coupling	1	0.000204081632653061	0.0002040399918384	0.936842095661967	2	1
GO:0086029	Purkinje myocyte to ventricular cardiac muscle cell signaling	0	0	1	0	1	0
GO:0086036	regulation of cardiac muscle cell membrane potential	1	0.00977040816326531	0.00972283279508838	0.918680932309365	5	10
GO:0086043	bundle of His cell action potential	0	0	1	0	1	0
GO:0086045	membrane depolarization during AV node cell action potential	0	0.00181122448979592	1	-0.00347567256198011	3	3
GO:0086046	membrane depolarization during SA node cell action potential	0	0.00364795918367347	1	-0.00698327868124393	3	3
GO:0086047	membrane depolarization during Purkinje myocyte cell action potential	0	0.00114795918367347	1	-0.00220483366900515	2	1
GO:0086048	membrane depolarization during bundle of His cell action potential	0	0.00130102040816327	1	-0.00249830296534115	2	1
GO:0086053	AV node cell to bundle of His cell communication by electrical coupling	1	0.000204081632653061	0.0002040399918384	0.936842095661967	2	1
GO:0086054	bundle of His cell to Purkinje myocyte communication by electrical coupling	0	0.000612244897959184	1	-0.00117674988648608	2	1
GO:0086064	cell communication by electrical coupling involved in cardiac conduction	10	0.0433673469387755	6.23370618849285e-21	2.31609863542202	8	28
GO:0086067	AV node cell to bundle of His cell communication	0	0	1	0	1	0
GO:0086073	bundle of His cell-Purkinje myocyte adhesion involved in cell communication	12	0.0408418367346939	4.33066993013702e-26	2.44762490189021	6	15
GO:0086092	regulation of the force of heart contraction by cardiac conduction	0	0	1	0	1	0
GO:0086097	phospholipase C-activating angiotensin-activated signaling pathway	0	0.00344387755102041	1	-0.00659438587827022	3	3
GO:0086100	endothelin receptor signaling pathway	3	0.00696428571428571	5.60028941921657e-08	1.57168892341538	5	10
GO:0086101	endothelin receptor signaling pathway involved in heart process	1	0.00137755102040816	0.00137565598410353	0.934589566104996	2	1
GO:0089709	L-histidine transmembrane transport	0	2.55102040816327e-05	1	-4.90695908794692e-05	2	1
GO:0089718	amino acid import across plasma membrane	1	0.00410714285714286	0.00409872008104553	0.929377037282124	11	55
GO:0090009	primitive streak formation	2	0.0217091836734694	0.000232261501339595	1.29088690629757	9	36
GO:0090022	regulation of neutrophil chemotaxis	0	0.00482142857142857	1	-0.00921535270359375	4	6
GO:0090024	negative regulation of neutrophil chemotaxis	0	0.0025	1	-0.00479302441459906	4	6
GO:0090027	negative regulation of monocyte chemotaxis	0	0.00313775510204082	1	-0.00601065327878914	4	6
GO:0090036	regulation of protein kinase C signaling	0	2.55102040816327e-05	1	-4.90695908794692e-05	2	1
GO:0090042	tubulin deacetylation	1	0.00165816326530612	0.00165541831147332	0.934051958252957	2	1
GO:0090043	regulation of tubulin deacetylation	6	0.005	2.15931527602579e-17	2.03417700915132	4	6
GO:0090044	positive regulation of tubulin deacetylation	0	0.00127551020408163	1	-0.00244939970641966	2	1
GO:0090045	positive regulation of deacetylase activity	0	0.00357142857142857	1	-0.00683746844853828	2	1
GO:0090049	regulation of cell migration involved in sprouting angiogenesis	0	0.000510204081632653	1	-0.000980758166643114	2	1
GO:0090063	positive regulation of microtubule nucleation	0	0.0103571428571429	1	-0.019652768467266	5	10
GO:0090068	positive regulation of cell cycle process	0	0.000892857142857143	1	-0.00171545270013673	3	3
GO:0090076	relaxation of skeletal muscle	0	0.00436224489795918	1	-0.00834275479019697	4	6
GO:0090080	positive regulation of MAPKKK cascade by fibroblast growth factor receptor signaling pathway	4	0.0170663265306122	3.48675305483081e-09	1.74005668682959	4	6
GO:0090083	regulation of inclusion body assembly	0	0.000102040816326531	1	-0.000196258338972743	2	1
GO:0090084	negative regulation of inclusion body assembly	3	0.00346938775510204	6.94188347996359e-09	1.5783194917752	5	10
GO:0090086	negative regulation of protein deubiquitination	0	0	1	0	1	0
GO:0090091	positive regulation of extracellular matrix disassembly	0	0.000204081632653061	1	-0.000392463296103651	3	3
GO:0090107	regulation of high-density lipoprotein particle assembly	1	0.00303571428571429	0.00302652661563112	0.931418588231018	2	1
GO:0090108	positive regulation of high-density lipoprotein particle assembly	1	0.00107142857142857	0.00107028184088477	0.935176504721955	2	1
GO:0090114	COPII-coated vesicle budding	1	0.00229591836734694	0.00229065920081446	0.9328316102704	2	1
GO:0090117	endosome to lysosome transport of low-density lipoprotein particle	0	7.6530612244898e-05	1	-0.00014719875991176	2	1
GO:0090118	receptor-mediated endocytosis involved in cholesterol transport	1	0.000153061224489796	0.000153037800336683	0.936940191469617	2	1
GO:0090119	vesicle-mediated cholesterol transport	6	0.00497448979591837	2.09410462588027e-17	2.03422543636227	4	6
GO:0090129	positive regulation of synapse maturation	0	0.00267857142857143	1	-0.00513416772691355	4	6
GO:0090131	mesenchyme migration	3	0.0118367346938776	2.73961894288189e-07	1.56254539744138	4	6
GO:0090134	cell migration involved in mesendoderm migration	0	0.000127551020408163	1	-0.000245314581668765	2	1
GO:0090135	actin filament branching	0	0	1	0	1	0
GO:0090136	epithelial cell-cell adhesion	4	0.0507908163265306	2.66255124221058e-07	1.68053313924447	8	28
GO:0090140	regulation of mitochondrial fission	0	0.00405612244897959	1	-0.00776043587224062	4	6
GO:0090149	mitochondrial membrane fission	0	0	1	0	1	0
GO:0090150	establishment of protein localization to membrane	0	0.012984693877551	1	-0.0245545715687993	5	10
GO:0090156	intracellular sphingolipid homeostasis	0	0.00798469387755102	1	-0.0151980699311632	5	10
GO:0090158	endoplasmic reticulum membrane organization	0	0.0311989795918367	1	-0.057648009925568	6	15
GO:0090160	Golgi to lysosome transport	2	0.0577040816326531	0.00160219842563313	1.22823743939059	10	45
GO:0090161	Golgi ribbon formation	3	0.015280612244898	5.87889501331408e-07	1.55615190023059	8	28
GO:0090162	establishment of epithelial cell polarity	4	0.0738265306122449	1.16686423221024e-06	1.64252657706554	11	55
GO:0090164	asymmetric Golgi ribbon formation	1	0.000127551020408163	0.000127534753220253	0.936989244376402	2	1
GO:0090166	Golgi disassembly	0	0.00147959183673469	1	-0.00284053297908771	4	6
GO:0090168	Golgi reassembly	1	0.00602040816326531	0.00600232176581589	0.925745720150514	3	3
GO:0090169	regulation of spindle assembly	0	0	1	0	1	0
GO:0090175	regulation of establishment of planar polarity	0	0.00168367346938776	1	-0.00323145428411353	3	3
GO:0090176	microtubule cytoskeleton organization involved in establishment of planar polarity	0	0	1	0	1	0
GO:0090181	regulation of cholesterol metabolic process	1	0.00658163265306123	0.00656002114786057	0.924683992157287	6	15
GO:0090184	positive regulation of kidney development	0	0	1	0	1	0
GO:0090187	positive regulation of pancreatic juice secretion	0	0.00153061224489796	1	-0.00293828316833478	3	3
GO:0090188	negative regulation of pancreatic juice secretion	0	0.00489795918367347	1	-0.00936068312021188	5	10
GO:0090191	negative regulation of branching involved in ureteric bud morphogenesis	0	0	1	0	1	0
GO:0090193	positive regulation of glomerulus development	0	0	1	0	1	0
GO:0090204	protein localization to nuclear pore	0	0.000153061224489796	1	-0.000294367488453351	2	1
GO:0090205	positive regulation of cholesterol metabolic process	0	0.000433673469387755	1	-0.000833729422625384	3	3
GO:0090207	regulation of triglyceride metabolic process	0	0.00941326530612245	1	-0.0178837628909484	5	10
GO:0090209	negative regulation of triglyceride metabolic process	0	0.00232142857142857	1	-0.00445171969072788	3	3
GO:0090212	negative regulation of establishment of blood-brain barrier	0	0.000102040816326531	1	-0.000196258338972743	2	1
GO:0090222	centrosome-templated microtubule nucleation	0	0.00153061224489796	1	-0.00293828316833478	2	1
GO:0090234	regulation of kinetochore assembly	0	0.00107142857142857	1	-0.00205805423611594	2	1
GO:0090235	regulation of metaphase plate congression	0	0.00125	1	-0.0024004931319106	4	6
GO:0090238	positive regulation of arachidonate secretion	1	0.00145408163265306	0.00145302496817671	0.934442906041373	5	10
GO:0090244	Wnt signaling pathway involved in somitogenesis	0	0.00512755102040816	1	-0.00979649877365274	3	3
GO:0090249	regulation of cell migration involved in somitogenic axis elongation	0	0.000204081632653061	1	-0.000392463296103651	2	1
GO:0090251	protein localization involved in establishment of planar polarity	0	0.000994897959183673	1	-0.00191124493054273	2	1
GO:0090260	negative regulation of retinal ganglion cell axon guidance	0	0	1	0	1	0
GO:0090261	positive regulation of inclusion body assembly	0	5.10204081632653e-05	1	-9.81358440319546e-05	2	1
GO:0090265	positive regulation of immune complex clearance by monocytes and macrophages	0	0	1	0	1	0
GO:0090266	regulation of mitotic cell cycle spindle assembly checkpoint	0	0.00349489795918367	1	-0.00669162873639051	5	10
GO:0090267	positive regulation of mitotic cell cycle spindle assembly checkpoint	1	0.0195663265306122	0.0193761483462818	0.900545938057799	6	15
GO:0090271	positive regulation of fibroblast growth factor production	0	2.55102040816327e-05	1	-4.90695908794692e-05	2	1
GO:0090272	negative regulation of fibroblast growth factor production	0	0	1	0	1	0
GO:0090276	regulation of peptide hormone secretion	0	2.55102040816327e-05	1	-4.90695908794692e-05	2	1
GO:0090277	positive regulation of peptide hormone secretion	4	0.0316581632653061	4.08073373020567e-08	1.71369726847575	8	28
GO:0090279	regulation of calcium ion import	0	0.00168367346938776	1	-0.00323145428411353	3	3
GO:0090281	negative regulation of calcium ion import	2	0.0119642857142857	7.10037470216976e-05	1.30882759359112	9	36
GO:0090288	negative regulation of cellular response to growth factor stimulus	0	0.0013265306122449	1	-0.00254720290912458	2	1
GO:0090290	positive regulation of osteoclast proliferation	1	0.00244897959183673	0.00244598328777771	0.932539033701618	4	6
GO:0090291	negative regulation of osteoclast proliferation	0	0.000510204081632653	1	-0.000980758166643114	2	1
GO:0090292	nuclear matrix anchoring at nuclear membrane	3	0.00709183673469388	5.90262225297917e-08	1.57144808086349	3	3
GO:0090297	positive regulation of mitochondrial DNA replication	0	0.000204081632653061	1	-0.000392463296103651	2	1
GO:0090304	nucleic acid metabolic process	0	0.00290816326530612	1	-0.00557254362642456	4	6
GO:0090306	meiotic spindle assembly	0	0.00102040816326531	1	-0.0019601846856715	2	1
GO:0090310	negative regulation of DNA methylation-dependent heterochromatin formation	0	0	1	0	1	0
GO:0090311	regulation of protein deacetylation	0	2.55102040816327e-05	1	-4.90695908794692e-05	2	1
GO:0090312	positive regulation of protein deacetylation	0	0.000739795918367347	1	-0.0014216646752595	3	3
GO:0090315	negative regulation of protein targeting to membrane	0	0.0117602040816327	1	-0.0222743799446815	5	10
GO:0090322	regulation of superoxide metabolic process	0	0	1	0	1	0
GO:0090324	negative regulation of oxidative phosphorylation	0	0.00293367346938776	1	-0.00562123561877792	3	3
GO:0090325	regulation of locomotion involved in locomotory behavior	0	0	1	0	1	0
GO:0090326	positive regulation of locomotion involved in locomotory behavior	0	0	1	0	1	0
GO:0090327	negative regulation of locomotion involved in locomotory behavior	0	0.00188775510204082	1	-0.0036221638511168	3	3
GO:0090330	regulation of platelet aggregation	0	0.00183673469387755	1	-0.00352450629726231	2	1
GO:0090331	negative regulation of platelet aggregation	0	0.00436224489795918	1	-0.00834275479019697	5	10
GO:0090335	regulation of brown fat cell differentiation	0	0	1	0	1	0
GO:0090382	phagosome maturation	0	0.00607142857142857	1	-0.01158542413547	8	28
GO:0090383	phagosome acidification	0	0.00397959183673469	1	-0.00761478266216586	2	1
GO:0090385	phagosome-lysosome fusion	2	0.0142091836734694	9.99992442523594e-05	1.30465492818631	8	28
GO:0090394	negative regulation of excitatory postsynaptic potential	0	0.00415816326530612	1	-0.00795459441468049	4	6
GO:0090400	stress-induced premature senescence	0	0	1	0	1	0
GO:0090402	oncogene-induced cell senescence	2	0.00395408163265306	7.79680426120246e-06	1.32391628130537	4	6
GO:0090403	oxidative stress-induced premature senescence	0	0.000688775510204082	1	-0.00132370873805776	2	1
GO:0090425	acinar cell differentiation	0	0.000229591836734694	1	-0.000441506197876307	3	3
GO:0090427	activation of meiosis	1	0.00048469387755102	0.000484576432446995	0.936302807043048	3	3
GO:0090435	protein localization to nuclear envelope	3	0.0139795918367347	4.50588778618405e-07	1.55856056607173	7	21
GO:0090461	intracellular glutamate homeostasis	0	0.00829081632653061	1	-0.0157744179374105	5	10
GO:0090481	pyrimidine nucleotide-sugar transmembrane transport	0	0	1	0	1	0
GO:0090494	dopamine uptake	0	0.00280612244897959	1	-0.00537774278256054	6	15
GO:0090497	mesenchymal cell migration	0	0	1	0	1	0
GO:0090521	podocyte cell migration	0	0.00145408163265306	1	-0.0027916529166977	6	15
GO:0090522	vesicle tethering involved in exocytosis	35	0.0957142857142857	1.90343915646726e-76	3.11586734982808	9	36
GO:0090557	establishment of endothelial intestinal barrier	8	0.0526020408163265	1.3873936720737e-15	2.14587427335973	8	28
GO:0090559	regulation of membrane permeability	1	0.00931122448979592	0.00926800927192191	0.919542300022702	4	6
GO:0090594	inflammatory response to wounding	0	5.10204081632653e-05	1	-9.81358440319546e-05	2	1
GO:0090611	ubiquitin-independent protein catabolic process via the multivesicular body sorting pathway	6	0.0192091836734694	6.84507981056894e-14	2.00769602520849	4	6
GO:0090646	mitochondrial tRNA processing	1	0.000739795918367347	0.000739522336823459	0.935812894282811	3	3
GO:0090648	response to environmental enrichment	0	0.000229591836734694	1	-0.000441506197876307	2	1
GO:0090649	response to oxygen-glucose deprivation	0	0.00974489795918367	1	-0.0185057998613225	6	15
GO:0090650	cellular response to oxygen-glucose deprivation	0	0.00224489795918367	1	-0.00430539678807718	2	1
GO:0090656	t-circle formation	3	0.0446173469387755	1.43167165574819e-05	1.50387063851772	8	28
GO:0090657	telomeric loop disassembly	0	0.00153061224489796	1	-0.00293828316833478	2	1
GO:0090659	walking behavior	0	0.00267857142857143	1	-0.00513416772691355	3	3
GO:0090663	galanin-activated signaling pathway	1	0.000510204081632653	0.000509943906170321	0.936253800791427	2	1
GO:0090666	scaRNA localization to Cajal body	0	0	1	0	1	0
GO:0090669	telomerase RNA stabilization	0	0.0013265306122449	1	-0.00254720290912458	3	3
GO:0090671	telomerase RNA localization to Cajal body	0	0.00104591836734694	1	-0.0020091211207125	3	3
GO:0090675	intermicrovillar adhesion	1	0.000102040816326531	0.000102030405060708	0.937038300619098	2	1
GO:0090717	adaptive immune memory response involving T cells and B cells	1	0.00196428571428571	0.00196235776703654	0.933465933561235	3	3
GO:0090737	telomere maintenance via telomere trimming	0	0.00178571428571429	1	-0.00342683552053125	2	1
GO:0097006	regulation of plasma lipoprotein particle levels	0	0	1	0	1	0
GO:0097010	eukaryotic translation initiation factor 4F complex assembly	1	0.000306122448979592	0.00030602876670407	0.936645944057646	2	1
GO:0097011	cellular response to granulocyte macrophage colony-stimulating factor stimulus	0	0.00716836734693878	1	-0.0136588868003891	7	21
GO:0097017	renal protein absorption	0	0.00114795918367347	1	-0.00220483366900515	3	3
GO:0097018	renal albumin absorption	1	0.0199744897959184	0.0197763213061032	0.899800118261012	5	10
GO:0097021	lymphocyte migration into lymphoid organs	1	0.005	0.00498752080731769	0.927680147484218	5	10
GO:0097022	lymphocyte migration into lymph node	1	0.00316326530612245	0.0031582674495091	0.931175243249982	3	3
GO:0097029	mature conventional dendritic cell differentiation	0	0	1	0	1	0
GO:0097035	regulation of membrane lipid distribution	1	0.000688775510204082	0.000688538358794138	0.935910850220013	3	3
GO:0097039	protein linear polyubiquitination	3	0.00214285714285714	1.63643129268147e-09	1.58085224731867	3	3
GO:0097050	type B pancreatic cell apoptotic process	0	0	1	0	1	0
GO:0097051	establishment of protein localization to endoplasmic reticulum membrane	1	0.00176020408163265	0.00175865583057505	0.933856563785602	3	3
GO:0097053	L-kynurenine catabolic process	3	0.0193622448979592	1.1923733069906e-06	1.54864707908961	4	6
GO:0097055	agmatine biosynthetic process	1	0.00178571428571429	0.0017825311942959	0.933807723437539	2	1
GO:0097061	dendritic spine organization	1	0.00349489795918367	0.0034887979117281	0.93054293022168	4	6
GO:0097062	dendritic spine maintenance	0	0.0214540816326531	1	-0.04013159160789	6	15
GO:0097065	anterior head development	1	0.00318877551020408	0.00318369676533679	0.931126584103251	4	6
GO:0097066	response to thyroid hormone	1	0.0179336734693878	0.017773822147507	0.903536952470014	7	21
GO:0097067	cellular response to thyroid hormone stimulus	3	0.0268367346938776	3.15720191168809e-06	1.53510307007592	8	28
GO:0097068	response to thyroxine	0	0.00665816326530612	1	-0.0126952268875907	3	3
GO:0097069	cellular response to thyroxine stimulus	1	0.00336734693877551	0.00335604596765992	0.93078606195085	2	1
GO:0097070	ductus arteriosus closure	0	0.000229591836734694	1	-0.000441506197876307	4	6
GO:0097084	vascular associated smooth muscle cell development	1	0.0585459183673469	0.0568650678109209	0.832587455549098	10	45
GO:0097089	methyl-branched fatty acid metabolic process	0	7.6530612244898e-05	1	-0.00014719875991176	3	3
GO:0097091	synaptic vesicle clustering	4	0.0276020408163265	2.36574548944872e-08	1.72092831321906	7	21
GO:0097094	craniofacial suture morphogenesis	0	0.0049234693877551	1	-0.00940912008651818	6	15
GO:0097102	endothelial tip cell fate specification	0	0.00321428571428571	1	-0.00615663071942585	2	1
GO:0097104	postsynaptic membrane assembly	7	0.0359438775510204	1.49035048246809e-14	2.08281488260109	7	21
GO:0097105	presynaptic membrane assembly	6	0.0315051020408163	1.32199039953915e-12	1.98553998859811	8	28
GO:0097106	postsynaptic density organization	0	0	1	0	1	0
GO:0097107	postsynaptic density assembly	0	0.0013265306122449	1	-0.00254720290912458	2	1
GO:0097111	endoplasmic reticulum-Golgi intermediate compartment organization	0	0.000229591836734694	1	-0.000441506197876307	2	1
GO:0097112	gamma-aminobutyric acid receptor clustering	1	0.00635204081632653	0.00633190925311781	0.925118146561271	4	6
GO:0097113	AMPA glutamate receptor clustering	1	0.0026530612244898	0.0026460411154081	0.932149116113505	2	1
GO:0097114	NMDA glutamate receptor clustering	3	0.0130867346938776	3.69897517798211e-07	1.56021823813281	4	6
GO:0097116	gephyrin clustering involved in postsynaptic density assembly	3	0.00823979591836735	9.2664800534803e-08	1.56928410881164	4	6
GO:0097117	guanylate kinase-associated protein clustering	1	0.00431122448979592	0.0042927176204628	0.928988824681866	2	1
GO:0097118	neuroligin clustering involved in postsynaptic membrane assembly	1	0.00691326530612245	0.00688942356637305	0.924057341192969	3	3
GO:0097119	postsynaptic density protein 95 clustering	5	0.0196173469387755	2.38189176619675e-11	1.88386923643395	6	15
GO:0097120	receptor localization to synapse	2	0.0117091836734694	6.80197044124214e-05	1.3093032909972	5	10
GO:0097151	positive regulation of inhibitory postsynaptic potential	2	0.0216071428571429	0.000230098835056156	1.29107247386447	6	15
GO:0097152	mesenchymal cell apoptotic process	1	0.0268622448979592	0.0265046637626111	0.887329335738918	7	21
GO:0097154	GABAergic neuron differentiation	0	0.00183673469387755	1	-0.00352450629726231	2	1
GO:0097155	fasciculation of sensory neuron axon	0	0.00160714285714286	1	-0.00308488362010329	3	3
GO:0097156	fasciculation of motor neuron axon	0	0.00125	1	-0.0024004931319106	2	1
GO:0097167	circadian regulation of translation	0	0	1	0	1	0
GO:0097176	epoxide metabolic process	0	0	1	0	1	0
GO:0097178	ruffle assembly	0	0.0100255102040816	1	-0.0190317201977849	7	21
GO:0097186	amelogenesis	2	0.00801020408163265	3.19108776732992e-05	1.31623638983727	10	45
GO:0097187	dentinogenesis	0	0.00551020408163265	1	-0.0105222735812761	5	10
GO:0097195	pilomotor reflex	0	0.000102040816326531	1	-0.000196258338972743	2	1
GO:0097205	renal filtration	0	0.00678571428571429	1	-0.0129362625835029	2	1
GO:0097210	response to gonadotropin-releasing hormone	0	0.00280612244897959	1	-0.00537774278256054	2	1
GO:0097211	cellular response to gonadotropin-releasing hormone	0	0.000408163265306122	1	-0.000784713180942753	2	1
GO:0097237	cellular response to toxic substance	0	0.000535714285714286	1	-0.00102976108914732	3	3
GO:0097241	hematopoietic stem cell migration to bone marrow	1	0.00142857142857143	0.00142755150614332	0.934491789416206	5	10
GO:0097250	mitochondrial respirasome assembly	1	5.10204081632653e-05	5.10178052140197e-05	0.937136423114039	2	1
GO:0097264	self proteolysis	4	0.105535714285714	4.75099524258048e-06	1.59328372656844	10	45
GO:0097267	omega-hydroxylase P450 pathway	3	0.01	1.65421652805521e-07	1.56597857562165	4	6
GO:0097272	ammonium homeostasis	2	0.00747448979591837	2.77951933060794e-05	1.31724604094551	4	6
GO:0097278	complement-dependent cytotoxicity	0	0	1	0	1	0
GO:0097284	hepatocyte apoptotic process	2	0.0351020408163265	0.000601847615006804	1.26693634263739	9	36
GO:0097291	renal phosphate ion absorption	0	0.000306122448979592	1	-0.000588614900424389	2	1
GO:0097294	'de novo' XMP biosynthetic process	2	0.00168367346938776	1.41578791072697e-06	1.3282510520771	3	3
GO:0097300	programmed necrotic cell death	1	0.000102040816326531	0.000102030405060708	0.937038300619098	2	1
GO:0097305	response to alcohol	0	0.00806122448979592	1	-0.0153422001098926	6	15
GO:0097320	plasma membrane tubulation	7	0.0117857142857143	6.20272501770986e-18	2.12651831679292	12	66
GO:0097323	B cell adhesion	0	0	1	0	1	0
GO:0097324	melanocyte migration	0	0.000178571428571429	1	-0.000343417059780471	2	1
GO:0097325	melanocyte proliferation	0	0	1	0	1	0
GO:0097345	mitochondrial outer membrane permeabilization	1	0.0285459183673469	0.0281423329958208	0.884313435213121	8	28
GO:0097350	neutrophil clearance	0	0.0050765306122449	1	-0.00969967360297785	5	10
GO:0097355	protein localization to heterochromatin	1	0.000102040816326531	0.000102030405060708	0.937038300619098	2	1
GO:0097359	UDP-glucosylation	1	0.00038265306122449	0.000382506693867143	0.936498865349736	2	1
GO:0097368	establishment of Sertoli cell barrier	1	0.000816326530612245	0.000815993426738149	0.935665985313746	3	3
GO:0097374	sensory neuron axon guidance	1	0.0100765306122449	0.0100259320496588	0.918107258063121	3	3
GO:0097398	cellular response to interleukin-17	0	0.000178571428571429	1	-0.000343417059780471	2	1
GO:0097400	interleukin-17-mediated signaling pathway	2	0.0050765306122449	1.28420550693103e-05	1.32178283275824	4	6
GO:0097402	neuroblast migration	0	0.00181122448979592	1	-0.00347567256198011	3	3
GO:0097403	cellular response to raffinose	0	0.000994897959183673	1	-0.00191124493054273	2	1
GO:0097411	hypoxia-inducible factor-1alpha signaling pathway	0	0.00204081632653061	1	-0.00391505721121221	3	3
GO:0097466	ubiquitin-dependent glycoprotein ERAD pathway	1	0.000255102040816327	0.000255036980362153	0.936744013192519	2	1
GO:0097468	programmed cell death in response to reactive oxygen species	0	0	1	0	1	0
GO:0097473	retinal rod cell apoptotic process	0	0	1	0	1	0
GO:0097474	retinal cone cell apoptotic process	0	0	1	0	1	0
GO:0097475	motor neuron migration	0	0.0286224489795918	1	-0.0530579109873137	7	21
GO:0097477	lateral motor column neuron migration	1	0.000408163265306122	0.000407996736026112	0.936449845777128	2	1
GO:0097484	dendrite extension	1	0.0248979591836735	0.0245905614742764	0.89086389746251	6	15
GO:0097485	neuron projection guidance	0	0.00681122448979592	1	-0.0129844600592463	4	6
GO:0097490	sympathetic neuron projection extension	5	0.027984693877551	1.39732341848863e-10	1.8687339030438	5	10
GO:0097491	sympathetic neuron projection guidance	5	0.020484693877551	2.95494881110435e-11	1.88228549463186	4	6
GO:0097492	sympathetic neuron axon guidance	3	0.00630102040816327	4.14982094136935e-08	1.57294260257663	4	6
GO:0097494	regulation of vesicle size	0	0.00686224489795918	1	-0.0130808453507371	5	10
GO:0097499	protein localization to non-motile cilium	0	0	1	0	1	0
GO:0097500	receptor localization to non-motile cilium	0	0.0105102040816327	1	-0.0199392258886404	3	3
GO:0097503	sialylation	2	0.0189030612244898	0.000176427225223706	1.29600748970291	7	21
GO:0097527	necroptotic signaling pathway	1	0.00571428571428571	0.00569799019348047	0.926325503855225	3	3
GO:0097528	execution phase of necroptosis	0	0	1	0	1	0
GO:0097529	myeloid leukocyte migration	0	0.00311224489795918	1	-0.00596198756647892	3	3
GO:0097530	granulocyte migration	0	0	1	0	1	0
GO:0097531	mast cell migration	0	0.000892857142857143	1	-0.00171545270013673	2	1
GO:0097535	lymphoid lineage cell migration into thymus	0	0	1	0	1	0
GO:0097553	calcium ion transmembrane import into cytosol	3	0.0133928571428571	3.96376216122426e-07	1.55964946418617	5	10
GO:0097601	retina blood vessel maintenance	0	0	1	0	1	0
GO:0097638	L-arginine import across plasma membrane	1	0.000127551020408163	0.000127542886122598	0.936989244376402	3	3
GO:0097646	calcitonin family receptor signaling pathway	1	0.00163265306122449	0.00162999185004075	0.934100815140811	2	1
GO:0097647	amylin receptor signaling pathway	6	0.0137755102040816	9.36118940289327e-15	2.01770804674037	4	6
GO:0097680	double-strand break repair via classical nonhomologous end joining	0	0.0103826530612245	1	-0.0197005192712715	4	6
GO:0097681	double-strand break repair via alternative nonhomologous end joining	2	0.01125	6.28086368905771e-05	1.31016033765697	5	10
GO:0097699	vascular endothelial cell response to fluid shear stress	0	0	1	0	1	0
GO:0097709	connective tissue replacement	0	0.000127551020408163	1	-0.000245314581668765	2	1
GO:0097711	ciliary basal body-plasma membrane docking	0	0	1	0	1	0
GO:0097719	neural tissue regeneration	1	0.00433673469387755	0.00432734462431473	0.928940312793724	3	3
GO:0097720	calcineurin-mediated signaling	1	0.00946428571428572	0.00941964031885107	0.919255063151196	4	6
GO:0097734	extracellular exosome biogenesis	0	0.000255102040816327	1	-0.000490545765551631	2	1
GO:0097744	renal urate salt excretion	0	0.000433673469387755	1	-0.000833729422625384	3	3
GO:0097745	mitochondrial tRNA 5'-end processing	3	0.00803571428571429	8.57891458070885e-08	1.56966834080444	3	3
GO:0097749	membrane tubulation	0	0.00165816326530612	1	-0.00318260070511378	2	1
GO:0097750	endosome membrane tubulation	0	0	1	0	1	0
GO:0097752	regulation of DNA stability	0	2.55102040816327e-05	1	-4.90695908794692e-05	2	1
GO:0098508	endothelial to hematopoietic transition	1	0.0128316326530612	0.0127496571474032	0.912964617481263	3	3
GO:0098528	skeletal muscle fiber differentiation	0	0.0246938775510204	1	-0.0460024391698287	7	21
GO:0098534	centriole assembly	1	0.00204081632653061	0.00203873527609198	0.933319501746858	3	3
GO:0098535	de novo centriole assembly involved in multi-ciliated epithelial cell differentiation	3	0.00295918367346939	4.30605288269541e-09	1.57929257639658	3	3
GO:0098583	learned vocalization behavior	0	0	1	0	1	0
GO:0098629	trans-Golgi network membrane organization	0	0	1	0	1	0
GO:0098658	inorganic anion import across plasma membrane	0	0	1	0	1	0
GO:0098659	inorganic cation import across plasma membrane	0	0.000510204081632653	1	-0.000980758166643114	2	1
GO:0098664	G protein-coupled serotonin receptor signaling pathway	4	0.00752551020408163	1.32836753242688e-10	1.7578275745394	6	15
GO:0098698	postsynaptic specialization assembly	0	0	1	0	1	0
GO:0098700	neurotransmitter loading into synaptic vesicle	10	0.0145663265306122	1.1679151824684e-25	2.36754927379979	5	10
GO:0098708	D-glucose import across plasma membrane	0	0.000535714285714286	1	-0.00102976108914732	3	3
GO:0098711	iron ion import across plasma membrane	0	0	1	0	1	0
GO:0098712	L-glutamate import across plasma membrane	3	0.00548469387755102	2.73854381725071e-08	1.57448858941541	8	28
GO:0098734	macromolecule depalmitoylation	0	0.00165816326530612	1	-0.00318260070511378	4	6
GO:0098735	positive regulation of the force of heart contraction	0	0	1	0	1	0
GO:0098739	import across plasma membrane	0	0.000612244897959184	1	-0.00117674988648608	2	1
GO:0098749	cerebellar neuron development	0	0	1	0	1	0
GO:0098761	cellular response to interleukin-7	0	0.0123214285714286	1	-0.0233203625593946	5	10
GO:0098773	skin epidermis development	0	0.00301020408163265	1	-0.00576729187826741	4	6
GO:0098780	response to mitochondrial depolarisation	1	0.00426020408163265	0.00425114227153861	0.929085858246775	3	3
GO:0098792	xenophagy	2	0.0075765306122449	2.85573452046514e-05	1.31705361746442	5	10
GO:0098795	global gene silencing by mRNA cleavage	0	0	1	0	1	0
GO:0098815	modulation of excitatory postsynaptic potential	1	0.00165816326530612	0.00165678927213884	0.934051958252957	4	6
GO:0098838	folate transmembrane transport	0	0	1	0	1	0
GO:0098840	protein transport along microtubule	0	0.000535714285714286	1	-0.00102976108914732	2	1
GO:0098849	cellular detoxification of cadmium ion	0	0.000229591836734694	1	-0.000441506197876307	3	3
GO:0098856	intestinal lipid absorption	0	0.000229591836734694	1	-0.000441506197876307	2	1
GO:0098868	bone growth	0	0.000178571428571429	1	-0.000343417059780471	2	1
GO:0098880	maintenance of postsynaptic specialization structure	0	0.000153061224489796	1	-0.000294367488453351	2	1
GO:0098883	synapse pruning	4	0.0292857142857143	2.99393327977764e-08	1.71791794297271	7	21
GO:0098884	postsynaptic neurotransmitter receptor internalization	0	0.000178571428571429	1	-0.000343417059780471	2	1
GO:0098885	modification of postsynaptic actin cytoskeleton	2	0.0245918367346939	0.000297467261759024	1.28566424886491	7	21
GO:0098886	modification of dendritic spine	0	0	1	0	1	0
GO:0098887	neurotransmitter receptor transport, endosome to postsynaptic membrane	1	0.0232397959183673	0.0229718316864371	0.893861158707589	6	15
GO:0098900	regulation of action potential	0	0.000663265306122449	1	-0.00127472578075483	2	1
GO:0098901	regulation of cardiac muscle cell action potential	0	2.55102040816327e-05	1	-4.90695908794692e-05	2	1
GO:0098902	regulation of membrane depolarization during action potential	0	0	1	0	1	0
GO:0098903	regulation of membrane repolarization during action potential	1	0.00563775510204082	0.00560614900687451	0.926470522623436	2	1
GO:0098904	regulation of AV node cell action potential	0	0.000102040816326531	1	-0.000196258338972743	2	1
GO:0098905	regulation of bundle of His cell action potential	0	0.000102040816326531	1	-0.000196258338972743	2	1
GO:0098907	regulation of SA node cell action potential	0	0	1	0	1	0
GO:0098908	regulation of neuronal action potential	0	0.00405612244897959	1	-0.00776043587224062	3	3
GO:0098909	regulation of cardiac muscle cell action potential involved in regulation of contraction	0	0.00474489795918367	1	-0.009069993001249	6	15
GO:0098910	regulation of atrial cardiac muscle cell action potential	0	0.00163265306122449	1	-0.00313374381725984	2	1
GO:0098911	regulation of ventricular cardiac muscle cell action potential	12	0.0456632653061225	1.64498932735649e-25	2.43930943782236	7	21
GO:0098912	membrane depolarization during atrial cardiac muscle cell action potential	0	0	1	0	1	0
GO:0098914	membrane repolarization during atrial cardiac muscle cell action potential	1	0.00522959183673469	0.00521594132724274	0.92724444882435	4	6
GO:0098915	membrane repolarization during ventricular cardiac muscle cell action potential	10	0.0281632653061225	8.43235710819393e-23	2.34280166712959	11	55
GO:0098921	retrograde trans-synaptic signaling by endocannabinoid	0	0.000688775510204082	1	-0.00132370873805776	3	3
GO:0098937	anterograde dendritic transport	0	0	1	0	1	0
GO:0098942	retrograde trans-synaptic signaling by trans-synaptic protein complex	0	0	1	0	1	0
GO:0098943	neurotransmitter receptor transport, postsynaptic endosome to lysosome	6	0.0732908163265306	2.0216226601551e-10	1.91495924608945	8	28
GO:0098957	anterograde axonal transport of mitochondrion	1	0.0100765306122449	0.0100259320496588	0.918107258063121	3	3
GO:0098958	retrograde axonal transport of mitochondrion	0	0	1	0	1	0
GO:0098962	regulation of postsynaptic neurotransmitter receptor activity	0	0	1	0	1	0
GO:0098963	dendritic transport of messenger ribonucleoprotein complex	0	0.000229591836734694	1	-0.000441506197876307	2	1
GO:0098964	anterograde dendritic transport of messenger ribonucleoprotein complex	1	0.000994897959183673	0.000994403212256155	0.935323314027528	3	3
GO:0098967	exocytic insertion of neurotransmitter receptor to postsynaptic membrane	0	0.00168367346938776	1	-0.00323145428411353	2	1
GO:0098968	neurotransmitter receptor transport postsynaptic membrane to endosome	0	0.00280612244897959	1	-0.00537774278256054	3	3
GO:0098969	neurotransmitter receptor transport to postsynaptic membrane	0	0	1	0	1	0
GO:0098970	postsynaptic neurotransmitter receptor diffusion trapping	6	0.0551530612244898	3.72876075277941e-11	1.94475166598998	7	21
GO:0098971	anterograde dendritic transport of neurotransmitter receptor complex	4	0.0107397959183673	5.49594217362757e-10	1.75179155927147	6	15
GO:0098976	excitatory chemical synaptic transmission	3	0.0260714285714286	2.89638820857998e-06	1.5364782007976	7	21
GO:0098977	inhibitory chemical synaptic transmission	0	0.000204081632653061	1	-0.000392463296103651	2	1
GO:0098987	regulation of modification of synapse structure, modulating synaptic transmission	0	0	1	0	1	0
GO:0098989	NMDA selective glutamate receptor signaling pathway	0	0.00691326530612245	1	-0.0131772177651015	3	3
GO:0098990	AMPA selective glutamate receptor signaling pathway	0	0.0108418367346939	1	-0.0205594936627962	4	6
GO:0099003	vesicle-mediated transport in synapse	0	0.0154336734693878	1	-0.0290934449016324	6	15
GO:0099010	modification of postsynaptic structure	0	0.00318877551020408	1	-0.00610797485481962	5	10
GO:0099011	neuronal dense core vesicle exocytosis	1	0.00122448979591837	0.00122299225438239	0.934882975716706	2	1
GO:0099039	sphingolipid translocation	0	0.000178571428571429	1	-0.000343417059780471	2	1
GO:0099040	ceramide translocation	0	0	1	0	1	0
GO:0099041	vesicle tethering to Golgi	2	0.000229591836734694	2.63521719817841e-08	1.33104100016334	4	6
GO:0099044	vesicle tethering to endoplasmic reticulum	1	0.000535714285714286	0.000535427449580582	0.936204797868923	2	1
GO:0099050	vesicle scission	1	0.00298469387755102	0.00297581198972455	0.931515949213815	2	1
GO:0099068	postsynapse assembly	0	0	1	0	1	0
GO:0099074	mitochondrion to lysosome vesicle-mediated transport	0	0	1	0	1	0
GO:0099084	postsynaptic specialization organization	0	0	1	0	1	0
GO:0099093	calcium export from the mitochondrion	0	2.55102040816327e-05	1	-4.90695908794692e-05	2	1
GO:0099105	ion channel modulating, G protein-coupled receptor signaling pathway	0	0.0025765306122449	1	-0.00493924844708282	4	6
GO:0099140	presynaptic actin cytoskeleton organization	0	0.000204081632653061	1	-0.000392463296103651	3	3
GO:0099150	regulation of postsynaptic specialization assembly	0	0.000816326530612245	1	-0.0015685736443245	3	3
GO:0099152	regulation of neurotransmitter receptor transport, endosome to postsynaptic membrane	0	0	1	0	1	0
GO:0099159	regulation of modification of postsynaptic structure	0	0.0203316326530612	1	-0.0380864010568829	6	15
GO:0099172	presynapse organization	0	7.6530612244898e-05	1	-0.00014719875991176	2	1
GO:0099173	postsynapse organization	0	0.0797704081632653	1	-0.139123892871663	12	66
GO:0099178	regulation of retrograde trans-synaptic signaling by endocanabinoid	0	2.55102040816327e-05	1	-4.90695908794692e-05	2	1
GO:0099179	regulation of synaptic membrane adhesion	0	0	1	0	1	0
GO:0099183	trans-synaptic signaling by BDNF, modulating synaptic transmission	0	0	1	0	1	0
GO:0099185	postsynaptic intermediate filament cytoskeleton organization	3	0.00405612244897959	1.10769544522545e-08	1.57720206484892	3	3
GO:0099188	postsynaptic cytoskeleton organization	0	0	1	0	1	0
GO:0099502	calcium-dependent activation of synaptic vesicle fusion	1	0.00280612244897959	0.00280218896751735	0.93185681617551	6	15
GO:0099519	dense core granule cytoskeletal transport	0	0	1	0	1	0
GO:0099525	presynaptic dense core vesicle exocytosis	4	0.0128316326530612	1.11804483267884e-09	1.7478903166351	5	10
GO:0099527	postsynapse to nucleus signaling pathway	0	0	1	0	1	0
GO:0099536	synaptic signaling	4	0.0126785714285714	1.06577613133841e-09	1.74817505908108	7	21
GO:0099537	trans-synaptic signaling	0	0.000153061224489796	1	-0.000294367488453351	2	1
GO:0099538	synaptic signaling via neuropeptide	1	0.0180612244897959	0.0178990981090555	0.903302832341885	5	10
GO:0099545	trans-synaptic signaling by trans-synaptic complex	2	0.00323979591836735	5.23681271157017e-06	1.32527722305887	3	3
GO:0099550	trans-synaptic signaling, modulating synaptic transmission	0	0.000535714285714286	1	-0.00102976108914732	2	1
GO:0099553	trans-synaptic signaling by endocannabinoid, modulating synaptic transmission	0	0.00364795918367347	1	-0.00698327868124393	3	3
GO:0099558	maintenance of synapse structure	0	0.00913265306122449	1	-0.0173570046290905	6	15
GO:0099562	maintenance of postsynaptic density structure	1	0.0130357142857143	0.0129511173550241	0.912585135644172	5	10
GO:0099563	modification of synaptic structure	0	0.00086734693877551	1	-0.0016664963378088	2	1
GO:0099565	chemical synaptic transmission, postsynaptic	0	0.000459183673469388	1	-0.000882742333834563	2	1
GO:0099566	regulation of postsynaptic cytosolic calcium ion concentration	1	0.0191326530612245	0.018950785570762	0.901339217424066	7	21
GO:0099576	regulation of protein catabolic process at postsynapse, modulating synaptic transmission	0	0.000612244897959184	1	-0.00117674988648608	3	3
GO:0099577	regulation of translation at presynapse, modulating synaptic transmission	3	0.00936224489795918	1.35494844275179e-07	1.56717448345292	3	3
GO:0099578	regulation of translation at postsynapse, modulating synaptic transmission	0	0	1	0	1	0
GO:0099590	neurotransmitter receptor internalization	6	0.0393367346938776	4.97530034523425e-12	1.97177485146265	6	15
GO:0099601	regulation of neurotransmitter receptor activity	0	7.6530612244898e-05	1	-0.00014719875991176	3	3
GO:0099605	regulation of action potential firing rate	1	5.10204081632653e-05	5.10178052140197e-05	0.937136423114039	2	1
GO:0099610	action potential initiation	0	0.00204081632653061	1	-0.00391505721121221	3	3
GO:0099611	regulation of action potential firing threshold	0	0.00112244897959184	1	-0.00215591050981212	2	1
GO:0099612	protein localization to axon	0	0.00551020408163265	1	-0.0105222735812761	3	3
GO:0099625	ventricular cardiac muscle cell membrane repolarization	1	0.00165816326530612	0.00165678927182479	0.934051958252957	3	3
GO:0099638	endosome to plasma membrane protein transport	0	0.00385204081632653	1	-0.00737196193733469	3	3
GO:0099641	anterograde axonal protein transport	3	0.0284183673469388	3.74452084614973e-06	1.53226941337062	8	28
GO:0099642	retrograde axonal protein transport	0	0.000229591836734694	1	-0.000441506197876307	2	1
GO:0101023	vascular endothelial cell proliferation	0	0	1	0	1	0
GO:0101030	tRNA-guanine transglycosylation	1	2.55102040816327e-05	2.55095533277212e-05	0.937185489367191	2	1
GO:0106001	intestinal hexose absorption	0	0	1	0	1	0
GO:0106004	tRNA (guanine-N7)-methylation	1	0.000408163265306122	0.000407996736026112	0.936449845777128	2	1
GO:0106005	RNA 5'-cap (guanine-N7)-methylation	2	0.000790816326530612	3.12530407417109e-07	1.32996289904895	3	3
GO:0106015	negative regulation of inflammatory response to wounding	0	0.0089030612244898	1	-0.0169257343014336	6	15
GO:0106016	positive regulation of inflammatory response to wounding	0	0.000306122448979592	1	-0.000588614900424389	2	1
GO:0106028	neuron projection retraction	0	0.000255102040816327	1	-0.000490545765551631	2	1
GO:0106070	regulation of adenylate cyclase-activating G protein-coupled receptor signaling pathway	0	0.000127551020408163	1	-0.000245314581668765	3	3
GO:0106071	positive regulation of adenylate cyclase-activating G protein-coupled receptor signaling pathway	0	0.000229591836734694	1	-0.000441506197876307	3	3
GO:0106072	negative regulation of adenylate cyclase-activating G protein-coupled receptor signaling pathway	1	0.0010969387755102	0.00109633735809772	0.935127574925738	8	28
GO:0106074	aminoacyl-tRNA metabolism involved in translational fidelity	20	0.165637755102041	8.48329119929387e-35	2.61799699200755	8	28
GO:0106091	glial cell projection elongation	0	0.000102040816326531	1	-0.000196258338972743	2	1
GO:0106230	protein depropionylation	0	0	1	0	1	0
GO:0106300	protein-DNA covalent cross-linking repair	0	0.00211734693877551	1	-0.00406145930631496	3	3
GO:0106383	dAMP salvage	0	0	1	0	1	0
GO:0106402	Lewis x epitope biosynthetic process	1	0.00530612244897959	0.00527811611855461	0.92709927439919	2	1
GO:0110010	basolateral protein secretion	6	0.0256887755102041	3.89019553736697e-13	1.99593567036137	4	6
GO:0110011	regulation of basement membrane organization	10	0.0134948979591837	5.45262118252289e-26	2.36953593707905	6	15
GO:0110024	positive regulation of cardiac muscle myoblast proliferation	0	0.00204081632653061	1	-0.00391505721121221	3	3
GO:0110025	DNA strand resection involved in replication fork processing	3	0.00701530612244898	5.72405765374257e-08	1.57159257674495	4	6
GO:0110031	negative regulation of G2/MI transition of meiotic cell cycle	0	0.000153061224489796	1	-0.000294367488453351	2	1
GO:0110032	positive regulation of G2/MI transition of meiotic cell cycle	0	0	1	0	1	0
GO:0110051	metabolite repair	1	5.10204081632653e-05	5.10178052140197e-05	0.937136423114039	2	1
GO:0110053	regulation of actin filament organization	0	0.00114795918367347	1	-0.00220483366900515	4	6
GO:0110076	negative regulation of ferroptosis	1	0.01375	0.013655900532956	0.91125851914071	5	10
GO:0110077	vesicle-mediated intercellular transport	0	0.000816326530612245	1	-0.0015685736443245	3	3
GO:0110088	hippocampal neuron apoptotic process	0	0.000943877551020408	1	-0.00181335545821926	4	6
GO:0110091	negative regulation of hippocampal neuron apoptotic process	1	0.00165816326530612	0.00165678927213884	0.934051958252957	4	6
GO:0110095	cellular detoxification of aldehyde	1	0.0255357142857143	0.0252124354975314	0.889714412691677	5	10
GO:0110097	regulation of calcium import into the mitochondrion	1	0.00326530612244898	0.00325998080354052	0.930980626354037	3	3
GO:0110099	negative regulation of calcium import into the mitochondrion	0	0	1	0	1	0
GO:0110104	mRNA alternative polyadenylation	5	0.0151275510204082	6.51907029959954e-12	1.89212348185935	4	6
GO:0110135	Norrin signaling pathway	3	0.00244897959183673	2.44197194037816e-09	1.5802669754647	3	3
GO:0110155	NAD-cap decapping	0	0.000663265306122449	1	-0.00127472578075483	2	1
GO:0110156	mRNA methylguanosine-cap decapping	0	0.0039030612244898	1	-0.00746910003611401	3	3
GO:0120041	positive regulation of macrophage proliferation	1	0.000459183673469388	0.000458972920597685	0.936351816624236	2	1
GO:0120045	stereocilium maintenance	0	0.000127551020408163	1	-0.000245314581668765	2	1
GO:0120049	snRNA (adenine-N6)-methylation	0	0.000918367346938775	1	-0.00176440574012327	2	1
GO:0120058	positive regulation of small intestinal transit	1	0.00102040816326531	0.00101936799184506	0.935274374272399	2	1
GO:0120154	negative regulation of ERBB4 signaling pathway	0	0	1	0	1	0
GO:0120181	focal adhesion disassembly	0	5.10204081632653e-05	1	-9.81358440319546e-05	2	1
GO:0120183	positive regulation of focal adhesion disassembly	1	0.00158163265306122	0.00158038253130127	0.934198538844875	5	10
GO:0120186	negative regulation of protein localization to chromatin	0	0.00811224489795918	1	-0.0154382708991996	4	6
GO:0120187	positive regulation of protein localization to chromatin	0	0.000459183673469388	1	-0.000882742333834563	2	1
GO:0120188	regulation of bile acid secretion	0	0.000255102040816327	1	-0.000490545765551631	2	1
GO:0120192	tight junction assembly	0	0.0163265306122449	1	-0.0307411638896034	5	10
GO:0120193	tight junction organization	0	0.000459183673469388	1	-0.000882742333834563	2	1
GO:0120197	mucociliary clearance	0	0.00150510204081633	1	-0.00288940972948382	5	10
GO:0120222	regulation of blastocyst development	0	0.000102040816326531	1	-0.000196258338972743	2	1
GO:0120223	larynx morphogenesis	0	0.00076530612244898	1	-0.00147063765606126	2	1
GO:0120229	protein localization to motile cilium	0	0.00252551020408163	1	-0.00484176905227984	3	3
GO:0120302	background adaptation	1	0.00204081632653061	0.00203665987780041	0.933319501746858	2	1
GO:0120317	sperm mitochondrial sheath assembly	1	0.00660714285714286	0.00658536360275046	0.924635768904908	3	3
GO:0140009	L-aspartate import across plasma membrane	2	0.00102040816326531	5.2026238449008e-07	1.32952232167554	6	15
GO:0140013	meiotic nuclear division	0	0.00339285714285714	1	-0.00649712990934237	2	1
GO:0140014	mitotic nuclear division	0	0.000892857142857143	1	-0.00171545270013673	2	1
GO:0140021	mitochondrial ADP transmembrane transport	6	0.0175255102040816	3.95439721355128e-14	2.01078350958148	4	6
GO:0140052	cellular response to oxidised low-density lipoprotein particle stimulus	1	0.0258163265306122	0.025485934448933	0.889209219106269	8	28
GO:0140056	organelle localization by membrane tethering	0	0.000306122448979592	1	-0.000588614900424389	2	1
GO:0140058	neuron projection arborization	0	0.0374489795918367	1	-0.0686625358843231	6	15
GO:0140059	dendrite arborization	1	0.00612244897959184	0.00610374497973353	0.925552562425315	7	21
GO:0140077	positive regulation of lipoprotein transport	1	0.000229591836734694	0.00022953913642276	0.936793052760194	2	1
GO:0140105	interleukin-10-mediated signaling pathway	1	0.005	0.00498752080731769	0.927680147484218	5	10
GO:0140112	extracellular vesicle biogenesis	0	0	1	0	1	0
GO:0140115	export across plasma membrane	1	0.00204081632653061	0.00203873527681211	0.933319501746858	6	15
GO:0140141	mitochondrial potassium ion transmembrane transport	1	0.000153061224489796	0.000153049511218198	0.936940191469617	4	6
GO:0140206	dipeptide import across plasma membrane	0	0	1	0	1	0
GO:0140227	serotonin-gated cation-selective signaling pathway	8	0.0025765306122449	4.8058178061849e-26	2.23562409642123	5	10
GO:0140249	protein catabolic process at postsynapse	0	0.00107142857142857	1	-0.00205805423611594	2	1
GO:0140252	regulation protein catabolic process at postsynapse	0	0.00107142857142857	1	-0.00205805423611594	2	1
GO:0140285	endosome fission	0	0.000102040816326531	1	-0.000196258338972743	2	1
GO:0140291	peptidyl-glutamate ADP-deribosylation	0	0	1	0	1	0
GO:0140331	aminophospholipid translocation	11	0.018265306122449	1.85981496499581e-27	2.42710990889645	7	21
GO:0140353	lipid export from cell	0	0.000612244897959184	1	-0.00117674988648608	2	1
GO:0140354	lipid import into cell	0	0	1	0	1	0
GO:0140361	cyclic-GMP-AMP transmembrane import across plasma membrane	3	0.000969387755102041	1.51713978129305e-10	1.58310019886628	6	15
GO:0140367	antibacterial innate immune response	0	0.00420918367346939	1	-0.00805165409195885	4	6
GO:0140447	cytokine precursor processing	0	0.000204081632653061	1	-0.000392463296103651	2	1
GO:0140448	signaling receptor ligand precursor processing	0	0.000918367346938775	1	-0.00176440574012327	2	1
GO:0140450	protein targeting to Golgi apparatus	0	0	1	0	1	0
GO:0140455	cytoplasm protein quality control	0	5.10204081632653e-05	1	-9.81358440319546e-05	2	1
GO:0140459	response to Gram-positive bacterium	0	0.00127551020408163	1	-0.00244939970641966	4	6
GO:0140468	HRI-mediated signaling	0	0.000459183673469388	1	-0.000882742333834563	2	1
GO:0140469	GCN2-mediated signaling	1	7.6530612244898e-05	7.65276838522956e-05	0.937087360198159	3	3
GO:0140499	negative regulation of mitotic spindle assembly checkpoint signaling	1	0.000408163265306122	0.000407996736026112	0.936449845777128	2	1
GO:0140501	positive regulation of reticulophagy	3	0.00114795918367347	2.51842799031587e-10	1.58275766705215	3	3
GO:0140507	granzyme-mediated programmed cell death signaling pathway	6	0.0371173469387755	3.51816843215164e-12	1.97564912285435	9	36
GO:0140576	ascorbate homeostasis	0	0.000102040816326531	1	-0.000196258338972743	2	1
GO:0140627	ubiquitin-dependent protein catabolic process via the C-end degron rule pathway	16	0.0300765306122449	2.08320066729726e-38	2.66857829803568	9	36
GO:0140639	positive regulation of pyroptotic inflammatory response	5	0.0039030612244898	7.52372777833926e-15	1.91318202695436	6	15
GO:0140647	P450-containing electron transport chain	0	0.00102040816326531	1	-0.0019601846856715	2	1
GO:0140650	radial glia-guided pyramidal neuron migration	1	0.00418367346938776	0.00417493408667406	0.929231433072289	3	3
GO:0140651	futile creatine cycle	0	0.000204081632653061	1	-0.000392463296103651	2	1
GO:0140673	transcription elongation-coupled chromatin remodeling	1	0.00107142857142857	0.00107085479677455	0.935176504721955	4	6
GO:0140706	protein-containing complex localization to centriolar satellite	0	0.000127551020408163	1	-0.000245314581668765	2	1
GO:0140718	facultative heterochromatin formation	0	0.000306122448979592	1	-0.000588614900424389	3	3
GO:0140719	constitutive heterochromatin formation	3	0.000408163265306122	1.1328521506311e-11	1.58417778754021	3	3
GO:0140742	lncRNA transcription	0	0	1	0	1	0
GO:0140865	interleukin-22-mediated signaling pathway	0	0.00183673469387755	1	-0.00352450629726231	3	3
GO:0140882	zinc export across plasma membrane	0	7.6530612244898e-05	1	-0.00014719875991176	2	1
GO:0140889	DNA replication-dependent chromatin disassembly	1	0.00183673469387755	0.00183336728457934	0.933710052660808	2	1
GO:0140896	cGAS/STING signaling pathway	1	0.000510204081632653	0.000510073949659604	0.936253800791427	3	3
GO:0140916	zinc ion import into lysosome	0	0.000178571428571429	1	-0.000343417059780471	2	1
GO:0140928	inhibition of non-skeletal tissue mineralization	0	0.000102040816326531	1	-0.000196258338972743	2	1
GO:0140958	target-directed miRNA degradation	0	0.000510204081632653	1	-0.000980758166643114	2	1
GO:0140965	secondary piRNA processing	0	0.00114795918367347	1	-0.00220483366900515	2	1
GO:0140970	AIM2 inflammasome complex assembly	0	0	1	0	1	0
GO:0140972	negative regulation of AIM2 inflammasome complex assembly	0	0	1	0	1	0
GO:0140973	positive regulation of AIM2 inflammasome complex assembly	1	0.000153061224489796	0.000153037800336683	0.936940191469617	2	1
GO:0140991	piRNA-mediated gene silencing by mRNA destabilization	0	0.00834183673469388	1	-0.0158704311839843	3	3
GO:0141005	transposable element silencing by heterochromatin formation	1	0.00405612244897959	0.00404790749502533	0.92947412308583	5	10
GO:0141006	transposable element silencing by piRNA-mediated heterochromatin formation	3	0.00678571428571429	5.18114306943965e-08	1.57202623813765	4	6
GO:0141008	transposable element silencing by mRNA destabilization	0	0.00135204081632653	1	-0.00259609953821927	4	6
GO:0141068	autosome genomic imprinting	0	0.000663265306122449	1	-0.00127472578075483	3	3
GO:0141111	positive regulation of cGAS/STING signaling pathway	0	0.000204081632653061	1	-0.000392463296103651	2	1
GO:0141112	broken chromosome clustering	0	0	1	0	1	0
GO:0141137	positive regulation of gene expression, epigenetic	1	0.000229591836734694	0.00022953913642276	0.936793052760194	2	1
GO:0141156	cAMP/PKA signal transduction	1	0.00344387755102041	0.00343795420643602	0.9306401730798	4	6
GO:0141161	regulation of cAMP/PKA signal transduction	1	0.00219387755102041	0.00219147275963124	0.933026727263866	3	3
GO:0141162	negative regulation of cAMP/PKA signal transduction	6	0.00798469387755102	3.57474458654383e-16	2.02853335069401	5	10
GO:0141163	positive regulation of cAMP/PKA signal transduction	3	0.0310969387755102	4.8964421948619e-06	1.52749572250823	7	21
GO:0141164	mitochondrial protein quality control	0	0	1	0	1	0
GO:0141166	chromosomal 5-methylcytosine DNA demethylation pathway	1	0.000663265306122449	0.000663045394303887	0.935959833177316	3	3
GO:0141167	chromosomal 5-methylcytosine DNA demethylation, oxidation pathway	1	0.00114795918367347	0.00114730053058951	0.935029725289066	4	6
GO:0141191	negative regulation of HRI-mediated signaling	1	2.55102040816327e-05	2.55095533277212e-05	0.937185489367191	2	1
GO:0141201	pyroptotic cell death	0	0.000561224489795918	1	-0.00107876068298762	2	1
GO:0141212	phospholipase C/protein kinase C signal transduction	0	0	1	0	1	0
GO:0150003	regulation of spontaneous synaptic transmission	0	0.0014030612244898	1	-0.0026938828541403	2	1
GO:0150007	clathrin-dependent synaptic vesicle endocytosis	0	0.00267857142857143	1	-0.00513416772691355	2	1
GO:0150011	regulation of neuron projection arborization	0	0.00170918367346939	1	-0.00328030455470707	6	15
GO:0150012	positive regulation of neuron projection arborization	0	0.00385204081632653	1	-0.00737196193733469	3	3
GO:0150020	basal dendrite arborization	1	0.00446428571428571	0.00445433558661881	0.9286978022786	3	3
GO:0150032	positive regulation of protein localization to lysosome	0	0.00244897959183673	1	-0.00469552525645312	2	1
GO:0150035	regulation of trans-synaptic signaling by BDNF, modulating synaptic transmission	0	0	1	0	1	0
GO:0150037	regulation of calcium-dependent activation of synaptic vesicle fusion	0	5.10204081632653e-05	1	-9.81358440319546e-05	2	1
GO:0150054	regulation of postsynaptic neurotransmitter receptor diffusion trapping	0	0	1	0	1	0
GO:0150059	amylin receptor 1 signaling pathway	6	0.0123469387755102	4.86027747426862e-15	2.02036354942016	4	6
GO:0150060	amylin receptor 2 signaling pathway	6	0.0130102040816327	6.64847282858831e-15	2.01912942162478	4	6
GO:0150061	amylin receptor 3 signaling pathway	3	0.00663265306122449	4.83092247216378e-08	1.5723154906392	3	3
GO:0150062	complement-mediated synapse pruning	0	0.000816326530612245	1	-0.0015685736443245	2	1
GO:0150064	vertebrate eye-specific patterning	0	0	1	0	1	0
GO:0150074	positive regulation of protein-glutamine gamma-glutamyltransferase activity	0	0	1	0	1	0
GO:0150076	neuroinflammatory response	1	0.00566326530612245	0.0056472592489293	0.926422179794584	5	10
GO:0150077	regulation of neuroinflammatory response	1	0.00313775510204082	0.00313283749326259	0.931223905679282	5	10
GO:0150078	positive regulation of neuroinflammatory response	0	0.00244897959183673	1	-0.00469552525645312	2	1
GO:0150079	negative regulation of neuroinflammatory response	1	0.00482142857142857	0.00480982414216037	0.928019206254477	5	10
GO:0150093	amyloid-beta clearance by transcytosis	1	0.00772959183673469	0.00769979536270646	0.92251713104925	4	6
GO:0150094	amyloid-beta clearance by cellular catabolic process	1	0.0219387755102041	0.0216998708560272	0.896221606326838	7	21
GO:0150099	neuron-glial cell signaling	4	0.00551020408163265	3.82424079229272e-11	1.76163798453063	5	10
GO:0150102	negative regulation of monocyte activation	0	5.10204081632653e-05	1	-9.81358440319546e-05	2	1
GO:0150103	reactive gliosis	2	0.00818877551020408	3.33455473858418e-05	1.3159001532643	5	10
GO:0150105	protein localization to cell-cell junction	1	0.0169642857142857	0.0168212024636268	0.905318753023453	6	15
GO:0150107	positive regulation of protein localization to cell-cell junction	0	0	1	0	1	0
GO:0150111	regulation of transepithelial transport	0	7.6530612244898e-05	1	-0.00014719875991176	2	1
GO:0150172	regulation of phosphatidylcholine metabolic process	0	5.10204081632653e-05	1	-9.81358440319546e-05	2	1
GO:0160006	Fc receptor-mediated immune complex endocytosis	0	0	1	0	1	0
GO:0160020	positive regulation of ferroptosis	0	0	1	0	1	0
GO:0160023	sneeze reflex	1	0.000408163265306122	0.000407996736026112	0.936449845777128	2	1
GO:0160024	Leydig cell proliferation	0	0.000204081632653061	1	-0.000392463296103651	2	1
GO:0160025	sensory perception of itch	0	0.000204081632653061	1	-0.000392463296103651	2	1
GO:0160040	mitocytosis	0	0.00431122448979592	1	-0.00824573427620479	4	6
GO:0160063	multi-pass transmembrane protein insertion into ER membrane	10	0.00469387755102041	1.42462760468812e-30	2.38606539505554	8	28
GO:0160075	non-canonical inflammasome complex assembly	0	0.000663265306122449	1	-0.00127472578075483	3	3
GO:0160077	lipid droplet fusion	1	0.00318877551020408	0.00318369676533679	0.931126584103251	4	6
GO:0160091	spliceosome-depend formation of circular RNA	0	0.000255102040816327	1	-0.000490545765551631	2	1
GO:0160093	chordate pharynx development	0	0.000357142857142857	1	-0.000686670704346692	2	1
GO:0160127	protein-RNA covalent cross-linking repair	0	0	1	0	1	0
GO:0160144	GDF15-GFRAL signaling pathway	3	0.00237244897959184	2.22028667596372e-09	1.58041324891556	3	3
GO:0160162	CD27 signaling pathway	1	0.00153061224489796	0.00152827305145186	0.934296275789736	2	1
GO:0160184	paracellular transport	1	0.000739795918367347	0.000739522336835923	0.935812894282811	4	6
GO:0160194	stereocilium bundle organization	0	0	1	0	1	0
GO:0170036	import into the mitochondrion	0	0	1	0	1	0
GO:0180010	co-transcriptional mRNA 3'-end processing, cleavage and polyadenylation pathway	13	0.0626530612244898	3.47301761449067e-26	2.46680370982776	8	28
GO:0180011	cytosolic mRNA polyadenylation	0	0.000612244897959184	1	-0.00117674988648608	2	1
GO:0180026	mitochondrial small ribosomal subunit assembly	0	0.000127551020408163	1	-0.000245314581668765	2	1
GO:0180035	lncRNA processing	0	0	1	0	1	0
GO:0180047	dolichol phosphate mannose biosynthetic process	0	0.00076530612244898	1	-0.00147063765606126	2	1
GO:1900004	negative regulation of serine-type endopeptidase activity	0	0	1	0	1	0
GO:1900005	positive regulation of serine-type endopeptidase activity	0	0.000229591836734694	1	-0.000441506197876307	2	1
GO:1900015	regulation of cytokine production involved in inflammatory response	1	0.0170408163265306	0.0168964428598149	0.905177924430852	5	10
GO:1900020	positive regulation of protein kinase C activity	0	0	1	0	1	0
GO:1900024	regulation of substrate adhesion-dependent cell spreading	0	0.00181122448979592	1	-0.00347567256198011	5	10
GO:1900025	negative regulation of substrate adhesion-dependent cell spreading	0	0.0138265306122449	1	-0.0261180327026548	10	45
GO:1900027	regulation of ruffle assembly	0	0.00362244897959184	1	-0.0069346785451001	5	10
GO:1900028	negative regulation of ruffle assembly	0	0.000918367346938775	1	-0.00176440574012327	3	3
GO:1900037	regulation of cellular response to hypoxia	0	0.00130102040816327	1	-0.00249830296534115	3	3
GO:1900038	negative regulation of cellular response to hypoxia	0	0	1	0	1	0
GO:1900039	positive regulation of cellular response to hypoxia	0	0	1	0	1	0
GO:1900045	negative regulation of protein K63-linked ubiquitination	0	0.000790816326530612	1	-0.00151960731226586	3	3
GO:1900053	negative regulation of retinoic acid biosynthetic process	0	0	1	0	1	0
GO:1900060	negative regulation of ceramide biosynthetic process	0	0.00160714285714286	1	-0.00308488362010329	3	3
GO:1900063	regulation of peroxisome organization	0	0.000229591836734694	1	-0.000441506197876307	2	1
GO:1900069	regulation of cellular hyperosmotic salinity response	1	0.000892857142857143	0.000892458664495496	0.935519106257934	3	3
GO:1900075	positive regulation of neuromuscular synaptic transmission	1	0.00586734693877551	0.00585016762518745	0.926035553752663	3	3
GO:1900076	regulation of cellular response to insulin stimulus	0	0.00839285714285714	1	-0.0159664316526442	4	6
GO:1900077	negative regulation of cellular response to insulin stimulus	0	0	1	0	1	0
GO:1900078	positive regulation of cellular response to insulin stimulus	0	0	1	0	1	0
GO:1900086	positive regulation of peptidyl-tyrosine autophosphorylation	0	0.000408163265306122	1	-0.000784713180942753	2	1
GO:1900099	negative regulation of plasma cell differentiation	0	0.000535714285714286	1	-0.00102976108914732	2	1
GO:1900100	positive regulation of plasma cell differentiation	0	0.0014030612244898	1	-0.0026938828541403	2	1
GO:1900102	negative regulation of endoplasmic reticulum unfolded protein response	0	0.000280612244897959	1	-0.000539581999583372	2	1
GO:1900103	positive regulation of endoplasmic reticulum unfolded protein response	0	0	1	0	1	0
GO:1900106	positive regulation of hyaluranon cable assembly	0	0.000688775510204082	1	-0.00132370873805776	2	1
GO:1900107	regulation of nodal signaling pathway	0	0.00168367346938776	1	-0.00323145428411353	2	1
GO:1900108	negative regulation of nodal signaling pathway	1	0.000459183673469388	0.000459078264780998	0.936351816624236	4	6
GO:1900116	extracellular negative regulation of signal transduction	0	0	1	0	1	0
GO:1900121	negative regulation of receptor binding	1	0.0127040816326531	0.0126237254314459	0.913201895046786	6	15
GO:1900122	positive regulation of receptor binding	0	0.00204081632653061	1	-0.00391505721121221	2	1
GO:1900126	negative regulation of hyaluronan biosynthetic process	0	0	1	0	1	0
GO:1900127	positive regulation of hyaluronan biosynthetic process	0	0	1	0	1	0
GO:1900131	negative regulation of lipid binding	0	0	1	0	1	0
GO:1900135	positive regulation of renin secretion into blood stream	0	0	1	0	1	0
GO:1900138	negative regulation of phospholipase A2 activity	0	0	1	0	1	0
GO:1900148	negative regulation of Schwann cell migration	0	0	1	0	1	0
GO:1900152	negative regulation of nuclear-transcribed mRNA catabolic process, deadenylation-dependent decay	8	0.0138520408163265	3.32079871464498e-20	2.21439798741442	5	10
GO:1900153	positive regulation of nuclear-transcribed mRNA catabolic process, deadenylation-dependent decay	8	0.0610459183673469	4.53079493628808e-15	2.13176860875786	10	45
GO:1900155	negative regulation of bone trabecula formation	0	0	1	0	1	0
GO:1900158	negative regulation of bone mineralization involved in bone maturation	0	0.000816326530612245	1	-0.0015685736443245	2	1
GO:1900159	positive regulation of bone mineralization involved in bone maturation	0	0.00959183673469388	1	-0.0182187725266338	3	3
GO:1900168	positive regulation of glial cell-derived neurotrophic factor production	0	0	1	0	1	0
GO:1900180	regulation of protein localization to nucleus	0	0.0505102040816327	1	-0.0911515668604684	8	28
GO:1900186	negative regulation of clathrin-dependent endocytosis	0	0.00135204081632653	1	-0.00259609953821927	4	6
GO:1900194	negative regulation of oocyte maturation	1	0.000739795918367347	0.000739522336823459	0.935812894282811	3	3
GO:1900195	positive regulation of oocyte maturation	0	0	1	0	1	0
GO:1900208	regulation of cardiolipin metabolic process	0	0.000408163265306122	1	-0.000784713180942753	2	1
GO:1900210	positive regulation of cardiolipin metabolic process	0	0	1	0	1	0
GO:1900212	negative regulation of mesenchymal cell apoptotic process involved in metanephros development	0	0.000510204081632653	1	-0.000980758166643114	3	3
GO:1900215	negative regulation of apoptotic process involved in metanephric collecting duct development	0	0.000153061224489796	1	-0.000294367488453351	2	1
GO:1900218	negative regulation of apoptotic process involved in metanephric nephron tubule development	0	0.000153061224489796	1	-0.000294367488453351	2	1
GO:1900221	regulation of amyloid-beta clearance	0	0	1	0	1	0
GO:1900222	negative regulation of amyloid-beta clearance	2	0.0381887755102041	0.000710889846499076	1.26152727258155	7	21
GO:1900223	positive regulation of amyloid-beta clearance	1	0.00232142857142857	0.00231873613995455	0.932782839267343	4	6
GO:1900229	negative regulation of single-species biofilm formation in or on host organism	0	0	1	0	1	0
GO:1900235	negative regulation of Kit signaling pathway	0	0.000255102040816327	1	-0.000490545765551631	2	1
GO:1900239	regulation of phenotypic switching	0	0	1	0	1	0
GO:1900244	positive regulation of synaptic vesicle endocytosis	0	0.0128316326530612	1	-0.0242699414768077	4	6
GO:1900245	positive regulation of MDA-5 signaling pathway	1	0.000153061224489796	0.000153037800336683	0.936940191469617	2	1
GO:1900246	positive regulation of RIG-I signaling pathway	1	0.00405612244897959	0.00404790749502533	0.92947412308583	6	15
GO:1900248	negative regulation of cytoplasmic translational elongation	0	0.000255102040816327	1	-0.000490545765551631	2	1
GO:1900264	positive regulation of DNA-directed DNA polymerase activity	15	0.0531887755102041	5.6123730046845e-32	2.58309781132213	7	21
GO:1900271	regulation of long-term synaptic potentiation	0	0.0341326530612245	1	-0.0628390441765727	11	55
GO:1900272	negative regulation of long-term synaptic potentiation	0	0.0253571428571429	1	-0.047198475125971	7	21
GO:1900407	regulation of cellular response to oxidative stress	0	0.00438775510204082	1	-0.00839126015419634	5	10
GO:1900408	negative regulation of cellular response to oxidative stress	0	0.000331632653061225	1	-0.000637644468527876	3	3
GO:1900409	positive regulation of cellular response to oxidative stress	0	0.000255102040816327	1	-0.000490545765551631	2	1
GO:1900425	negative regulation of defense response to bacterium	0	0.00229591836734694	1	-0.00440294868767055	2	1
GO:1900426	positive regulation of defense response to bacterium	0	0.00573979591836735	1	-0.0109573882142204	4	6
GO:1900449	regulation of glutamate receptor signaling pathway	0	0	1	0	1	0
GO:1900451	positive regulation of glutamate receptor signaling pathway	1	0.00801020408163265	0.00797820771685027	0.921988442434127	3	3
GO:1900452	regulation of long-term synaptic depression	0	0.00219387755102041	1	-0.00420783169420491	3	3
GO:1900453	negative regulation of long-term synaptic depression	0	0.0060969387755102	1	-0.0116337119502248	3	3
GO:1900454	positive regulation of long-term synaptic depression	1	0.00260204081632653	0.00259865844244927	0.932246575752975	6	15
GO:1900737	negative regulation of phospholipase C-activating G protein-coupled receptor signaling pathway	0	0.000280612244897959	1	-0.000539581999583372	2	1
GO:1900738	positive regulation of phospholipase C-activating G protein-coupled receptor signaling pathway	0	0.00426020408163265	1	-0.00814870071129592	3	3
GO:1900744	regulation of p38MAPK cascade	0	0.00803571428571429	1	-0.0152941599167115	5	10
GO:1900746	regulation of vascular endothelial growth factor signaling pathway	0	0.00193877551020408	1	-0.00371980818567463	3	3
GO:1900748	positive regulation of vascular endothelial growth factor signaling pathway	0	0.00267857142857143	1	-0.00513416772691355	4	6
GO:1900825	regulation of membrane depolarization during cardiac muscle cell action potential	0	0.000127551020408163	1	-0.000245314581668765	2	1
GO:1900924	negative regulation of glycine import across plasma membrane	0	0	1	0	1	0
GO:1901016	regulation of potassium ion transmembrane transporter activity	0	0.00318877551020408	1	-0.00610797485481962	3	3
GO:1901017	negative regulation of potassium ion transmembrane transporter activity	0	0.0182908163265306	1	-0.0343529514576112	5	10
GO:1901018	positive regulation of potassium ion transmembrane transporter activity	3	0.0516836734693878	2.21358516256983e-05	1.49182434421135	7	21
GO:1901020	negative regulation of calcium ion transmembrane transporter activity	1	0.000612244897959184	0.000612057514289312	0.936057809071585	3	3
GO:1901028	regulation of mitochondrial outer membrane permeabilization involved in apoptotic signaling pathway	0	0	1	0	1	0
GO:1901030	positive regulation of mitochondrial outer membrane permeabilization involved in apoptotic signaling pathway	0	0.00716836734693878	1	-0.0136588868003891	6	15
GO:1901031	regulation of response to reactive oxygen species	3	0.00130102040816327	3.66552386050391e-10	1.58246419775582	3	3
GO:1901076	positive regulation of engulfment of apoptotic cell	0	0	1	0	1	0
GO:1901077	regulation of relaxation of muscle	0	0.000306122448979592	1	-0.000588614900424389	2	1
GO:1901078	negative regulation of relaxation of muscle	0	5.10204081632653e-05	1	-9.81358440319546e-05	2	1
GO:1901096	regulation of autophagosome maturation	0	0.000943877551020408	1	-0.00181335545821926	4	6
GO:1901097	negative regulation of autophagosome maturation	0	0.000357142857142857	1	-0.000686670704346692	3	3
GO:1901098	positive regulation of autophagosome maturation	0	0.0149744897959184	1	-0.0282445787362041	7	21
GO:1901142	insulin metabolic process	0	0.00783163265306123	1	-0.0149097231503307	5	10
GO:1901143	insulin catabolic process	0	0.000918367346938775	1	-0.00176440574012327	3	3
GO:1901163	regulation of trophoblast cell migration	0	0.000816326530612245	1	-0.0015685736443245	2	1
GO:1901164	negative regulation of trophoblast cell migration	1	0.00696428571428571	0.00694009127477476	0.923960981652291	4	6
GO:1901165	positive regulation of trophoblast cell migration	0	0.00482142857142857	1	-0.00921535270359375	4	6
GO:1901166	neural crest cell migration involved in autonomic nervous system development	5	0.020484693877551	2.95494881110435e-11	1.88228549463186	4	6
GO:1901185	negative regulation of ERBB signaling pathway	0	0.000153061224489796	1	-0.000294367488453351	2	1
GO:1901201	regulation of extracellular matrix assembly	0	0	1	0	1	0
GO:1901202	negative regulation of extracellular matrix assembly	0	0	1	0	1	0
GO:1901203	positive regulation of extracellular matrix assembly	0	0	1	0	1	0
GO:1901222	regulation of non-canonical NF-kappaB signal transduction	0	0.00704081632653061	1	-0.0134180924861578	6	15
GO:1901248	positive regulation of lung ciliated cell differentiation	0	7.6530612244898e-05	1	-0.00014719875991176	2	1
GO:1901253	negative regulation of intracellular transport of viral material	0	0	1	0	1	0
GO:1901289	succinyl-CoA catabolic process	1	0.00178571428571429	0.0017825311942959	0.933807723437539	2	1
GO:1901299	negative regulation of hydrogen peroxide-mediated programmed cell death	0	0	1	0	1	0
GO:1901300	positive regulation of hydrogen peroxide-mediated programmed cell death	0	0.000102040816326531	1	-0.000196258338972743	2	1
GO:1901318	negative regulation of flagellated sperm motility	1	0.000280612244897959	0.000280572876964168	0.936694976958487	3	3
GO:1901329	regulation of odontoblast differentiation	0	0.000229591836734694	1	-0.000441506197876307	2	1
GO:1901331	positive regulation of odontoblast differentiation	1	0.0244387755102041	0.0241425665370486	0.891692662177917	5	10
GO:1901335	lactone catabolic process	1	0.000331632653061225	0.000331522709305588	0.936596914489543	2	1
GO:1901342	regulation of vasculature development	0	0	1	0	1	0
GO:1901355	response to rapamycin	0	0	1	0	1	0
GO:1901373	lipid hydroperoxide transport	0	0	1	0	1	0
GO:1901380	negative regulation of potassium ion transmembrane transport	0	0.018469387755102	1	-0.0346804008094364	9	36
GO:1901382	regulation of chorionic trophoblast cell proliferation	0	0.00048469387755102	1	-0.000931751915023038	2	1
GO:1901383	negative regulation of chorionic trophoblast cell proliferation	1	0.00224489795918367	0.00223986968030951	0.932929162169993	2	1
GO:1901385	regulation of voltage-gated calcium channel activity	0	0.00816326530612245	1	-0.0155343288952725	3	3
GO:1901386	negative regulation of voltage-gated calcium channel activity	0	0.0133418367346939	1	-0.0252182720156091	3	3
GO:1901387	positive regulation of voltage-gated calcium channel activity	0	2.55102040816327e-05	1	-4.90695908794692e-05	2	1
GO:1901475	pyruvate transmembrane transport	0	0.000204081632653061	1	-0.000392463296103651	3	3
GO:1901491	negative regulation of lymphangiogenesis	0	0.00038265306122449	1	-0.000735693608334143	3	3
GO:1901492	positive regulation of lymphangiogenesis	1	0.000204081632653061	0.0002040399918384	0.936842095661967	2	1
GO:1901509	regulation of endothelial tube morphogenesis	0	0	1	0	1	0
GO:1901524	regulation of mitophagy	1	0.101734693877551	0.0967308372785789	0.764086546823607	11	55
GO:1901525	negative regulation of mitophagy	0	0.00487244897959184	1	-0.00931224290124699	4	6
GO:1901532	regulation of hematopoietic progenitor cell differentiation	0	0	1	0	1	0
GO:1901533	negative regulation of hematopoietic progenitor cell differentiation	1	0.00801020408163265	0.00797820788593393	0.921988442434127	4	6
GO:1901534	positive regulation of hematopoietic progenitor cell differentiation	0	0.000586734693877551	1	-0.00112775694861655	3	3
GO:1901557	response to fenofibrate	0	0	1	0	1	0
GO:1901558	response to metformin	1	0.000229591836734694	0.00022953913642276	0.936793052760194	2	1
GO:1901631	positive regulation of presynaptic membrane organization	0	0	1	0	1	0
GO:1901642	nucleoside transmembrane transport	3	0.000459183673469388	1.61308963224619e-11	1.58407975838732	4	6
GO:1901652	response to peptide	0	0.00173469387755102	1	-0.0033291515173427	4	6
GO:1901653	cellular response to peptide	0	0.00880102040816326	1	-0.0167339758048051	7	21
GO:1901660	calcium ion export	0	0.000102040816326531	1	-0.000196258338972743	2	1
GO:1901661	quinone metabolic process	0	0	1	0	1	0
GO:1901687	glutathione derivative biosynthetic process	0	0.0024234693877551	1	-0.00464677073509745	3	3
GO:1901696	cannabinoid biosynthetic process	1	0.000637755102040816	0.000637551779474472	0.936008819461022	3	3
GO:1901706	mesenchymal cell differentiation involved in bone development	0	0	1	0	1	0
GO:1901731	positive regulation of platelet aggregation	0	0.0152551020408163	1	-0.0287634489710914	6	15
GO:1901739	regulation of myoblast fusion	0	0.000459183673469388	1	-0.000882742333834563	2	1
GO:1901740	negative regulation of myoblast fusion	0	0	1	0	1	0
GO:1901750	leukotriene D4 biosynthetic process	8	0.0244897959183673	3.1398439407359e-18	2.19492931608465	6	15
GO:1901797	negative regulation of signal transduction by p53 class mediator	0	0	1	0	1	0
GO:1901798	positive regulation of signal transduction by p53 class mediator	0	0.00209183673469388	1	-0.00401266190934424	4	6
GO:1901799	negative regulation of proteasomal protein catabolic process	0	0.00150510204081633	1	-0.00288940972948382	4	6
GO:1901838	positive regulation of transcription of nucleolar large rRNA by RNA polymerase I	0	0.0164795918367347	1	-0.0310232524757875	5	10
GO:1901841	regulation of high voltage-gated calcium channel activity	0	0.00252551020408163	1	-0.00484176905227984	3	3
GO:1901843	positive regulation of high voltage-gated calcium channel activity	1	0.00232142857142857	0.00231605202209157	0.932782839267343	2	1
GO:1901844	regulation of cell communication by electrical coupling involved in cardiac conduction	0	0.00114795918367347	1	-0.00220483366900515	5	10
GO:1901846	positive regulation of cell communication by electrical coupling involved in cardiac conduction	0	0.00168367346938776	1	-0.00323145428411353	2	1
GO:1901857	positive regulation of cellular respiration	1	0.0119387755102041	0.0118677910996671	0.914627201814486	6	15
GO:1901858	regulation of mitochondrial DNA metabolic process	0	0	1	0	1	0
GO:1901874	negative regulation of post-translational protein modification	1	0.00875	0.00871183015983029	0.920596481520921	4	6
GO:1901877	negative regulation of calcium ion binding	1	0.000408163265306122	0.000407996736026112	0.936449845777128	2	1
GO:1901888	regulation of cell junction assembly	0	0.000306122448979592	1	-0.000588614900424389	2	1
GO:1901890	positive regulation of cell junction assembly	0	0.00221938775510204	1	-0.00425661589064885	4	6
GO:1901894	regulation of ATPase-coupled calcium transmembrane transporter activity	1	0.000408163265306122	0.000407996736026112	0.936449845777128	2	1
GO:1901895	negative regulation of ATPase-coupled calcium transmembrane transporter activity	1	0.00204081632653061	0.00203873527609198	0.933319501746858	3	3
GO:1901896	positive regulation of ATPase-coupled calcium transmembrane transporter activity	0	0.000357142857142857	1	-0.000686670704346692	2	1
GO:1901897	regulation of relaxation of cardiac muscle	0	0.000102040816326531	1	-0.000196258338972743	2	1
GO:1901898	negative regulation of relaxation of cardiac muscle	0	5.10204081632653e-05	1	-9.81358440319546e-05	2	1
GO:1901899	positive regulation of relaxation of cardiac muscle	0	0.000306122448979592	1	-0.000588614900424389	2	1
GO:1901953	positive regulation of anterograde dense core granule transport	0	0.000561224489795918	1	-0.00107876068298762	2	1
GO:1901970	positive regulation of mitotic sister chromatid separation	0	0	1	0	1	0
GO:1901984	negative regulation of protein acetylation	1	0.0011734693877551	0.00117278114179128	0.934980805447709	4	6
GO:1901985	positive regulation of protein acetylation	0	0.00163265306122449	1	-0.00313374381725984	5	10
GO:1901987	regulation of cell cycle phase transition	0	0.00451530612244898	1	-0.00863373806176859	7	21
GO:1901990	regulation of mitotic cell cycle phase transition	0	0.000408163265306122	1	-0.000784713180942753	2	1
GO:1901991	negative regulation of mitotic cell cycle phase transition	1	0.000306122448979592	0.00030602876670407	0.936645944057646	2	1
GO:1901992	positive regulation of mitotic cell cycle phase transition	0	0	1	0	1	0
GO:1902010	negative regulation of translation in response to endoplasmic reticulum stress	0	0.000229591836734694	1	-0.000441506197876307	2	1
GO:1902024	L-histidine transport	1	0.0010969387755102	0.00109633735803751	0.935127574925738	3	3
GO:1902031	regulation of NADP metabolic process	1	0.00125	0.00124843945068664	0.93483406582616	2	1
GO:1902033	regulation of hematopoietic stem cell proliferation	0	0	1	0	1	0
GO:1902034	negative regulation of hematopoietic stem cell proliferation	0	0.000612244897959184	1	-0.00117674988648608	2	1
GO:1902035	positive regulation of hematopoietic stem cell proliferation	1	0.0313775510204082	0.030890384327707	0.879269503057279	6	15
GO:1902036	regulation of hematopoietic stem cell differentiation	1	0.0328826530612245	0.0323478960609423	0.876602780905759	7	21
GO:1902037	negative regulation of hematopoietic stem cell differentiation	0	0.00076530612244898	1	-0.00147063765606126	2	1
GO:1902041	regulation of extrinsic apoptotic signaling pathway via death domain receptors	0	0.00566326530612245	1	-0.0108123791634869	5	10
GO:1902043	positive regulation of extrinsic apoptotic signaling pathway via death domain receptors	1	0.0394897959183673	0.0387202370822748	0.865011564115539	7	21
GO:1902044	regulation of Fas signaling pathway	0	0	1	0	1	0
GO:1902045	negative regulation of Fas signaling pathway	0	0	1	0	1	0
GO:1902047	polyamine transmembrane transport	0	0	1	0	1	0
GO:1902065	response to L-glutamate	0	0.00418367346938776	1	-0.008003125885782	6	15
GO:1902074	response to salt	0	0.0122448979591837	1	-0.0231778178458698	5	10
GO:1902081	negative regulation of calcium ion import into sarcoplasmic reticulum	0	0.000102040816326531	1	-0.000196258338972743	2	1
GO:1902082	positive regulation of calcium ion import into sarcoplasmic reticulum	0	0	1	0	1	0
GO:1902083	negative regulation of peptidyl-cysteine S-nitrosylation	1	0.00573979591836735	0.00572335476111117	0.92627717074385	4	6
GO:1902093	positive regulation of flagellated sperm motility	11	0.0267602040816327	1.23190014031286e-25	2.41169403425991	8	28
GO:1902108	regulation of mitochondrial membrane permeability involved in apoptotic process	0	0.000688775510204082	1	-0.00132370873805776	3	3
GO:1902109	negative regulation of mitochondrial membrane permeability involved in apoptotic process	0	0	1	0	1	0
GO:1902110	positive regulation of mitochondrial membrane permeability involved in apoptotic process	1	0.00923469387755102	0.00919218474667046	0.919685961360936	3	3
GO:1902115	regulation of organelle assembly	1	0.0159948979591837	0.0158676588741506	0.907104965703188	4	6
GO:1902140	response to inositol	0	0.00479591836734694	1	-0.0091669027240312	3	3
GO:1902172	regulation of keratinocyte apoptotic process	0	0.000459183673469388	1	-0.000882742333834563	2	1
GO:1902174	positive regulation of keratinocyte apoptotic process	0	0.00372448979591837	1	-0.00712905944642306	4	6
GO:1902175	regulation of oxidative stress-induced intrinsic apoptotic signaling pathway	0	0.00127551020408163	1	-0.00244939970641966	2	1
GO:1902177	positive regulation of oxidative stress-induced intrinsic apoptotic signaling pathway	1	0.0164285714285714	0.0162943584300375	0.90630532375455	5	10
GO:1902178	fibroblast growth factor receptor apoptotic signaling pathway	0	0	1	0	1	0
GO:1902202	regulation of hepatocyte growth factor receptor signaling pathway	0	0.000102040816326531	1	-0.000196258338972743	2	1
GO:1902215	negative regulation of interleukin-4-mediated signaling pathway	0	0	1	0	1	0
GO:1902216	positive regulation of interleukin-4-mediated signaling pathway	0	0	1	0	1	0
GO:1902219	negative regulation of intrinsic apoptotic signaling pathway in response to osmotic stress	0	0.00321428571428571	1	-0.00615663071942585	2	1
GO:1902224	ketone body metabolic process	1	0.00163265306122449	0.00162999185004075	0.934100815140811	2	1
GO:1902227	negative regulation of macrophage colony-stimulating factor signaling pathway	0	0.000102040816326531	1	-0.000196258338972743	2	1
GO:1902231	positive regulation of intrinsic apoptotic signaling pathway in response to DNA damage	0	0.00318877551020408	1	-0.00610797485481962	4	6
GO:1902235	regulation of endoplasmic reticulum stress-induced intrinsic apoptotic signaling pathway	0	0.000204081632653061	1	-0.000392463296103651	2	1
GO:1902237	positive regulation of endoplasmic reticulum stress-induced intrinsic apoptotic signaling pathway	3	0.0137755102040816	4.3120759678501e-07	1.55893912683636	6	15
GO:1902238	regulation of intrinsic apoptotic signaling pathway in response to osmotic stress by p53 class mediator	0	0	1	0	1	0
GO:1902254	negative regulation of intrinsic apoptotic signaling pathway by p53 class mediator	0	0.000918367346938775	1	-0.00176440574012327	2	1
GO:1902255	positive regulation of intrinsic apoptotic signaling pathway by p53 class mediator	0	0	1	0	1	0
GO:1902257	negative regulation of apoptotic process involved in outflow tract morphogenesis	0	0	1	0	1	0
GO:1902259	regulation of delayed rectifier potassium channel activity	0	0.000892857142857143	1	-0.00171545270013673	2	1
GO:1902260	negative regulation of delayed rectifier potassium channel activity	5	0.0137244897959184	4.01174713251349e-12	1.89472242434676	7	21
GO:1902261	positive regulation of delayed rectifier potassium channel activity	0	0.00387755102040816	1	-0.00742053262182563	3	3
GO:1902262	apoptotic process involved in blood vessel morphogenesis	1	0.00806122448979592	0.00802881977812241	0.921892358848178	3	3
GO:1902263	apoptotic process involved in embryonic digit morphogenesis	1	0.00336734693877551	0.00335604596765992	0.93078606195085	2	1
GO:1902268	negative regulation of polyamine transmembrane transport	0	0.000229591836734694	1	-0.000441506197876307	2	1
GO:1902269	positive regulation of polyamine transmembrane transport	0	0.00076530612244898	1	-0.00147063765606126	2	1
GO:1902270	(R)-carnitine transmembrane transport	0	0	1	0	1	0
GO:1902275	regulation of chromatin organization	1	0.00540816326530612	0.00539356547794884	0.926905753936475	6	15
GO:1902287	semaphorin-plexin signaling pathway involved in axon guidance	3	0.00290816326530612	4.08735259138703e-09	1.57938995709473	3	3
GO:1902305	regulation of sodium ion transmembrane transport	0	0.0237755102040816	1	-0.0443431086786481	7	21
GO:1902306	negative regulation of sodium ion transmembrane transport	0	0.000331632653061225	1	-0.000637644468527876	2	1
GO:1902339	positive regulation of apoptotic process involved in morphogenesis	0	0	1	0	1	0
GO:1902362	melanocyte apoptotic process	0	0	1	0	1	0
GO:1902373	negative regulation of mRNA catabolic process	2	0.00443877551020408	9.82224436933546e-06	1.32299424526282	3	3
GO:1902389	ceramide 1-phosphate transport	0	0.000127551020408163	1	-0.000245314581668765	3	3
GO:1902396	protein localization to bicellular tight junction	0	0.00196428571428571	1	-0.00376862539683553	2	1
GO:1902412	regulation of mitotic cytokinesis	0	0	1	0	1	0
GO:1902414	protein localization to cell junction	2	0.029030612244898	0.000413320885739142	1.27769550116609	9	36
GO:1902425	positive regulation of attachment of mitotic spindle microtubules to kinetochore	0	0.00160714285714286	1	-0.00308488362010329	2	1
GO:1902426	deactivation of mitotic spindle assembly checkpoint	0	0.000127551020408163	1	-0.000245314581668765	2	1
GO:1902445	regulation of mitochondrial membrane permeability involved in programmed necrotic cell death	1	0.00528061224489796	0.00526669428912819	0.927147662627982	3	3
GO:1902462	positive regulation of mesenchymal stem cell proliferation	0	0.00262755102040816	1	-0.00503671467077449	4	6
GO:1902463	protein localization to cell leading edge	0	5.10204081632653e-05	1	-9.81358440319546e-05	2	1
GO:1902474	positive regulation of protein localization to synapse	0	0	1	0	1	0
GO:1902475	L-alpha-amino acid transmembrane transport	1	0.000357142857142857	0.000357079089224298	0.936547888253724	5	10
GO:1902480	protein localization to mitotic spindle	0	0	1	0	1	0
GO:1902483	cytotoxic T cell pyroptotic cell death	0	0.000612244897959184	1	-0.00117674988648608	2	1
GO:1902490	regulation of sperm capacitation	0	0	1	0	1	0
GO:1902499	positive regulation of protein autoubiquitination	0	0.00298469387755102	1	-0.00571860974425564	2	1
GO:1902510	regulation of apoptotic DNA fragmentation	0	0.00114795918367347	1	-0.00220483366900515	3	3
GO:1902511	negative regulation of apoptotic DNA fragmentation	1	0.00181122448979592	0.0018095852121218	0.93375888639609	3	3
GO:1902512	positive regulation of apoptotic DNA fragmentation	0	0.0013265306122449	1	-0.00254720290912458	3	3
GO:1902513	regulation of organelle transport along microtubule	0	0.0126275510204082	1	-0.023890259899284	3	3
GO:1902514	regulation of calcium ion transmembrane transport via high voltage-gated calcium channel	4	0.0586224489795918	4.69566417465139e-07	1.66738583186782	9	36
GO:1902523	positive regulation of protein K63-linked ubiquitination	1	0.00650510204081633	0.00648398966871974	0.924828681260258	5	10
GO:1902524	positive regulation of protein K48-linked ubiquitination	0	0	1	0	1	0
GO:1902527	positive regulation of protein monoubiquitination	1	0.00107142857142857	0.00107028184088477	0.935176504721955	2	1
GO:1902531	regulation of intracellular signal transduction	0	0.00048469387755102	1	-0.000931751915023038	3	3
GO:1902532	negative regulation of intracellular signal transduction	0	0	1	0	1	0
GO:1902533	positive regulation of intracellular signal transduction	0	0.0326785714285714	1	-0.0602707658356084	8	28
GO:1902558	5'-adenylyl sulfate transmembrane transport	0	0	1	0	1	0
GO:1902559	3'-phospho-5'-adenylyl sulfate transmembrane transport	0	0	1	0	1	0
GO:1902564	negative regulation of neutrophil activation	0	0.000306122448979592	1	-0.000588614900424389	2	1
GO:1902565	positive regulation of neutrophil activation	0	0	1	0	1	0
GO:1902570	protein localization to nucleolus	0	0.000102040816326531	1	-0.000196258338972743	2	1
GO:1902603	carnitine transmembrane transport	0	0	1	0	1	0
GO:1902608	positive regulation of large conductance calcium-activated potassium channel activity	1	0.00102040816326531	0.00101936799184506	0.935274374272399	2	1
GO:1902616	O-acyl-L-carnitine transmembrane transport	0	0	1	0	1	0
GO:1902617	response to fluoride	0	0	1	0	1	0
GO:1902618	cellular response to fluoride	0	0	1	0	1	0
GO:1902624	positive regulation of neutrophil migration	1	0.0175765306122449	0.0174229644345546	0.90419289336259	5	10
GO:1902631	negative regulation of membrane hyperpolarization	0	0.000204081632653061	1	-0.000392463296103651	2	1
GO:1902632	positive regulation of membrane hyperpolarization	0	0	1	0	1	0
GO:1902656	calcium ion import into cytosol	0	0.000255102040816327	1	-0.000490545765551631	2	1
GO:1902661	positive regulation of glucose mediated signaling pathway	0	0	1	0	1	0
GO:1902667	regulation of axon guidance	1	0.00252551020408163	0.00252232378619425	0.932392789905791	5	10
GO:1902669	positive regulation of axon guidance	0	0	1	0	1	0
GO:1902679	negative regulation of RNA biosynthetic process	0	0.000178571428571429	1	-0.000343417059780471	2	1
GO:1902685	positive regulation of receptor localization to synapse	0	0	1	0	1	0
GO:1902686	mitochondrial outer membrane permeabilization involved in programmed cell death	1	0.0038265306122449	0.00381194409148666	0.92991117097587	2	1
GO:1902691	respiratory basal cell differentiation	0	0	1	0	1	0
GO:1902692	regulation of neuroblast proliferation	0	0.000994897959183673	1	-0.00191124493054273	2	1
GO:1902722	positive regulation of prolactin secretion	0	0	1	0	1	0
GO:1902723	negative regulation of skeletal muscle satellite cell proliferation	0	0.000790816326530612	1	-0.00151960731226586	3	3
GO:1902725	negative regulation of satellite cell differentiation	0	0.00357142857142857	1	-0.00683746844853828	4	6
GO:1902726	positive regulation of skeletal muscle satellite cell differentiation	0	0	1	0	1	0
GO:1902731	negative regulation of chondrocyte proliferation	0	0	1	0	1	0
GO:1902732	positive regulation of chondrocyte proliferation	0	0.0339795918367347	1	-0.0625691292920597	6	15
GO:1902742	apoptotic process involved in development	0	0.0010969387755102	1	-0.00210698403233245	3	3
GO:1902745	positive regulation of lamellipodium organization	0	0	1	0	1	0
GO:1902746	regulation of lens fiber cell differentiation	0	0	1	0	1	0
GO:1902747	negative regulation of lens fiber cell differentiation	0	2.55102040816327e-05	1	-4.90695908794692e-05	2	1
GO:1902749	regulation of cell cycle G2/M phase transition	0	0.000229591836734694	1	-0.000441506197876307	2	1
GO:1902750	negative regulation of cell cycle G2/M phase transition	0	0	1	0	1	0
GO:1902751	positive regulation of cell cycle G2/M phase transition	0	0.00142857142857143	1	-0.00274276954186492	2	1
GO:1902766	skeletal muscle satellite cell migration	0	0	1	0	1	0
GO:1902775	mitochondrial large ribosomal subunit assembly	1	0.00211734693877551	0.00211510694014142	0.933173099651756	3	3
GO:1902803	regulation of synaptic vesicle transport	0	0	1	0	1	0
GO:1902806	regulation of cell cycle G1/S phase transition	0	0.00295918367346939	1	-0.00566992432457369	3	3
GO:1902807	negative regulation of cell cycle G1/S phase transition	0	0.00385204081632653	1	-0.00737196193733469	4	6
GO:1902817	negative regulation of protein localization to microtubule	0	7.6530612244898e-05	1	-0.00014719875991176	2	1
GO:1902823	negative regulation of late endosome to lysosome transport	1	0.00530612244897959	0.00527811611855461	0.92709927439919	2	1
GO:1902850	microtubule cytoskeleton organization involved in mitosis	0	0	1	0	1	0
GO:1902857	positive regulation of non-motile cilium assembly	2	0.0452040816326531	0.000991430062918557	1.24938271635063	6	15
GO:1902870	negative regulation of amacrine cell differentiation	0	0.000892857142857143	1	-0.00171545270013673	3	3
GO:1902871	positive regulation of amacrine cell differentiation	0	2.55102040816327e-05	1	-4.90695908794692e-05	2	1
GO:1902883	negative regulation of response to oxidative stress	0	0	1	0	1	0
GO:1902884	positive regulation of response to oxidative stress	0	0	1	0	1	0
GO:1902897	regulation of postsynaptic density protein 95 clustering	0	0.00130102040816327	1	-0.00249830296534115	3	3
GO:1902902	negative regulation of autophagosome assembly	0	0.0103826530612245	1	-0.0197005192712715	4	6
GO:1902916	positive regulation of protein polyubiquitination	0	0.00102040816326531	1	-0.0019601846856715	2	1
GO:1902946	protein localization to early endosome	0	0.000535714285714286	1	-0.00102976108914732	2	1
GO:1902950	regulation of dendritic spine maintenance	0	0.00571428571428571	1	-0.0109090551028456	3	3
GO:1902951	negative regulation of dendritic spine maintenance	0	0	1	0	1	0
GO:1902952	positive regulation of dendritic spine maintenance	0	0.000153061224489796	1	-0.000294367488453351	2	1
GO:1902953	positive regulation of ER to Golgi vesicle-mediated transport	0	0.00311224489795918	1	-0.00596198756647892	4	6
GO:1902954	regulation of early endosome to recycling endosome transport	0	0.000306122448979592	1	-0.000588614900424389	2	1
GO:1902957	negative regulation of mitochondrial electron transport, NADH to ubiquinone	0	0	1	0	1	0
GO:1902958	positive regulation of mitochondrial electron transport, NADH to ubiquinone	0	0.00165816326530612	1	-0.00318260070511378	2	1
GO:1902961	positive regulation of aspartic-type endopeptidase activity involved in amyloid precursor protein catabolic process	2	0.0116071428571429	6.6843884124781e-05	1.30949365783091	4	6
GO:1902966	positive regulation of protein localization to early endosome	1	0.0160714285714286	0.0159429722428212	0.906963787990545	6	15
GO:1902975	mitotic DNA replication initiation	0	0	1	0	1	0
GO:1902990	mitotic telomere maintenance via semi-conservative replication	0	0.00122448979591837	1	-0.00235158324136442	2	1
GO:1902991	regulation of amyloid precursor protein catabolic process	0	0.00446428571428571	1	-0.00853675667947074	3	3
GO:1902992	negative regulation of amyloid precursor protein catabolic process	0	0.00176020408163265	1	-0.00337799517246806	3	3
GO:1902993	positive regulation of amyloid precursor protein catabolic process	0	0.00410714285714286	1	-0.00785752167594644	4	6
GO:1902995	positive regulation of phospholipid efflux	0	0	1	0	1	0
GO:1902997	negative regulation of neurofibrillary tangle assembly	0	0	1	0	1	0
GO:1902998	positive regulation of neurofibrillary tangle assembly	0	0	1	0	1	0
GO:1903003	positive regulation of protein deubiquitination	1	0.000510204081632653	0.000510073949659604	0.936253800791427	3	3
GO:1903008	organelle disassembly	0	0	1	0	1	0
GO:1903010	regulation of bone development	0	0.00137755102040816	1	-0.00264499285307473	3	3
GO:1903011	negative regulation of bone development	0	0.000255102040816327	1	-0.000490545765551631	2	1
GO:1903012	positive regulation of bone development	0	0	1	0	1	0
GO:1903016	negative regulation of exo-alpha-sialidase activity	0	0.000918367346938775	1	-0.00176440574012327	2	1
GO:1903019	negative regulation of glycoprotein metabolic process	0	0.000918367346938775	1	-0.00176440574012327	2	1
GO:1903020	positive regulation of glycoprotein metabolic process	1	0.00678571428571429	0.00673997871585669	0.924298296374568	2	1
GO:1903027	regulation of opsonization	1	0.000229591836734694	0.00022953913642276	0.936793052760194	2	1
GO:1903028	positive regulation of opsonization	11	0.0244642857142857	4.60218079496016e-26	2.41582810548595	9	36
GO:1903037	regulation of leukocyte cell-cell adhesion	2	0.00752551020408163	2.81748543606532e-05	1.31714982278871	3	3
GO:1903038	negative regulation of leukocyte cell-cell adhesion	0	0.00897959183673469	1	-0.0170695197283961	4	6
GO:1903039	positive regulation of leukocyte cell-cell adhesion	0	0.000102040816326531	1	-0.000196258338972743	2	1
GO:1903044	protein localization to membrane raft	0	0.000178571428571429	1	-0.000343417059780471	2	1
GO:1903051	negative regulation of proteolysis involved in protein catabolic process	1	0.00283163265306122	0.00282762736005068	0.931808111032489	3	3
GO:1903052	positive regulation of proteolysis involved in protein catabolic process	1	0.000892857142857143	0.000892458664495496	0.935519106257934	3	3
GO:1903053	regulation of extracellular matrix organization	0	0.000306122448979592	1	-0.000588614900424389	2	1
GO:1903055	positive regulation of extracellular matrix organization	0	0	1	0	1	0
GO:1903056	regulation of melanosome organization	0	7.6530612244898e-05	1	-0.00014719875991176	2	1
GO:1903059	regulation of protein lipidation	1	0.00163265306122449	0.00162999185004075	0.934100815140811	2	1
GO:1903061	positive regulation of protein lipidation	1	0.000994897959183673	0.000994403212256155	0.935323314027528	3	3
GO:1903094	negative regulation of protein K48-linked deubiquitination	0	0.00165816326530612	1	-0.00318260070511378	2	1
GO:1903108	regulation of mitochondrial transcription	0	0.000535714285714286	1	-0.00102976108914732	4	6
GO:1903109	positive regulation of mitochondrial transcription	0	0	1	0	1	0
GO:1903119	protein localization to actin cytoskeleton	0	0.000586734693877551	1	-0.00112775694861655	3	3
GO:1903122	negative regulation of TRAIL-activated apoptotic signaling pathway	0	0	1	0	1	0
GO:1903131	mononuclear cell differentiation	1	0.00122448979591837	0.00122299225438239	0.934882975716706	2	1
GO:1903142	positive regulation of establishment of endothelial barrier	2	0.0214540816326531	0.000226873529253484	1.29135091475332	5	10
GO:1903146	regulation of autophagy of mitochondrion	1	0.000994897959183673	0.000994403212296905	0.935323314027528	4	6
GO:1903169	regulation of calcium ion transmembrane transport	0	0.00275510204081633	1	-0.00528032262974254	4	6
GO:1903170	negative regulation of calcium ion transmembrane transport	0	0	1	0	1	0
GO:1903181	positive regulation of dopamine biosynthetic process	0	0.00204081632653061	1	-0.00391505721121221	2	1
GO:1903210	podocyte apoptotic process	0	0	1	0	1	0
GO:1903214	regulation of protein targeting to mitochondrion	0	0.0039030612244898	1	-0.00746910003611401	4	6
GO:1903215	negative regulation of protein targeting to mitochondrion	0	0.00727040816326531	1	-0.0138514643949239	4	6
GO:1903217	negative regulation of protein processing involved in protein targeting to mitochondrion	0	0.00298469387755102	1	-0.00571860974425564	2	1
GO:1903225	negative regulation of endodermal cell differentiation	1	0.00244897959183673	0.00244299674267101	0.932539033701618	2	1
GO:1903226	positive regulation of endodermal cell differentiation	0	0	1	0	1	0
GO:1903233	regulation of calcium ion-dependent exocytosis of neurotransmitter	0	0.000459183673469388	1	-0.000882742333834563	2	1
GO:1903236	regulation of leukocyte tethering or rolling	0	0.000994897959183673	1	-0.00191124493054273	2	1
GO:1903237	negative regulation of leukocyte tethering or rolling	0	0.00107142857142857	1	-0.00205805423611594	2	1
GO:1903238	positive regulation of leukocyte tethering or rolling	5	0.0891836734693878	4.3651917900704e-08	1.76674853465019	10	45
GO:1903242	regulation of cardiac muscle hypertrophy in response to stress	0	0.000663265306122449	1	-0.00127472578075483	2	1
GO:1903243	negative regulation of cardiac muscle hypertrophy in response to stress	0	0	1	0	1	0
GO:1903244	positive regulation of cardiac muscle hypertrophy in response to stress	0	0	1	0	1	0
GO:1903251	multi-ciliated epithelial cell differentiation	2	0.00410714285714286	8.41125280696932e-06	1.32362498468527	4	6
GO:1903265	positive regulation of tumor necrosis factor-mediated signaling pathway	0	0.00474489795918367	1	-0.009069993001249	5	10
GO:1903278	positive regulation of sodium ion export across plasma membrane	10	0.023469387755102	1.36477778522539e-23	2.35124931610376	5	10
GO:1903285	positive regulation of hydrogen peroxide catabolic process	0	0	1	0	1	0
GO:1903288	positive regulation of potassium ion import across plasma membrane	3	0.00711734693877551	5.96639681142462e-08	1.57139992200108	3	3
GO:1903292	protein localization to Golgi membrane	0	0	1	0	1	0
GO:1903296	positive regulation of glutamate secretion, neurotransmission	0	0.00232142857142857	1	-0.00445171969072788	2	1
GO:1903298	negative regulation of hypoxia-induced intrinsic apoptotic signaling pathway	0	0.00076530612244898	1	-0.00147063765606126	2	1
GO:1903305	regulation of regulated secretory pathway	0	0.000663265306122449	1	-0.00127472578075483	2	1
GO:1903307	positive regulation of regulated secretory pathway	1	0.00831632653061225	0.00828184135312309	0.921412132799921	3	3
GO:1903334	positive regulation of protein folding	0	0.000153061224489796	1	-0.000294367488453351	2	1
GO:1903348	positive regulation of bicellular tight junction assembly	3	0.0424744897959184	1.23712379435915e-05	1.50756377706064	9	36
GO:1903350	response to dopamine	0	0.00048469387755102	1	-0.000931751915023038	2	1
GO:1903351	cellular response to dopamine	1	0.00323979591836735	0.00323455344261638	0.931029275655721	5	10
GO:1903352	L-ornithine transmembrane transport	0	0	1	0	1	0
GO:1903358	regulation of Golgi organization	2	0.0128571428571429	8.19480104983676e-05	1.30716511873578	9	36
GO:1903361	protein localization to basolateral plasma membrane	0	0.0038265306122449	1	-0.00732338798220078	2	1
GO:1903373	positive regulation of endoplasmic reticulum tubular network organization	1	0.000918367346938775	0.000917945776708801	0.935470153217947	4	6
GO:1903375	facioacoustic ganglion development	1	0.00910714285714286	0.00902495133604672	0.919925460523283	2	1
GO:1903376	regulation of oxidative stress-induced neuron intrinsic apoptotic signaling pathway	0	0.0023469387755102	1	-0.0045004873965534	3	3
GO:1903377	negative regulation of oxidative stress-induced neuron intrinsic apoptotic signaling pathway	0	0.0140816326530612	1	-0.0265911405575131	5	10
GO:1903378	positive regulation of oxidative stress-induced neuron intrinsic apoptotic signaling pathway	1	0.0143877551020408	0.0142847459687521	0.910076098260859	4	6
GO:1903381	regulation of endoplasmic reticulum stress-induced neuron intrinsic apoptotic signaling pathway	0	0	1	0	1	0
GO:1903382	negative regulation of endoplasmic reticulum stress-induced neuron intrinsic apoptotic signaling pathway	0	0	1	0	1	0
GO:1903384	negative regulation of hydrogen peroxide-induced neuron intrinsic apoptotic signaling pathway	0	0	1	0	1	0
GO:1903385	regulation of homophilic cell adhesion	0	0.000102040816326531	1	-0.000196258338972743	2	1
GO:1903392	negative regulation of adherens junction organization	0	0.00252551020408163	1	-0.00484176905227984	2	1
GO:1903393	positive regulation of adherens junction organization	0	0.00102040816326531	1	-0.0019601846856715	2	1
GO:1903401	L-lysine transmembrane transport	0	0.000204081632653061	1	-0.000392463296103651	3	3
GO:1903408	positive regulation of P-type sodium:potassium-exchanging transporter activity	1	0.00280612244897959	0.00279827016026456	0.93185681617551	2	1
GO:1903409	reactive oxygen species biosynthetic process	0	0.0025	1	-0.00479302441459906	4	6
GO:1903412	response to bile acid	0	0	1	0	1	0
GO:1903413	cellular response to bile acid	1	0.00395408163265306	0.00394627454521761	0.929668333902227	4	6
GO:1903416	response to glycoside	3	0.00711734693877551	5.96639681142462e-08	1.57139992200108	3	3
GO:1903421	regulation of synaptic vesicle recycling	0	0	1	0	1	0
GO:1903422	negative regulation of synaptic vesicle recycling	0	0.00260204081632653	1	-0.00498798320509519	2	1
GO:1903423	positive regulation of synaptic vesicle recycling	0	0.000255102040816327	1	-0.000490545765551631	2	1
GO:1903426	regulation of reactive oxygen species biosynthetic process	0	0.000918367346938775	1	-0.00176440574012327	2	1
GO:1903432	regulation of TORC1 signaling	2	0.0370918367346939	0.000671126088415842	1.26344486162953	8	28
GO:1903438	positive regulation of mitotic cytokinetic process	1	0.00959183673469388	0.00954598179686118	0.919015786431437	5	10
GO:1903441	protein localization to ciliary membrane	1	0.0119897959183673	0.0119182047222117	0.914532093696417	5	10
GO:1903444	negative regulation of brown fat cell differentiation	0	0.0060969387755102	1	-0.0116337119502248	4	6
GO:1903445	protein transport from ciliary membrane to plasma membrane	0	2.55102040816327e-05	1	-4.90695908794692e-05	2	1
GO:1903450	regulation of G1 to G0 transition	0	0.000306122448979592	1	-0.000588614900424389	2	1
GO:1903479	mitotic actomyosin contractile ring assembly actin filament organization	1	2.55102040816327e-05	2.55095533277212e-05	0.937185489367191	2	1
GO:1903489	positive regulation of lactation	0	0.00308673469387755	1	-0.00591331857071475	2	1
GO:1903490	positive regulation of mitotic cytokinesis	0	0.00155612244897959	1	-0.00298715329608912	3	3
GO:1903512	phytanic acid metabolic process	0	0.000127551020408163	1	-0.000245314581668765	2	1
GO:1903514	release of sequestered calcium ion into cytosol by endoplasmic reticulum	0	0	1	0	1	0
GO:1903515	calcium ion transport from cytosol to endoplasmic reticulum	1	0.000918367346938775	0.000917524722193903	0.935470153217947	2	1
GO:1903518	positive regulation of single strand break repair	0	0	1	0	1	0
GO:1903523	negative regulation of blood circulation	0	0	1	0	1	0
GO:1903526	negative regulation of membrane tubulation	0	0	1	0	1	0
GO:1903527	positive regulation of membrane tubulation	0	0.00137755102040816	1	-0.00264499285307473	3	3
GO:1903531	negative regulation of secretion by cell	0	0	1	0	1	0
GO:1903537	meiotic cell cycle process involved in oocyte maturation	2	0.00594387755102041	1.75949975157661e-05	1.32013856979803	5	10
GO:1903538	regulation of meiotic cell cycle process involved in oocyte maturation	0	0	1	0	1	0
GO:1903539	protein localization to postsynaptic membrane	0	0.000280612244897959	1	-0.000539581999583372	2	1
GO:1903542	negative regulation of exosomal secretion	0	0.00298469387755102	1	-0.00571860974425564	2	1
GO:1903546	protein localization to photoreceptor outer segment	0	0.00119897959183673	1	-0.00230267003433127	3	3
GO:1903551	regulation of extracellular exosome assembly	0	0	1	0	1	0
GO:1903553	positive regulation of extracellular exosome assembly	2	0.00724489795918367	2.61177447544382e-05	1.31767918154524	3	3
GO:1903565	negative regulation of protein localization to cilium	0	0.00602040816326531	1	-0.0114888388075566	3	3
GO:1903566	positive regulation of protein localization to cilium	0	0.000127551020408163	1	-0.000245314581668765	3	3
GO:1903573	negative regulation of response to endoplasmic reticulum stress	1	0.0302295918367347	0.0297772472486854	0.881310091463188	6	15
GO:1903575	cornified envelope assembly	0	0.00107142857142857	1	-0.00205805423611594	2	1
GO:1903577	cellular response to L-arginine	1	0.00048469387755102	0.000484576432446995	0.936302807043048	3	3
GO:1903578	regulation of ATP metabolic process	0	0	1	0	1	0
GO:1903579	negative regulation of ATP metabolic process	0	0.00275510204081633	1	-0.00528032262974254	2	1
GO:1903595	positive regulation of histamine secretion by mast cell	0	0.000612244897959184	1	-0.00117674988648608	2	1
GO:1903597	negative regulation of gap junction assembly	0	0	1	0	1	0
GO:1903598	positive regulation of gap junction assembly	0	0.00591836734693878	1	-0.0112956293459905	4	6
GO:1903599	positive regulation of autophagy of mitochondrion	0	0.00145408163265306	1	-0.0027916529166977	4	6
GO:1903604	cytochrome metabolic process	0	0.000994897959183673	1	-0.00191124493054273	3	3
GO:1903608	protein localization to cytoplasmic stress granule	0	0.00566326530612245	1	-0.0108123791634869	5	10
GO:1903659	regulation of complement-dependent cytotoxicity	1	0.00316326530612245	0.0031582674495091	0.931175243249982	3	3
GO:1903660	negative regulation of complement-dependent cytotoxicity	0	0.000688775510204082	1	-0.00132370873805776	2	1
GO:1903670	regulation of sprouting angiogenesis	0	0.00125	1	-0.0024004931319106	4	6
GO:1903676	positive regulation of cap-dependent translational initiation	0	0	1	0	1	0
GO:1903679	positive regulation of cap-independent translational initiation	1	0.00285714285714286	0.00284900284900285	0.9317594091778	2	1
GO:1903690	negative regulation of wound healing, spreading of epidermal cells	0	0.000306122448979592	1	-0.000588614900424389	3	3
GO:1903691	positive regulation of wound healing, spreading of epidermal cells	0	2.55102040816327e-05	1	-4.90695908794692e-05	2	1
GO:1903701	substantia propria of cornea development	0	0.000612244897959184	1	-0.00117674988648608	2	1
GO:1903706	regulation of hemopoiesis	10	0.0131632653061225	4.25281549907741e-26	2.37015196718815	7	21
GO:1903707	negative regulation of hemopoiesis	0	0	1	0	1	0
GO:1903711	spermidine transmembrane transport	0	2.55102040816327e-05	1	-4.90695908794692e-05	2	1
GO:1903712	cysteine transmembrane transport	0	5.10204081632653e-05	1	-9.81358440319546e-05	2	1
GO:1903715	regulation of aerobic respiration	0	0.00650510204081633	1	-0.0124058776978128	6	15
GO:1903716	guanine transmembrane transport	3	0.000306122448979592	4.77970771086848e-12	1.58437388582073	3	3
GO:1903721	positive regulation of I-kappaB phosphorylation	0	0	1	0	1	0
GO:1903724	positive regulation of centriole elongation	0	0.00553571428571429	1	-0.0105706326146093	4	6
GO:1903744	positive regulation of anterograde synaptic vesicle transport	0	0	1	0	1	0
GO:1903748	negative regulation of establishment of protein localization to mitochondrion	0	0	1	0	1	0
GO:1903749	positive regulation of establishment of protein localization to mitochondrion	0	0	1	0	1	0
GO:1903751	negative regulation of intrinsic apoptotic signaling pathway in response to hydrogen peroxide	0	0	1	0	1	0
GO:1903753	negative regulation of p38MAPK cascade	0	0.00150510204081633	1	-0.00288940972948382	4	6
GO:1903764	regulation of potassium ion export across plasma membrane	0	0.00038265306122449	1	-0.000735693608334143	2	1
GO:1903765	negative regulation of potassium ion export across plasma membrane	1	0.00125	0.00124921907531764	0.93483406582616	3	3
GO:1903766	positive regulation of potassium ion export across plasma membrane	0	0.00454081632653061	1	-0.00868222386386686	3	3
GO:1903774	positive regulation of viral budding via host ESCRT complex	1	0.00431122448979592	0.0042927176204628	0.928988824681866	2	1
GO:1903780	negative regulation of cardiac conduction	0	0	1	0	1	0
GO:1903783	negative regulation of sodium ion import across plasma membrane	0	0	1	0	1	0
GO:1903791	uracil transmembrane transport	3	0.000306122448979592	4.77970771086848e-12	1.58437388582073	3	3
GO:1903799	negative regulation of miRNA processing	0	0	1	0	1	0
GO:1903801	L-leucine import across plasma membrane	2	0.00142857142857143	1.01943669304468e-06	1.32873973681935	3	3
GO:1903803	L-glutamine import across plasma membrane	1	0.000229591836734694	0.000229565482545887	0.936793052760194	4	6
GO:1903804	glycine import across plasma membrane	0	0.000280612244897959	1	-0.000539581999583372	3	3
GO:1903810	L-histidine import across plasma membrane	0	5.10204081632653e-05	1	-9.81358440319546e-05	2	1
GO:1903812	L-serine import across plasma membrane	0	7.6530612244898e-05	1	-0.00014719875991176	3	3
GO:1903817	negative regulation of voltage-gated potassium channel activity	0	0.00487244897959184	1	-0.00931224290124699	3	3
GO:1903818	positive regulation of voltage-gated potassium channel activity	0	5.10204081632653e-05	1	-9.81358440319546e-05	2	1
GO:1903828	negative regulation of protein localization	0	0.000408163265306122	1	-0.000784713180942753	2	1
GO:1903829	positive regulation of protein localization	0	0.00349489795918367	1	-0.00669162873639051	4	6
GO:1903843	cellular response to arsenite ion	0	0	1	0	1	0
GO:1903845	negative regulation of cellular response to transforming growth factor beta stimulus	0	0	1	0	1	0
GO:1903849	positive regulation of aorta morphogenesis	0	0	1	0	1	0
GO:1903852	positive regulation of cristae formation	0	0.00122448979591837	1	-0.00235158324136442	2	1
GO:1903860	negative regulation of dendrite extension	0	0.00364795918367347	1	-0.00698327868124393	3	3
GO:1903892	negative regulation of ATF6-mediated unfolded protein response	1	0.000994897959183673	0.000993909121027549	0.935323314027528	2	1
GO:1903895	negative regulation of IRE1-mediated unfolded protein response	1	0.00173469387755102	0.00173319016574551	0.933905407440728	4	6
GO:1903896	positive regulation of IRE1-mediated unfolded protein response	6	0.0197704081632653	8.15460698429025e-14	2.00666979343622	7	21
GO:1903898	negative regulation of PERK-mediated unfolded protein response	0	0.00645408163265306	1	-0.0123094021699914	5	10
GO:1903899	positive regulation of PERK-mediated unfolded protein response	0	7.6530612244898e-05	1	-0.00014719875991176	3	3
GO:1903901	negative regulation of viral life cycle	0	0.00048469387755102	1	-0.000931751915023038	3	3
GO:1903902	positive regulation of viral life cycle	0	0.00237244897959184	1	-0.00454925180559307	5	10
GO:1903905	positive regulation of establishment of T cell polarity	0	0.00038265306122449	1	-0.000735693608334143	2	1
GO:1903911	positive regulation of receptor clustering	0	0.000204081632653061	1	-0.000392463296103651	2	1
GO:1903912	negative regulation of endoplasmic reticulum stress-induced eIF2 alpha phosphorylation	0	0	1	0	1	0
GO:1903919	negative regulation of actin filament severing	0	0.00260204081632653	1	-0.00498798320509519	2	1
GO:1903923	positive regulation of protein processing in phagocytic vesicle	0	0.00260204081632653	1	-0.00498798320509519	2	1
GO:1903926	cellular response to bisphenol A	0	0	1	0	1	0
GO:1903929	primary palate development	0	0.00076530612244898	1	-0.00147063765606126	2	1
GO:1903936	cellular response to sodium arsenite	0	0.000102040816326531	1	-0.000196258338972743	2	1
GO:1903937	response to acrylamide	0	0	1	0	1	0
GO:1903940	negative regulation of TORC2 signaling	0	0	1	0	1	0
GO:1903942	positive regulation of respiratory gaseous exchange	6	0.0036734693877551	3.40040531659273e-18	2.03669954508195	4	6
GO:1903944	negative regulation of hepatocyte apoptotic process	0	0.00520408163265306	1	-0.00994171216527429	3	3
GO:1903945	positive regulation of hepatocyte apoptotic process	0	0	1	0	1	0
GO:1903979	negative regulation of microglial cell activation	0	0.00387755102040816	1	-0.00742053262182563	5	10
GO:1903980	positive regulation of microglial cell activation	0	0.0013265306122449	1	-0.00254720290912458	2	1
GO:1903985	regulation of intestinal D-glucose absorption	0	0	1	0	1	0
GO:1903998	regulation of eating behavior	0	7.6530612244898e-05	1	-0.00014719875991176	2	1
GO:1903999	negative regulation of eating behavior	0	0	1	0	1	0
GO:1904000	positive regulation of eating behavior	1	0.00102040816326531	0.00101936799184506	0.935274374272399	2	1
GO:1904016	response to Thyroglobulin triiodothyronine	0	0	1	0	1	0
GO:1904017	cellular response to Thyroglobulin triiodothyronine	0	0.00168367346938776	1	-0.00323145428411353	2	1
GO:1904021	negative regulation of G protein-coupled receptor internalization	0	0	1	0	1	0
GO:1904022	positive regulation of G protein-coupled receptor internalization	2	0.000331632653061225	5.49779516191815e-08	1.33084486189269	3	3
GO:1904024	negative regulation of glucose catabolic process to lactate via pyruvate	0	0	1	0	1	0
GO:1904025	positive regulation of glucose catabolic process to lactate via pyruvate	0	0	1	0	1	0
GO:1904026	regulation of collagen fibril organization	0	0.000306122448979592	1	-0.000588614900424389	2	1
GO:1904028	positive regulation of collagen fibril organization	0	0.00119897959183673	1	-0.00230267003433127	3	3
GO:1904030	negative regulation of cyclin-dependent protein kinase activity	0	0	1	0	1	0
GO:1904037	positive regulation of epithelial cell apoptotic process	0	0.016530612244898	1	-0.031117257495852	4	6
GO:1904044	response to aldosterone	1	0.0229081632653061	0.0226477635100392	0.894462108325208	6	15
GO:1904045	cellular response to aldosterone	6	0.017780612244898	4.32244967876859e-14	2.01031485862915	7	21
GO:1904056	positive regulation of cholangiocyte proliferation	0	0.00038265306122449	1	-0.000735693608334143	2	1
GO:1904057	negative regulation of sensory perception of pain	0	0	1	0	1	0
GO:1904058	positive regulation of sensory perception of pain	1	0.00165816326530612	0.00165541831147332	0.934051958252957	2	1
GO:1904059	regulation of locomotor rhythm	0	0	1	0	1	0
GO:1904062	regulation of monoatomic cation transmembrane transport	3	0.0152295918367347	5.82042686327117e-07	1.55624620635184	5	10
GO:1904071	presynaptic active zone assembly	1	0.000102040816326531	0.000102030405060708	0.937038300619098	2	1
GO:1904082	pyrimidine nucleobase transmembrane transport	1	0.000102040816326531	0.000102030405060708	0.937038300619098	2	1
GO:1904093	negative regulation of autophagic cell death	0	0.000102040816326531	1	-0.000196258338972743	2	1
GO:1904100	positive regulation of protein O-linked glycosylation	1	0.00267857142857143	0.00267498725485528	0.932100391231157	3	3
GO:1904105	positive regulation of convergent extension involved in gastrulation	0	0	1	0	1	0
GO:1904106	protein localization to microvillus	1	0.000663265306122449	0.000662825676846989	0.935959833177316	2	1
GO:1904117	cellular response to vasopressin	5	0.0149744897959184	6.19669960353091e-12	1.89240654825427	6	15
GO:1904139	regulation of microglial cell migration	0	0.000459183673469388	1	-0.000882742333834563	2	1
GO:1904141	positive regulation of microglial cell migration	1	0.0106122448979592	0.0105561336911048	0.917104424633634	6	15
GO:1904151	positive regulation of microglial cell mediated cytotoxicity	0	0	1	0	1	0
GO:1904153	negative regulation of retrograde protein transport, ER to cytosol	10	0.0787755102040816	2.36078760481542e-18	2.25749438794268	9	36
GO:1904154	positive regulation of retrograde protein transport, ER to cytosol	1	0.00255102040816327	0.00254776931896306	0.932344048561778	3	3
GO:1904155	DN2 thymocyte differentiation	0	0.00176020408163265	1	-0.00337799517246806	3	3
GO:1904157	DN4 thymocyte differentiation	0	0	1	0	1	0
GO:1904158	axonemal central apparatus assembly	0	0.000255102040816327	1	-0.000490545765551631	2	1
GO:1904161	DNA synthesis involved in UV-damage excision repair	0	0.000306122448979592	1	-0.000588614900424389	2	1
GO:1904172	positive regulation of bleb assembly	0	0.000688775510204082	1	-0.00132370873805776	2	1
GO:1904178	negative regulation of adipose tissue development	0	0.000892857142857143	1	-0.00171545270013673	3	3
GO:1904179	positive regulation of adipose tissue development	1	0.0117602040816327	0.0116913231639095	0.914960179013389	5	10
GO:1904188	negative regulation of transformation of host cell by virus	0	0	1	0	1	0
GO:1904200	iodide transmembrane transport	0	0.000127551020408163	1	-0.000245314581668765	2	1
GO:1904211	membrane protein proteolysis involved in retrograde protein transport, ER to cytosol	0	0	1	0	1	0
GO:1904231	positive regulation of succinate dehydrogenase activity	0	0	1	0	1	0
GO:1904234	positive regulation of aconitate hydratase activity	1	0.00431122448979592	0.0042927176204628	0.928988824681866	2	1
GO:1904237	positive regulation of substrate-dependent cell migration, cell attachment to substrate	0	0.000612244897959184	1	-0.00117674988648608	2	1
GO:1904238	pericyte cell differentiation	0	0.0311224489795918	1	-0.0575120904099611	4	6
GO:1904251	regulation of bile acid metabolic process	0	0.00114795918367347	1	-0.00220483366900515	2	1
GO:1904257	zinc ion import into Golgi lumen	1	5.10204081632653e-05	5.10178052140197e-05	0.937136423114039	2	1
GO:1904261	positive regulation of basement membrane assembly involved in embryonic body morphogenesis	0	0.000306122448979592	1	-0.000588614900424389	3	3
GO:1904270	pyroptosome complex assembly	1	0.00897959183673469	0.00889967637540453	0.920165039229675	2	1
GO:1904271	L-proline import across plasma membrane	0	0.00038265306122449	1	-0.000735693608334143	3	3
GO:1904273	L-alanine import across plasma membrane	1	0.000816326530612245	0.000815993426738149	0.935665985313746	3	3
GO:1904274	tricellular tight junction assembly	0	0	1	0	1	0
GO:1904292	regulation of ERAD pathway	0	2.55102040816327e-05	1	-4.90695908794692e-05	2	1
GO:1904293	negative regulation of ERAD pathway	3	0.0119132653061225	2.79294219759313e-07	1.56240270233944	5	10
GO:1904300	positive regulation of transcytosis	0	0	1	0	1	0
GO:1904306	positive regulation of gastro-intestinal system smooth muscle contraction	0	0	1	0	1	0
GO:1904313	response to methamphetamine hydrochloride	0	0	1	0	1	0
GO:1904322	cellular response to forskolin	3	0.0275255102040816	3.40482996758373e-06	1.53386768979542	9	36
GO:1904338	regulation of dopaminergic neuron differentiation	0	0.0014030612244898	1	-0.0026938828541403	2	1
GO:1904339	negative regulation of dopaminergic neuron differentiation	0	0	1	0	1	0
GO:1904340	positive regulation of dopaminergic neuron differentiation	0	0.00038265306122449	1	-0.000735693608334143	2	1
GO:1904349	positive regulation of small intestine smooth muscle contraction	1	0.00102040816326531	0.00101936799184506	0.935274374272399	2	1
GO:1904352	positive regulation of protein catabolic process in the vacuole	0	0.000204081632653061	1	-0.000392463296103651	2	1
GO:1904354	negative regulation of telomere capping	3	0.00732142857142857	6.50506938752715e-08	1.57101476680514	4	6
GO:1904355	positive regulation of telomere capping	0	0.00479591836734694	1	-0.0091669027240312	4	6
GO:1904357	negative regulation of telomere maintenance via telomere lengthening	8	0.0446173469387755	3.74360168911566e-16	2.15947148266488	8	28
GO:1904358	positive regulation of telomere maintenance via telomere lengthening	0	0.00403061224489796	1	-0.0077118880699244	4	6
GO:1904373	response to kainic acid	0	0	1	0	1	0
GO:1904377	positive regulation of protein localization to cell periphery	0	0.000408163265306122	1	-0.000784713180942753	2	1
GO:1904380	endoplasmic reticulum mannose trimming	9	0.064515306122449	5.03491875281745e-17	2.20741668863931	12	66
GO:1904381	Golgi apparatus mannose trimming	3	0.00102040816326531	1.76899809368715e-10	1.58300231603548	3	3
GO:1904383	response to sodium phosphate	1	0.00752551020408163	0.0074972644511455	0.922901875385564	5	10
GO:1904389	rod bipolar cell differentiation	0	0.000994897959183673	1	-0.00191124493054273	2	1
GO:1904390	cone retinal bipolar cell differentiation	0	0.00543367346938776	1	-0.0103771770263377	4	6
GO:1904395	positive regulation of skeletal muscle acetylcholine-gated channel clustering	0	0.000510204081632653	1	-0.000980758166643114	2	1
GO:1904398	positive regulation of neuromuscular junction development	0	0	1	0	1	0
GO:1904417	positive regulation of xenophagy	1	0.00272959183673469	0.00272586988817408	0.932002951339013	4	6
GO:1904427	positive regulation of calcium ion transmembrane transport	0	0	1	0	1	0
GO:1904428	negative regulation of tubulin deacetylation	0	0	1	0	1	0
GO:1904430	negative regulation of t-circle formation	0	0.00153061224489796	1	-0.00293828316833478	2	1
GO:1904431	positive regulation of t-circle formation	3	0.00293367346938776	4.19575375016296e-09	1.57934126510238	3	3
GO:1904434	positive regulation of ferrous iron binding	0	0	1	0	1	0
GO:1904437	positive regulation of transferrin receptor binding	0	0	1	0	1	0
GO:1904447	folate import across plasma membrane	0	0.000586734693877551	1	-0.00112775694861655	2	1
GO:1904450	positive regulation of aspartate secretion	0	0.0014030612244898	1	-0.0026938828541403	2	1
GO:1904464	regulation of matrix metallopeptidase secretion	0	0	1	0	1	0
GO:1904465	negative regulation of matrix metallopeptidase secretion	0	0	1	0	1	0
GO:1904466	positive regulation of matrix metallopeptidase secretion	0	0	1	0	1	0
GO:1904472	positive regulation of endothelin production	0	0	1	0	1	0
GO:1904491	protein localization to ciliary transition zone	6	0.0297448979591837	9.37719050719956e-13	1.98867027110606	6	15
GO:1904504	positive regulation of lipophagy	1	0.015280612244898	0.0151644560879637	0.908423958467503	4	6
GO:1904515	positive regulation of TORC2 signaling	0	0.000739795918367347	1	-0.0014216646752595	3	3
GO:1904520	regulation of myofibroblast cell apoptotic process	0	0.000306122448979592	1	-0.000588614900424389	2	1
GO:1904526	regulation of microtubule binding	0	0	1	0	1	0
GO:1904527	negative regulation of microtubule binding	0	0	1	0	1	0
GO:1904539	negative regulation of glycolytic process through fructose-6-phosphate	0	0.00183673469387755	1	-0.00352450629726231	2	1
GO:1904551	cellular response to arachidonate	1	7.6530612244898e-05	7.65247557584879e-05	0.937087360198159	2	1
GO:1904556	L-tryptophan transmembrane transport	0	0.000229591836734694	1	-0.000441506197876307	2	1
GO:1904562	phosphatidylinositol 5-phosphate metabolic process	0	0	1	0	1	0
GO:1904580	regulation of intracellular mRNA localization	0	0	1	0	1	0
GO:1904582	positive regulation of intracellular mRNA localization	0	0.000918367346938775	1	-0.00176440574012327	3	3
GO:1904588	cellular response to glycoprotein	0	0.0014030612244898	1	-0.0026938828541403	2	1
GO:1904597	negative regulation of connective tissue replacement involved in inflammatory response wound healing	0	0	1	0	1	0
GO:1904612	response to 2,3,7,8-tetrachlorodibenzodioxine	0	0.00275510204081633	1	-0.00528032262974254	2	1
GO:1904613	cellular response to 2,3,7,8-tetrachlorodibenzodioxine	0	7.6530612244898e-05	1	-0.00014719875991176	2	1
GO:1904614	response to biphenyl	0	0.0036734693877551	1	-0.00703187554321838	2	1
GO:1904628	cellular response to phorbol 13-acetate 12-myristate	0	0.00658163265306123	1	-0.0125505668007839	6	15
GO:1904635	positive regulation of podocyte apoptotic process	0	0	1	0	1	0
GO:1904637	cellular response to ionomycin	0	0	1	0	1	0
GO:1904638	response to resveratrol	1	0.000459183673469388	0.000458972920597685	0.936351816624236	2	1
GO:1904667	negative regulation of ubiquitin protein ligase activity	0	0.000153061224489796	1	-0.000294367488453351	2	1
GO:1904668	positive regulation of ubiquitin protein ligase activity	0	0	1	0	1	0
GO:1904669	ATP export	1	0.00395408163265306	0.00394627454521761	0.929668333902227	4	6
GO:1904672	regulation of somatic stem cell population maintenance	0	0	1	0	1	0
GO:1904674	positive regulation of somatic stem cell population maintenance	0	0	1	0	1	0
GO:1904684	negative regulation of metalloendopeptidase activity	0	0	1	0	1	0
GO:1904685	positive regulation of metalloendopeptidase activity	0	0	1	0	1	0
GO:1904692	positive regulation of type B pancreatic cell proliferation	0	0.00369897959183673	1	-0.00708046913146443	3	3
GO:1904693	midbrain morphogenesis	0	0.00688775510204082	1	-0.013129033167345	2	1
GO:1904694	negative regulation of vascular associated smooth muscle contraction	0	0	1	0	1	0
GO:1904708	regulation of granulosa cell apoptotic process	0	0	1	0	1	0
GO:1904714	regulation of chaperone-mediated autophagy	0	0.000816326530612245	1	-0.0015685736443245	4	6
GO:1904715	negative regulation of chaperone-mediated autophagy	0	0	1	0	1	0
GO:1904717	regulation of AMPA glutamate receptor clustering	0	0	1	0	1	0
GO:1904719	positive regulation of AMPA glutamate receptor clustering	0	0.000127551020408163	1	-0.000245314581668765	2	1
GO:1904729	regulation of intestinal lipid absorption	0	0.000357142857142857	1	-0.000686670704346692	2	1
GO:1904738	vascular associated smooth muscle cell migration	0	0.00102040816326531	1	-0.0019601846856715	3	3
GO:1904749	regulation of protein localization to nucleolus	0	0.00112244897959184	1	-0.00215591050981212	2	1
GO:1904751	positive regulation of protein localization to nucleolus	0	0.000612244897959184	1	-0.00117674988648608	2	1
GO:1904761	negative regulation of myofibroblast differentiation	0	5.10204081632653e-05	1	-9.81358440319546e-05	2	1
GO:1904772	response to tetrachloromethane	0	0.00612244897959184	1	-0.0116819965327553	3	3
GO:1904778	positive regulation of protein localization to cell cortex	2	0.00329081632653061	5.40287142644838e-06	1.32517992773629	4	6
GO:1904779	regulation of protein localization to centrosome	0	0.000153061224489796	1	-0.000294367488453351	2	1
GO:1904780	negative regulation of protein localization to centrosome	0	0.00107142857142857	1	-0.00205805423611594	2	1
GO:1904781	positive regulation of protein localization to centrosome	0	0.00275510204081633	1	-0.00528032262974254	4	6
GO:1904782	negative regulation of NMDA glutamate receptor activity	0	0	1	0	1	0
GO:1904783	positive regulation of NMDA glutamate receptor activity	0	0	1	0	1	0
GO:1904798	positive regulation of core promoter binding	0	0.000153061224489796	1	-0.000294367488453351	2	1
GO:1904816	positive regulation of protein localization to chromosome, telomeric region	0	0	1	0	1	0
GO:1904823	purine nucleobase transmembrane transport	3	0.000306122448979592	4.77970771086848e-12	1.58437388582073	3	3
GO:1904831	positive regulation of aortic smooth muscle cell differentiation	0	0.00176020408163265	1	-0.00337799517246806	2	1
GO:1904835	dorsal root ganglion morphogenesis	1	0.00910714285714286	0.00902495133604672	0.919925460523283	2	1
GO:1904845	cellular response to L-glutamine	0	0.000612244897959184	1	-0.00117674988648608	2	1
GO:1904851	positive regulation of establishment of protein localization to telomere	0	0	1	0	1	0
GO:1904861	excitatory synapse assembly	0	0.0141836734693878	1	-0.0267802968508336	7	21
GO:1904864	negative regulation of beta-catenin-TCF complex assembly	0	0	1	0	1	0
GO:1904867	protein localization to Cajal body	0	0	1	0	1	0
GO:1904871	positive regulation of protein localization to Cajal body	1	0.000510204081632653	0.000509943906170321	0.936253800791427	2	1
GO:1904872	regulation of telomerase RNA localization to Cajal body	1	0.00216836734693878	0.0021636757031946	0.933075514759772	2	1
GO:1904878	negative regulation of calcium ion transmembrane transport via high voltage-gated calcium channel	0	0	1	0	1	0
GO:1904879	positive regulation of calcium ion transmembrane transport via high voltage-gated calcium channel	0	0	1	0	1	0
GO:1904880	response to hydrogen sulfide	0	0.000408163265306122	1	-0.000784713180942753	2	1
GO:1904886	beta-catenin destruction complex disassembly	0	0	1	0	1	0
GO:1904890	negative regulation of excitatory synapse assembly	0	0	1	0	1	0
GO:1904891	positive regulation of excitatory synapse assembly	0	0.00178571428571429	1	-0.00342683552053125	2	1
GO:1904893	negative regulation of receptor signaling pathway via STAT	0	0	1	0	1	0
GO:1904894	positive regulation of receptor signaling pathway via STAT	3	0.0106632653061224	2.00468930013687e-07	1.56473693112233	6	15
GO:1904899	positive regulation of hepatic stellate cell proliferation	0	0	1	0	1	0
GO:1904903	ESCRT III complex disassembly	23	0.110408163265306	3.39301135844325e-45	2.79481209190756	8	28
GO:1904905	negative regulation of endothelial cell-matrix adhesion via fibronectin	0	0	1	0	1	0
GO:1904906	positive regulation of endothelial cell-matrix adhesion via fibronectin	0	0.00048469387755102	1	-0.000931751915023038	2	1
GO:1904908	negative regulation of maintenance of mitotic sister chromatid cohesion, telomeric	0	0.000714285714285714	1	-0.00137268836940874	2	1
GO:1904935	positive regulation of cell proliferation in midbrain	0	0.00076530612244898	1	-0.00147063765606126	2	1
GO:1904936	interneuron migration	0	0.00535714285714286	1	-0.0102320512798578	4	6
GO:1904948	midbrain dopaminergic neuron differentiation	2	0.0465051020408163	0.00104841384094411	1.24715275709373	6	15
GO:1904951	positive regulation of establishment of protein localization	2	0.00806122448979592	3.23175817609351e-05	1.31614030625132	6	15
GO:1904956	regulation of midbrain dopaminergic neuron differentiation	0	0.000918367346938775	1	-0.00176440574012327	2	1
GO:1904959	regulation of cytochrome-c oxidase activity	0	0	1	0	1	0
GO:1904960	positive regulation of cytochrome-c oxidase activity	0	0	1	0	1	0
GO:1904970	brush border assembly	6	0.00380102040816327	4.17497443939402e-18	2.03645660986919	6	15
GO:1904975	response to bleomycin	0	0.000510204081632653	1	-0.000980758166643114	2	1
GO:1904976	cellular response to bleomycin	0	0	1	0	1	0
GO:1904977	lymphatic endothelial cell migration	0	5.10204081632653e-05	1	-9.81358440319546e-05	2	1
GO:1904978	regulation of endosome organization	0	0.000714285714285714	1	-0.00137268836940874	2	1
GO:1904996	positive regulation of leukocyte adhesion to vascular endothelial cell	0	0.00119897959183673	1	-0.00230267003433127	3	3
GO:1905007	positive regulation of epithelial to mesenchymal transition involved in endocardial cushion formation	2	0.00642857142857143	2.05748507792893e-05	1.31922134679418	3	3
GO:1905026	positive regulation of membrane repolarization during ventricular cardiac muscle cell action potential	0	0	1	0	1	0
GO:1905035	negative regulation of antifungal innate immune response	0	0	1	0	1	0
GO:1905036	positive regulation of antifungal innate immune response	0	0.000433673469387755	1	-0.000833729422625384	2	1
GO:1905037	autophagosome organization	1	0.00466836734693878	0.00465748745712099	0.928309954956698	4	6
GO:1905038	regulation of membrane lipid metabolic process	0	0	1	0	1	0
GO:1905039	carboxylic acid transmembrane transport	0	0.000127551020408163	1	-0.000245314581668765	3	3
GO:1905040	otic placode development	0	0	1	0	1	0
GO:1905049	negative regulation of metallopeptidase activity	0	0.00528061224489796	1	-0.0100868963300885	3	3
GO:1905050	positive regulation of metallopeptidase activity	0	0.000994897959183673	1	-0.00191124493054273	3	3
GO:1905064	negative regulation of vascular associated smooth muscle cell differentiation	3	0.0131887755102041	3.78588777453822e-07	1.56002859698273	5	10
GO:1905065	positive regulation of vascular associated smooth muscle cell differentiation	0	0	1	0	1	0
GO:1905069	allantois development	0	0.00221938775510204	1	-0.00425661589064885	3	3
GO:1905072	cardiac jelly development	0	0.000433673469387755	1	-0.000833729422625384	2	1
GO:1905075	positive regulation of tight junction disassembly	0	0.00479591836734694	1	-0.0091669027240312	3	3
GO:1905090	negative regulation of type 2 mitophagy	0	0	1	0	1	0
GO:1905091	positive regulation of type 2 mitophagy	0	0.00285714285714286	1	-0.00547514978027042	4	6
GO:1905098	negative regulation of guanyl-nucleotide exchange factor activity	0	0	1	0	1	0
GO:1905135	biotin import across plasma membrane	0	7.6530612244898e-05	1	-0.00014719875991176	2	1
GO:1905144	response to acetylcholine	3	0.0213520408163265	1.59667245930281e-06	1.5450165961007	6	15
GO:1905146	lysosomal protein catabolic process	3	0.0225255102040816	1.87300858346997e-06	1.54288407617093	9	36
GO:1905150	regulation of voltage-gated sodium channel activity	0	0.000994897959183673	1	-0.00191124493054273	4	6
GO:1905151	negative regulation of voltage-gated sodium channel activity	0	0	1	0	1	0
GO:1905152	positive regulation of voltage-gated sodium channel activity	0	0.00153061224489796	1	-0.00293828316833478	2	1
GO:1905162	regulation of phagosome maturation	0	0	1	0	1	0
GO:1905165	regulation of lysosomal protein catabolic process	0	0.000127551020408163	1	-0.000245314581668765	2	1
GO:1905166	negative regulation of lysosomal protein catabolic process	0	0.0049234693877551	1	-0.00940912008651818	5	10
GO:1905167	positive regulation of lysosomal protein catabolic process	1	0.0130867346938776	0.013001475707231	0.912490296369719	4	6
GO:1905171	positive regulation of protein localization to phagocytic vesicle	0	0	1	0	1	0
GO:1905176	positive regulation of vascular associated smooth muscle cell dedifferentiation	0	0	1	0	1	0
GO:1905198	manchette assembly	0	0.0130102040816327	1	-0.0246019990003851	7	21
GO:1905213	negative regulation of mitotic chromosome condensation	0	0	1	0	1	0
GO:1905221	positive regulation of platelet formation	0	0	1	0	1	0
GO:1905222	atrioventricular canal morphogenesis	0	0.00502551020408163	1	-0.00960283543389107	3	3
GO:1905232	cellular response to L-glutamate	0	0.0103826530612245	1	-0.0197005192712715	3	3
GO:1905242	response to 3,3',5-triiodo-L-thyronine	0	0	1	0	1	0
GO:1905243	cellular response to 3,3',5-triiodo-L-thyronine	0	0.00102040816326531	1	-0.0019601846856715	2	1
GO:1905244	regulation of modification of synaptic structure	0	0.00181122448979592	1	-0.00347567256198011	3	3
GO:1905259	negative regulation of nitrosative stress-induced intrinsic apoptotic signaling pathway	0	0.000637755102040816	1	-0.0012257394970483	2	1
GO:1905273	positive regulation of proton-transporting ATP synthase activity, rotational mechanism	0	0	1	0	1	0
GO:1905274	regulation of modification of postsynaptic actin cytoskeleton	1	0.0316071428571429	0.0311128584442687	0.878862077166502	7	21
GO:1905278	positive regulation of epithelial tube formation	0	0	1	0	1	0
GO:1905279	regulation of retrograde transport, endosome to Golgi	1	0.00487244897959184	0.00486059783259464	0.927922316056824	3	3
GO:1905281	positive regulation of retrograde transport, endosome to Golgi	0	0	1	0	1	0
GO:1905289	regulation of CAMKK-AMPK signaling cascade	0	0	1	0	1	0
GO:1905291	positive regulation of CAMKK-AMPK signaling cascade	0	0	1	0	1	0
GO:1905303	positive regulation of macropinocytosis	1	0.000127551020408163	0.000127534753220253	0.936989244376402	2	1
GO:1905312	positive regulation of cardiac neural crest cell migration involved in outflow tract morphogenesis	1	0.00650510204081633	0.00648398959497684	0.924828681260258	3	3
GO:1905322	positive regulation of mesenchymal stem cell migration	0	2.55102040816327e-05	1	-4.90695908794692e-05	2	1
GO:1905323	telomerase holoenzyme complex assembly	0	0.000612244897959184	1	-0.00117674988648608	2	1
GO:1905332	positive regulation of morphogenesis of an epithelium	0	0	1	0	1	0
GO:1905333	regulation of gastric motility	1	0.00352040816326531	0.00351421878525642	0.930494313708068	3	3
GO:1905336	negative regulation of aggrephagy	0	0.00076530612244898	1	-0.00147063765606126	2	1
GO:1905337	positive regulation of aggrephagy	1	0.00155612244897959	0.00155491231798311	0.934247405661982	3	3
GO:1905342	positive regulation of protein localization to kinetochore	0	0.00321428571428571	1	-0.00615663071942585	2	1
GO:1905344	prostaglandin catabolic process	0	0	1	0	1	0
GO:1905345	protein localization to cleavage furrow	1	0.00214285714285714	0.00213827512473272	0.933124305555586	2	1
GO:1905366	negative regulation of intralumenal vesicle formation	0	0	1	0	1	0
GO:1905373	ceramide phosphoethanolamine biosynthetic process	0	0	1	0	1	0
GO:1905382	positive regulation of snRNA transcription by RNA polymerase II	1	0.00431122448979592	0.00430194450232148	0.928988824681866	4	6
GO:1905386	positive regulation of protein localization to presynapse	0	0	1	0	1	0
GO:1905403	negative regulation of activated CD8-positive, alpha-beta T cell apoptotic process	0	0.0039030612244898	1	-0.00746910003611401	2	1
GO:1905408	negative regulation of creatine transmembrane transporter activity	0	0	1	0	1	0
GO:1905430	cellular response to glycine	0	0	1	0	1	0
GO:1905443	regulation of clathrin coat assembly	0	0.000153061224489796	1	-0.000294367488453351	2	1
GO:1905445	positive regulation of clathrin coat assembly	0	0.000178571428571429	1	-0.000343417059780471	2	1
GO:1905448	positive regulation of mitochondrial ATP synthesis coupled electron transport	0	0	1	0	1	0
GO:1905453	regulation of myeloid progenitor cell differentiation	0	0	1	0	1	0
GO:1905460	negative regulation of vascular associated smooth muscle cell apoptotic process	0	0	1	0	1	0
GO:1905461	positive regulation of vascular associated smooth muscle cell apoptotic process	0	0.0110969387755102	1	-0.0210362600518934	6	15
GO:1905475	regulation of protein localization to membrane	0	0.00214285714285714	1	-0.00411025340248428	2	1
GO:1905477	positive regulation of protein localization to membrane	1	0.00216836734693878	0.00216601813583593	0.933075514759772	3	3
GO:1905492	positive regulation of branching morphogenesis of a nerve	0	0.000280612244897959	1	-0.000539581999583372	2	1
GO:1905516	positive regulation of fertilization	0	0	1	0	1	0
GO:1905517	macrophage migration	0	5.10204081632653e-05	1	-9.81358440319546e-05	2	1
GO:1905521	regulation of macrophage migration	1	0.00372448979591837	0.00371756247873364	0.930105499511648	3	3
GO:1905522	negative regulation of macrophage migration	1	0.000306122448979592	0.00030602876670407	0.936645944057646	2	1
GO:1905523	positive regulation of macrophage migration	0	0.00433673469387755	1	-0.00829424616434604	3	3
GO:1905526	regulation of Golgi lumen acidification	0	0	1	0	1	0
GO:1905533	negative regulation of L-leucine import across plasma membrane	0	0	1	0	1	0
GO:1905552	positive regulation of protein localization to endoplasmic reticulum	0	0.00127551020408163	1	-0.00244939970641966	2	1
GO:1905555	positive regulation of blood vessel branching	0	0.000918367346938775	1	-0.00176440574012327	2	1
GO:1905562	regulation of vascular endothelial cell proliferation	0	0	1	0	1	0
GO:1905581	positive regulation of low-density lipoprotein particle clearance	0	0.0023469387755102	1	-0.0045004873965534	3	3
GO:1905590	fibronectin fibril organization	0	0	1	0	1	0
GO:1905596	negative regulation of low-density lipoprotein particle receptor binding	0	0	1	0	1	0
GO:1905598	negative regulation of low-density lipoprotein receptor activity	0	0.000612244897959184	1	-0.00117674988648608	2	1
GO:1905599	positive regulation of low-density lipoprotein receptor activity	0	0.000714285714285714	1	-0.00137268836940874	2	1
GO:1905601	negative regulation of receptor-mediated endocytosis involved in cholesterol transport	0	0.000306122448979592	1	-0.000588614900424389	2	1
GO:1905602	positive regulation of receptor-mediated endocytosis involved in cholesterol transport	0	0.000714285714285714	1	-0.00137268836940874	2	1
GO:1905604	negative regulation of blood-brain barrier permeability	0	0.000918367346938775	1	-0.00176440574012327	2	1
GO:1905605	positive regulation of blood-brain barrier permeability	1	0.00357142857142857	0.00356505859922136	0.930397090509532	3	3
GO:1905607	negative regulation of presynapse assembly	0	0	1	0	1	0
GO:1905608	positive regulation of presynapse assembly	0	0	1	0	1	0
GO:1905634	regulation of protein localization to chromatin	0	0	1	0	1	0
GO:1905636	positive regulation of RNA polymerase II regulatory region sequence-specific DNA binding	0	0.00426020408163265	1	-0.00814870071129592	4	6
GO:1905653	positive regulation of artery morphogenesis	0	0.00951530612244898	1	-0.0180752160193881	4	6
GO:1905664	regulation of calcium ion import across plasma membrane	0	0.00306122448979592	1	-0.00586464629105354	2	1
GO:1905665	positive regulation of calcium ion import across plasma membrane	2	0.0241071428571429	0.000285949125665763	1.28653975460262	7	21
GO:1905669	TORC1 complex assembly	0	0	1	0	1	0
GO:1905671	regulation of lysosome organization	0	0.00188775510204082	1	-0.0036221638511168	5	10
GO:1905672	negative regulation of lysosome organization	1	0.00214285714285714	0.00213827512473272	0.933124305555586	2	1
GO:1905673	positive regulation of lysosome organization	0	0.000280612244897959	1	-0.000539581999583372	3	3
GO:1905675	negative regulation of adaptive immune memory response	1	0.000612244897959184	0.000611870283499898	0.936057809071585	2	1
GO:1905684	regulation of plasma membrane repair	1	0.0105867346938776	0.0105308919406698	0.91715214700608	3	3
GO:1905686	positive regulation of plasma membrane repair	3	0.00974489795918367	1.53111317812149e-07	1.56645670085983	4	6
GO:1905691	lipid droplet disassembly	0	0.00533163265306123	1	-0.0101836695419918	4	6
GO:1905704	positive regulation of inhibitory synapse assembly	0	0.00076530612244898	1	-0.00147063765606126	2	1
GO:1905709	negative regulation of membrane permeability	0	2.55102040816327e-05	1	-4.90695908794692e-05	2	1
GO:1905710	positive regulation of membrane permeability	0	0.00201530612244898	1	-0.00386624990915729	3	3
GO:1905719	protein localization to perinuclear region of cytoplasm	11	0.0115561224489796	1.21668290814147e-29	2.43952242346814	7	21
GO:1905737	positive regulation of L-proline import across plasma membrane	0	0.000459183673469388	1	-0.000882742333834563	2	1
GO:1905746	positive regulation of mRNA cis splicing, via spliceosome	1	0.00336734693877551	0.00335604596765992	0.93078606195085	2	1
GO:1905747	negative regulation of saliva secretion	0	0	1	0	1	0
GO:1905748	hard palate morphogenesis	0	0	1	0	1	0
GO:1905751	positive regulation of endosome to plasma membrane protein transport	0	0.000153061224489796	1	-0.000294367488453351	2	1
GO:1905765	negative regulation of protection from non-homologous end joining at telomere	0	0	1	0	1	0
GO:1905778	negative regulation of exonuclease activity	1	0.00408163265306122	0.0040650406504065	0.929425578550636	2	1
GO:1905782	positive regulation of phosphatidylserine exposure on apoptotic cell surface	0	0	1	0	1	0
GO:1905793	protein localization to pericentriolar material	0	0.000153061224489796	1	-0.000294367488453351	2	1
GO:1905799	regulation of intraciliary retrograde transport	0	0.00198979591836735	1	-0.00381743930451406	2	1
GO:1905806	regulation of synapse pruning	0	0.000586734693877551	1	-0.00112775694861655	3	3
GO:1905818	regulation of chromosome separation	1	0.000714285714285714	0.000713775874375446	0.935861870588662	2	1
GO:1905820	positive regulation of chromosome separation	21	0.0256377551020408	7.37068782842246e-54	2.86874111311825	8	28
GO:1905821	positive regulation of chromosome condensation	21	0.0211479591836735	1.2975060170996e-55	2.87687061989519	7	21
GO:1905832	positive regulation of spindle assembly	4	0.0196683673469388	6.1380546983652e-09	1.73528510995726	7	21
GO:1905839	negative regulation of telomeric D-loop disassembly	1	0.00408163265306122	0.0040650406504065	0.929425578550636	2	1
GO:1905857	positive regulation of pentose-phosphate shunt	0	0	1	0	1	0
GO:1905867	epididymis development	1	0.00137755102040816	0.00137565598410353	0.934589566104996	2	1
GO:1905869	negative regulation of 3'-UTR-mediated mRNA stabilization	0	0.000459183673469388	1	-0.000882742333834563	2	1
GO:1905870	positive regulation of 3'-UTR-mediated mRNA stabilization	0	0.000204081632653061	1	-0.000392463296103651	3	3
GO:1905885	positive regulation of triglyceride transport	0	0	1	0	1	0
GO:1905897	regulation of response to endoplasmic reticulum stress	0	0.000229591836734694	1	-0.000441506197876307	2	1
GO:1905898	positive regulation of response to endoplasmic reticulum stress	0	0	1	0	1	0
GO:1905906	regulation of amyloid fibril formation	1	0.000357142857142857	0.000357015351660121	0.936547888253724	2	1
GO:1905907	negative regulation of amyloid fibril formation	16	0.0833163265306122	2.3823825956112e-31	2.57950370844902	11	55
GO:1905908	positive regulation of amyloid fibril formation	0	0.00173469387755102	1	-0.0033291515173427	2	1
GO:1905913	negative regulation of calcium ion export across plasma membrane	0	0	1	0	1	0
GO:1905920	positive regulation of CoA-transferase activity	1	0.0210459183673469	0.0208259985343445	0.897846002266012	5	10
GO:1905931	negative regulation of vascular associated smooth muscle cell differentiation involved in phenotypic switching	0	0	1	0	1	0
GO:1905932	positive regulation of vascular associated smooth muscle cell differentiation involved in phenotypic switching	0	0	1	0	1	0
GO:1905949	negative regulation of calcium ion import across plasma membrane	1	0.00183673469387755	0.00183336728457934	0.933710052660808	2	1
GO:1990009	retinal cell apoptotic process	0	0.00076530612244898	1	-0.00147063765606126	2	1
GO:1990034	calcium ion export across plasma membrane	0	5.10204081632653e-05	1	-9.81358440319546e-05	2	1
GO:1990036	calcium ion import into sarcoplasmic reticulum	1	0.00272959183673469	0.00272586988587239	0.932002951339013	3	3
GO:1990044	protein localization to lipid droplet	0	0	1	0	1	0
GO:1990046	stress-induced mitochondrial fusion	0	0	1	0	1	0
GO:1990048	anterograde neuronal dense core vesicle transport	1	0.000535714285714286	0.000535570816433556	0.936204797868923	3	3
GO:1990049	retrograde neuronal dense core vesicle transport	1	0.00221938775510204	0.00221692673408063	0.932977943067422	3	3
GO:1990074	polyuridylation-dependent mRNA catabolic process	0	0.000816326530612245	1	-0.0015685736443245	3	3
GO:1990079	cartilage homeostasis	0	0.00426020408163265	1	-0.00814870071129592	3	3
GO:1990086	lens fiber cell apoptotic process	0	0.00244897959183673	1	-0.00469552525645312	3	3
GO:1990089	response to nerve growth factor	0	0	1	0	1	0
GO:1990108	protein linear deubiquitination	0	0.000306122448979592	1	-0.000588614900424389	2	1
GO:1990114	RNA polymerase II core complex assembly	0	0	1	0	1	0
GO:1990116	ribosome-associated ubiquitin-dependent protein catabolic process	4	0.00336734693877551	5.34281755837242e-12	1.76571176110468	6	15
GO:1990117	B cell receptor apoptotic signaling pathway	0	0.000306122448979592	1	-0.000588614900424389	2	1
GO:1990144	intrinsic apoptotic signaling pathway in response to hypoxia	0	0.00127551020408163	1	-0.00244939970641966	2	1
GO:1990145	maintenance of translational fidelity	0	0	1	0	1	0
GO:1990167	protein K27-linked deubiquitination	0	0.000510204081632653	1	-0.000980758166643114	2	1
GO:1990168	protein K33-linked deubiquitination	0	0	1	0	1	0
GO:1990172	G protein-coupled receptor catabolic process	0	0	1	0	1	0
GO:1990180	mitochondrial tRNA 3'-end processing	1	0.0024234693877551	0.00242053515520578	0.932587788222973	3	3
GO:1990182	exosomal secretion	0	0	1	0	1	0
GO:1990227	paranodal junction maintenance	0	0.00183673469387755	1	-0.00352450629726231	2	1
GO:1990253	cellular response to leucine starvation	5	0.0586224489795918	5.49461444630178e-09	1.81587670074639	9	36
GO:1990262	anti-Mullerian hormone receptor signaling pathway	1	0.000178571428571429	0.000178539546509552	0.93689114189829	2	1
GO:1990264	peptidyl-tyrosine dephosphorylation involved in inactivation of protein kinase activity	0	0.000102040816326531	1	-0.000196258338972743	2	1
GO:1990266	neutrophil migration	0	0.0025765306122449	1	-0.00493924844708282	6	15
GO:1990268	response to gold nanoparticle	0	0	1	0	1	0
GO:1990314	cellular response to insulin-like growth factor stimulus	0	0.00193877551020408	1	-0.00371980818567463	2	1
GO:1990349	gap junction-mediated intercellular transport	5	0.00663265306122449	1.06378756925609e-13	1.90800411690852	5	10
GO:1990379	lipid transport across blood-brain barrier	1	0.00275510204081633	0.00275131023026302	0.931954236328328	5	10
GO:1990384	hyaloid vascular plexus regression	1	0.0198214285714286	0.0196262755867706	0.9000797103267	5	10
GO:1990390	protein K33-linked ubiquitination	0	0	1	0	1	0
GO:1990401	embryonic lung development	0	0.000204081632653061	1	-0.000392463296103651	2	1
GO:1990408	calcitonin gene-related peptide receptor signaling pathway	10	0.0219387755102041	6.97749947389921e-24	2.35402551268165	6	15
GO:1990410	adrenomedullin receptor signaling pathway	10	0.0213010204081633	5.1878825587172e-24	2.35518542211383	5	10
GO:1990414	replication-born double-strand break repair via sister chromatid exchange	2	0.0456377551020408	0.00101025322425594	1.24863863037418	6	15
GO:1990416	cellular response to brain-derived neurotrophic factor stimulus	0	0	1	0	1	0
GO:1990418	response to insulin-like growth factor stimulus	0	0.00112244897959184	1	-0.00215591050981212	2	1
GO:1990428	miRNA transport	0	0	1	0	1	0
GO:1990431	priRNA 3'-end processing	1	0.000127551020408163	0.000127534753220253	0.936989244376402	2	1
GO:1990432	siRNA 3'-end processing	1	0.000127551020408163	0.000127534753220253	0.936989244376402	2	1
GO:1990456	mitochondrion-endoplasmic reticulum membrane tethering	0	0.0103061224489796	1	-0.0195572573753762	7	21
GO:1990481	mRNA pseudouridine synthesis	5	0.00410714285714286	9.7058024413615e-15	1.91279360531452	6	15
GO:1990502	dense core granule maturation	0	0	1	0	1	0
GO:1990523	bone regeneration	0	0.00392857142857143	1	-0.00751766418064004	3	3
GO:1990535	neuron projection maintenance	1	0.010969387755102	0.010909443405725	0.916436642711565	7	21
GO:1990542	mitochondrial transmembrane transport	0	0.00244897959183673	1	-0.00469552525645312	3	3
GO:1990544	mitochondrial ATP transmembrane transport	6	0.0219897959183673	1.54102807471704e-13	2.00262575576189	6	15
GO:1990569	UDP-N-acetylglucosamine transmembrane transport	4	0.00135204081632653	1.39084339395395e-13	1.76956415857369	4	6
GO:1990575	mitochondrial L-ornithine transmembrane transport	0	0	1	0	1	0
GO:1990592	protein K69-linked ufmylation	9	0.00686224489795918	9.24167241362138e-26	2.30884724953663	5	10
GO:1990603	dark adaptation	0	0	1	0	1	0
GO:1990641	response to iron ion starvation	0	0	1	0	1	0
GO:1990680	response to melanocyte-stimulating hormone	0	7.6530612244898e-05	1	-0.00014719875991176	2	1
GO:1990683	DNA double-strand break attachment to nuclear envelope	0	0	1	0	1	0
GO:1990705	cholangiocyte proliferation	0	0.000408163265306122	1	-0.000784713180942753	2	1
GO:1990708	conditioned place preference	0	0.000510204081632653	1	-0.000980758166643114	2	1
GO:1990737	response to manganese-induced endoplasmic reticulum stress	0	0	1	0	1	0
GO:1990743	protein sialylation	1	0.0134438775510204	0.0133539109127993	0.911826770351435	3	3
GO:1990748	cellular detoxification	0	0.00352040816326531	1	-0.0067402452500025	7	21
GO:1990758	mitotic sister chromatid biorientation	0	0	1	0	1	0
GO:1990764	myofibroblast contraction	0	0	1	0	1	0
GO:1990776	response to angiotensin	0	0.0328571428571429	1	-0.0605866614046789	4	6
GO:1990786	cellular response to dsDNA	0	0	1	0	1	0
GO:1990790	response to glial cell derived neurotrophic factor	0	0.000714285714285714	1	-0.00137268836940874	2	1
GO:1990791	dorsal root ganglion development	0	0.000994897959183673	1	-0.00191124493054273	4	6
GO:1990792	cellular response to glial cell derived neurotrophic factor	0	0	1	0	1	0
GO:1990806	ligand-gated ion channel signaling pathway	0	0.00168367346938776	1	-0.00323145428411353	5	10
GO:1990809	endoplasmic reticulum tubular network membrane organization	0	0.00112244897959184	1	-0.00215591050981212	3	3
GO:1990822	basic amino acid transmembrane transport	1	0.000433673469387755	0.000433579446639472	0.936400829535445	3	3
GO:1990823	response to leukemia inhibitory factor	0	0.000255102040816327	1	-0.000490545765551631	2	1
GO:1990834	response to odorant	0	0.00135204081632653	1	-0.00259609953821927	3	3
GO:1990845	adaptive thermogenesis	1	0.0292602040816327	0.0288362691798254	0.883037761882963	9	36
GO:1990859	cellular response to endothelin	0	0	1	0	1	0
GO:1990874	vascular associated smooth muscle cell proliferation	0	0.00548469387755102	1	-0.0104739113057429	5	10
GO:1990910	response to hypobaric hypoxia	0	0.000102040816326531	1	-0.000196258338972743	2	1
GO:1990911	response to psychosocial stress	0	0.00354591836734694	1	-0.00678885848723787	3	3
GO:1990918	double-strand break repair involved in meiotic recombination	5	0.00706632653061225	1.45958734929794e-13	1.90718486921064	7	21
GO:1990926	short-term synaptic potentiation	0	0.00198979591836735	1	-0.00381743930451406	2	1
GO:1990927	calcium ion regulated lysosome exocytosis	0	0	1	0	1	0
GO:1990953	intramanchette transport	0	2.55102040816327e-05	1	-4.90695908794692e-05	2	1
GO:1990959	eosinophil homeostasis	0	7.6530612244898e-05	1	-0.00014719875991176	2	1
GO:1990961	xenobiotic detoxification by transmembrane export across the plasma membrane	0	0.00201530612244898	1	-0.00386624990915729	5	10
GO:1990962	xenobiotic transport across blood-brain barrier	2	0.000331632653061225	5.49779521230331e-08	1.33084486189269	4	6
GO:1990963	establishment of blood-retinal barrier	0	0.000612244897959184	1	-0.00117674988648608	2	1
GO:1990966	ATP generation from poly-ADP-D-ribose	0	0.00211734693877551	1	-0.00406145930631496	3	3
GO:2000003	positive regulation of DNA damage checkpoint	3	0.00318877551020408	5.39115749969981e-09	1.57885452586634	4	6
GO:2000008	regulation of protein localization to cell surface	1	0.027219387755102	0.0268522785906388	0.886688544752222	8	28
GO:2000009	negative regulation of protein localization to cell surface	0	0.0323979591836735	1	-0.0597740788437531	8	28
GO:2000016	negative regulation of determination of dorsal identity	0	0	1	0	1	0
GO:2000020	positive regulation of male gonad development	7	0.0189030612244898	1.68310839371538e-16	2.11336525766204	7	21
GO:2000035	regulation of stem cell division	0	0.00176020408163265	1	-0.00337799517246806	4	6
GO:2000036	regulation of stem cell population maintenance	3	0.0550510204081633	2.66832274178121e-05	1.48615388428854	8	28
GO:2000048	negative regulation of cell-cell adhesion mediated by cadherin	0	0.00558673469387755	1	-0.0106673409564144	3	3
GO:2000049	positive regulation of cell-cell adhesion mediated by cadherin	0	0.0131632653061225	1	-0.0248864981247372	6	15
GO:2000050	regulation of non-canonical Wnt signaling pathway	0	0.00334183673469388	1	-0.00639986082607147	3	3
GO:2000051	negative regulation of non-canonical Wnt signaling pathway	0	0.0113265306122449	1	-0.0214650805463081	4	6
GO:2000052	positive regulation of non-canonical Wnt signaling pathway	1	0.00918367346938776	0.0091416323359713	0.91978175148397	4	6
GO:2000058	regulation of ubiquitin-dependent protein catabolic process	0	0.000561224489795918	1	-0.00107876068298762	2	1
GO:2000065	negative regulation of cortisol biosynthetic process	0	0.00344387755102041	1	-0.00659438587827022	4	6
GO:2000074	regulation of type B pancreatic cell development	0	0.00397959183673469	1	-0.00761478266216586	2	1
GO:2000077	negative regulation of type B pancreatic cell development	0	0	1	0	1	0
GO:2000078	positive regulation of type B pancreatic cell development	0	0	1	0	1	0
GO:2000095	regulation of Wnt signaling pathway, planar cell polarity pathway	0	0.00997448979591837	1	-0.0189361268342146	3	3
GO:2000096	positive regulation of Wnt signaling pathway, planar cell polarity pathway	0	0.0168367346938776	1	-0.0316810304987147	5	10
GO:2000098	negative regulation of smooth muscle cell-matrix adhesion	0	0.000535714285714286	1	-0.00102976108914732	2	1
GO:2000104	negative regulation of DNA-templated DNA replication	0	0	1	0	1	0
GO:2000107	negative regulation of leukocyte apoptotic process	0	0	1	0	1	0
GO:2000110	negative regulation of macrophage apoptotic process	0	0.00410714285714286	1	-0.00785752167594644	4	6
GO:2000111	positive regulation of macrophage apoptotic process	0	0	1	0	1	0
GO:2000120	positive regulation of sodium-dependent phosphate transport	0	0	1	0	1	0
GO:2000121	regulation of removal of superoxide radicals	0	0.0263775510204082	1	-0.0490346668275032	5	10
GO:2000124	regulation of endocannabinoid signaling pathway	0	0	1	0	1	0
GO:2000138	positive regulation of cell proliferation involved in heart morphogenesis	0	0.000561224489795918	1	-0.00107876068298762	2	1
GO:2000143	negative regulation of DNA-templated transcription initiation	0	0	1	0	1	0
GO:2000144	positive regulation of DNA-templated transcription initiation	0	0.0137755102040816	1	-0.0260233738847977	6	15
GO:2000146	negative regulation of cell motility	0	0.00438775510204082	1	-0.00839126015419634	5	10
GO:2000156	regulation of retrograde vesicle-mediated transport, Golgi to ER	0	0.000229591836734694	1	-0.000441506197876307	2	1
GO:2000170	positive regulation of peptidyl-cysteine S-nitrosylation	0	0.00227040816326531	1	-0.00435417438693553	3	3
GO:2000171	negative regulation of dendrite development	0	0.0138775510204082	1	-0.0262126791005396	4	6
GO:2000172	regulation of branching morphogenesis of a nerve	0	0.00331632653061225	1	-0.00635122136545196	2	1
GO:2000177	regulation of neural precursor cell proliferation	0	0.00321428571428571	1	-0.00615663071942585	5	10
GO:2000178	negative regulation of neural precursor cell proliferation	0	0.00334183673469388	1	-0.00639986082607147	7	21
GO:2000182	regulation of progesterone biosynthetic process	0	0	1	0	1	0
GO:2000191	regulation of fatty acid transport	0	0.00107142857142857	1	-0.00205805423611594	2	1
GO:2000195	negative regulation of female gonad development	1	0.00405612244897959	0.00404790748382935	0.92947412308583	3	3
GO:2000210	positive regulation of anoikis	0	0.00158163265306122	1	-0.00303602011319593	4	6
GO:2000224	regulation of testosterone biosynthetic process	1	0.000510204081632653	0.000509943906170321	0.936253800791427	2	1
GO:2000225	negative regulation of testosterone biosynthetic process	0	0	1	0	1	0
GO:2000232	regulation of rRNA processing	0	0	1	0	1	0
GO:2000234	positive regulation of rRNA processing	1	0.00405612244897959	0.00404790749502533	0.92947412308583	4	6
GO:2000242	negative regulation of reproductive process	0	0.0060969387755102	1	-0.0116337119502248	4	6
GO:2000243	positive regulation of reproductive process	0	0.00326530612244898	1	-0.00625393260403329	3	3
GO:2000252	negative regulation of feeding behavior	0	0.000918367346938775	1	-0.00176440574012327	3	3
GO:2000253	positive regulation of feeding behavior	1	0.00594387755102041	0.00592624765811929	0.925890622394889	6	15
GO:2000255	negative regulation of male germ cell proliferation	0	0.000204081632653061	1	-0.000392463296103651	2	1
GO:2000256	positive regulation of male germ cell proliferation	0	0	1	0	1	0
GO:2000269	regulation of fibroblast apoptotic process	0	0	1	0	1	0
GO:2000270	negative regulation of fibroblast apoptotic process	0	0.00206632653061225	1	-0.00396386121112546	3	3
GO:2000271	positive regulation of fibroblast apoptotic process	1	0.0099234693877551	0.00987439423149963	0.918394038157189	5	10
GO:2000272	negative regulation of signaling receptor activity	0	0.0139795918367347	1	-0.0264019346494264	4	6
GO:2000273	positive regulation of signaling receptor activity	0	0.00823979591836735	1	-0.0156783919095205	5	10
GO:2000278	regulation of DNA biosynthetic process	7	0.00987244897959184	1.79801123251623e-18	2.13009537222592	7	21
GO:2000279	negative regulation of DNA biosynthetic process	0	0.00377551020408163	1	-0.00722623025824154	6	15
GO:2000288	positive regulation of myoblast proliferation	1	0.00612244897959184	0.00610374497973353	0.925552562425315	5	10
GO:2000291	regulation of myoblast proliferation	0	0	1	0	1	0
GO:2000296	negative regulation of hydrogen peroxide catabolic process	0	0	1	0	1	0
GO:2000297	negative regulation of synapse maturation	0	0.000229591836734694	1	-0.000441506197876307	2	1
GO:2000298	regulation of Rho-dependent protein serine/threonine kinase activity	0	0	1	0	1	0
GO:2000299	negative regulation of Rho-dependent protein serine/threonine kinase activity	0	2.55102040816327e-05	1	-4.90695908794692e-05	2	1
GO:2000301	negative regulation of synaptic vesicle exocytosis	0	0	1	0	1	0
GO:2000302	positive regulation of synaptic vesicle exocytosis	0	0	1	0	1	0
GO:2000304	positive regulation of ceramide biosynthetic process	0	0.000586734693877551	1	-0.00112775694861655	3	3
GO:2000310	regulation of NMDA receptor activity	1	0.0216581632653061	0.0214253093397441	0.896731736710687	7	21
GO:2000311	regulation of AMPA receptor activity	10	0.129413265306122	3.22816736147691e-16	2.18118065468563	13	78
GO:2000314	negative regulation of fibroblast growth factor receptor signaling pathway involved in neural plate anterior/posterior pattern formation	0	0.000229591836734694	1	-0.000441506197876307	2	1
GO:2000317	negative regulation of T-helper 17 type immune response	0	0.00267857142857143	1	-0.00513416772691355	2	1
GO:2000318	positive regulation of T-helper 17 type immune response	8	0.0264795918367347	5.8552993714529e-18	2.19134531568078	8	28
GO:2000319	regulation of T-helper 17 cell differentiation	1	0.000688775510204082	0.000688301425038876	0.935910850220013	2	1
GO:2000320	negative regulation of T-helper 17 cell differentiation	0	0.00456632653061225	1	-0.00873070640718199	5	10
GO:2000321	positive regulation of T-helper 17 cell differentiation	0	0.000510204081632653	1	-0.000980758166643114	3	3
GO:2000323	negative regulation of nuclear receptor-mediated glucocorticoid signaling pathway	3	0.00946428571428572	1.4029115537012e-07	1.56698300491428	4	6
GO:2000329	negative regulation of T-helper 17 cell lineage commitment	0	0.00114795918367347	1	-0.00220483366900515	4	6
GO:2000330	positive regulation of T-helper 17 cell lineage commitment	6	0.00908163265306122	7.73162361483928e-16	2.02647023156645	5	10
GO:2000334	positive regulation of blood microparticle formation	0	0	1	0	1	0
GO:2000340	positive regulation of chemokine (C-X-C motif) ligand 1 production	1	0.00946428571428572	0.00941964031885107	0.919255063151196	4	6
GO:2000342	negative regulation of chemokine (C-X-C motif) ligand 2 production	1	0.00375	0.00374297753082893	0.930056912469536	4	6
GO:2000343	positive regulation of chemokine (C-X-C motif) ligand 2 production	0	0.0134183673469388	1	-0.0253604141265709	6	15
GO:2000344	positive regulation of acrosome reaction	1	0.00627551020408163	0.00625586031576598	0.925262922782619	6	15
GO:2000345	regulation of hepatocyte proliferation	0	0	1	0	1	0
GO:2000346	negative regulation of hepatocyte proliferation	0	0.00147959183673469	1	-0.00284053297908771	4	6
GO:2000347	positive regulation of hepatocyte proliferation	0	0.0288265306122449	1	-0.0534225502067273	7	21
GO:2000348	regulation of CD40 signaling pathway	0	0	1	0	1	0
GO:2000349	negative regulation of CD40 signaling pathway	0	0.000510204081632653	1	-0.000980758166643114	2	1
GO:2000351	regulation of endothelial cell apoptotic process	0	0	1	0	1	0
GO:2000354	regulation of ovarian follicle development	0	0	1	0	1	0
GO:2000355	negative regulation of ovarian follicle development	0	0.000535714285714286	1	-0.00102976108914732	2	1
GO:2000360	negative regulation of binding of sperm to zona pellucida	1	0.000306122448979592	0.00030602876670407	0.936645944057646	2	1
GO:2000368	positive regulation of acrosomal vesicle exocytosis	0	0.000306122448979592	1	-0.000588614900424389	2	1
GO:2000369	regulation of clathrin-dependent endocytosis	1	0.00612244897959184	0.00610374497973353	0.925552562425315	5	10
GO:2000370	positive regulation of clathrin-dependent endocytosis	0	0	1	0	1	0
GO:2000373	positive regulation of DNA topoisomerase (ATP-hydrolyzing) activity	0	0.000459183673469388	1	-0.000882742333834563	2	1
GO:2000376	positive regulation of oxygen metabolic process	0	0	1	0	1	0
GO:2000381	negative regulation of mesoderm development	0	0.00352040816326531	1	-0.0067402452500025	3	3
GO:2000382	positive regulation of mesoderm development	0	0	1	0	1	0
GO:2000386	positive regulation of ovarian follicle development	0	0	1	0	1	0
GO:2000391	positive regulation of neutrophil extravasation	1	0.00275510204081633	0.00275131023026302	0.931954236328328	4	6
GO:2000392	regulation of lamellipodium morphogenesis	0	0	1	0	1	0
GO:2000393	negative regulation of lamellipodium morphogenesis	0	0.000153061224489796	1	-0.000294367488453351	2	1
GO:2000394	positive regulation of lamellipodium morphogenesis	1	0.00107142857142857	0.00107085479677455	0.935176504721955	4	6
GO:2000397	positive regulation of ubiquitin-dependent endocytosis	0	0	1	0	1	0
GO:2000401	regulation of lymphocyte migration	0	0	1	0	1	0
GO:2000402	negative regulation of lymphocyte migration	0	0	1	0	1	0
GO:2000403	positive regulation of lymphocyte migration	0	0.000306122448979592	1	-0.000588614900424389	2	1
GO:2000404	regulation of T cell migration	0	0.0014030612244898	1	-0.0026938828541403	3	3
GO:2000405	negative regulation of T cell migration	1	0.00221938775510204	0.00221692673508753	0.932977943067422	5	10
GO:2000409	positive regulation of T cell extravasation	0	0	1	0	1	0
GO:2000412	positive regulation of thymocyte migration	0	0	1	0	1	0
GO:2000418	positive regulation of eosinophil migration	0	0	1	0	1	0
GO:2000426	negative regulation of apoptotic cell clearance	0	0	1	0	1	0
GO:2000427	positive regulation of apoptotic cell clearance	3	0.0147959183673469	5.31922969460174e-07	1.55704830656515	3	3
GO:2000435	negative regulation of protein neddylation	0	0.000459183673469388	1	-0.000882742333834563	2	1
GO:2000436	positive regulation of protein neddylation	0	0.000433673469387755	1	-0.000833729422625384	4	6
GO:2000439	positive regulation of monocyte extravasation	0	0.0100765306122449	1	-0.0191273008949493	4	6
GO:2000466	negative regulation of glycogen (starch) synthase activity	0	0.000816326530612245	1	-0.0015685736443245	2	1
GO:2000467	positive regulation of glycogen (starch) synthase activity	0	0.000816326530612245	1	-0.0015685736443245	2	1
GO:2000474	regulation of opioid receptor signaling pathway	0	0.000255102040816327	1	-0.000490545765551631	2	1
GO:2000481	positive regulation of cAMP-dependent protein kinase activity	0	0.00122448979591837	1	-0.00235158324136442	2	1
GO:2000490	negative regulation of hepatic stellate cell activation	0	0.000306122448979592	1	-0.000588614900424389	2	1
GO:2000491	positive regulation of hepatic stellate cell activation	0	0.00456632653061225	1	-0.00873070640718199	3	3
GO:2000494	positive regulation of interleukin-18-mediated signaling pathway	0	0.00298469387755102	1	-0.00571860974425564	3	3
GO:2000502	negative regulation of natural killer cell chemotaxis	0	0	1	0	1	0
GO:2000503	positive regulation of natural killer cell chemotaxis	0	0.000204081632653061	1	-0.000392463296103651	2	1
GO:2000504	positive regulation of blood vessel remodeling	0	0	1	0	1	0
GO:2000510	positive regulation of dendritic cell chemotaxis	0	0.00658163265306123	1	-0.0125505668007839	6	15
GO:2000515	negative regulation of CD4-positive, alpha-beta T cell activation	0	0	1	0	1	0
GO:2000516	positive regulation of CD4-positive, alpha-beta T cell activation	0	0	1	0	1	0
GO:2000521	negative regulation of immunological synapse formation	0	0.00255102040816327	1	-0.00489051039629274	2	1
GO:2000522	positive regulation of immunological synapse formation	0	0	1	0	1	0
GO:2000524	negative regulation of T cell costimulation	0	5.10204081632653e-05	1	-9.81358440319546e-05	2	1
GO:2000535	regulation of entry of bacterium into host cell	1	0.00334183673469388	0.00333625900815563	0.930834698131999	3	3
GO:2000536	negative regulation of entry of bacterium into host cell	0	0	1	0	1	0
GO:2000538	positive regulation of B cell chemotaxis	0	0	1	0	1	0
GO:2000543	positive regulation of gastrulation	1	0.00104591836734694	0.00104537158537774	0.935225437837358	4	6
GO:2000544	regulation of endothelial cell chemotaxis to fibroblast growth factor	0	0.000612244897959184	1	-0.00117674988648608	2	1
GO:2000546	positive regulation of endothelial cell chemotaxis to fibroblast growth factor	0	0.000306122448979592	1	-0.000588614900424389	2	1
GO:2000552	negative regulation of T-helper 2 cell cytokine production	0	0.00214285714285714	1	-0.00411025340248428	3	3
GO:2000553	positive regulation of T-helper 2 cell cytokine production	0	0.00278061224489796	1	-0.00532903435076215	4	6
GO:2000556	positive regulation of T-helper 1 cell cytokine production	2	0.0188775510204082	0.000175954347373596	1.29605420758904	6	15
GO:2000558	positive regulation of immunoglobulin production in mucosal tissue	0	0	1	0	1	0
GO:2000561	regulation of CD4-positive, alpha-beta T cell proliferation	0	0	1	0	1	0
GO:2000562	negative regulation of CD4-positive, alpha-beta T cell proliferation	0	0.0291581632653061	1	-0.0540146960907528	11	55
GO:2000563	positive regulation of CD4-positive, alpha-beta T cell proliferation	1	0.0271173469387755	0.0267529727362008	0.886871569813894	8	28
GO:2000564	regulation of CD8-positive, alpha-beta T cell proliferation	0	0.000357142857142857	1	-0.000686670704346692	2	1
GO:2000565	negative regulation of CD8-positive, alpha-beta T cell proliferation	0	5.10204081632653e-05	1	-9.81358440319546e-05	2	1
GO:2000566	positive regulation of CD8-positive, alpha-beta T cell proliferation	0	0	1	0	1	0
GO:2000583	regulation of platelet-derived growth factor receptor-alpha signaling pathway	0	0.00229591836734694	1	-0.00440294868767055	2	1
GO:2000584	negative regulation of platelet-derived growth factor receptor-alpha signaling pathway	0	0.000204081632653061	1	-0.000392463296103651	2	1
GO:2000587	negative regulation of platelet-derived growth factor receptor-beta signaling pathway	0	0.00104591836734694	1	-0.0020091211207125	4	6
GO:2000588	positive regulation of platelet-derived growth factor receptor-beta signaling pathway	0	0.000714285714285714	1	-0.00137268836940874	2	1
GO:2000594	positive regulation of metanephric DCT cell differentiation	0	0.000153061224489796	1	-0.000294367488453351	2	1
GO:2000601	positive regulation of Arp2/3 complex-mediated actin nucleation	10	0.0398979591836735	2.71640129730243e-21	2.32210548269606	6	15
GO:2000609	regulation of thyroid hormone generation	0	0.000153061224489796	1	-0.000294367488453351	2	1
GO:2000611	positive regulation of thyroid hormone generation	0	0.00135204081632653	1	-0.00259609953821927	4	6
GO:2000622	regulation of nuclear-transcribed mRNA catabolic process, nonsense-mediated decay	0	0	1	0	1	0
GO:2000623	negative regulation of nuclear-transcribed mRNA catabolic process, nonsense-mediated decay	1	0.00926020408163265	0.0092174604318743	0.919638071069105	6	15
GO:2000626	negative regulation of miRNA catabolic process	0	0.000102040816326531	1	-0.000196258338972743	2	1
GO:2000627	positive regulation of miRNA catabolic process	0	0.00545918367346939	1	-0.010425545787575	4	6
GO:2000628	regulation of miRNA metabolic process	0	0.000280612244897959	1	-0.000539581999583372	2	1
GO:2000632	negative regulation of pre-miRNA processing	0	0.000204081632653061	1	-0.000392463296103651	2	1
GO:2000633	positive regulation of pre-miRNA processing	0	0.00102040816326531	1	-0.0019601846856715	2	1
GO:2000635	negative regulation of primary miRNA processing	0	0.000280612244897959	1	-0.000539581999583372	2	1
GO:2000636	positive regulation of primary miRNA processing	0	0	1	0	1	0
GO:2000637	positive regulation of miRNA-mediated gene silencing	2	0.0169132653061225	0.000141426726360483	1.29966060143173	5	10
GO:2000638	regulation of SREBP signaling pathway	0	0.00255102040816327	1	-0.00489051039629274	2	1
GO:2000641	regulation of early endosome to late endosome transport	0	0.000102040816326531	1	-0.000196258338972743	2	1
GO:2000642	negative regulation of early endosome to late endosome transport	1	0.000918367346938775	0.000917524722193903	0.935470153217947	2	1
GO:2000643	positive regulation of early endosome to late endosome transport	1	0.0310969387755102	0.0306184021439201	0.879767780745143	8	28
GO:2000646	positive regulation of receptor catabolic process	0	0.00619897959183674	1	-0.0118268308913273	5	10
GO:2000649	regulation of sodium ion transmembrane transporter activity	0	0.0138520408163265	1	-0.0261653574538899	6	15
GO:2000650	negative regulation of sodium ion transmembrane transporter activity	0	0.00313775510204082	1	-0.00601065327878914	4	6
GO:2000651	positive regulation of sodium ion transmembrane transporter activity	0	0.0105357142857143	1	-0.0199869577345101	4	6
GO:2000659	regulation of interleukin-1-mediated signaling pathway	0	0	1	0	1	0
GO:2000660	negative regulation of interleukin-1-mediated signaling pathway	1	0.00112244897959184	0.00112181926936385	0.935078648448258	4	6
GO:2000669	negative regulation of dendritic cell apoptotic process	1	0.000535714285714286	0.000535570816433556	0.936204797868923	3	3
GO:2000670	positive regulation of dendritic cell apoptotic process	0	0.000612244897959184	1	-0.00117674988648608	2	1
GO:2000671	regulation of motor neuron apoptotic process	0	0	1	0	1	0
GO:2000672	negative regulation of motor neuron apoptotic process	0	0.00655612244897959	1	-0.0125023403243866	5	10
GO:2000673	positive regulation of motor neuron apoptotic process	0	0.00183673469387755	1	-0.00352450629726231	2	1
GO:2000675	negative regulation of type B pancreatic cell apoptotic process	0	0.0134183673469388	1	-0.0253604141265709	6	15
GO:2000678	negative regulation of transcription regulatory region DNA binding	0	0.00114795918367347	1	-0.00220483366900515	2	1
GO:2000679	positive regulation of transcription regulatory region DNA binding	0	0.00535714285714286	1	-0.0102320512798578	7	21
GO:2000707	positive regulation of dense core granule biogenesis	0	0	1	0	1	0
GO:2000724	positive regulation of cardiac vascular smooth muscle cell differentiation	0	0	1	0	1	0
GO:2000726	negative regulation of cardiac muscle cell differentiation	0	0.0420918367346939	1	-0.0767372403308591	7	21
GO:2000727	positive regulation of cardiac muscle cell differentiation	0	0.00329081632653061	1	-0.00630257862492001	3	3
GO:2000729	positive regulation of mesenchymal cell proliferation involved in ureter development	0	0.00224489795918367	1	-0.00430539678807718	2	1
GO:2000738	positive regulation of stem cell differentiation	0	0.0130357142857143	1	-0.024649423313899	7	21
GO:2000739	regulation of mesenchymal stem cell differentiation	0	0	1	0	1	0
GO:2000740	negative regulation of mesenchymal stem cell differentiation	0	0	1	0	1	0
GO:2000741	positive regulation of mesenchymal stem cell differentiation	3	0.00275510204081633	3.47827954379008e-09	1.57968217809141	4	6
GO:2000752	regulation of glucosylceramide catabolic process	0	0	1	0	1	0
GO:2000755	positive regulation of sphingomyelin catabolic process	0	0	1	0	1	0
GO:2000758	positive regulation of peptidyl-lysine acetylation	0	0	1	0	1	0
GO:2000766	negative regulation of cytoplasmic translation	2	0.0259183673469388	0.000330133247104602	1.28327354743742	6	15
GO:2000768	positive regulation of nephron tubule epithelial cell differentiation	0	0.000255102040816327	1	-0.000490545765551631	2	1
GO:2000772	regulation of cellular senescence	0	0.00278061224489796	1	-0.00532903435076215	4	6
GO:2000780	negative regulation of double-strand break repair	0	0.000918367346938775	1	-0.00176440574012327	3	3
GO:2000791	negative regulation of mesenchymal cell proliferation involved in lung development	0	0	1	0	1	0
GO:2000805	negative regulation of termination of RNA polymerase II transcription, poly(A)-coupled	0	5.10204081632653e-05	1	-9.81358440319546e-05	2	1
GO:2000809	positive regulation of synaptic vesicle clustering	0	0.00142857142857143	1	-0.00274276954186492	2	1
GO:2000810	regulation of bicellular tight junction assembly	0	0.0219132653061225	1	-0.0409665920463365	7	21
GO:2000812	regulation of barbed-end actin filament capping	0	0	1	0	1	0
GO:2000813	negative regulation of barbed-end actin filament capping	0	0.000204081632653061	1	-0.000392463296103651	2	1
GO:2000818	negative regulation of myoblast proliferation	0	0.00107142857142857	1	-0.00205805423611594	2	1
GO:2000821	regulation of grooming behavior	0	0.000153061224489796	1	-0.000294367488453351	2	1
GO:2000822	regulation of behavioral fear response	0	0.000255102040816327	1	-0.000490545765551631	2	1
GO:2000845	positive regulation of testosterone secretion	0	0.000739795918367347	1	-0.0014216646752595	3	3
GO:2000850	negative regulation of glucocorticoid secretion	0	0	1	0	1	0
GO:2000852	regulation of corticosterone secretion	0	0	1	0	1	0
GO:2000854	positive regulation of corticosterone secretion	0	0	1	0	1	0
GO:2000860	positive regulation of aldosterone secretion	0	0.00114795918367347	1	-0.00220483366900515	2	1
GO:2000866	positive regulation of estradiol secretion	0	0	1	0	1	0
GO:2000972	positive regulation of detection of glucose	0	0.000153061224489796	1	-0.000294367488453351	2	1
GO:2000973	regulation of pro-B cell differentiation	1	0.00456632653061225	0.00455591669455642	0.928503852550889	3	3
GO:2000974	negative regulation of pro-B cell differentiation	1	0.000408163265306122	0.000407996736026112	0.936449845777128	2	1
GO:2000978	negative regulation of forebrain neuron differentiation	1	0.000408163265306122	0.000407996736026112	0.936449845777128	2	1
GO:2000987	positive regulation of behavioral fear response	2	0.0289540816326531	0.000411165488425506	1.27783215020898	7	21
GO:2001013	epithelial cell proliferation involved in renal tubule morphogenesis	1	0.00573979591836735	0.0057233547163514	0.92627717074385	3	3
GO:2001014	regulation of skeletal muscle cell differentiation	1	0.0101020408163265	0.0100511865898851	0.918059472463392	6	15
GO:2001016	positive regulation of skeletal muscle cell differentiation	0	0.000918367346938775	1	-0.00176440574012327	2	1
GO:2001023	regulation of response to drug	0	0	1	0	1	0
GO:2001027	negative regulation of endothelial cell chemotaxis	0	0.000612244897959184	1	-0.00117674988648608	2	1
GO:2001028	positive regulation of endothelial cell chemotaxis	1	0.00908163265306122	0.00904051918052416	0.919973369899347	7	21
GO:2001032	regulation of double-strand break repair via nonhomologous end joining	0	0.00135204081632653	1	-0.00259609953821927	3	3
GO:2001033	negative regulation of double-strand break repair via nonhomologous end joining	0	0.000739795918367347	1	-0.0014216646752595	4	6
GO:2001037	positive regulation of tongue muscle cell differentiation	0	0	1	0	1	0
GO:2001044	regulation of integrin-mediated signaling pathway	0	0.00558673469387755	1	-0.0106673409564144	5	10
GO:2001045	negative regulation of integrin-mediated signaling pathway	0	0	1	0	1	0
GO:2001046	positive regulation of integrin-mediated signaling pathway	10	0.0298469387755102	1.50470818696599e-22	2.33979547875716	9	36
GO:2001054	negative regulation of mesenchymal cell apoptotic process	0	0.0211734693877551	1	-0.0396208373317873	4	6
GO:2001055	positive regulation of mesenchymal cell apoptotic process	1	0.000306122448979592	0.00030602876670407	0.936645944057646	2	1
GO:2001076	positive regulation of metanephric ureteric bud development	0	0.000229591836734694	1	-0.000441506197876307	2	1
GO:2001111	positive regulation of lens epithelial cell proliferation	0	0	1	0	1	0
GO:2001135	regulation of endocytic recycling	0	0.00229591836734694	1	-0.00440294868767055	3	3
GO:2001136	negative regulation of endocytic recycling	0	0.000127551020408163	1	-0.000245314581668765	3	3
GO:2001137	positive regulation of endocytic recycling	0	0.00956632653061225	1	-0.0181709235318602	5	10
GO:2001140	positive regulation of phospholipid transport	1	0.00321428571428571	0.00320912542831764	0.931077928238645	6	15
GO:2001141	regulation of RNA biosynthetic process	0	0	1	0	1	0
GO:2001142	nicotinate transport	0	2.55102040816327e-05	1	-4.90695908794692e-05	2	1
GO:2001150	positive regulation of dipeptide transmembrane transport	0	2.55102040816327e-05	1	-4.90695908794692e-05	2	1
GO:2001171	positive regulation of ATP biosynthetic process	0	0.00553571428571429	1	-0.0105706326146093	5	10
GO:2001186	negative regulation of CD8-positive, alpha-beta T cell activation	0	0.00285714285714286	1	-0.00547514978027042	3	3
GO:2001189	negative regulation of T cell activation via T cell receptor contact with antigen bound to MHC molecule on antigen presenting cell	0	0.00408163265306122	1	-0.00780898040743483	3	3
GO:2001190	positive regulation of T cell activation via T cell receptor contact with antigen bound to MHC molecule on antigen presenting cell	0	0.0026530612244898	1	-0.00508544284456569	3	3
GO:2001198	regulation of dendritic cell differentiation	0	0	1	0	1	0
GO:2001199	negative regulation of dendritic cell differentiation	2	0.00413265306122449	8.51592013510176e-06	1.323576446683	5	10
GO:2001200	positive regulation of dendritic cell differentiation	1	0.00494897959183674	0.00493675354465691	0.927777005157468	3	3
GO:2001204	regulation of osteoclast development	0	0	1	0	1	0
GO:2001205	negative regulation of osteoclast development	0	0.0217602040816327	1	-0.0406883659486041	4	6
GO:2001206	positive regulation of osteoclast development	0	0.000459183673469388	1	-0.000882742333834563	2	1
GO:2001212	regulation of vasculogenesis	1	0.00038265306122449	0.000382506693867143	0.936498865349736	2	1
GO:2001213	negative regulation of vasculogenesis	0	0.00102040816326531	1	-0.0019601846856715	2	1
GO:2001214	positive regulation of vasculogenesis	1	0.0324744897959184	0.0319528554034603	0.877324986105133	8	28
GO:2001223	negative regulation of neuron migration	0	0.011530612244898	1	-0.0218460404286479	6	15
GO:2001225	regulation of chloride transport	0	0.000229591836734694	1	-0.000441506197876307	2	1
GO:2001226	negative regulation of chloride transport	0	0	1	0	1	0
GO:2001236	regulation of extrinsic apoptotic signaling pathway	0	0.00701530612244898	1	-0.0133699239762107	5	10
GO:2001241	positive regulation of extrinsic apoptotic signaling pathway in absence of ligand	0	0.0175	1	-0.0329010291978732	6	15
GO:2001242	regulation of intrinsic apoptotic signaling pathway	0	0.00691326530612245	1	-0.0131772177651015	3	3
GO:2001247	positive regulation of phosphatidylcholine biosynthetic process	0	0.000459183673469388	1	-0.000882742333834563	2	1
GO:2001252	positive regulation of chromosome organization	0	0	1	0	1	0
GO:2001256	regulation of store-operated calcium entry	4	0.0276020408163265	2.36574548944872e-08	1.72092831321906	11	55
GO:2001258	negative regulation of cation channel activity	0	0	1	0	1	0
GO:2001259	positive regulation of cation channel activity	2	0.0602295918367347	0.00174259101601314	1.22403947883007	7	21
GO:2001260	regulation of semaphorin-plexin signaling pathway	1	0.00464285714285714	0.00462140063988624	0.928358424469261	2	1
GO:2001280	positive regulation of unsaturated fatty acid biosynthetic process	1	0.000255102040816327	0.000255036980362153	0.936744013192519	2	1
GO:2001287	negative regulation of caveolin-mediated endocytosis	0	0	1	0	1	0
GO:2001288	positive regulation of caveolin-mediated endocytosis	0	0.0026530612244898	1	-0.00508544284456569	2	1
GO:2001294	malonyl-CoA catabolic process	0	0	1	0	1	0
GO:2001295	malonyl-CoA biosynthetic process	1	0.00364795918367347	0.00363469994662329	0.930251280276827	2	1
GO:2001302	lipoxin A4 metabolic process	0	0	1	0	1	0
GO:2001303	lipoxin A4 biosynthetic process	3	0.00918367346938776	1.27911511898316e-07	1.56750969324706	3	3
GO:2001311	lysobisphosphatidic acid metabolic process	0	0	1	0	1	0
GO:0000015	phosphopyruvate hydratase complex	1	0.00903061224489796	0.00898995846089754	0.920069198198451	3	3
GO:0000126	transcription factor TFIIIB complex	2	0.00341836734693878	5.82931422910618e-06	1.32493674682834	3	3
GO:0000127	transcription factor TFIIIC complex	15	0.0175255102040816	3.39585554039306e-39	2.64582809126535	6	15
GO:0000138	Golgi trans cisterna	1	0.00239795918367347	0.00239508637630059	0.932636546039778	5	10
GO:0000164	protein phosphatase type 1 complex	18	0.021734693877551	1.7925871565492e-46	2.76671293756026	10	45
GO:0000172	ribonuclease MRP complex	28	0.104744897959184	1.08165716366214e-57	2.94310455929947	8	28
GO:0000177	cytoplasmic exosome (RNase complex)	55	0.402142857142857	9.24102605856421e-96	3.0774555795685	12	66
GO:0000214	tRNA-intron endonuclease complex	6	0.00806122448979592	3.78070378290589e-16	2.02838922051528	4	6
GO:0000220	vacuolar proton-transporting V-type ATPase, V0 domain	10	0.0459183673469388	1.1014767420319e-20	2.31171353060816	6	15
GO:0000221	vacuolar proton-transporting V-type ATPase, V1 domain	8	0.0270408163265306	6.92150600084851e-18	2.19033765500198	5	10
GO:0000235	astral microtubule	0	0.000408163265306122	1	-0.000784713180942753	2	1
GO:0000243	commitment complex	0	0	1	0	1	0
GO:0000262	mitochondrial chromosome	1	0.00178571428571429	0.0017825311942959	0.933807723437539	2	1
GO:0000308	cytoplasmic cyclin-dependent protein kinase holoenzyme complex	1	5.10204081632653e-05	5.10178052140197e-05	0.937136423114039	2	1
GO:0000346	transcription export complex	30	0.066734693877551	1.9003931616584e-68	3.05178022614168	9	36
GO:0000347	THO complex	10	0.0223724489795918	8.46556599011758e-24	2.35323783827076	5	10
GO:0000408	EKC/KEOPS complex	10	0.00586734693877551	1.32466633920637e-29	2.38383946010748	5	10
GO:0000428	DNA-directed RNA polymerase complex	0	0.000204081632653061	1	-0.000392463296103651	2	1
GO:0000444	MIS12/MIND type complex	6	0.00596938775510204	6.24674494080318e-17	2.03233918007962	4	6
GO:0000445	THO complex part of transcription export complex	15	0.0319642857142857	2.75165217448867e-35	2.61977020395314	6	15
GO:0000506	glycosylphosphatidylinositol-N-acetylglucosaminyltransferase (GPI-GnT) complex	21	0.0353826530612245	6.32248594420062e-51	2.85140543024196	7	21
GO:0000783	nuclear telomere cap complex	15	0.0362244897959184	1.7897915497395e-34	2.61225820790692	6	15
GO:0000796	condensin complex	21	0.0211479591836735	1.2975060170996e-55	2.87687061989519	7	21
GO:0000800	lateral element	5	0.0608163265306123	6.59060830175088e-09	1.81223630297494	8	28
GO:0000801	central element	10	0.0162755102040816	3.54125902911779e-25	2.36439135547132	7	21
GO:0000803	sex chromosome	1	0.00336734693877551	0.00335604596765992	0.93078606195085	2	1
GO:0000805	X chromosome	0	0	1	0	1	0
GO:0000806	Y chromosome	0	0	1	0	1	0
GO:0000808	origin recognition complex	15	0.0355357142857143	1.34289842757881e-34	2.61346743322669	6	15
GO:0000811	GINS complex	6	0.00474489795918367	1.5785652635347e-17	2.03466142762392	5	10
GO:0000812	Swr1 complex	4	0.00252551020408163	1.69163964020132e-12	1.76731848905963	5	10
GO:0000813	ESCRT I complex	29	0.141683673469388	2.41134199854e-56	2.91458187212609	10	45
GO:0000814	ESCRT II complex	3	0.0149234693877551	5.45728917704103e-07	1.55681230213953	3	3
GO:0000815	ESCRT III complex	10	0.0523214285714286	4.02077705482765e-20	2.30082293082038	5	10
GO:0000836	Hrd1p ubiquitin ligase complex	6	0.0294642857142857	8.8236206847857e-13	1.98917055943511	4	6
GO:0000839	Hrd1p ubiquitin ligase ERAD-L complex	1	0.00650510204081633	0.00646305918134584	0.924828681260258	2	1
GO:0000930	gamma-tubulin complex	22	0.106377551020408	3.13146014284101e-43	2.76928750433319	10	45
GO:0000931	gamma-tubulin ring complex	25	0.0992091836734694	4.805353162642e-51	2.8708702046644	9	36
GO:0000938	GARP complex	9	0.00732142857142857	1.65476995803075e-25	2.30798036097135	5	10
GO:0001401	SAM complex	55	0.208469387755102	2.26322551324234e-111	3.28421700890693	12	66
GO:0001405	PAM complex, Tim23 associated import motor	3	0.00239795918367347	2.29399829539471e-09	1.58036448780286	5	10
GO:0001518	voltage-gated sodium channel complex	38	0.117602040816327	8.08130871545744e-81	3.14180016771105	13	78
GO:0001520	outer dense fiber	0	0.000204081632653061	1	-0.000392463296103651	3	3
GO:0001527	microfibril	9	0.0158163265306122	1.68269717330363e-22	2.29212802378675	8	28
GO:0001534	radial spoke	0	0.00076530612244898	1	-0.00147063765606126	2	1
GO:0001535	radial spoke head	6	0.00714285714285714	1.83332944355195e-16	2.03012068625766	5	10
GO:0001652	granular component	1	0.000790816326530612	0.000790503713695056	0.935714951645805	3	3
GO:0001674	female germ cell nucleus	0	0.00176020408163265	1	-0.00337799517246806	4	6
GO:0001740	Barr body	1	2.55102040816327e-05	2.55095533277212e-05	0.937185489367191	2	1
GO:0001931	uropod	5	0.0710969387755102	1.42680389709896e-08	1.79541780078219	10	45
GO:0001939	female pronucleus	0	0.000178571428571429	1	-0.000343417059780471	3	3
GO:0001940	male pronucleus	0	2.55102040816327e-05	1	-4.90695908794692e-05	2	1
GO:0002079	inner acrosomal membrane	0	0.000178571428571429	1	-0.000343417059780471	2	1
GO:0002081	outer acrosomal membrane	0	0	1	0	1	0
GO:0002095	caveolar macromolecular signaling complex	0	0	1	0	1	0
GO:0002096	polkadots	1	0.000918367346938775	0.000917524722193903	0.935470153217947	2	1
GO:0002116	semaphorin receptor complex	21	0.133137755102041	7.02742849145028e-39	2.69728047404409	13	78
GO:0002133	polycystin complex	1	0.00038265306122449	0.000382506693867143	0.936498865349736	2	1
GO:0002141	stereocilia ankle link	6	0.0156887755102041	2.03886395220645e-14	2.01416681468755	4	6
GO:0002142	stereocilia ankle link complex	12	0.0338265306122449	4.54143558557763e-27	2.45989794630664	6	15
GO:0002178	palmitoyltransferase complex	1	0.00227040816326531	0.00226783273500776	0.932880384571135	3	3
GO:0002189	ribose phosphate diphosphokinase complex	1	0.00229591836734694	0.00229065920081446	0.9328316102704	2	1
GO:0002193	MAML1-RBP-Jkappa- ICN1 complex	0	0	1	0	1	0
GO:0002199	zona pellucida receptor complex	0	7.6530612244898e-05	1	-0.00014719875991176	2	1
GO:0002944	cyclin K-CDK12 complex	1	0.000102040816326531	0.000102030405060708	0.937038300619098	2	1
GO:0002945	cyclin K-CDK13 complex	1	0.000102040816326531	0.000102030405060708	0.937038300619098	2	1
GO:0002947	tumor necrosis factor receptor superfamily complex	0	0	1	0	1	0
GO:0005577	fibrinogen complex	9	0.0227295918367347	4.37198251508461e-21	2.27947943999838	6	15
GO:0005579	membrane attack complex	21	0.0366581632653061	1.32837402173087e-50	2.84916688723257	7	21
GO:0005583	fibrillar collagen trimer	0	0	1	0	1	0
GO:0005584	collagen type I trimer	1	0.00693877551020408	0.00689096068098906	0.924009159813634	2	1
GO:0005587	collagen type IV trimer	5	0.00201530612244898	2.76563287617635e-16	1.91678487708131	6	15
GO:0005588	collagen type V trimer	1	0.00448979591836735	0.00447973183537932	0.928649309957621	3	3
GO:0005589	collagen type VI trimer	1	0.000510204081632653	0.000509943906170321	0.936253800791427	2	1
GO:0005592	collagen type XI trimer	5	0.00816326530612245	3.00043017611431e-13	1.9051167980952	4	6
GO:0005594	collagen type IX trimer	3	0.000688775510204082	5.44230290205461e-11	1.5836387919831	3	3
GO:0005602	complement component C1 complex	3	0.00448979591836735	1.50168436272541e-08	1.57637725172071	3	3
GO:0005606	laminin-1 complex	3	0.00290816326530612	4.08735259138703e-09	1.57938995709473	3	3
GO:0005607	laminin-2 complex	0	0.000918367346938775	1	-0.00176440574012327	2	1
GO:0005608	laminin-3 complex	1	0.0025765306122449	0.00257321420430464	0.932295310510988	3	3
GO:0005610	laminin-5 complex	1	0.00323979591836735	0.00323455343805257	0.931029275655721	3	3
GO:0005614	interstitial matrix	0	0.000280612244897959	1	-0.000539581999583372	3	3
GO:0005638	lamin filament	1	0.00364795918367347	0.00363469994662329	0.930251280276827	2	1
GO:0005641	nuclear envelope lumen	0	0.0116581632653061	1	-0.0220840382269878	6	15
GO:0005642	annulate lamellae	0	0	1	0	1	0
GO:0005652	nuclear lamina	5	0.0566836734693878	4.65166117471861e-09	1.81910915966695	8	28
GO:0005655	nucleolar ribonuclease P complex	15	0.0613775510204082	4.75321869846696e-31	2.56943285728503	6	15
GO:0005656	nuclear pre-replicative complex	0	0.00102040816326531	1	-0.0019601846856715	2	1
GO:0005662	DNA replication factor A complex	3	0.00318877551020408	5.39115749970048e-09	1.57885452586634	5	10
GO:0005663	DNA replication factor C complex	6	0.0126275510204082	5.56029993872321e-15	2.01984116072589	4	6
GO:0005664	nuclear origin of replication recognition complex	21	0.0444132653061225	7.41539753709347e-49	2.83570405885141	7	21
GO:0005668	RNA polymerase transcription factor SL1 complex	6	0.00334183673469388	1.92809102976776e-18	2.0373315597991	4	6
GO:0005672	transcription factor TFIIA complex	0	0.000102040816326531	1	-0.000196258338972743	2	1
GO:0005675	transcription factor TFIIH holo complex	0	0	1	0	1	0
GO:0005677	chromatin silencing complex	6	0.00576530612244898	5.07522964091145e-17	2.03272570253787	5	10
GO:0005683	U7 snRNP	1	0.000510204081632653	0.000509943906170321	0.936253800791427	2	1
GO:0005691	U6atac snRNP	0	0	1	0	1	0
GO:0005712	chiasma	1	0.00168367346938776	0.00168084347781796	0.934003104673957	2	1
GO:0005726	perichromatin fibrils	0	0.00540816326530612	1	-0.0103288050215956	4	6
GO:0005732	sno(s)RNA-containing ribonucleoprotein complex	0	0	1	0	1	0
GO:0005736	RNA polymerase I complex	0	0	1	0	1	0
GO:0005740	mitochondrial envelope	0	0.0106122448979592	1	-0.0201301343244363	5	10
GO:0005742	mitochondrial outer membrane translocase complex	18	0.0551020408163265	3.25093232419113e-39	2.70846073144843	7	21
GO:0005745	m-AAA complex	1	0.000510204081632653	0.000509943906170321	0.936253800791427	2	1
GO:0005757	mitochondrial permeability transition pore complex	8	0.0473724489795918	6.03119479695066e-16	2.15475077671743	6	15
GO:0005760	gamma DNA polymerase complex	1	0.00846938775510204	0.0084336233177397	0.921124150553587	3	3
GO:0005773	vacuole	0	0.0116326530612245	1	-0.0220364449488097	7	21
GO:0005784	Sec61 translocon complex	0	0.0014030612244898	1	-0.0026938828541403	2	1
GO:0005785	signal recognition particle receptor complex	3	0.00122448979591837	3.05620492695157e-10	1.58261091747979	3	3
GO:0005787	signal peptidase complex	10	0.00408163265306122	3.52211468370102e-31	2.38722948490545	5	10
GO:0005797	Golgi medial cisterna	1	0.00461734693877551	0.00460670338036766	0.928406897238855	6	15
GO:0005826	actomyosin contractile ring	0	0.00576530612244898	1	-0.0110057180873043	4	6
GO:0005827	polar microtubule	2	0.0152040816326531	0.000114417155814493	1.30281336967638	4	6
GO:0005832	chaperonin-containing T-complex	1	7.6530612244898e-05	7.65247557584879e-05	0.937087360198159	2	1
GO:0005833	hemoglobin complex	22	0.0355357142857143	1.11970341778588e-53	2.8841180691892	10	45
GO:0005838	proteasome regulatory particle	0	0	1	0	1	0
GO:0005846	nuclear cap binding complex	0	0	1	0	1	0
GO:0005848	mRNA cleavage stimulating factor complex	1	0.00244897959183673	0.00244299674267101	0.932539033701618	2	1
GO:0005849	mRNA cleavage factor complex	8	0.0398724489795918	1.52923362487154e-16	2.1676747160204	6	15
GO:0005850	eukaryotic translation initiation factor 2 complex	0	0	1	0	1	0
GO:0005851	eukaryotic translation initiation factor 2B complex	10	0.00408163265306122	3.52211468370102e-31	2.38722948490545	5	10
GO:0005853	eukaryotic translation elongation factor 1 complex	1	0.000255102040816327	0.000255036980362153	0.936744013192519	2	1
GO:0005858	axonemal dynein complex	21	0.0454591836734694	1.2102245087806e-48	2.83390742648941	10	45
GO:0005861	troponin complex	20	0.0639540816326531	5.0674144062469e-43	2.76829310987901	7	21
GO:0005862	muscle thin filament tropomyosin	6	0.0162244897959184	2.49257129306532e-14	2.01317837709664	4	6
GO:0005863	striated muscle myosin thick filament	0	0.000178571428571429	1	-0.000343417059780471	2	1
GO:0005865	striated muscle thin filament	0	0.0142857142857143	1	-0.0269694035554019	6	15
GO:0005869	dynactin complex	28	0.0760459183673469	1.4221922487568e-61	2.98760113440572	8	28
GO:0005873	plus-end kinesin complex	0	0.00127551020408163	1	-0.00244939970641966	3	3
GO:0005883	neurofilament	7	0.0620663265306123	6.66785695127825e-13	2.03835945663714	10	45
GO:0005885	Arp2/3 protein complex	36	0.10844387755102	4.46426163671092e-77	3.11672750959833	9	36
GO:0005889	potassium:proton exchanging ATPase complex	3	0.00272959183673469	3.38030925859122e-09	1.5797308931021	3	3
GO:0005890	sodium:potassium-exchanging ATPase complex	45	0.115637755102041	5.15875276816301e-99	3.26554778889178	11	55
GO:0005893	interleukin-2 receptor complex	1	0.00160714285714286	0.00160456409342129	0.934149675337967	2	1
GO:0005896	interleukin-6 receptor complex	0	0	1	0	1	0
GO:0005899	insulin receptor complex	0	0	1	0	1	0
GO:0005900	oncostatin-M receptor complex	0	0	1	0	1	0
GO:0005915	zonula adherens	4	0.0298724489795918	3.23965299642579e-08	1.71687181945822	7	21
GO:0005916	fascia adherens	1	0.0161479591836735	0.016018279847934	0.906822637902932	5	10
GO:0005927	muscle tendon junction	0	0	1	0	1	0
GO:0005940	septin ring	73	0.264515306122449	1.18923524401199e-148	3.4210829495487	13	78
GO:0005945	6-phosphofructokinase complex	3	0.0129336734693878	3.5595689029439e-07	1.56050279337138	3	3
GO:0005952	cAMP-dependent protein kinase complex	11	0.0160969387755102	4.64101084437539e-28	2.43109824567313	8	28
GO:0005953	CAAX-protein geranylgeranyltransferase complex	1	0.000255102040816327	0.000255036980362153	0.936744013192519	2	1
GO:0005954	calcium- and calmodulin-dependent protein kinase complex	1	2.55102040816327e-05	2.55095533277212e-05	0.937185489367191	2	1
GO:0005955	calcineurin complex	1	0.00183673469387755	0.00183336728457934	0.933710052660808	2	1
GO:0005956	protein kinase CK2 complex	6	0.00336734693877551	2.01805160870824e-18	2.03728292361795	4	6
GO:0005958	DNA-dependent protein kinase-DNA ligase 4 complex	3	0.0036734693877551	8.23156965215731e-09	1.57793062517794	3	3
GO:0005960	glycine cleavage complex	3	0.0113265306122449	2.39453069998094e-07	1.56349742017485	3	3
GO:0005964	phosphorylase kinase complex	9	0.00364795918367347	3.14239527106494e-28	2.31494481620612	5	10
GO:0005965	protein farnesyltransferase complex	1	0.00229591836734694	0.00229065920081446	0.9328316102704	2	1
GO:0005968	Rab-protein geranylgeranyltransferase complex	5	0.00502551020408163	2.66011617907312e-14	1.91104829155658	4	6
GO:0005971	ribonucleoside-diphosphate reductase complex	0	0	1	0	1	0
GO:0008024	cyclin/CDK positive transcription elongation factor complex	3	0.000306122448979592	4.77970771086848e-12	1.58437388582073	3	3
GO:0008074	guanylate cyclase complex, soluble	3	0.000306122448979592	4.77970771086848e-12	1.58437388582073	3	3
GO:0008091	spectrin	9	0.0102551020408163	3.42522155059896e-24	2.30246636125184	7	21
GO:0008247	1-alkyl-2-acetylglycerophosphocholine esterase complex	3	0.00581632653061225	3.26038653630596e-08	1.57386013260082	3	3
GO:0008250	oligosaccharyltransferase complex	72	0.463852040816327	9.85475500873166e-129	3.21546563327785	14	91
GO:0008278	cohesin complex	10	0.0765561224489796	1.76517736423215e-18	2.26103110974357	5	10
GO:0008282	inward rectifying potassium channel	5	0.00204081632653061	2.94509787690649e-16	1.91673606977926	4	6
GO:0008287	protein serine/threonine phosphatase complex	1	0.00502551020408163	0.00501290345496603	0.927631723524179	4	6
GO:0008290	F-actin capping protein complex	2	0.00969387755102041	4.66830833285445e-05	1.31307236958875	4	6
GO:0008328	ionotropic glutamate receptor complex	0	0.000306122448979592	1	-0.000588614900424389	2	1
GO:0008352	katanin complex	5	0.000943877551020408	6.23814453772696e-18	1.91883777153225	4	6
GO:0008385	IkappaB kinase complex	2	0.00619897959183674	1.91344548192733e-05	1.31965567546989	4	6
GO:0008537	proteasome activator complex	3	0.000510204081632653	2.21237609252049e-11	1.58398174255451	3	3
GO:0008540	proteasome regulatory particle, base subcomplex	3	0.000306122448979592	4.77970771086848e-12	1.58437388582073	3	3
GO:0008541	proteasome regulatory particle, lid subcomplex	0	0	1	0	1	0
GO:0008622	epsilon DNA polymerase complex	3	0.00908163265306122	1.23707616588042e-07	1.56770131166243	3	3
GO:0008623	CHRAC	3	0.00846938775510204	1.00398353687668e-07	1.56885209231667	3	3
GO:0009328	phenylalanine-tRNA ligase complex	1	0.000306122448979592	0.00030602876670407	0.936645944057646	2	1
GO:0009361	succinate-CoA ligase complex (ADP-forming)	0	0	1	0	1	0
GO:0009368	endopeptidase Clp complex	1	0.000510204081632653	0.000509943906170321	0.936253800791427	2	1
GO:0009923	fatty acid elongase complex	1	0.00581632653061225	0.0057826925027899	0.926132190837736	2	1
GO:0010369	chromocenter	0	0.0107908163265306	1	-0.0204641025597156	7	21
GO:0010370	perinucleolar chromocenter	0	0.00252551020408163	1	-0.00484176905227984	2	1
GO:0014701	junctional sarcoplasmic reticulum membrane	9	0.0168367346938776	2.9510556337234e-22	2.29024706438865	7	21
GO:0014731	spectrin-associated cytoskeleton	7	0.0226785714285714	6.00153922439725e-16	2.10648415920319	6	15
GO:0014801	longitudinal sarcoplasmic reticulum	0	0	1	0	1	0
GO:0014802	terminal cisterna	1	0.00232142857142857	0.00231605202209157	0.932782839267343	2	1
GO:0016012	sarcoglycan complex	10	0.0125255102040816	2.58968067862514e-26	2.37133812117076	6	15
GO:0016013	syntrophin complex	5	0.0102295918367347	9.25566098001989e-13	1.90123715996891	4	6
GO:0016035	zeta DNA polymerase complex	3	0.0116326530612245	2.59318248639991e-07	1.56292605577235	3	3
GO:0016222	procollagen-proline 4-dioxygenase complex	1	0.00204081632653061	0.00203665987780041	0.933319501746858	2	1
GO:0016272	prefoldin complex	18	0.0335459183673469	4.3789693570464e-43	2.74555110053213	7	21
GO:0016281	eukaryotic translation initiation factor 4F complex	18	0.0466071428571429	1.60926996541282e-40	2.72285056522003	9	36
GO:0016461	unconventional myosin complex	11	0.0481887755102041	7.79952117018564e-23	2.37421068629641	7	21
GO:0016469	proton-transporting two-sector ATPase complex	0	0	1	0	1	0
GO:0016471	vacuolar proton-transporting V-type ATPase complex	12	0.0372959183673469	1.46099517076678e-26	2.453802268006	6	15
GO:0016507	mitochondrial fatty acid beta-oxidation multienzyme complex	0	0.00431122448979592	1	-0.00824573427620479	2	1
GO:0016513	core-binding factor complex	1	0.000714285714285714	0.000713775874375446	0.935861870588662	2	1
GO:0016533	protein kinase 5 complex	2	0.000994897959183673	4.9458279896049e-07	1.32957126143067	3	3
GO:0016589	NURF complex	3	0.00267857142857143	3.19444310125014e-09	1.57982833299424	3	3
GO:0016590	ACF complex	0	0	1	0	1	0
GO:0016600	flotillin complex	5	0.0124234693877551	2.44083086734201e-12	1.89714074861952	6	15
GO:0016602	CCAAT-binding factor complex	3	0.00216836734693878	1.69553053610123e-09	1.58080345652286	3	3
GO:0016914	follicle-stimulating hormone complex	1	0.00303571428571429	0.00302652661563112	0.931418588231018	2	1
GO:0016935	glycine-gated chloride channel complex	1	0.000102040816326531	0.000102030405060708	0.937038300619098	2	1
GO:0016939	kinesin II complex	3	0.000408163265306122	1.1328521506311e-11	1.58417778754021	3	3
GO:0016942	insulin-like growth factor binding protein complex	1	0.000306122448979592	0.00030602876670407	0.936645944057646	2	1
GO:0017054	negative cofactor 2 complex	1	0.000535714285714286	0.000535427449580582	0.936204797868923	2	1
GO:0017059	serine palmitoyltransferase complex	21	0.0380612244897959	2.92426101643128e-50	2.84671248704076	8	28
GO:0017071	intracellular cyclic nucleotide activated cation channel complex	5	0.00375	6.16052866847687e-15	1.91347348050194	6	15
GO:0017087	mitochondrial processing peptidase complex	1	5.10204081632653e-05	5.10178052140197e-05	0.937136423114039	2	1
GO:0017090	meprin A complex	1	0.00076530612244898	0.000764720876879939	0.935763921302009	2	1
GO:0017101	aminoacyl-tRNA synthetase multienzyme complex	28	0.148698979591837	1.88757277065438e-53	2.8798693942132	8	28
GO:0017109	glutamate-cysteine ligase complex	1	0.00336734693877551	0.00335604596765992	0.93078606195085	2	1
GO:0017119	Golgi transport complex	28	0.044234693877551	3.78453935333947e-68	3.04035923487716	8	28
GO:0017146	NMDA selective glutamate receptor complex	10	0.0281122448979592	8.28122035565897e-23	2.34289295960842	6	15
GO:0017177	glucosidase II complex	1	0.000306122448979592	0.00030602876670407	0.936645944057646	2	1
GO:0018444	translation release factor complex	0	0	1	0	1	0
GO:0019185	snRNA-activating protein complex	3	0.00122448979591837	3.05620492695157e-10	1.58261091747979	3	3
GO:0019815	B cell receptor complex	1	0.000816326530612245	0.000815660685154976	0.935665985313746	2	1
GO:0019897	extrinsic component of plasma membrane	0	0.00326530612244898	1	-0.00625393260403329	3	3
GO:0019908	nuclear cyclin-dependent protein kinase holoenzyme complex	1	0.000306122448979592	0.000306075598283147	0.936645944057646	3	3
GO:0020018	ciliary pocket membrane	1	0.00334183673469388	0.00333625900815563	0.930834698131999	3	3
GO:0030015	CCR4-NOT core complex	15	0.0693367346938776	2.93655817056855e-30	2.55639459094068	6	15
GO:0030055	cell-substrate junction	0	0.00522959183673469	1	-0.00999011013372109	5	10
GO:0030056	hemidesmosome	8	0.0154591836734694	7.98003122134418e-20	2.21142277001204	6	15
GO:0030061	mitochondrial crista	0	0.00119897959183673	1	-0.00230267003433127	3	3
GO:0030117	membrane coat	0	0.000229591836734694	1	-0.000441506197876307	2	1
GO:0030118	clathrin coat	2	0.0116071428571429	6.6843884124781e-05	1.30949365783091	4	6
GO:0030119	AP-type membrane coat adaptor complex	11	0.0727040816326531	7.03159803292227e-21	2.33358863200467	7	21
GO:0030120	vesicle coat	1	0.00153061224489796	0.00152827305145186	0.934296275789736	2	1
GO:0030121	AP-1 adaptor complex	35	0.142244897959184	1.91423313347123e-70	3.04786941406617	11	55
GO:0030122	AP-2 adaptor complex	0	0.00446428571428571	1	-0.00853675667947074	5	10
GO:0030123	AP-3 adaptor complex	27	0.154362244897959	9.74963281528648e-51	2.84622992584278	11	55
GO:0030124	AP-4 adaptor complex	6	0.0247704081632653	3.12974409938842e-13	1.99759087605517	4	6
GO:0030125	clathrin vesicle coat	7	0.0301275510204082	4.35381504814963e-15	2.09309747213409	9	36
GO:0030126	COPI vesicle coat	56	0.222091836734694	2.87871533081638e-112	3.2804794366998	13	78
GO:0030130	clathrin coat of trans-Golgi network vesicle	4	0.0187244897959184	5.04574395047959e-09	1.73701233021342	5	10
GO:0030131	clathrin adaptor complex	4	0.0247448979591837	1.53157306425772e-08	1.72606574573748	5	10
GO:0030132	clathrin coat of coated pit	3	0.014515306122449	5.04198009454517e-07	1.55756778825475	4	6
GO:0030135	coated vesicle	0	0.00191326530612245	1	-0.00367098767058405	2	1
GO:0030137	COPI-coated vesicle	1	0.0135459183673469	0.0134545852771047	0.911637303538226	7	21
GO:0030289	protein phosphatase 4 complex	12	0.0104336734693878	3.4413379312836e-33	2.50240104828173	6	15
GO:0030314	junctional membrane complex	2	0.00232142857142857	2.69034885087078e-06	1.32703078667049	4	6
GO:0030478	actin cap	0	0.00301020408163265	1	-0.00576729187826741	3	3
GO:0030485	smooth muscle contractile fiber	0	0.00454081632653061	1	-0.00868222386386686	3	3
GO:0030526	granulocyte macrophage colony-stimulating factor receptor complex	1	0.000153061224489796	0.000153037800336683	0.936940191469617	2	1
GO:0030532	small nuclear ribonucleoprotein complex	0	0.000816326530612245	1	-0.0015685736443245	3	3
GO:0030663	COPI-coated vesicle membrane	3	0.0035969387755102	7.7352863244145e-09	1.57807642558681	5	10
GO:0030677	ribonuclease P complex	0	0	1	0	1	0
GO:0030678	mitochondrial ribonuclease P complex	3	0.00803571428571429	8.57891458070885e-08	1.56966834080444	3	3
GO:0030681	multimeric ribonuclease P complex	36	0.142168367346939	7.389738166522e-73	3.0680847012651	9	36
GO:0030686	90S preribosome	0	7.6530612244898e-05	1	-0.00014719875991176	2	1
GO:0030688	preribosome, small subunit precursor	1	0.000357142857142857	0.00035707908922362	0.936547888253724	3	3
GO:0030849	autosome	0	0.00272959183673469	1	-0.0052316076190575	3	3
GO:0030867	rough endoplasmic reticulum membrane	1	0.00969387755102041	0.00964704337712175	0.918824422185602	6	15
GO:0030868	smooth endoplasmic reticulum membrane	0	0.00969387755102041	1	-0.0184101367724688	6	15
GO:0030870	Mre11 complex	1	0.00150510204081633	0.00150396994257203	0.934345149228587	3	3
GO:0030877	beta-catenin destruction complex	7	0.0116071428571429	5.57489026729276e-18	2.12685142579004	6	15
GO:0030891	VCB complex	0	0	1	0	1	0
GO:0030892	mitotic cohesin complex	15	0.096530612244898	4.08840195496268e-28	2.51354558253132	6	15
GO:0030893	meiotic cohesin complex	20	0.118239795918367	1.04769855187448e-37	2.68418352207542	7	21
GO:0030894	replisome	0	0	1	0	1	0
GO:0030895	apolipoprotein B mRNA editing enzyme complex	2	0.000969387755102041	4.69552771589204e-07	1.32962020450634	4	6
GO:0030896	checkpoint clamp complex	9	0.017219387755102	3.61131373558064e-22	2.28954296719224	5	10
GO:0030897	HOPS complex	38	0.159540816326531	8.37723460386143e-76	3.08286141358935	13	78
GO:0030905	retromer, tubulation complex	6	0.0209948979591837	1.16474845860539e-13	2.00443579713608	4	6
GO:0030906	retromer, cargo-selective complex	6	0.0246428571428571	3.03467092023311e-13	1.99782106641372	4	6
GO:0030915	Smc5-Smc6 complex	27	0.0548469387755102	7.89157294695055e-63	2.99644606126726	9	36
GO:0030956	glutamyl-tRNA(Gln) amidotransferase complex	3	0.00323979591836735	5.6493006223671e-09	1.57875721741881	3	3
GO:0030981	cortical microtubule cytoskeleton	0	0.000408163265306122	1	-0.000784713180942753	2	1
GO:0030991	intraciliary transport particle A	15	0.0662244897959184	1.48531861052064e-30	2.56146486574726	7	21
GO:0031004	potassium ion-transporting ATPase complex	2	0.000663265306122449	2.19863187864365e-07	1.33020778058046	3	3
GO:0031021	interphase microtubule organizing center	0	0.00168367346938776	1	-0.00323145428411353	2	1
GO:0031045	dense core granule	0	0.00693877551020408	1	-0.0132253991444363	6	15
GO:0031080	nuclear pore outer ring	10	0.0244132653061225	2.02252141287685e-23	2.34954263894759	5	10
GO:0031084	BLOC-2 complex	3	0.00443877551020408	1.45114415767858e-08	1.57647423962276	3	3
GO:0031085	BLOC-3 complex	1	0.000408163265306122	0.000407996736026112	0.936449845777128	2	1
GO:0031088	platelet dense granule membrane	2	0.00877551020408163	3.8280263132343e-05	1.31479647814661	4	6
GO:0031089	platelet dense granule lumen	0	0.010765306122449	1	-0.0204164022773081	8	28
GO:0031094	platelet dense tubular network	0	0.000841836734693878	1	-0.00161753665268849	2	1
GO:0031095	platelet dense tubular network membrane	3	0.0104336734693878	1.87829107306399e-07	1.56516648932366	5	10
GO:0031105	septin complex	73	0.264515306122449	1.18923524401199e-148	3.4210829495487	13	78
GO:0031209	SCAR complex	34	0.118698979591837	1.02555228270323e-70	3.06079212003516	9	36
GO:0031213	RSF complex	0	0	1	0	1	0
GO:0031232	extrinsic component of external side of plasma membrane	0	0.000306122448979592	1	-0.000588614900424389	2	1
GO:0031234	extrinsic component of cytoplasmic side of plasma membrane	0	0.0024234693877551	1	-0.00464677073509745	4	6
GO:0031251	PAN complex	1	2.55102040816327e-05	2.55095533277212e-05	0.937185489367191	2	1
GO:0031253	cell projection membrane	0	0.0153571428571429	1	-0.0289520365592099	7	21
GO:0031256	leading edge membrane	0	0.00436224489795918	1	-0.00834275479019697	4	6
GO:0031261	DNA replication preinitiation complex	0	0	1	0	1	0
GO:0031262	Ndc80 complex	1	0.00107142857142857	0.00107028184088477	0.935176504721955	2	1
GO:0031264	death-inducing signaling complex	1	0.00224489795918367	0.00223986968030951	0.932929162169993	2	1
GO:0031265	CD95 death-inducing signaling complex	6	0.0158928571428571	2.20281082108528e-14	2.01379010731144	4	6
GO:0031298	replication fork protection complex	0	0.000535714285714286	1	-0.00102976108914732	2	1
GO:0031314	extrinsic component of mitochondrial inner membrane	10	0.0157908163265306	2.61847684664755e-25	2.36528548109635	6	15
GO:0031371	ubiquitin conjugating enzyme complex	1	0.00102040816326531	0.00101936799184506	0.935274374272399	2	1
GO:0031372	UBC13-MMS2 complex	1	0.00102040816326531	0.00101936799184506	0.935274374272399	2	1
GO:0031380	nuclear RNA-directed RNA polymerase complex	0	0	1	0	1	0
GO:0031390	Ctf18 RFC-like complex	16	0.0394132653061225	1.56152891102759e-36	2.65214045610527	7	21
GO:0031391	Elg1 RFC-like complex	1	0.000816326530612245	0.000815660685154976	0.935665985313746	2	1
GO:0031415	NatA complex	10	0.0162244897959184	3.42689854414872e-25	2.36448542178435	5	10
GO:0031416	NatB complex	1	0.000637755102040816	0.000637348629700446	0.936008819461022	2	1
GO:0031417	NatC complex	3	0.00443877551020408	1.45114415767858e-08	1.57647423962276	3	3
GO:0031422	RecQ family helicase-topoisomerase III complex	3	0.00436224489795918	1.37747707854769e-08	1.57661974593096	3	3
GO:0031429	box H/ACA snoRNP complex	0	0	1	0	1	0
GO:0031431	Dbf4-dependent protein kinase complex	0	0.000153061224489796	1	-0.000294367488453351	2	1
GO:0031461	cullin-RING ubiquitin ligase complex	0	0.000816326530612245	1	-0.0015685736443245	3	3
GO:0031464	Cul4A-RING E3 ubiquitin ligase complex	1	0.00214285714285714	0.00214056286355332	0.933124305555586	4	6
GO:0031465	Cul4B-RING E3 ubiquitin ligase complex	0	0	1	0	1	0
GO:0031467	Cul7-RING ubiquitin ligase complex	0	0	1	0	1	0
GO:0031499	TRAMP complex	4	0.00224489795918367	1.05631938678334e-12	1.76785486132383	4	6
GO:0031501	mannosyltransferase complex	1	0.00122448979591837	0.00122299225438239	0.934882975716706	2	1
GO:0031510	SUMO activating enzyme complex	1	0.000229591836734694	0.00022953913642276	0.936793052760194	2	1
GO:0031515	tRNA (m1A) methyltransferase complex	3	0.00165816326530612	7.58595893354255e-10	1.58177990001604	3	3
GO:0031523	Myb complex	1	0.000612244897959184	0.000611870283499898	0.936057809071585	2	1
GO:0031533	mRNA capping enzyme complex	2	0.000790816326530612	3.12530407417109e-07	1.32996289904895	3	3
GO:0031588	nucleotide-activated protein kinase complex	1	0.00482142857142857	0.0048098241198389	0.928019206254477	3	3
GO:0031597	cytosolic proteasome complex	0	0	1	0	1	0
GO:0031616	spindle pole centrosome	0	0.0166836734693878	1	-0.0313991990747567	9	36
GO:0031672	A band	3	0.046734693877551	1.64271538060063e-05	1.50023994383943	8	28
GO:0031673	H zone	0	0.000714285714285714	1	-0.00137268836940874	2	1
GO:0031838	haptoglobin-hemoglobin complex	16	0.0314795918367347	4.31498548638089e-38	2.66608408792332	9	36
GO:0031905	early endosome lumen	0	0.000255102040816327	1	-0.000490545765551631	2	1
GO:0031906	late endosome lumen	1	0.000510204081632653	0.000509943906170321	0.936253800791427	2	1
GO:0031931	TORC1 complex	1	0.00298469387755102	0.00297581198972455	0.931515949213815	2	1
GO:0031932	TORC2 complex	11	0.0278826530612245	1.93383823997821e-25	2.40968152322782	7	21
GO:0031981	nuclear lumen	0	0	1	0	1	0
GO:0031985	Golgi cisterna	0	0.0060969387755102	1	-0.0116337119502248	5	10
GO:0032002	interleukin-28 receptor complex	3	0.00471938775510204	1.74363721493597e-08	1.575940967464	3	3
GO:0032009	early phagosome	4	0.00905612244897959	2.78235126914009e-10	1.75494698161143	7	21
GO:0032010	phagolysosome	1	0.00426020408163265	0.00425114227153861	0.929085858246775	3	3
GO:0032045	guanyl-nucleotide exchange factor complex	4	0.00834183673469388	2.00418428772756e-10	1.75628982692792	8	28
GO:0032059	bleb	1	0.0113265306122449	0.011262626960834	0.915769478411763	7	21
GO:0032116	SMC loading complex	1	0.00168367346938776	0.00168084347781796	0.934003104673957	2	1
GO:0032133	chromosome passenger complex	1	0.000178571428571429	0.000178539546509552	0.93689114189829	2	1
GO:0032153	cell division site	73	0.264515306122449	1.18923524401199e-148	3.4210829495487	13	78
GO:0032156	septin cytoskeleton	1	0.000306122448979592	0.00030602876670407	0.936645944057646	2	1
GO:0032279	asymmetric synapse	0	0.0143622448979592	1	-0.0271112010568468	6	15
GO:0032280	symmetric synapse	0	0.00127551020408163	1	-0.00244939970641966	3	3
GO:0032299	ribonuclease H2 complex	3	0.000841836734693878	9.93497464622802e-11	1.58334496406847	3	3
GO:0032300	mismatch repair complex	0	0	1	0	1	0
GO:0032302	MutSbeta complex	0	0	1	0	1	0
GO:0032311	angiogenin-PRI complex	1	0.000306122448979592	0.00030602876670407	0.936645944057646	2	1
GO:0032389	MutLalpha complex	3	0.0060969387755102	3.75436406668527e-08	1.57332878877093	3	3
GO:0032398	MHC class Ib protein complex	0	0	1	0	1	0
GO:0032421	stereocilium bundle	0	0.00798469387755102	1	-0.0151980699311632	4	6
GO:0032432	actin filament bundle	0	0.00150510204081633	1	-0.00288940972948382	4	6
GO:0032437	cuticular plate	2	0.00497448979591837	1.23318186463061e-05	1.32197652209831	6	15
GO:0032444	activin responsive factor complex	0	0	1	0	1	0
GO:0032449	CBM complex	8	0.0074234693877551	2.27231856984717e-22	2.22642311044533	5	10
GO:0032473	cytoplasmic side of mitochondrial outer membrane	1	0.00336734693877551	0.0033616837844576	0.93078606195085	4	6
GO:0032476	polyprenyl diphosphate synthase complex	1	0.00331632653061225	0.00330536486142893	0.930883337592619	2	1
GO:0032478	heterotetrameric polyprenyl diphosphate synthase complex	1	0.00331632653061225	0.00330536486142893	0.930883337592619	2	1
GO:0032541	cortical endoplasmic reticulum	0	0.00959183673469388	1	-0.0182187725266338	5	10
GO:0032584	growth cone membrane	1	0.0160204081632653	0.0158927639707967	0.907057903395525	7	21
GO:0032589	neuron projection membrane	0	0	1	0	1	0
GO:0032593	insulin-responsive compartment	2	0.00752551020408163	2.81749871936637e-05	1.31714982278871	5	10
GO:0032777	piccolo histone acetyltransferase complex	0	0.00038265306122449	1	-0.000735693608334143	2	1
GO:0032797	SMN complex	45	0.154897959183673	2.56116705351058e-93	3.21001963089894	11	55
GO:0032798	Swi5-Sfr1 complex	1	0.00107142857142857	0.00107028184088477	0.935176504721955	2	1
GO:0032807	DNA ligase IV complex	1	0.00137755102040816	0.00137565598410353	0.934589566104996	2	1
GO:0032937	SREBP-SCAP-Insig complex	3	0.00670918367346939	4.99970099843228e-08	1.57217084989004	3	3
GO:0032983	kainate selective glutamate receptor complex	10	0.00448979591836735	9.13173040679218e-31	2.38645321631244	5	10
GO:0032994	protein-lipid complex	1	0.00163265306122449	0.00162999185004075	0.934100815140811	2	1
GO:0032998	Fc-epsilon receptor I complex	0	5.10204081632653e-05	1	-9.81358440319546e-05	2	1
GO:0033010	paranodal junction	3	0.0304081632653061	4.58059910456391e-06	1.52872022898265	9	36
GO:0033018	sarcoplasmic reticulum lumen	7	0.00954081632653061	1.41593353183322e-18	2.13071720295742	6	15
GO:0033063	Rad51B-Rad51C-Rad51D-XRCC2 complex	6	0.00790816326530612	3.370441493757e-16	2.02867750967669	4	6
GO:0033065	Rad51C-XRCC3 complex	1	0.00255102040816327	0.00254452926208651	0.932344048561778	2	1
GO:0033093	Weibel-Palade body	2	0.0205357142857143	0.000207993146469559	1.29302382091677	6	15
GO:0033106	cis-Golgi network membrane	1	0.0206887755102041	0.0204762310790647	0.898496786256939	5	10
GO:0033150	cytoskeletal calyx	2	0.000127551020408163	8.13393970528181e-09	1.33123719177955	3	3
GO:0033165	interphotoreceptor matrix	0	0.000178571428571429	1	-0.000343417059780471	2	1
GO:0033176	proton-transporting V-type ATPase complex	8	0.0353826530612245	5.90399792171491e-17	2.1755237680279	5	10
GO:0033179	proton-transporting V-type ATPase, V0 domain	0	0	1	0	1	0
GO:0033185	dolichol-phosphate-mannose synthase complex	3	0.00665816326530612	4.88675388654074e-08	1.57226727383357	3	3
GO:0033186	CAF-1 complex	1	2.55102040816327e-05	2.55095533277212e-05	0.937185489367191	2	1
GO:0033257	Bcl3/NF-kappaB2 complex	1	0.00038265306122449	0.000382506693867143	0.936498865349736	2	1
GO:0033263	CORVET complex	21	0.0562755102040816	1.05663309114846e-46	2.81558540709879	7	21
GO:0033269	internode region of axon	0	0.00357142857142857	1	-0.00683746844853828	3	3
GO:0033270	paranode region of axon	1	0.0386734693877551	0.0379351985281599	0.866433639530166	8	28
GO:0033391	chromatoid body	6	0.03375	1.99411610177844e-12	1.98156735312407	9	36
GO:0033503	HULC complex	6	0.00729591836734694	2.07959480152151e-16	2.02983181986371	4	6
GO:0033553	rDNA heterochromatin	1	0.000688775510204082	0.000688538358794138	0.935910850220013	3	3
GO:0033557	Slx1-Slx4 complex	3	0.00293367346938776	4.19575375016296e-09	1.57934126510238	3	3
GO:0033565	ESCRT-0 complex	0	0	1	0	1	0
GO:0033588	elongator holoenzyme complex	10	0.00579081632653061	1.16176944259591e-29	2.38398442059035	5	10
GO:0033596	TSC1-TSC2 complex	0	0	1	0	1	0
GO:0033597	mitotic checkpoint complex	0	0	1	0	1	0
GO:0034066	Ric1-Rgp1 guanyl-nucleotide exchange factor complex	1	0.00122448979591837	0.00122299225438239	0.934882975716706	2	1
GO:0034098	VCP-NPL4-UFD1 AAA ATPase complex	16	0.0843112244897959	2.87799140073929e-31	2.57793952817487	7	21
GO:0034271	phosphatidylinositol 3-kinase complex, class III, type I	1	0.00306122448979592	0.00305188199389624	0.931369912667017	2	1
GO:0034272	phosphatidylinositol 3-kinase complex, class III, type II	1	0.00306122448979592	0.00305188199389624	0.931369912667017	2	1
GO:0034274	Atg12-Atg5-Atg16 complex	1	0.00201530612244898	0.00201327675587399	0.933368309048913	3	3
GO:0034363	intermediate-density lipoprotein particle	1	0.00535714285714286	0.00532859680284192	0.927002507678213	2	1
GO:0034365	discoidal high-density lipoprotein particle	0	0	1	0	1	0
GO:0034366	spherical high-density lipoprotein particle	16	0.0910204081632653	9.73648114653495e-31	2.56747898052451	7	21
GO:0034464	BBSome	28	0.0730357142857143	4.60392285718094e-62	2.99243142185704	8	28
GO:0034466	chromaffin granule lumen	0	0.000612244897959184	1	-0.00117674988648608	2	1
GO:0034518	RNA cap binding complex	0	0	1	0	1	0
GO:0034657	GID complex	9	0.00732142857142857	1.65476995803075e-25	2.30798036097135	5	10
GO:0034663	endoplasmic reticulum chaperone complex	10	0.0268877551020408	5.31089662854688e-23	2.34508745242663	8	28
GO:0034665	integrin alpha1-beta1 complex	0	0	1	0	1	0
GO:0034667	integrin alpha3-beta1 complex	0	0	1	0	1	0
GO:0034669	integrin alpha4-beta7 complex	0	0	1	0	1	0
GO:0034673	inhibin-betaglycan-ActRII complex	1	0.000204081632653061	0.0002040399918384	0.936842095661967	2	1
GO:0034675	integrin alpha6-beta1 complex	0	0	1	0	1	0
GO:0034678	integrin alpha8-beta1 complex	0	0	1	0	1	0
GO:0034679	integrin alpha9-beta1 complex	0	0	1	0	1	0
GO:0034680	integrin alpha10-beta1 complex	0	0	1	0	1	0
GO:0034681	integrin alpha11-beta1 complex	0	0	1	0	1	0
GO:0034683	integrin alphav-beta3 complex	0	0	1	0	1	0
GO:0034685	integrin alphav-beta6 complex	0	0	1	0	1	0
GO:0034686	integrin alphav-beta8 complex	0	0	1	0	1	0
GO:0034689	integrin alphaX-beta2 complex	0	0	1	0	1	0
GO:0034703	cation channel complex	11	0.0403061224489796	1.10123898667836e-23	2.38777379746751	9	36
GO:0034705	potassium channel complex	2	0.00563775510204082	1.5832536718631e-05	1.32071847002658	5	10
GO:0034706	sodium channel complex	5	0.00655612244897959	1.00387925783911e-13	1.90814878666608	5	10
GO:0034709	methylosome	6	0.0116326530612245	3.40729961587844e-15	2.02169497567636	5	10
GO:0034715	pICln-Sm protein complex	0	0	1	0	1	0
GO:0034750	Scrib-APC-beta-catenin complex	0	0	1	0	1	0
GO:0034751	aryl hydrocarbon receptor complex	4	0.00308673469387755	3.77323266234223e-12	1.76624693954119	5	10
GO:0034753	nuclear aryl hydrocarbon receptor complex	1	0.000535714285714286	0.000535427449580582	0.936204797868923	2	1
GO:0034993	meiotic nuclear membrane microtubule tethering complex	16	0.0301530612244898	2.16949458546587e-38	2.66844202760541	8	28
GO:0035003	subapical complex	2	0.00137755102040816	9.47952338567579e-07	1.32883751350814	3	3
GO:0035032	phosphatidylinositol 3-kinase complex, class III	6	0.01125	2.78417689663166e-15	2.02240925192092	4	6
GO:0035060	brahma complex	0	0	1	0	1	0
GO:0035061	interchromatin granule	1	0.015969387755102	0.0158425531370603	0.9071520310815	4	6
GO:0035101	FACT complex	1	2.55102040816327e-05	2.55095533277212e-05	0.937185489367191	2	1
GO:0035189	Rb-E2F complex	1	0.000408163265306122	0.000407996736026112	0.936449845777128	2	1
GO:0035253	ciliary rootlet	6	0.0333673469387755	1.86285991226326e-12	1.98224296197784	10	45
GO:0035354	Toll-like receptor 1-Toll-like receptor 2 protein complex	0	0	1	0	1	0
GO:0035355	Toll-like receptor 2-Toll-like receptor 6 protein complex	0	0	1	0	1	0
GO:0035517	PR-DUB complex	0	0	1	0	1	0
GO:0035631	CD40 receptor complex	1	0.00214285714285714	0.00214056286267817	0.933124305555586	3	3
GO:0035632	mitochondrial prohibitin complex	1	0.000714285714285714	0.000713775874375446	0.935861870588662	2	1
GO:0035658	Mon1-Ccz1 complex	10	0.0106122448979592	4.93970215905456e-27	2.37490833098845	5	10
GO:0035686	sperm fibrous sheath	4	0.00573979591836735	4.50174140572648e-11	1.76120286989768	7	21
GO:0035748	myelin sheath abaxonal region	0	0.0039030612244898	1	-0.00746910003611401	3	3
GO:0035749	myelin sheath adaxonal region	0	0.0103316326530612	1	-0.0196050145021072	4	6
GO:0035805	egg coat	6	0.00160714285714286	2.38944162440481e-20	2.04064653700507	4	6
GO:0035859	Seh1-associated complex	0	0	1	0	1	0
GO:0035868	alphav-beta3 integrin-HMGB1 complex	0	0	1	0	1	0
GO:0035976	transcription factor AP-1 complex	3	0.0108163265306122	2.0920206563197e-07	1.56445070103308	4	6
GO:0035985	senescence-associated heterochromatin focus	1	7.6530612244898e-05	7.65247557584879e-05	0.937087360198159	2	1
GO:0036019	endolysosome	0	0.00204081632653061	1	-0.00391505721121221	3	3
GO:0036021	endolysosome lumen	7	0.0100255102040816	2.00219024746489e-18	2.12980855412256	5	10
GO:0036038	MKS complex	62	0.24859693877551	8.25267017561547e-124	3.32210512716585	12	66
GO:0036057	slit diaphragm	9	0.0364795918367347	3.05091755868877e-19	2.2549629531714	7	21
GO:0036117	hyaluranon cable	0	0	1	0	1	0
GO:0036128	CatSper complex	49	0.130433673469388	6.523481293735e-107	3.30505757695233	12	66
GO:0036156	inner dynein arm	6	0.00795918367346939	3.50285399867309e-16	2.02858140048723	4	6
GO:0036157	outer dynein arm	18	0.0663520408163265	9.11462539842508e-38	2.68983528547401	10	45
GO:0036186	early phagosome membrane	0	0.000357142857142857	1	-0.000686670704346692	3	3
GO:0036195	muscle cell projection membrane	1	0.00326530612244898	0.00325998080354052	0.930980626354037	3	3
GO:0036396	RNA N6-methyladenosine methyltransferase complex	25	0.0880612244897959	2.46718133750274e-52	2.88803052870139	8	28
GO:0036398	TCR signalosome	0	0.000229591836734694	1	-0.000441506197876307	2	1
GO:0036409	histone H3-K14 acetyltransferase complex	1	0.00114795918367347	0.00114664288444388	0.935029725289066	2	1
GO:0036449	microtubule minus-end	0	0.000688775510204082	1	-0.00132370873805776	4	6
GO:0036457	keratohyalin granule	0	0.000816326530612245	1	-0.0015685736443245	2	1
GO:0036477	somatodendritic compartment	1	0.0183163265306122	0.0181496021000172	0.902834819920067	6	15
GO:0036488	CHOP-C/EBP complex	1	0.00275510204081633	0.00274753230894474	0.931954236328328	2	1
GO:0036501	UFD1-NPL4 complex	1	0.00780612244897959	0.00774565888725763	0.922372904812552	2	1
GO:0036502	Derlin-1-VIMP complex	1	0.00459183673469388	0.00457084814626714	0.928455373265918	2	1
GO:0036513	Derlin-1 retrotranslocation complex	14	0.0806122448979592	5.2063801970466e-27	2.48980581241286	7	21
GO:0038039	G protein-coupled receptor heterodimeric complex	3	0.00326530612244898	5.78365465442219e-09	1.57870856811712	3	3
GO:0042022	interleukin-12 receptor complex	0	0	1	0	1	0
GO:0042105	alpha-beta T cell receptor complex	3	0.000994897959183673	1.63965429487322e-10	1.58305125579061	3	3
GO:0042106	gamma-delta T cell receptor complex	1	0.000229591836734694	0.00022953913642276	0.936793052760194	2	1
GO:0042175	nuclear outer membrane-endoplasmic reticulum membrane network	0	0.00086734693877551	1	-0.0016664963378088	2	1
GO:0042272	nuclear RNA export factor complex	10	0.0151275510204082	1.70588997390958e-25	2.36651082018177	6	15
GO:0042382	paraspeckles	4	0.0479591836734694	2.1214192999401e-07	1.68534633222589	8	28
GO:0042405	nuclear inclusion body	3	0.0323724489795918	5.51873552612394e-06	1.52523359220338	7	21
GO:0042555	MCM complex	2	0.00170918367346939	1.45899112997784e-06	1.32820220180651	4	6
GO:0042564	NLS-dependent protein nuclear import complex	3	0.00581632653061225	3.26513292456675e-08	1.57386013260082	5	10
GO:0042565	RNA nuclear export complex	0	0	1	0	1	0
GO:0042567	insulin-like growth factor ternary complex	3	0.000663265306122449	4.85984636430168e-11	1.5836877749404	3	3
GO:0042571	immunoglobulin complex, circulating	0	0	1	0	1	0
GO:0042581	specific granule	2	0.01875	0.000173599356952087	1.29628784241552	5	10
GO:0042582	azurophil granule	3	0.0660204081632653	4.56472652118483e-05	1.46798508959695	8	28
GO:0042583	chromaffin granule	0	0.0110714285714286	1	-0.0209885975905827	4	6
GO:0042584	chromaffin granule membrane	2	0.0164030612244898	0.000133068080340796	1.3006002843894	8	28
GO:0042585	germinal vesicle	0	0	1	0	1	0
GO:0042587	glycogen granule	3	0.0155357142857143	6.17709225092748e-07	1.55568055447385	5	10
GO:0042599	lamellar body	7	0.00811224489795918	4.55485223762995e-19	2.13340200342114	7	21
GO:0042612	MHC class I protein complex	1	0.00528061224489796	0.00526669428912819	0.927147662627982	3	3
GO:0042627	chylomicron	21	0.109311224489796	1.14368270749473e-40	2.73192308513469	8	28
GO:0042629	mast cell granule	0	0	1	0	1	0
GO:0042641	actomyosin	3	0.0363010204081633	7.75875434128183e-06	1.51831047299288	6	15
GO:0042709	succinate-CoA ligase complex	1	0.00178571428571429	0.0017825311942959	0.933807723437539	2	1
GO:0042719	mitochondrial intermembrane space protein transporter complex	14	0.0270663265306122	1.26657313555386e-33	2.57999231591559	6	15
GO:0042720	mitochondrial inner membrane peptidase complex	0	0	1	0	1	0
GO:0042721	TIM22 mitochondrial import inner membrane insertion complex	10	0.0149234693877551	1.48748904978414e-25	2.36688826673126	5	10
GO:0042765	GPI-anchor transamidase complex	10	0.0125	2.53459408010652e-26	2.37138560792371	5	10
GO:0042824	MHC class I peptide loading complex	6	0.00377551020408163	4.00973801916327e-18	2.03650519036693	5	10
GO:0042825	TAP complex	1	0.000229591836734694	0.00022953913642276	0.936793052760194	2	1
GO:0043159	acrosomal matrix	0	0	1	0	1	0
GO:0043190	ATP-binding cassette (ABC) transporter complex	10	0.00908163265306122	1.04301571490755e-27	2.37777727625416	6	15
GO:0043196	varicosity	5	0.0180357142857143	1.56660514343165e-11	1.88676621832143	8	28
GO:0043203	axon hillock	0	0	1	0	1	0
GO:0043218	compact myelin	1	0.00275510204081633	0.00275131023026302	0.931954236328328	4	6
GO:0043219	lateral loop	0	0.00431122448979592	1	-0.00824573427620479	2	1
GO:0043220	Schmidt-Lanterman incisure	0	0.0465561224489796	1	-0.0844170583356637	8	28
GO:0043227	membrane-bounded organelle	0	0.0039030612244898	1	-0.00746910003611401	3	3
GO:0043229	intracellular organelle	0	0.000433673469387755	1	-0.000833729422625384	3	3
GO:0043240	Fanconi anaemia nuclear complex	28	0.0877551020408163	7.75129269576493e-60	2.96911384288248	8	28
GO:0043259	laminin-10 complex	3	0.00405612244897959	1.10769544522545e-08	1.57720206484892	3	3
GO:0043260	laminin-11 complex	3	0.00364795918367347	8.06147241814444e-09	1.57797922203991	3	3
GO:0043291	RAVE complex	2	0.000357142857142857	6.37603269145669e-08	1.33079583565687	3	3
GO:0043292	contractile muscle fiber	0	0.00181122448979592	1	-0.00347567256198011	3	3
GO:0043293	apoptosome	1	0.00153061224489796	0.00152827305145186	0.934296275789736	2	1
GO:0043512	inhibin A complex	1	0.000408163265306122	0.000407996736026112	0.936449845777128	2	1
GO:0043514	interleukin-12 complex	1	0.000510204081632653	0.000509943906170321	0.936253800791427	2	1
GO:0043527	tRNA methyltransferase complex	2	0.0064030612244898	2.04122994996454e-05	1.31926959262374	4	6
GO:0043529	GET complex	3	0.00137755102040816	4.35084453419767e-10	1.58231750786808	3	3
GO:0043541	UDP-N-acetylglucosamine transferase complex	1	0.000790816326530612	0.000790503713711329	0.935714951645805	5	10
GO:0043564	Ku70:Ku80 complex	0	0	1	0	1	0
GO:0043625	delta DNA polymerase complex	3	0.00489795918367347	1.94879913430185e-08	1.57560181760094	3	3
GO:0043657	host cell	1	0.0101275510204082	0.0100764400640335	0.918011690029006	5	10
GO:0044194	cytolytic granule	7	0.0174489795918367	9.62342718309916e-17	2.11603301795594	9	36
GO:0044224	juxtaparanode region of axon	9	0.0409183673469388	8.54104599339195e-19	2.24722319411	9	36
GO:0044232	organelle membrane contact site	5	0.0104081632653061	1.00907364035266e-12	1.90090286007593	8	28
GO:0044284	mitochondrial crista junction	21	0.0841581632653061	4.82827643021157e-43	2.77039470731119	8	28
GO:0044292	dendrite terminus	3	0.0316071428571429	5.13946024022663e-06	1.52659001892959	4	6
GO:0044294	dendritic growth cone	0	0.00864795918367347	1	-0.0164462424462056	4	6
GO:0044298	cell body membrane	0	0.00221938775510204	1	-0.00425661589064885	3	3
GO:0044300	cerebellar mossy fiber	0	0.00956632653061225	1	-0.0181709235318602	5	10
GO:0044301	climbing fiber	0	0	1	0	1	0
GO:0044304	main axon	0	0.000969387755102041	1	-0.00186230185487546	3	3
GO:0044307	dendritic branch	0	0.000535714285714286	1	-0.00102976108914732	2	1
GO:0044308	axonal spine	0	0	1	0	1	0
GO:0044309	neuron spine	1	0.00431122448979592	0.00430194450232148	0.928988824681866	4	6
GO:0044316	cone cell pedicle	0	0.000459183673469388	1	-0.000882742333834563	2	1
GO:0044327	dendritic spine head	0	0.00403061224489796	1	-0.0077118880699244	6	15
GO:0044354	macropinosome	1	0.00410714285714286	0.00409872008104553	0.929377037282124	5	10
GO:0044393	microspike	0	0	1	0	1	0
GO:0044530	supraspliceosomal complex	1	0.000357142857142857	0.000357015351660121	0.936547888253724	2	1
GO:0044545	NSL complex	1	2.55102040816327e-05	2.55095533277212e-05	0.937185489367191	2	1
GO:0044599	AP-5 adaptor complex	6	0.0248724489795918	3.20757506196257e-13	1.99740677664233	4	6
GO:0044609	DBIRD complex	1	2.55102040816327e-05	2.55095533277212e-05	0.937185489367191	2	1
GO:0044611	nuclear pore inner ring	0	0	1	0	1	0
GO:0044613	nuclear pore central transport channel	3	0.00826530612244898	9.35263429751351e-08	1.56923609419981	4	6
GO:0044614	nuclear pore cytoplasmic filaments	0	0.000688775510204082	1	-0.00132370873805776	2	1
GO:0044615	nuclear pore nuclear basket	6	0.00732142857142857	2.1257747325683e-16	2.02978368670916	5	10
GO:0044665	MLL1/2 complex	4	0.00553571428571429	3.89547389761607e-11	1.7615896254973	4	6
GO:0044666	MLL3/4 complex	21	0.0484948979591837	4.68997312745145e-48	2.82871801046601	9	36
GO:0044753	amphisome	0	0	1	0	1	0
GO:0044754	autolysosome	4	0.0486734693877551	2.24936966050439e-07	1.68412916123851	9	36
GO:0045025	mitochondrial degradosome	1	0.00535714285714286	0.00532859680284192	0.927002507678213	2	1
GO:0045092	interleukin-18 receptor complex	1	0.000459183673469388	0.000458972920597685	0.936351816624236	2	1
GO:0045098	type III intermediate filament	0	0.000612244897959184	1	-0.00117674988648608	2	1
GO:0045120	pronucleus	0	0	1	0	1	0
GO:0045179	apical cortex	1	0.00275510204081633	0.00275131023026302	0.931954236328328	6	15
GO:0045180	basal cortex	0	0.00107142857142857	1	-0.00205805423611594	4	6
GO:0045242	isocitrate dehydrogenase complex (NAD+)	3	0.00762755102040816	7.33992310695952e-08	1.57043741932916	3	3
GO:0045244	succinate-CoA ligase complex (GDP-forming)	0	0	1	0	1	0
GO:0045251	electron transfer flavoprotein complex	1	0.000510204081632653	0.000509943906170321	0.936253800791427	2	1
GO:0045252	oxoglutarate dehydrogenase complex	12	0.0700255102040816	2.72064263864205e-23	2.3986983384439	8	28
GO:0045253	pyruvate dehydrogenase (lipoamide) phosphatase complex	0	7.6530612244898e-05	1	-0.00014719875991176	2	1
GO:0045254	pyruvate dehydrogenase complex	8	0.0112244897959184	6.18699158233189e-21	2.21928881973731	5	10
GO:0045275	respiratory chain complex III	0	0	1	0	1	0
GO:0045293	mRNA editing complex	1	0.000663265306122449	0.000663045394303887	0.935959833177316	3	3
GO:0046581	intercellular canaliculus	0	0.0039030612244898	1	-0.00746910003611401	5	10
GO:0046691	intracellular canaliculus	0	0.000969387755102041	1	-0.00186230185487546	3	3
GO:0046696	lipopolysaccharide receptor complex	3	0.00349489795918367	7.0960062335055e-09	1.57827087198477	4	6
GO:0046930	pore complex	7	0.0746938775510204	2.41098791164997e-12	2.01781395098717	10	45
GO:0048179	activin receptor complex	1	0.00704081632653061	0.00701608774841004	0.923816466471913	3	3
GO:0048188	Set1C/COMPASS complex	9	0.0169642857142857	3.15810770512847e-22	2.29001228895274	8	28
GO:0048237	rough endoplasmic reticulum lumen	0	0.000688775510204082	1	-0.00132370873805776	2	1
GO:0048269	methionine adenosyltransferase complex	3	0.00244897959183673	2.44197194037816e-09	1.5802669754647	3	3
GO:0048476	Holliday junction resolvase complex	5	0.00854591836734694	3.77154368946331e-13	1.90439677056533	4	6
GO:0048500	signal recognition particle	1	0.000408163265306122	0.000407996736026112	0.936449845777128	2	1
GO:0048788	cytoskeleton of presynaptic active zone	1	0.000102040816326531	0.000102030405060708	0.937038300619098	2	1
GO:0051286	cell tip	0	0.0110204081632653	1	-0.0208932632191435	5	10
GO:0055087	Ski complex	1	0.000255102040816327	0.000255036980362153	0.936744013192519	2	1
GO:0060053	neurofilament cytoskeleton	0	0.000127551020408163	1	-0.000245314581668765	2	1
GO:0060077	inhibitory synapse	1	0.00701530612244898	0.00699075630416227	0.92386463498186	6	15
GO:0060091	kinocilium	0	0.00885204081632653	1	-0.0168298614251037	6	15
GO:0060171	stereocilium membrane	2	0.00875	3.80586737287989e-05	1.31484442892407	4	6
GO:0060201	clathrin-sculpted acetylcholine transport vesicle membrane	1	0.00997448979591837	0.00992490915027866	0.918298432123856	3	3
GO:0060203	clathrin-sculpted glutamate transport vesicle membrane	2	0.00997448979591837	4.94152594051653e-05	1.312546379527	3	3
GO:0060205	cytoplasmic vesicle lumen	0	0.00178571428571429	1	-0.00342683552053125	2	1
GO:0060342	photoreceptor inner segment membrane	1	0.0143622448979592	0.0142595998507155	0.910123357901224	4	6
GO:0060473	cortical granule	0	0.012984693877551	1	-0.0245545715687993	4	6
GO:0061202	clathrin-sculpted gamma-aminobutyric acid transport vesicle membrane	5	0.0161224489795918	8.95647950248199e-12	1.89028625289576	4	6
GO:0061474	phagolysosome membrane	0	0	1	0	1	0
GO:0061574	ASAP complex	3	0.00357142857142857	7.57201508828801e-09	1.57812503227262	4	6
GO:0061617	MICOS complex	34	0.101811224489796	5.64854838571273e-73	3.08589885249424	9	36
GO:0061673	mitotic spindle astral microtubule	0	0.00209183673469388	1	-0.00401266190934424	3	3
GO:0061689	tricellular tight junction	1	0.000178571428571429	0.000178539546509552	0.93689114189829	2	1
GO:0061696	pituitary gonadotropin complex	2	0.000816326530612245	3.33013208955526e-07	1.32991393271689	3	3
GO:0061700	GATOR2 complex	11	0.0362244897959184	3.41546564824435e-24	2.39489827533665	8	28
GO:0061702	canonical inflammasome complex	25	0.153010204081633	2.30927421809481e-46	2.79334910068028	8	28
GO:0061773	eNoSc complex	1	0.000459183673469388	0.000458972920597685	0.936351816624236	2	1
GO:0061779	Tapasin-ERp57 complex	1	0.00107142857142857	0.00107028184088477	0.935176504721955	2	1
GO:0061851	leading edge of lamellipodium	0	0	1	0	1	0
GO:0061852	retrograde transporter complex, Golgi to ER	1	0.000102040816326531	0.000102030405060708	0.937038300619098	2	1
GO:0061908	phagophore	1	0.000510204081632653	0.000509943906170321	0.936253800791427	2	1
GO:0062073	histone mRNA stem-loop binding complex	1	0.000127551020408163	0.000127534753220253	0.936989244376402	2	1
GO:0062157	mitochondrial ATP-gated potassium channel complex	1	2.55102040816327e-05	2.55095533277212e-05	0.937185489367191	2	1
GO:0062167	complement component C1q complex	3	0.00448979591836735	1.50168436272541e-08	1.57637725172071	3	3
GO:0070021	transforming growth factor beta ligand-receptor complex	0	0	1	0	1	0
GO:0070033	synaptobrevin 2-SNAP-25-syntaxin-1a-complexin II complex	0	0	1	0	1	0
GO:0070044	synaptobrevin 2-SNAP-25-syntaxin-1a complex	0	0	1	0	1	0
GO:0070069	cytochrome complex	1	0.00102040816326531	0.00101936799184506	0.935274374272399	2	1
GO:0070083	clathrin-sculpted monoamine transport vesicle membrane	2	0.0179336734693878	0.000158898600815481	1.29778489987316	4	6
GO:0070110	ciliary neurotrophic factor receptor complex	1	0.00122448979591837	0.00122299225438239	0.934882975716706	2	1
GO:0070187	shelterin complex	16	0.0422448979591837	4.72609382985068e-36	2.64722834395051	7	21
GO:0070195	growth hormone receptor complex	1	0.00229591836734694	0.00229328476151855	0.9328316102704	3	3
GO:0070288	ferritin complex	1	0.000535714285714286	0.000535427449580582	0.936204797868923	2	1
GO:0070310	ATR-ATRIP complex	0	0	1	0	1	0
GO:0070369	beta-catenin-TCF7L2 complex	0	0.00408163265306122	1	-0.00780898040743483	2	1
GO:0070381	endosome to plasma membrane transport vesicle	0	0.00183673469387755	1	-0.00352450629726231	2	1
GO:0070390	transcription export complex 2	3	0.00102040816326531	1.76899809368715e-10	1.58300231603548	3	3
GO:0070418	DNA-dependent protein kinase complex	0	0	1	0	1	0
GO:0070419	nonhomologous end joining complex	6	0.00688775510204082	1.47279524164831e-16	2.03060238745783	4	6
GO:0070436	Grb2-EGFR complex	0	0	1	0	1	0
GO:0070449	elongin complex	0	0	1	0	1	0
GO:0070461	SAGA-type complex	1	0.000306122448979592	0.00030602876670407	0.936645944057646	2	1
GO:0070522	ERCC4-ERCC1 complex	0	0.00612244897959184	1	-0.0116819965327553	2	1
GO:0070531	BRCA1-A complex	3	0.00119897959183673	2.86921711094132e-10	1.58265983068683	3	3
GO:0070532	BRCA1-B complex	1	0.00392857142857143	0.00391319815012451	0.929716894777431	2	1
GO:0070533	BRCA1-C complex	3	0.00456632653061225	1.57967051170798e-08	1.57623179431397	3	3
GO:0070552	BRISC complex	1	0.000102040816326531	0.000102030405060708	0.937038300619098	2	1
GO:0070554	synaptobrevin 2-SNAP-25-syntaxin-3-complexin complex	1	0.000612244897959184	0.000611870283499898	0.936057809071585	2	1
GO:0070578	RISC-loading complex	4	0.00737244897959184	1.2236993353351e-10	1.75811626752102	4	6
GO:0070652	HAUS complex	28	0.0375	3.73635928550609e-70	3.05204123140991	8	28
GO:0070695	FHF complex	10	0.00584183673469388	1.26821837950923e-29	2.38388777703174	5	10
GO:0070701	mucus layer	0	0	1	0	1	0
GO:0070721	ISGF3 complex	0	0	1	0	1	0
GO:0070724	BMP receptor complex	2	0.010484693877551	5.45812199408541e-05	1.31159101547709	3	3
GO:0070743	interleukin-23 complex	1	0.000637755102040816	0.000637348629700446	0.936008819461022	2	1
GO:0070761	pre-snoRNP complex	6	0.00451530612244898	1.17173587547926e-17	2.0350976825634	4	6
GO:0070765	gamma-secretase complex	13	0.01875	5.58695508844693e-33	2.5430575788943	6	15
GO:0070776	MOZ/MORF histone acetyltransferase complex	10	0.00790816326530612	2.61552432601631e-28	2.3799845543644	5	10
GO:0070820	tertiary granule	0	0	1	0	1	0
GO:0070852	cell body fiber	1	0.0238775510204082	0.0235947377337488	0.89270689161897	6	15
GO:0070876	SOSS complex	3	0.000306122448979592	4.77970771086848e-12	1.58437388582073	3	3
GO:0070877	microprocessor complex	1	0.00280612244897959	0.00279827016026456	0.93185681617551	2	1
GO:0070937	CRD-mediated mRNA stability complex	6	0.00849489795918367	5.17520091807615e-16	2.02757302635535	4	6
GO:0070938	contractile ring	0	0.00438775510204082	1	-0.00839126015419634	6	15
GO:0070939	Dsl1/NZR complex	3	0.00438775510204082	1.4017491823885e-08	1.57657124056696	3	3
GO:0071001	U4/U6 snRNP	0	0	1	0	1	0
GO:0071006	U2-type catalytic step 1 spliceosome	0	0	1	0	1	0
GO:0071008	U2-type post-mRNA release spliceosomal complex	1	7.6530612244898e-05	7.65247557584879e-05	0.937087360198159	2	1
GO:0071014	post-mRNA release spliceosomal complex	0	0	1	0	1	0
GO:0071141	SMAD protein complex	3	0.00487244897959184	1.92089570456924e-08	1.57565025781991	4	6
GO:0071142	homomeric SMAD protein complex	0	0	1	0	1	0
GO:0071144	heteromeric SMAD protein complex	10	0.0163520408163265	3.70556973805945e-25	2.36425027899763	5	10
GO:0071159	NF-kappaB complex	1	0.000306122448979592	0.00030602876670407	0.936645944057646	2	1
GO:0071162	CMG complex	6	0.00420918367346939	7.69177800604433e-18	2.03567976653321	4	6
GO:0071193	Kv4.2-KChIP2 channel complex	1	0.000510204081632653	0.000509943906170321	0.936253800791427	2	1
GO:0071196	Kv4.3-KChIP1 channel complex	1	0.000510204081632653	0.000509943906170321	0.936253800791427	2	1
GO:0071204	histone pre-mRNA 3'end processing complex	3	0.00321428571428571	5.52147751759624e-09	1.57880587000173	4	6
GO:0071439	clathrin complex	2	0.0332397959183674	0.000540351229228152	1.27021939135398	6	15
GO:0071546	pi-body	10	0.0144387755102041	1.07112536075011e-25	2.36778549462269	7	21
GO:0071547	piP-body	6	0.00635204081632653	9.07366530481e-17	2.03161500822837	5	10
GO:0071595	Nem1-Spo7 phosphatase complex	1	2.55102040816327e-05	2.55095533277212e-05	0.937185489367191	2	1
GO:0071598	neuronal ribonucleoprotein granule	0	0.00323979591836735	1	-0.00620528330234949	5	10
GO:0071735	IgG immunoglobulin complex	0	0	1	0	1	0
GO:0071738	IgD immunoglobulin complex	0	0	1	0	1	0
GO:0071748	monomeric IgA immunoglobulin complex	0	0	1	0	1	0
GO:0071751	secretory IgA immunoglobulin complex	1	0.00038265306122449	0.000382506693867143	0.936498865349736	2	1
GO:0071752	secretory dimeric IgA immunoglobulin complex	0	0	1	0	1	0
GO:0071755	IgM B cell receptor complex	1	0.000816326530612245	0.000815660685154976	0.935665985313746	2	1
GO:0071756	pentameric IgM immunoglobulin complex	0	0	1	0	1	0
GO:0071797	LUBAC complex	6	0.00377551020408163	4.0075754783282e-18	2.03650519036693	4	6
GO:0071817	MMXD complex	6	0.0115561224489796	3.26980273917575e-15	2.02183777435453	4	6
GO:0071818	BAT3 complex	3	0.00397959183673469	1.04625134389789e-08	1.57734771805899	3	3
GO:0071821	FANCM-MHF complex	0	0	1	0	1	0
GO:0071914	prominosome	0	0	1	0	1	0
GO:0071920	cleavage body	0	0.00244897959183673	1	-0.00469552525645312	2	1
GO:0071953	elastic fiber	4	0.00625	6.32612226876322e-11	1.76023688713472	5	10
GO:0071986	Ragulator complex	15	0.091734693877551	1.91277883717946e-28	2.52091994440875	6	15
GO:0072357	PTW/PP1 phosphatase complex	2	0.000586734693877551	1.72061481083188e-07	1.3303547494126	3	3
GO:0072380	TRC complex	0	0	1	0	1	0
GO:0072487	MSL complex	1	0.000229591836734694	0.00022953913642276	0.936793052760194	2	1
GO:0072534	perineuronal net	12	0.0242857142857143	8.59287373208839e-29	2.47693162953437	7	21
GO:0072536	interleukin-23 receptor complex	1	0.00142857142857143	0.0014265335235378	0.934491789416206	2	1
GO:0072546	EMC complex	45	0.105688775510204	9.06957777486453e-101	3.28032535858219	10	45
GO:0072557	IPAF inflammasome complex	1	0.00321428571428571	0.00320398718405126	0.931077928238645	2	1
GO:0072558	NLRP1 inflammasome complex	4	0.0223214285714286	1.0160715927242e-08	1.73045225401809	4	6
GO:0072559	NLRP3 inflammasome complex	9	0.0467857142857143	2.83774484352635e-18	2.23711827646553	6	15
GO:0072563	endothelial microparticle	0	0	1	0	1	0
GO:0072589	box H/ACA scaRNP complex	0	0	1	0	1	0
GO:0072669	tRNA-splicing ligase complex	17	0.0146938775510204	1.92408276489363e-46	2.73926395099546	7	21
GO:0072687	meiotic spindle	1	0.02	0.0198013266932447	0.89975353011746	9	36
GO:0089701	U2AF complex	2	0.00170918367346939	1.45899112997784e-06	1.32820220180651	4	6
GO:0090534	calcium ion-transporting ATPase complex	1	0.000612244897959184	0.000611870283499898	0.936057809071585	2	1
GO:0090535	WICH complex	0	0	1	0	1	0
GO:0090536	NoRC complex	0	0	1	0	1	0
GO:0090537	CERF complex	1	0.00112244897959184	0.00112181926929784	0.935078648448258	3	3
GO:0090571	RNA polymerase II transcription repressor complex	0	0.00387755102040816	1	-0.00742053262182563	3	3
GO:0090619	meiotic spindle pole	0	0	1	0	1	0
GO:0090651	apical cytoplasm	0	0	1	0	1	0
GO:0090661	box H/ACA telomerase RNP complex	0	0	1	0	1	0
GO:0090694	Scc2-Scc4 cohesin loading complex	1	0.00168367346938776	0.00168084347781796	0.934003104673957	2	1
GO:0090724	central region of growth cone	1	0.0199234693877551	0.0197263086181017	0.899893303575758	4	6
GO:0090733	tenascin complex	0	0.00344387755102041	1	-0.00659438587827022	4	6
GO:0097013	phagocytic vesicle lumen	1	0.0124744897959184	0.0123970058735355	0.913629191448132	4	6
GO:0097025	MPP7-DLG1-LIN7 complex	3	0.00295918367346939	4.30924036931372e-09	1.57929257639658	4	6
GO:0097057	TRAF2-GSTP1 complex	0	0	1	0	1	0
GO:0097058	CRLF-CLCF1 complex	1	0.000204081632653061	0.0002040399918384	0.936842095661967	2	1
GO:0097059	CNTFR-CLCF1 complex	1	0.000816326530612245	0.000815660685154976	0.935665985313746	2	1
GO:0097129	cyclin D2-CDK4 complex	1	0.000612244897959184	0.000611870283499898	0.936057809071585	2	1
GO:0097130	cyclin D3-CDK4 complex	0	0	1	0	1	0
GO:0097131	cyclin D1-CDK6 complex	0	0	1	0	1	0
GO:0097133	cyclin D3-CDK6 complex	1	0.00229591836734694	0.00229065920081446	0.9328316102704	2	1
GO:0097134	cyclin E1-CDK2 complex	1	0.00107142857142857	0.00107028184088477	0.935176504721955	2	1
GO:0097135	cyclin E2-CDK2 complex	0	0	1	0	1	0
GO:0097136	Bcl-2 family protein complex	18	0.0439540816326531	5.61773804924805e-41	2.72740415497723	7	21
GO:0097145	BAK complex	1	0.00244897959183673	0.00244299674267101	0.932539033701618	2	1
GO:0097149	centralspindlin complex	1	0.000357142857142857	0.000357015351660121	0.936547888253724	2	1
GO:0097165	nuclear stress granule	0	0.00119897959183673	1	-0.00230267003433127	4	6
GO:0097169	AIM2 inflammasome complex	1	0.00693877551020408	0.00689096068098906	0.924009159813634	2	1
GO:0097179	protease inhibitor complex	0	0	1	0	1	0
GO:0097180	serine protease inhibitor complex	2	0.00413265306122449	8.51592013510176e-06	1.323576446683	5	10
GO:0097196	Shu complex	1	0.000918367346938775	0.000917524722193903	0.935470153217947	2	1
GO:0097197	tetraspanin-enriched microdomain	3	0.0061734693877551	3.90324785016201e-08	1.57318394471828	7	21
GO:0097208	alveolar lamellar body	2	0.00566326530612245	1.59758701859926e-05	1.32067012719773	5	10
GO:0097209	epidermal lamellar body	2	0.000918367346938775	4.21441197615081e-07	1.32971810062109	4	6
GO:0097226	sperm mitochondrial sheath	0	0.00244897959183673	1	-0.00469552525645312	3	3
GO:0097227	sperm annulus	10	0.0406887755102041	3.30309592924989e-21	2.32073186680547	6	15
GO:0097229	sperm end piece	0	0	1	0	1	0
GO:0097233	alveolar lamellar body membrane	0	5.10204081632653e-05	1	-9.81358440319546e-05	2	1
GO:0097255	R2TP complex	2	0.00334183673469388	5.57150637166168e-06	1.32508264553514	3	3
GO:0097268	cytoophidium	1	0.000892857142857143	0.000892458664495496	0.935519106257934	3	3
GO:0097342	ripoptosome	3	0.0060969387755102	3.75436406668527e-08	1.57332878877093	3	3
GO:0097356	perinucleolar compartment	0	0.000153061224489796	1	-0.000294367488453351	2	1
GO:0097361	cytosolic [4Fe-4S] assembly targeting complex	10	0.0115561224489796	1.15701651184295e-26	2.37314481904225	5	10
GO:0097362	MCM8-MCM9 complex	1	0.000918367346938775	0.000917524722193903	0.935470153217947	2	1
GO:0097413	Lewy body	0	0	1	0	1	0
GO:0097418	neurofibrillary tangle	2	0.0188010204081633	0.000174539473225615	1.29619437940418	4	6
GO:0097422	tubular endosome	6	0.0294387755102041	8.81515968914482e-13	1.9892160574023	5	10
GO:0097427	microtubule bundle	0	0.000204081632653061	1	-0.000392463296103651	2	1
GO:0097433	dense body	1	0.00357142857142857	0.00356505859922136	0.930397090509532	3	3
GO:0097441	basal dendrite	0	0.000459183673469388	1	-0.000882742333834563	2	1
GO:0097442	CA3 pyramidal cell dendrite	0	0	1	0	1	0
GO:0097443	sorting endosome	0	0.0158673469387755	1	-0.029894235648813	5	10
GO:0097444	spine apparatus	0	0.00308673469387755	1	-0.00591331857071475	4	6
GO:0097447	dendritic tree	0	0	1	0	1	0
GO:0097449	astrocyte projection	1	0.0174234693877551	0.0172725584799692	0.904474193582109	9	36
GO:0097450	astrocyte end-foot	0	0.0013265306122449	1	-0.00254720290912458	4	6
GO:0097451	glial limiting end-foot	0	0	1	0	1	0
GO:0097452	GAIT complex	0	0	1	0	1	0
GO:0097453	mesaxon	0	0.000178571428571429	1	-0.000343417059780471	2	1
GO:0097457	hippocampal mossy fiber	0	0	1	0	1	0
GO:0097470	ribbon synapse	0	0.00678571428571429	1	-0.0129362625835029	4	6
GO:0097486	multivesicular body lumen	4	0.00318877551020408	4.29711233397089e-12	1.76605228325709	6	15
GO:0097487	multivesicular body, internal vesicle	0	0.00512755102040816	1	-0.00979649877365274	4	6
GO:0097504	Gemini of Cajal bodies	36	0.0818622448979592	1.84044961436384e-81	3.15752210733036	9	36
GO:0097512	cardiac myofibril	1	0.00683673469387755	0.00681341739157063	0.924201904643223	4	6
GO:0097513	myosin II filament	3	0.0195663265306122	1.22427532189422e-06	1.54827387982088	3	3
GO:0097519	DNA recombinase complex	1	2.55102040816327e-05	2.55095533277212e-05	0.937185489367191	2	1
GO:0097524	sperm plasma membrane	0	0.00165816326530612	1	-0.00318260070511378	4	6
GO:0097539	ciliary transition fiber	11	0.0113265306122449	9.75890860747175e-30	2.43995098919246	7	21
GO:0097543	ciliary inversin compartment	3	0.000816326530612245	9.0591188508032e-11	1.58339392707683	3	3
GO:0097550	transcription preinitiation complex	6	0.00931122448979592	8.97929935996481e-16	2.0260391616898	7	21
GO:0097575	lateral cell cortex	1	0.000510204081632653	0.000509943906170321	0.936253800791427	2	1
GO:0097598	sperm cytoplasmic droplet	0	0.00346938775510204	1	-0.00664300894596037	2	1
GO:0097629	extrinsic component of omegasome membrane	0	0	1	0	1	0
GO:0097648	G protein-coupled receptor complex	0	0	1	0	1	0
GO:0097728	9+0 motile cilium	1	0.00704081632653061	0.00701608784951608	0.923816466471913	5	10
GO:0097731	9+0 non-motile cilium	0	0.0132397959183673	1	-0.0250287056206032	5	10
GO:0097733	photoreceptor cell cilium	0	0.00910714285714286	1	-0.017309098434788	4	6
GO:0098536	deuterosome	3	0.00525510204081633	2.40607936128376e-08	1.57492399586598	3	3
GO:0098548	cytoplasmic side of Golgi membrane	0	0	1	0	1	0
GO:0098556	cytoplasmic side of rough endoplasmic reticulum membrane	0	0.000510204081632653	1	-0.000980758166643114	2	1
GO:0098559	cytoplasmic side of early endosome membrane	0	0.000331632653061225	1	-0.000637644468527876	2	1
GO:0098560	cytoplasmic side of late endosome membrane	0	0	1	0	1	0
GO:0098562	cytoplasmic side of membrane	0	0	1	0	1	0
GO:0098574	cytoplasmic side of lysosomal membrane	28	0.0846683673469388	2.86121873446944e-60	2.97394159673478	11	55
GO:0098575	lumenal side of lysosomal membrane	0	0	1	0	1	0
GO:0098576	lumenal side of membrane	0	0	1	0	1	0
GO:0098591	external side of apical plasma membrane	0	0.00150510204081633	1	-0.00288940972948382	4	6
GO:0098592	cytoplasmic side of apical plasma membrane	1	0.000127551020408163	0.000127534753220253	0.936989244376402	2	1
GO:0098635	protein complex involved in cell-cell adhesion	1	0.00318877551020408	0.00318369676105336	0.931126584103251	3	3
GO:0098636	protein complex involved in cell adhesion	1	0.000229591836734694	0.00022953913642276	0.936793052760194	2	1
GO:0098637	protein complex involved in cell-matrix adhesion	11	0.0182397959183673	1.83148390674695e-27	2.42715670254705	8	28
GO:0098666	G protein-coupled serotonin receptor complex	3	0.00262755102040816	3.01749410769139e-09	1.57992578605038	4	6
GO:0098683	cochlear hair cell ribbon synapse	0	0.000408163265306122	1	-0.000784713180942753	2	1
GO:0098684	photoreceptor ribbon synapse	0	0.00875	1	-0.0166380774371493	5	10
GO:0098687	chromosomal region	1	0.000892857142857143	0.000892060660124888	0.935519106257934	2	1
GO:0098690	glycinergic synapse	2	0.00214285714285714	2.29264111808019e-06	1.32737225295873	4	6
GO:0098796	membrane protein complex	1	0.000178571428571429	0.000178555485642833	0.93689114189829	3	3
GO:0098797	plasma membrane protein complex	6	0.0891326530612245	6.45260663734013e-10	1.88990811902643	11	55
GO:0098800	inner mitochondrial membrane protein complex	1	0.000229591836734694	0.000229565482545771	0.936793052760194	3	3
GO:0098802	plasma membrane signaling receptor complex	0	0.000127551020408163	1	-0.000245314581668765	2	1
GO:0098803	respiratory chain complex	2	0.00477040816326531	1.1342275275074e-05	1.32236405687115	5	10
GO:0098804	non-motile cilium membrane	3	0.000612244897959184	3.82259580717703e-11	1.58378575083467	3	3
GO:0098820	trans-synaptic protein complex	0	0.0013265306122449	1	-0.00254720290912458	2	1
GO:0098826	endoplasmic reticulum tubular network membrane	0	0.00262755102040816	1	-0.00503671467077449	5	10
GO:0098830	presynaptic endosome	1	0.0180102040816327	0.0178489896419171	0.903396471275027	6	15
GO:0098835	presynaptic endocytic zone membrane	1	0.00711734693877551	0.00709207850285595	0.923671980237991	3	3
GO:0098837	postsynaptic recycling endosome	1	0.017015306122449	0.0168713633675488	0.905224864240235	7	21
GO:0098842	postsynaptic early endosome	3	0.0231632653061225	2.03567156380547e-06	1.54172773672219	5	10
GO:0098843	postsynaptic endocytic zone	0	0.0124744897959184	1	-0.0236053675099391	5	10
GO:0098845	postsynaptic endosome	1	0.000357142857142857	0.00035707908922362	0.936547888253724	3	3
GO:0098850	extrinsic component of synaptic vesicle membrane	0	0.00737244897959184	1	-0.0140439905908875	5	10
GO:0098855	HCN channel complex	5	0.00114795918367347	1.65972264506374e-17	1.91844629332147	4	6
GO:0098857	membrane microdomain	0	0	1	0	1	0
GO:0098858	actin-based cell projection	1	0.0108928571428571	0.0108337448032699	0.916579686805059	4	6
GO:0098871	postsynaptic actin cytoskeleton	0	0.0483673469387755	1	-0.0875097036302808	7	21
GO:0098878	neurotransmitter receptor complex	1	0.00153061224489796	0.00152827305145186	0.934296275789736	2	1
GO:0098888	extrinsic component of presynaptic membrane	1	0.0064030612244898	0.00638260524217239	0.925021645220599	3	3
GO:0098890	extrinsic component of postsynaptic membrane	1	0.00392857142857143	0.00392086468730104	0.929716894777431	4	6
GO:0098894	extrinsic component of presynaptic endocytic zone membrane	0	0.00227040816326531	1	-0.00435417438693553	3	3
GO:0098895	postsynaptic endosome membrane	0	0.000255102040816327	1	-0.000490545765551631	2	1
GO:0098944	postsynaptic recycling endosome membrane	0	0.00520408163265306	1	-0.00994171216527429	4	6
GO:0098965	extracellular matrix of synaptic cleft	0	0.000892857142857143	1	-0.00171545270013673	2	1
GO:0098981	cholinergic synapse	3	0.0309183673469388	4.81321707228691e-06	1.52781298760983	11	55
GO:0098983	symmetric, GABA-ergic, inhibitory synapse	0	0.00479591836734694	1	-0.0091669027240312	4	6
GO:0098984	neuron to neuron synapse	1	0.00206632653061225	0.00206206562969375	0.933270697746945	2	1
GO:0098985	asymmetric, glutamatergic, excitatory synapse	0	0.00479591836734694	1	-0.0091669027240312	4	6
GO:0099013	neuronal dense core vesicle lumen	0	0.00966836734693877	1	-0.0183623004701572	5	10
GO:0099023	vesicle tethering complex	1	0.000459183673469388	0.000458972920597685	0.936351816624236	2	1
GO:0099073	mitochondrion-derived vesicle	1	0.0036734693877551	0.00366002440016267	0.930202683414852	2	1
GO:0099078	BORC complex	28	0.0661734693877551	2.92596911388356e-63	3.00356527360905	8	28
GO:0099091	postsynaptic specialization, intracellular component	0	0	1	0	1	0
GO:0099115	chromosome, subtelomeric region	0	0.000918367346938775	1	-0.00176440574012327	2	1
GO:0099128	mitochondrial [2Fe-2S] assembly complex	6	0.0186989795918367	5.82712166205137e-14	2.00863023180212	4	6
GO:0099147	extrinsic component of postsynaptic density membrane	0	0.00451530612244898	1	-0.00863373806176859	4	6
GO:0099154	serotonergic synapse	1	0.00076530612244898	0.000764720876879939	0.935763921302009	2	1
GO:0099160	postsynaptic intermediate filament cytoskeleton	6	0.0099234693877551	1.31322457533247e-15	2.02489089982429	4	6
GO:0099182	presynaptic intermediate filament cytoskeleton	0	0	1	0	1	0
GO:0099503	secretory vesicle	0	0.00278061224489796	1	-0.00532903435076215	3	3
GO:0099512	supramolecular fiber	0	0	1	0	1	0
GO:0099544	perisynaptic space	0	0	1	0	1	0
GO:0099572	postsynaptic specialization	3	0.0128316326530612	3.4875168532446e-07	1.56069255924435	9	36
GO:0099617	matrix side of mitochondrial inner membrane	1	0.0088265306122449	0.00878769114749834	0.920452638749908	6	15
GO:0099629	postsynaptic specialization of symmetric synapse	0	0	1	0	1	0
GO:0099631	postsynaptic endocytic zone cytoplasmic component	1	0.00252551020408163	0.00251914806992544	0.932392789905791	2	1
GO:0099738	cell cortex region	1	0.000510204081632653	0.000509943906170321	0.936253800791427	2	1
GO:0101004	cytolytic granule membrane	0	0.00910714285714286	1	-0.017309098434788	4	6
GO:0101019	nucleolar exosome (RNase complex)	36	0.268571428571429	5.74088562342803e-63	2.91035157946354	9	36
GO:0106002	mCRD-mediated mRNA stability complex	3	0.00334183673469388	6.1994490379567e-09	1.57856263989508	3	3
GO:0106068	SUMO ligase complex	0	0.00183673469387755	1	-0.00352450629726231	2	1
GO:0106139	symbiont cell surface	2	0.00716836734693878	2.55702912817072e-05	1.31782361956083	4	6
GO:0106143	tRNA (m7G46) methyltransferase complex	1	0.000408163265306122	0.000407996736026112	0.936449845777128	2	1
GO:0106333	subcortical maternal complex	6	0.00214285714285714	1.34182595063049e-19	2.03962116722269	4	6
GO:0110016	B-WICH complex	7	0.00956632653061225	1.44261629240098e-18	2.13066935078848	5	10
GO:0110078	TTT Hsp90 cochaperone complex	3	0.00270408163265306	3.28650105945922e-09	1.57977961140289	3	3
GO:0110142	ubiquinone biosynthesis complex	15	0.0223979591836735	1.33936767143936e-37	2.63692906825226	6	15
GO:0110158	calpain complex	4	0.00288265306122449	2.8704948759935e-12	1.76663640976484	4	6
GO:0120001	apical plasma membrane urothelial plaque	3	0.000306122448979592	4.77970771086848e-12	1.58437388582073	3	3
GO:0120043	stereocilium shaft	0	5.10204081632653e-05	1	-9.81358440319546e-05	2	1
GO:0120044	stereocilium base	7	0.0111479591836735	4.20437138230365e-18	2.12770869879256	7	21
GO:0120098	procentriole	3	0.00479591836734694	1.82970576090135e-08	1.57579559799713	3	3
GO:0120099	procentriole replication complex	15	0.0333163265306122	5.11549825536196e-35	2.61737767267045	6	15
GO:0120103	centriolar subdistal appendage	19	0.022015306122449	2.61572686295182e-49	2.80442893576535	8	28
GO:0120157	PAR polarity complex	6	0.0119642857142857	4.02524328769891e-15	2.02107650785508	4	6
GO:0120199	cone photoreceptor outer segment	1	0.00724489795918367	0.00721871695036383	0.923431234142092	7	21
GO:0120200	rod photoreceptor outer segment	1	0.0173979591836735	0.0172474885826117	0.904521087618884	8	28
GO:0120206	photoreceptor distal connecting cilium	1	0.000918367346938775	0.000917524722193903	0.935470153217947	2	1
GO:0120216	matrilin complex	0	0	1	0	1	0
GO:0120219	subapical part of cell	0	0	1	0	1	0
GO:0120228	outer dynein arm docking complex	3	0.00160714285714286	6.9073939145941e-10	1.58187761710105	3	3
GO:0120259	7SK snRNP	3	0.00165816326530612	7.58595893354255e-10	1.58177990001604	3	3
GO:0120281	autolysosome membrane	0	0	1	0	1	0
GO:0120336	radial spoke head 1	3	0.00357142857142857	7.56525556821534e-09	1.57812503227262	3	3
GO:0120338	radial spoke head 3	3	0.00357142857142857	7.56525556821534e-09	1.57812503227262	3	3
GO:0120507	tRNA-guanine transglycosylase complex	1	2.55102040816327e-05	2.55095533277212e-05	0.937185489367191	2	1
GO:0120508	GDP-mannose pyrophosphorylase complex	1	0.00038265306122449	0.000382506693867143	0.936498865349736	2	1
GO:0120510	mitochondrial [4Fe-4S] assembly complex	1	0.000408163265306122	0.000407996736026112	0.936449845777128	2	1
GO:0120513	2-(3-amino-3-carboxypropyl)histidine synthase complex	1	0.000510204081632653	0.000509943906170321	0.936253800791427	2	1
GO:0140007	KICSTOR complex	6	0.0144642857142857	1.25362514725231e-14	2.01643119958154	4	6
GO:0140225	DNA topoisomerase III-beta-TDRD3 complex	1	0.000306122448979592	0.00030602876670407	0.936645944057646	2	1
GO:0140268	endoplasmic reticulum-plasma membrane contact site	1	0.000637755102040816	0.000637551779481357	0.936008819461022	5	10
GO:0140275	MIB complex	55	0.208469387755102	2.26322551324234e-111	3.28421700890693	12	66
GO:0140284	endoplasmic reticulum-endosome membrane contact site	2	0.00130102040816327	8.45593230808129e-07	1.32898420339587	3	3
GO:0140288	GBAF complex	15	0.0276020408163265	3.05936209194216e-36	2.6275440574162	6	15
GO:0140494	migrasome	1	0.00505102040816327	0.0050382854551061	0.927583302814617	4	6
GO:0140535	intracellular protein-containing complex	1	0.000714285714285714	0.000713775874375446	0.935861870588662	2	1
GO:0140552	TEAD-YAP complex	1	2.55102040816327e-05	2.55095533277212e-05	0.937185489367191	2	1
GO:0140596	TOM complex	21	0.0568112244897959	1.28854751393239e-46	2.81468993227393	7	21
GO:0140672	ATAC complex	12	0.0217091836734694	2.24224228295982e-29	2.48160145961558	6	15
GO:0140738	NLRP6 inflammasome complex	1	0.00650510204081633	0.00646305918134584	0.924828681260258	2	1
GO:0150001	primary dendrite	0	0	1	0	1	0
GO:0150002	distal dendrite	0	0	1	0	1	0
GO:0150034	distal axon	0	0	1	0	1	0
GO:0150048	cerebellar granule cell to Purkinje cell synapse	0	0.000229591836734694	1	-0.000441506197876307	2	1
GO:0150051	postsynaptic Golgi apparatus	0	0	1	0	1	0
GO:0150053	cerebellar climbing fiber to Purkinje cell synapse	0	0.00181122448979592	1	-0.00347567256198011	3	3
GO:0150058	amylin receptor complex 3	1	0.00204081632653061	0.00203665987780041	0.933319501746858	2	1
GO:0160045	TMEM240-body	0	0	1	0	1	0
GO:0160056	macropinosome membrane	0	0.00076530612244898	1	-0.00147063765606126	2	1
GO:0160064	multi-pass translocon complex	10	0.00469387755102041	1.42462760468812e-30	2.38606539505554	8	28
GO:0160110	axonemal microtubule doublet inner sheath	0	0	1	0	1	0
GO:0160112	axonemal B tubule inner sheath	7	0.00693877551020408	1.5272588901228e-19	2.13561487517591	10	45
GO:0160130	mRNA cap methyltransferase RNMT:RAMAC complex	1	0.000535714285714286	0.000535427449580582	0.936204797868923	2	1
GO:0160157	branched-chain alpha-ketoacid dehydrogenase complex	3	0.0128316326530612	3.47633640880451e-07	1.56069255924435	3	3
GO:0160167	oxoadipate dehydrogenase complex	1	0.00153061224489796	0.00152827305145186	0.934296275789736	2	1
GO:0170014	ankyrin-1 complex	14	0.0215051020408163	5.08693554135718e-35	2.59003935793154	7	21
GO:0170027	SKA complex	3	0.00122448979591837	3.05620492695157e-10	1.58261091747979	3	3
GO:0180019	Knl1/Spc105 complex	0	0	1	0	1	0
GO:1901588	dendritic microtubule	0	0.000459183673469388	1	-0.000882742333834563	2	1
GO:1902495	transmembrane transporter complex	10	0.0145663265306122	1.16946362860931e-25	2.36754927379979	10	45
GO:1902501	lysosomal HOPS complex	1	0.00364795918367347	0.00363469994662329	0.930251280276827	2	1
GO:1902554	serine/threonine protein kinase complex	17	0.032015306122449	1.06385068412946e-40	2.70789305922338	10	45
GO:1902555	endoribonuclease complex	1	5.10204081632653e-05	5.10178052140197e-05	0.937136423114039	2	1
GO:1902636	kinociliary basal body	0	0.00119897959183673	1	-0.00230267003433127	3	3
GO:1902710	GABA receptor complex	1	0.00229591836734694	0.00229065920081446	0.9328316102704	2	1
GO:1902712	G protein-coupled GABA receptor complex	1	0.00229591836734694	0.00229065920081446	0.9328316102704	2	1
GO:1902737	dendritic filopodium	0	0	1	0	1	0
GO:1902937	inward rectifier potassium channel complex	0	0.000204081632653061	1	-0.000392463296103651	2	1
GO:1903143	adrenomedullin receptor complex	3	0.00816326530612245	8.99280595757208e-08	1.56942817182588	3	3
GO:1903349	omegasome membrane	0	0	1	0	1	0
GO:1903754	cortical microtubule plus-end	0	0.000102040816326531	1	-0.000196258338972743	2	1
GO:1903767	sweet taste receptor complex	1	0.000637755102040816	0.000637348629700446	0.936008819461022	2	1
GO:1903958	nitric-oxide synthase complex	1	0.00076530612244898	0.000764720876879939	0.935763921302009	2	1
GO:1904090	peptidase inhibitor complex	1	0.00334183673469388	0.00333625900815563	0.930834698131999	3	3
GO:1904423	dehydrodolichyl diphosphate synthase complex	1	0.00142857142857143	0.0014265335235378	0.934491789416206	2	1
GO:1904602	serotonin-activated cation-selective channel complex	8	0.0025765306122449	4.8058178061849e-26	2.23562409642123	5	10
GO:1904856	cytolytic granule lumen	0	0	1	0	1	0
GO:1904930	amphisome membrane	10	0.0523214285714286	4.02077705482765e-20	2.30082293082038	5	10
GO:1904949	ATPase complex	2	0.015765306122449	0.000122973999338869	1.30177661210262	5	10
GO:1905202	methylcrotonoyl-CoA carboxylase complex	1	0.00142857142857143	0.0014265335235378	0.934491789416206	2	1
GO:1905286	serine-type peptidase complex	1	0.00344387755102041	0.00343205796364561	0.9306401730798	2	1
GO:1905347	endodeoxyribonuclease complex	3	0.00247448979591837	2.52057606688684e-09	1.58021822423835	4	6
GO:1905369	endopeptidase complex	3	0.000535714285714286	2.56103654070589e-11	1.58393273963201	3	3
GO:1905370	serine-type endopeptidase complex	13	0.0618112244897959	2.91522478151407e-26	2.46819257621992	11	55
GO:1905379	beta-N-acetylhexosaminidase complex	1	0.00872448979591837	0.00864903140964038	0.920644435486067	2	1
GO:1905721	mitotic spindle astral microtubule end	1	0.00122448979591837	0.00122299225438239	0.934882975716706	2	1
GO:1990023	mitotic spindle midzone	0	0.0036734693877551	1	-0.00703187554321838	6	15
GO:1990026	hippocampal mossy fiber expansion	0	0.000204081632653061	1	-0.000392463296103651	2	1
GO:1990030	pericellular basket	0	0	1	0	1	0
GO:1990032	parallel fiber	0	0	1	0	1	0
GO:1990037	Lewy body core	0	2.55102040816327e-05	1	-4.90695908794692e-05	2	1
GO:1990062	RPAP3/R2TP/prefoldin-like complex	29	0.0659948979591837	6.18809264710326e-66	3.02884153833542	9	36
GO:1990071	TRAPPII protein complex	57	0.36015306122449	9.08477356681399e-103	3.14311689167259	12	66
GO:1990072	TRAPPIII protein complex	63	0.417117346938776	3.98768305065211e-112	3.16102793001893	12	66
GO:1990075	periciliary membrane compartment	3	0.0169132653061225	7.96204196010841e-07	1.55314059579168	6	15
GO:1990112	RQC complex	3	0.000306122448979592	4.77970771086848e-12	1.58437388582073	3	3
GO:1990130	GATOR1 complex	9	0.0765561224489796	2.32338161962368e-16	2.18792073931805	5	10
GO:1990131	Gtr1-Gtr2 GTPase complex	6	0.0494132653061225	1.92428288563034e-11	1.95444184377591	4	6
GO:1990184	amino acid transport complex	1	0.00076530612244898	0.000764720876879939	0.935763921302009	2	1
GO:1990204	oxidoreductase complex	2	0.0304081632653061	0.000453061841582465	1.27524023462271	6	15
GO:1990229	iron-sulfur cluster assembly complex	22	0.0698214285714286	3.07597390244839e-47	2.82625879142787	11	55
GO:1990234	transferase complex	2	0.00114795918367347	6.58401096561108e-07	1.32927767269221	5	10
GO:1990246	uniplex complex	15	0.0161224489795918	9.72665847719969e-40	2.64841112821433	6	15
GO:1990265	platelet-derived growth factor complex	1	0.000510204081632653	0.000509943906170321	0.936253800791427	2	1
GO:1990316	Atg1/ULK1 kinase complex	3	0.0166071428571429	7.53922091566427e-07	1.5537042586611	6	15
GO:1990351	transporter complex	1	0.000204081632653061	0.000204060809413167	0.936842095661967	3	3
GO:1990357	terminal web	0	0	1	0	1	0
GO:1990391	DNA repair complex	3	0.00122448979591837	3.05620492695157e-10	1.58261091747979	3	3
GO:1990393	3M complex	3	0.000943877551020408	1.40051668584331e-10	1.58314914526294	4	6
GO:1990406	CGRP receptor complex	1	0.00255102040816327	0.00254452926208651	0.932344048561778	2	1
GO:1990423	RZZ complex	3	0.00112244897959184	2.3542962161326e-10	1.58280659021134	3	3
GO:1990425	ryanodine receptor complex	1	0.00232142857142857	0.00231605202209157	0.932782839267343	2	1
GO:1990429	peroxisomal importomer complex	3	0.0142857142857143	4.79016445113577e-07	1.55799309716575	3	3
GO:1990452	Parkin-FBXW7-Cul1 ubiquitin ligase complex	0	0	1	0	1	0
GO:1990454	L-type voltage-gated calcium channel complex	28	0.123673469387755	1.11621408046086e-55	2.91519056596709	9	36
GO:1990462	omegasome	0	0	1	0	1	0
GO:1990512	Cry-Per complex	0	0	1	0	1	0
GO:1990513	CLOCK-BMAL transcription complex	3	0.00454081632653061	1.55338284271814e-08	1.57628027685729	3	3
GO:1990531	phospholipid-translocating ATPase complex	31	0.0481632653061225	1.69398251028423e-75	3.10612862796737	13	78
GO:1990566	I(KACh) inward rectifier potassium channel complex	1	0.000637755102040816	0.000637348629700446	0.936008819461022	2	1
GO:1990578	perinuclear endoplasmic reticulum membrane	3	0.000994897959183673	1.63965429487322e-10	1.58305125579061	3	3
GO:1990584	cardiac Troponin complex	1	0.00346938775510204	0.00345739271913769	0.93059155001211	2	1
GO:1990589	ATF4-CREB1 transcription factor complex	0	0.000535714285714286	1	-0.00102976108914732	2	1
GO:1990590	ATF1-ATF4 transcription factor complex	0	0	1	0	1	0
GO:1990597	AIP1-IRE1 complex	0	0.000153061224489796	1	-0.000294367488453351	2	1
GO:1990604	IRE1-TRAF2-ASK1 complex	0	0	1	0	1	0
GO:1990617	CHOP-ATF4 complex	0	0	1	0	1	0
GO:1990622	CHOP-ATF3 complex	1	0.000918367346938775	0.000917524722193903	0.935470153217947	2	1
GO:1990630	IRE1-RACK1-PP2A complex	0	0	1	0	1	0
GO:1990635	proximal dendrite	0	0.00364795918367347	1	-0.00698327868124393	5	10
GO:1990647	C/EBP complex	0	0	1	0	1	0
GO:1990660	calprotectin complex	1	0.000102040816326531	0.000102030405060708	0.937038300619098	2	1
GO:1990665	AnxA2-p11 complex	1	0.00285714285714286	0.00284900284900285	0.9317594091778	2	1
GO:1990666	PCSK9-LDLR complex	1	0.000229591836734694	0.00022953913642276	0.936793052760194	2	1
GO:1990667	PCSK9-AnxA2 complex	0	0.00107142857142857	1	-0.00205805423611594	2	1
GO:1990674	Golgi cis cisterna membrane	0	0	1	0	1	0
GO:1990682	CSF1-CSF1R complex	1	0.00076530612244898	0.000764720876879939	0.935763921302009	2	1
GO:1990696	USH2 complex	6	0.0156887755102041	2.03886395220645e-14	2.01416681468755	4	6
GO:1990712	HFE-transferrin receptor complex	7	0.0145663265306122	2.7257435723239e-17	2.12135108280724	5	10
GO:1990716	axonemal central apparatus	0	2.55102040816327e-05	1	-4.90695908794692e-05	2	1
GO:1990723	cytoplasmic periphery of the nuclear pore complex	0	0	1	0	1	0
GO:1990724	galectin complex	0	0	1	0	1	0
GO:1990726	Lsm1-7-Pat1 complex	0	0	1	0	1	0
GO:1990728	mitotic spindle assembly checkpoint MAD1-MAD2 complex	0	0	1	0	1	0
GO:1990730	VCP-NSFL1C complex	0	0	1	0	1	0
GO:1990742	microvesicle	4	0.0280102040816327	2.50799496003409e-08	1.72019737203384	6	15
GO:1990745	EARP complex	9	0.00732142857142857	1.65476995803075e-25	2.30798036097135	5	10
GO:1990752	microtubule end	0	0	1	0	1	0
GO:1990769	proximal neuron projection	0	0	1	0	1	0
GO:1990779	glycoprotein Ib-IX-V complex	6	0.00681122448979592	1.37740162947418e-16	2.03074696056592	4	6
GO:1990788	GLI-SUFU complex	6	0.0074234693877551	2.30719904656367e-16	2.02959118620219	4	6
GO:1990794	basolateral part of cell	0	0	1	0	1	0
GO:1990812	growth cone filopodium	0	0.00678571428571429	1	-0.0129362625835029	2	1
GO:1990851	Wnt-Frizzled-LRP5/6 complex	0	0	1	0	1	0
GO:1990877	FNIP-folliculin RagC/D GAP	45	0.27844387755102	6.52314129144935e-82	3.05884525027188	10	45
GO:1990879	CST complex	1	0.000127551020408163	0.000127534753220253	0.936989244376402	2	1
GO:1990907	beta-catenin-TCF complex	29	0.126964285714286	1.01608156701921e-57	2.93543016000849	11	55
GO:1990909	Wnt signalosome	0	0.0132908163265306	1	-0.0251234950452397	3	3
GO:1990913	sperm head plasma membrane	0	0.000663265306122449	1	-0.00127472578075483	2	1
GO:1990917	ooplasm	0	0	1	0	1	0
GO:1990923	PET complex	2	0.00125	7.80599161783907e-07	1.3290820132293	3	3
GO:1990972	multimerin complex	0	0	1	0	1	0
GO:0000009	alpha-1,6-mannosyltransferase activity	0	0.000918367346938775	1	-0.00176440574012327	2	1
GO:0000014	single-stranded DNA endodeoxyribonuclease activity	1	0.00530612244897959	0.00529206984718615	0.92709927439919	4	6
GO:0000026	alpha-1,2-mannosyltransferase activity	0	0.00114795918367347	1	-0.00220483366900515	3	3
GO:0000033	alpha-1,3-mannosyltransferase activity	1	0.00102040816326531	0.00101936799184506	0.935274374272399	2	1
GO:0000035	acyl binding	0	0	1	0	1	0
GO:0000048	peptidyltransferase activity	1	0.0036734693877551	0.00366002440016267	0.930202683414852	2	1
GO:0000064	L-ornithine transmembrane transporter activity	0	0	1	0	1	0
GO:0000150	DNA strand exchange activity	0	0	1	0	1	0
GO:0000179	rRNA (adenine-N6,N6-)-dimethyltransferase activity	0	0.000204081632653061	1	-0.000392463296103651	2	1
GO:0000182	rDNA binding	0	0.00038265306122449	1	-0.000735693608334143	3	3
GO:0000210	NAD+ diphosphatase activity	0	0	1	0	1	0
GO:0000213	tRNA-intron endonuclease activity	1	0.000408163265306122	0.000407996736026112	0.936449845777128	2	1
GO:0000217	DNA secondary structure binding	1	0.00454081632653061	0.00453052238933167	0.928552335094204	3	3
GO:0000248	C-5 sterol desaturase activity	1	0.00344387755102041	0.00343205796364561	0.9306401730798	2	1
GO:0000253	3-beta-hydroxysteroid 3-dehydrogenase (NADP+) activity	1	0.00900510204081633	0.00896467754268069	0.920117117122336	4	6
GO:0000254	C-4 methylsterol oxidase activity	0	0.00566326530612245	1	-0.0108123791634869	3	3
GO:0000268	peroxisome targeting sequence binding	0	0	1	0	1	0
GO:0000295	adenine nucleotide transmembrane transporter activity	0	0.00119897959183673	1	-0.00230267003433127	3	3
GO:0000309	nicotinamide-nucleotide adenylyltransferase activity	1	0.00497448979591837	0.00496213748685774	0.927728574695169	3	3
GO:0000339	RNA cap binding	2	0.00548469387755102	1.49860122650304e-05	1.32100859505547	3	3
GO:0000340	RNA 7-methylguanosine cap binding	4	0.0382908163265306	8.68704708938888e-08	1.70202690283731	7	21
GO:0000403	Y-form DNA binding	0	0.00153061224489796	1	-0.00293828316833478	2	1
GO:0000405	bubble DNA binding	0	0.00441326530612245	1	-0.00843976225678267	3	3
GO:0000514	3-sulfino-L-alanine: proton, glutamate antiporter activity	0	0.000306122448979592	1	-0.000588614900424389	2	1
GO:0000515	aspartate:glutamate, proton antiporter activity	0	0.000306122448979592	1	-0.000588614900424389	2	1
GO:0000701	purine-specific mismatch base pair DNA N-glycosylase activity	0	0	1	0	1	0
GO:0000703	oxidized pyrimidine nucleobase lesion DNA N-glycosylase activity	0	0.000357142857142857	1	-0.000686670704346692	2	1
GO:0000810	diacylglycerol diphosphate phosphatase activity	0	0	1	0	1	0
GO:0000822	inositol hexakisphosphate binding	0	0.000535714285714286	1	-0.00102976108914732	2	1
GO:0000825	inositol-1,3,4,5-tetrakisphosphate 6-kinase activity	1	0.00275510204081633	0.00274753230894474	0.931954236328328	2	1
GO:0000827	inositol-1,3,4,5,6-pentakisphosphate kinase activity	10	0.00739795918367347	1.34320835044858e-28	2.38094635120082	5	10
GO:0000828	inositol hexakisphosphate kinase activity	13	0.0256122448979592	3.20044944225512e-31	2.53059428141245	8	28
GO:0000829	diphosphoinositol pentakisphosphate kinase activity	10	0.00739795918367347	1.34320835044858e-28	2.38094635120082	5	10
GO:0000832	inositol hexakisphosphate 5-kinase activity	10	0.00739795918367347	1.34320835044858e-28	2.38094635120082	5	10
GO:0000995	RNA polymerase III general transcription initiation factor activity	25	0.0483418367346939	7.89308156064904e-59	2.95272047105472	11	55
GO:0001002	RNA polymerase III type 1 promoter sequence-specific DNA binding	0	0.000459183673469388	1	-0.000882742333834563	2	1
GO:0001003	RNA polymerase III type 2 promoter sequence-specific DNA binding	0	0.000459183673469388	1	-0.000882742333834563	2	1
GO:0001006	RNA polymerase III type 3 promoter sequence-specific DNA binding	1	0.00471938775510204	0.0047082689429161	0.928213025700916	5	10
GO:0001018	mitochondrial promoter sequence-specific DNA binding	1	0.000612244897959184	0.000611870283499898	0.936057809071585	2	1
GO:0001042	RNA polymerase I core binding	0	0	1	0	1	0
GO:0001067	transcription regulatory region nucleic acid binding	0	0.00112244897959184	1	-0.00215591050981212	2	1
GO:0001091	RNA polymerase II general transcription initiation factor binding	0	0	1	0	1	0
GO:0001093	TFIIB-class transcription factor binding	0	0	1	0	1	0
GO:0001094	TFIID-class transcription factor complex binding	0	0.000229591836734694	1	-0.000441506197876307	2	1
GO:0001097	TFIIH-class transcription factor complex binding	0	0	1	0	1	0
GO:0001147	transcription termination site sequence-specific DNA binding	0	0.000510204081632653	1	-0.000980758166643114	2	1
GO:0001156	TFIIIC-class transcription factor complex binding	0	0	1	0	1	0
GO:0001161	intronic transcription regulatory region sequence-specific DNA binding	0	0.00107142857142857	1	-0.00205805423611594	2	1
GO:0001162	RNA polymerase II intronic transcription regulatory region sequence-specific DNA binding	0	0.00125	1	-0.0024004931319106	4	6
GO:0001164	RNA polymerase I core promoter sequence-specific DNA binding	5	0.00471938775510204	1.94329688029118e-14	1.91162959373332	5	10
GO:0001181	RNA polymerase I general transcription initiation factor activity	3	0.00244897959183673	2.44197194037816e-09	1.5802669754647	3	3
GO:0001217	DNA-binding transcription repressor activity	2	0.0273724489795918	0.000367858866473895	1.28066204160528	7	21
GO:0001515	opioid peptide activity	2	0.00316326530612245	4.99258539845352e-06	1.32542319065313	4	6
GO:0001517	N-acetylglucosamine 6-O-sulfotransferase activity	2	0.000943877551020408	4.45172213158975e-07	1.329669150903	5	10
GO:0001537	dermatan 4-sulfotransferase activity	2	0.00119897959183673	7.18201757196042e-07	1.32917983632688	5	10
GO:0001586	Gi/o-coupled serotonin receptor activity	2	0.000663265306122449	2.19863187864365e-07	1.33020778058046	3	3
GO:0001587	Gq/11-coupled serotonin receptor activity	3	0.00155612244897959	6.27052982988018e-10	1.58197534742507	3	3
GO:0001588	dopamine neurotransmitter receptor activity, coupled via Gs	0	0.00137755102040816	1	-0.00264499285307473	2	1
GO:0001591	dopamine neurotransmitter receptor activity, coupled via Gi/Go	1	0.000102040816326531	0.000102030405060708	0.937038300619098	2	1
GO:0001594	trace-amine receptor activity	0	0	1	0	1	0
GO:0001601	peptide YY receptor activity	0	0.000841836734693878	1	-0.00161753665268849	3	3
GO:0001602	pancreatic polypeptide receptor activity	0	0.00160714285714286	1	-0.00308488362010329	4	6
GO:0001605	adrenomedullin receptor activity	3	0.00816326530612245	8.99280595757208e-08	1.56942817182588	3	3
GO:0001607	neuromedin U receptor activity	1	0.000102040816326531	0.000102030405060708	0.937038300619098	2	1
GO:0001609	G protein-coupled adenosine receptor activity	2	0.00183673469387755	1.68473312387272e-06	1.32795800006395	5	10
GO:0001614	purinergic nucleotide receptor activity	20	0.0417091836734694	1.00289815772984e-46	2.80580767689779	7	21
GO:0001621	G protein-coupled ADP receptor activity	1	0.000153061224489796	0.000153037800336683	0.936940191469617	2	1
GO:0001631	cysteinyl leukotriene receptor activity	1	0.000102040816326531	0.000102030405060708	0.937038300619098	2	1
GO:0001632	leukotriene B4 receptor activity	1	2.55102040816327e-05	2.55095533277212e-05	0.937185489367191	2	1
GO:0001634	pituitary adenylate cyclase-activating polypeptide receptor activity	1	0.00112244897959184	0.00112181926929784	0.935078648448258	3	3
GO:0001635	calcitonin gene-related peptide receptor activity	3	0.00663265306122449	4.83092247216378e-08	1.5723154906392	3	3
GO:0001640	adenylate cyclase inhibiting G protein-coupled glutamate receptor activity	3	0.0116581632653061	2.61783909521823e-07	1.56287846249417	5	10
GO:0001641	group II metabotropic glutamate receptor activity	1	0.000102040816326531	0.000102030405060708	0.937038300619098	2	1
GO:0001642	group III metabotropic glutamate receptor activity	1	0.000204081632653061	0.0002040399918384	0.936842095661967	2	1
GO:0001653	peptide receptor activity	1	0.00612244897959184	0.00610374497973353	0.925552562425315	4	6
GO:0001665	alpha-N-acetylgalactosaminide alpha-2,6-sialyltransferase activity	0	0.00387755102040816	1	-0.00742053262182563	5	10
GO:0001727	lipid kinase activity	0	0	1	0	1	0
GO:0001729	ceramide kinase activity	0	0	1	0	1	0
GO:0001730	2'-5'-oligoadenylate synthetase activity	3	0.00568877551020408	3.05094609103835e-08	1.57410178196841	3	3
GO:0001733	galactosylceramide sulfotransferase activity	0	0.000127551020408163	1	-0.000245314581668765	2	1
GO:0001734	mRNA m(6)A methyltransferase activity	3	0.014515306122449	5.02369692786912e-07	1.55756778825475	3	3
GO:0001758	retinal dehydrogenase activity	0	0.00456632653061225	1	-0.00873070640718199	3	3
GO:0001790	polymeric immunoglobulin binding	0	0	1	0	1	0
GO:0001791	IgM binding	0	0	1	0	1	0
GO:0001848	complement binding	1	0.014515306122449	0.0144104669371464	0.909839846491661	5	10
GO:0001849	complement component C1q complex binding	1	0.0175255102040816	0.0173728316742621	0.904286647914378	5	10
GO:0001851	complement component C3b binding	1	0.00778061224489796	0.00775042163267008	0.92242097702079	8	28
GO:0001855	complement component C4b binding	0	0.000841836734693878	1	-0.00161753665268849	2	1
GO:0001872	(1->3)-beta-D-glucan binding	0	0.00183673469387755	1	-0.00352450629726231	2	1
GO:0001875	lipopolysaccharide immune receptor activity	1	0.0039030612244898	0.00389545417156359	0.929765458921957	3	3
GO:0001882	nucleoside binding	0	0	1	0	1	0
GO:0001883	purine nucleoside binding	0	0	1	0	1	0
GO:0001888	glucuronyl-galactosyl-proteoglycan 4-alpha-N-acetylglucosaminyltransferase activity	1	5.10204081632653e-05	5.10178052140197e-05	0.937136423114039	2	1
GO:0002046	opsin binding	0	0.00630102040816327	1	-0.0120198981445224	4	6
GO:0002060	purine nucleobase binding	0	0	1	0	1	0
GO:0002114	interleukin-33 receptor activity	1	0.000688775510204082	0.000688301425038876	0.935910850220013	2	1
GO:0002134	UTP binding	0	0	1	0	1	0
GO:0002151	G-quadruplex RNA binding	1	0.0159438775510204	0.0158174467595094	0.907199099530862	5	10
GO:0002153	steroid receptor RNA activator RNA binding	0	0.000510204081632653	1	-0.000980758166643114	2	1
GO:0002161	aminoacyl-tRNA editing activity	20	0.165637755102041	8.48329119929387e-35	2.61799699200755	8	28
GO:0002162	dystroglycan binding	2	0.021734693877551	0.000232803725417704	1.29084052186387	8	28
GO:0002196	Ser-tRNA(Ala) hydrolase activity	0	0	1	0	1	0
GO:0002950	ceramide phosphoethanolamine synthase activity	1	0.00308673469387755	0.00307723608250045	0.931321240387356	2	1
GO:0002951	leukotriene-C(4) hydrolase	1	0.0036734693877551	0.00366002440016267	0.930202683414852	2	1
GO:0003680	minor groove of adenine-thymine-rich DNA binding	1	0.00668367346938776	0.00666138740243842	0.92449111848757	6	15
GO:0003681	bent DNA binding	0	0	1	0	1	0
GO:0003691	double-stranded telomeric DNA binding	2	0.0188010204081633	0.000174539473225777	1.29619437940418	5	10
GO:0003696	satellite DNA binding	0	0.00211734693877551	1	-0.00406145930631496	4	6
GO:0003711	transcription elongation factor activity	0	0	1	0	1	0
GO:0003720	telomerase activity	1	0.00739795918367347	0.00737066151732572	0.923142444846004	3	3
GO:0003726	double-stranded RNA adenosine deaminase activity	0	0.000127551020408163	1	-0.000245314581668765	3	3
GO:0003747	translation release factor activity	0	0.000306122448979592	1	-0.000588614900424389	4	6
GO:0003796	lysozyme activity	1	0.00086734693877551	0.000866970902121795	0.935568062620262	3	3
GO:0003810	protein-glutamine gamma-glutamyltransferase activity	0	0.00211734693877551	1	-0.00406145930631496	4	6
GO:0003828	alpha-N-acetylneuraminate alpha-2,8-sialyltransferase activity	0	0.00104591836734694	1	-0.0020091211207125	3	3
GO:0003829	beta-1,3-galactosyl-O-glycosyl-glycoprotein beta-1,6-N-acetylglucosaminyltransferase activity	3	0.00831632653061225	9.5067399469801e-08	1.56914007456301	3	3
GO:0003831	beta-N-acetylglucosaminylglycopeptide beta-1,4-galactosyltransferase activity	0	0	1	0	1	0
GO:0003834	beta-carotene 15,15'-dioxygenase activity	0	0.00420918367346939	1	-0.00805165409195885	2	1
GO:0003835	beta-galactoside alpha-2,6-sialyltransferase activity	1	2.55102040816327e-05	2.55095533277212e-05	0.937185489367191	2	1
GO:0003836	beta-galactoside (CMP) alpha-2,3-sialyltransferase activity	1	0.0351020408163265	0.0344931098804285	0.872688395234243	5	10
GO:0003839	gamma-glutamylcyclotransferase activity	3	0.00762755102040816	7.33992310695952e-08	1.57043741932916	3	3
GO:0003846	2-acylglycerol O-acyltransferase activity	6	0.0123469387755102	4.86886351604014e-15	2.02036354942016	6	15
GO:0003847	1-alkyl-2-acetylglycerophosphocholine esterase activity	6	0.0254336734693878	3.67837885903748e-13	1.99639506887418	8	28
GO:0003853	short-chain 2-methyl fatty acyl-CoA dehydrogenase activity	1	0.00102040816326531	0.00101936799184506	0.935274374272399	2	1
GO:0003854	3-beta-hydroxy-Delta5-steroid dehydrogenase (NAD+) activity	0	0.000918367346938775	1	-0.00176440574012327	2	1
GO:0003857	3-hydroxyacyl-CoA dehydrogenase activity	1	0.0143622448979592	0.0142595998507155	0.910123357901224	4	6
GO:0003858	3-hydroxybutyrate dehydrogenase activity	1	0.000918367346938775	0.000917524722193903	0.935470153217947	2	1
GO:0003863	3-methyl-2-oxobutanoate dehydrogenase (2-methylpropanoyl-transferring) activity	1	0.00364795918367347	0.00363469994662329	0.930251280276827	2	1
GO:0003865	3-oxo-5-alpha-steroid 4-dehydrogenase activity	3	0.00711734693877551	5.96639681142462e-08	1.57139992200108	3	3
GO:0003868	4-hydroxyphenylpyruvate dioxygenase activity	0	0.000102040816326531	1	-0.000196258338972743	2	1
GO:0003870	5-aminolevulinate synthase activity	1	0.00298469387755102	0.00297581198972455	0.931515949213815	2	1
GO:0003872	6-phosphofructokinase activity	3	0.0129336734693878	3.5595689029439e-07	1.56050279337138	3	3
GO:0003873	6-phosphofructo-2-kinase activity	4	0.0123724489795918	9.66748926919285e-10	1.74874488139004	4	6
GO:0003876	AMP deaminase activity	3	0.000688775510204082	5.44230290205461e-11	1.5836387919831	3	3
GO:0003880	protein C-terminal carboxyl O-methyltransferase activity	0	5.10204081632653e-05	1	-9.81358440319546e-05	2	1
GO:0003883	CTP synthase activity	1	0.000637755102040816	0.000637348629700446	0.936008819461022	2	1
GO:0003906	DNA-(apurinic or apyrimidinic site) endonuclease activity	8	0.0277295918367347	8.45910129413018e-18	2.18910290128166	9	36
GO:0003909	DNA ligase activity	0	0.00436224489795918	1	-0.00834275479019697	3	3
GO:0003910	DNA ligase (ATP) activity	0	0.00436224489795918	1	-0.00834275479019697	3	3
GO:0003917	DNA topoisomerase type I (single strand cut, ATP-independent) activity	1	0.00334183673469388	0.00333625901332119	0.930834698131999	4	6
GO:0003918	DNA topoisomerase type II (double strand cut, ATP-hydrolyzing) activity	0	0	1	0	1	0
GO:0003923	GPI-anchor transamidase activity	1	0.00125	0.00124843945068664	0.93483406582616	2	1
GO:0003941	L-serine ammonia-lyase activity	3	0.00272959183673469	3.38030925859122e-09	1.5797308931021	3	3
GO:0003943	N-acetylgalactosamine-4-sulfatase activity	0	0.000229591836734694	1	-0.000441506197876307	2	1
GO:0003945	N-acetyllactosamine synthase activity	0	0.000459183673469388	1	-0.000882742333834563	2	1
GO:0003951	NAD+ kinase activity	0	0	1	0	1	0
GO:0003953	NAD+ nucleosidase activity	7	0.0343112244897959	1.07792257706579e-14	2.0856864570413	9	36
GO:0003954	NADH dehydrogenase activity	0	0	1	0	1	0
GO:0003955	NAD(P)H dehydrogenase (quinone) activity	0	0.000816326530612245	1	-0.0015685736443245	2	1
GO:0003958	NADPH-hemoprotein reductase activity	0	0.00385204081632653	1	-0.00737196193733469	3	3
GO:0003960	NADPH:quinone reductase activity	0	0.00038265306122449	1	-0.000735693608334143	3	3
GO:0003973	(S)-2-hydroxy-acid oxidase activity	1	0.000918367346938775	0.000917524722193903	0.935470153217947	2	1
GO:0003976	UDP-N-acetylglucosamine-lysosomal-enzyme N-acetylglucosaminephosphotransferase activity	1	0.000816326530612245	0.000815993426738149	0.935665985313746	3	3
GO:0003977	UDP-N-acetylglucosamine diphosphorylase activity	1	0.000229591836734694	0.00022953913642276	0.936793052760194	2	1
GO:0003980	UDP-glucose:glycoprotein glucosyltransferase activity	1	0.00038265306122449	0.000382506693867143	0.936498865349736	2	1
GO:0003985	acetyl-CoA C-acetyltransferase activity	0	0	1	0	1	0
GO:0003986	acetyl-CoA hydrolase activity	0	0.000510204081632653	1	-0.000980758166643114	2	1
GO:0003987	acetate-CoA ligase activity	0	0	1	0	1	0
GO:0003988	acetyl-CoA C-acyltransferase activity	0	0	1	0	1	0
GO:0003989	acetyl-CoA carboxylase activity	1	0.00364795918367347	0.00363469994662329	0.930251280276827	2	1
GO:0003990	acetylcholinesterase activity	0	0.000153061224489796	1	-0.000294367488453351	2	1
GO:0003993	acid phosphatase activity	0	0	1	0	1	0
GO:0003994	aconitate hydratase activity	2	0.0100765306122449	5.0428048628568e-05	1.31235520546627	3	3
GO:0003995	acyl-CoA dehydrogenase activity	1	0.00864795918367347	0.00861067314478054	0.920788316511865	6	15
GO:0003997	acyl-CoA oxidase activity	0	0	1	0	1	0
GO:0003998	acylphosphatase activity	1	0.000102040816326531	0.000102030405060708	0.937038300619098	2	1
GO:0004000	adenosine deaminase activity	2	0.00168367346938776	1.41578824510264e-06	1.3282510520771	5	10
GO:0004016	adenylate cyclase activity	6	0.0153061224489796	1.76263196629763e-14	2.01487367169703	10	45
GO:0004017	adenylate kinase activity	0	0.000663265306122449	1	-0.00127472578075483	6	15
GO:0004020	adenylylsulfate kinase activity	1	0.00125	0.00124843945068664	0.93483406582616	2	1
GO:0004021	L-alanine:2-oxoglutarate aminotransferase activity	1	0.00102040816326531	0.00101936799184506	0.935274374272399	2	1
GO:0004022	alcohol dehydrogenase (NAD+) activity	3	0.0517602040816327	2.22330574533314e-05	1.49169497385911	9	36
GO:0004027	alcohol sulfotransferase activity	0	0	1	0	1	0
GO:0004028	3-chloroallyl aldehyde dehydrogenase activity	3	0.0116326530612245	2.59318248639991e-07	1.56292605577235	3	3
GO:0004030	aldehyde dehydrogenase [NAD(P)+] activity	3	0.0116326530612245	2.59318248639991e-07	1.56292605577235	3	3
GO:0004031	aldehyde oxidase activity	0	0	1	0	1	0
GO:0004032	aldose reductase (NADPH) activity	0	0.0247959183673469	1	-0.046186573828249	6	15
GO:0004033	aldo-keto reductase (NADPH) activity	3	0.050280612244898	2.04029808188353e-05	1.49420025519088	10	45
GO:0004035	alkaline phosphatase activity	0	0.00160714285714286	1	-0.00308488362010329	4	6
GO:0004040	amidase activity	0	0	1	0	1	0
GO:0004045	aminoacyl-tRNA hydrolase activity	0	0	1	0	1	0
GO:0004046	aminoacylase activity	0	0.00556122448979592	1	-0.0106189884061771	4	6
GO:0004047	aminomethyltransferase activity	1	0.00214285714285714	0.00213827512473272	0.933124305555586	2	1
GO:0004051	arachidonate 5-lipoxygenase activity	0	0	1	0	1	0
GO:0004052	arachidonate 12(S)-lipoxygenase activity	3	0.00864795918367347	1.06864604380522e-07	1.56851625827495	3	3
GO:0004053	arginase activity	1	0.00528061224489796	0.00526669428912819	0.927147662627982	3	3
GO:0004060	arylamine N-acetyltransferase activity	0	0.00038265306122449	1	-0.000735693608334143	2	1
GO:0004062	aryl sulfotransferase activity	6	0.00239795918367347	2.63527290068179e-19	2.03913340770688	8	28
GO:0004063	aryldialkylphosphatase activity	1	0.000331632653061225	0.000331522709305588	0.936596914489543	2	1
GO:0004064	arylesterase activity	1	0.000688775510204082	0.000688538358794138	0.935910850220013	3	3
GO:0004065	arylsulfatase activity	5	0.00959183673469388	6.71207249651185e-13	1.90243235446384	8	28
GO:0004066	asparagine synthase (glutamine-hydrolyzing) activity	0	0	1	0	1	0
GO:0004067	asparaginase activity	1	0.000153061224489796	0.000153037800336683	0.936940191469617	2	1
GO:0004068	aspartate 1-decarboxylase activity	1	0.00178571428571429	0.0017825311942959	0.933807723437539	2	1
GO:0004074	biliverdin reductase [NAD(P)+] activity	1	0.00038265306122449	0.000382506693867143	0.936498865349736	2	1
GO:0004081	bis(5'-nucleosyl)-tetraphosphatase (asymmetrical) activity	0	0	1	0	1	0
GO:0004082	bisphosphoglycerate mutase activity	6	0.0160714285714286	2.35512881144607e-14	2.01346064965764	4	6
GO:0004084	branched-chain-amino-acid transaminase activity	1	0.00142857142857143	0.0014265335235378	0.934491789416206	2	1
GO:0004087	carbamoyl-phosphate synthase (ammonia) activity	1	0.00321428571428571	0.00320398718405126	0.931077928238645	2	1
GO:0004088	carbamoyl-phosphate synthase (glutamine-hydrolyzing) activity	1	0.00321428571428571	0.00320398718405126	0.931077928238645	2	1
GO:0004090	carbonyl reductase (NADPH) activity	0	0.00318877551020408	1	-0.00610797485481962	4	6
GO:0004095	carnitine O-palmitoyltransferase activity	3	0.00471938775510204	1.74363721493597e-08	1.575940967464	3	3
GO:0004096	catalase activity	0	0.00227040816326531	1	-0.00435417438693553	3	3
GO:0004103	choline kinase activity	1	0.00275510204081633	0.00274753230894474	0.931954236328328	2	1
GO:0004104	cholinesterase activity	1	0.00176020408163265	0.00175865583057505	0.933856563785602	3	3
GO:0004105	choline-phosphate cytidylyltransferase activity	1	0.000408163265306122	0.000407996736026112	0.936449845777128	2	1
GO:0004109	coproporphyrinogen oxidase activity	0	0	1	0	1	0
GO:0004111	creatine kinase activity	2	0.00163265306122449	1.33132825419385e-06	1.32834876254395	6	15
GO:0004114	3',5'-cyclic-nucleotide phosphodiesterase activity	1	0.00048469387755102	0.000484576432449293	0.936302807043048	5	10
GO:0004117	calmodulin-activated dual specificity 3',5'-cyclic-GMP, 3',5'-cyclic-AMP phosphodiesterase activity	8	0.0203316326530612	7.11229210282582e-19	2.20247694381143	10	45
GO:0004118	3',5'-cGMP-stimulated cyclic-nucleotide phosphodiesterase activity	2	0.00137755102040816	9.47952488446487e-07	1.32883751350814	6	15
GO:0004119	3',5'-cGMP-inhibited cyclic-nucleotide phosphodiesterase activity	2	0.0010969387755102	6.01197546656051e-07	1.32937552232888	5	10
GO:0004122	cystathionine beta-synthase activity	1	0.00321428571428571	0.00320398718405126	0.931077928238645	2	1
GO:0004126	cytidine deaminase activity	5	0.00721938775510204	1.62445631801123e-13	1.90689594496628	7	21
GO:0004127	(d)CMP kinase activity	0	2.55102040816327e-05	1	-4.90695908794692e-05	2	1
GO:0004128	cytochrome-b5 reductase activity, acting on NAD(P)H	0	0.0048469387755102	1	-0.00926379942918654	6	15
GO:0004132	dCMP deaminase activity	0	0	1	0	1	0
GO:0004136	deoxyadenosine kinase activity	0	0	1	0	1	0
GO:0004137	deoxycytidine kinase activity	0	0	1	0	1	0
GO:0004138	deoxyguanosine kinase activity	0	0	1	0	1	0
GO:0004140	dephospho-CoA kinase activity	0	0	1	0	1	0
GO:0004142	diacylglycerol cholinephosphotransferase activity	0	0	1	0	1	0
GO:0004143	ATP-dependent diacylglycerol kinase activity	0	7.6530612244898e-05	1	-0.00014719875991176	3	3
GO:0004144	diacylglycerol O-acyltransferase activity	6	0.00826530612244898	4.39687996671933e-16	2.02800501410383	5	10
GO:0004145	diamine N-acetyltransferase activity	1	0.000892857142857143	0.000892060660124888	0.935519106257934	2	1
GO:0004146	dihydrofolate reductase activity	1	0.00737244897959184	0.00731849375775532	0.923190568367183	2	1
GO:0004151	dihydroorotase activity	1	0.0025	0.00249376558603491	0.932441534543472	2	1
GO:0004161	dimethylallyltranstransferase activity	1	0.00408163265306122	0.0040650406504065	0.929425578550636	2	1
GO:0004165	delta(3)-delta(2)-enoyl-CoA isomerase activity	1	0.0039030612244898	0.00389545417156359	0.929765458921957	3	3
GO:0004167	dopachrome isomerase activity	0	0.000102040816326531	1	-0.000196258338972743	2	1
GO:0004169	dolichyl-phosphate-mannose-protein mannosyltransferase activity	1	0.00229591836734694	0.00229328476267152	0.9328316102704	4	6
GO:0004174	electron-transferring-flavoprotein dehydrogenase activity	0	0	1	0	1	0
GO:0004176	ATP-dependent peptidase activity	5	0.00660714285714286	1.04350905664586e-13	1.90805233693731	6	15
GO:0004185	serine-type carboxypeptidase activity	0	0.000331632653061225	1	-0.000637644468527876	3	3
GO:0004239	initiator methionyl aminopeptidase activity	1	7.6530612244898e-05	7.65276838522956e-05	0.937087360198159	3	3
GO:0004300	enoyl-CoA hydratase activity	2	0.0165561224489796	0.000135549239292026	1.30031825094891	4	6
GO:0004301	epoxide hydrolase activity	0	0.000102040816326531	1	-0.000196258338972743	2	1
GO:0004305	ethanolamine kinase activity	1	0.00619897959183674	0.00617980555811971	0.925407728066743	4	6
GO:0004307	ethanolaminephosphotransferase activity	0	0.00224489795918367	1	-0.00430539678807718	2	1
GO:0004308	exo-alpha-sialidase activity	0	0.00186224489795918	1	-0.00357333672682525	4	6
GO:0004311	geranylgeranyl diphosphate synthase activity	0	0.00204081632653061	1	-0.00391505721121221	2	1
GO:0004314	[acyl-carrier-protein] S-malonyltransferase activity	1	0.00293367346938776	0.00292509220399339	0.931613323339293	2	1
GO:0004315	3-oxoacyl-[acyl-carrier-protein] synthase activity	1	0.00410714285714286	0.00409034323314956	0.929377037282124	2	1
GO:0004316	3-oxoacyl-[acyl-carrier-protein] reductase (NADPH) activity	1	0.0023469387755102	0.00234144355085005	0.932734071561517	2	1
GO:0004321	fatty-acyl-CoA synthase activity	1	7.6530612244898e-05	7.65276838522956e-05	0.937087360198159	3	3
GO:0004322	ferroxidase activity	3	0.0107397959183673	2.04804549741038e-07	1.56459380188072	4	6
GO:0004329	formate-tetrahydrofolate ligase activity	1	0.0036734693877551	0.00366002440016267	0.930202683414852	2	1
GO:0004331	fructose-2,6-bisphosphate 2-phosphatase activity	8	0.0215561224489796	1.13428996413495e-18	2.20024611405964	5	10
GO:0004335	galactokinase activity	0	0.000306122448979592	1	-0.000588614900424389	2	1
GO:0004336	galactosylceramidase activity	0	0	1	0	1	0
GO:0004337	(2E,6E)-farnesyl diphosphate synthase activity	1	0.00408163265306122	0.0040650406504065	0.929425578550636	2	1
GO:0004339	glucan 1,4-alpha-glucosidase activity	1	0.00431122448979592	0.0042927176204628	0.928988824681866	2	1
GO:0004340	glucokinase activity	0	0	1	0	1	0
GO:0004342	glucosamine-6-phosphate deaminase activity	1	0.00137755102040816	0.00137565598410353	0.934589566104996	2	1
GO:0004346	glucose-6-phosphatase activity	3	0.00301020408163265	4.53241069274733e-09	1.57919520884289	3	3
GO:0004348	glucosylceramidase activity	0	0	1	0	1	0
GO:0004352	glutamate dehydrogenase (NAD+) activity	1	0.00775510204081633	0.00769542324827866	0.92246905243288	2	1
GO:0004353	glutamate dehydrogenase [NAD(P)+] activity	1	0.00775510204081633	0.00769542324827866	0.92246905243288	2	1
GO:0004354	glutamate dehydrogenase (NADP+) activity	1	0.00775510204081633	0.00769542324827866	0.92246905243288	2	1
GO:0004357	glutamate-cysteine ligase activity	1	0.00336734693877551	0.00335604596765992	0.93078606195085	2	1
GO:0004359	glutaminase activity	3	0.0210459183673469	1.52932895250119e-06	1.5455739440291	4	6
GO:0004360	glutamine-fructose-6-phosphate transaminase (isomerizing) activity	1	0.00280612244897959	0.00279827016026456	0.93185681617551	2	1
GO:0004365	glyceraldehyde-3-phosphate dehydrogenase (NAD+) (phosphorylating) activity	0	0	1	0	1	0
GO:0004366	glycerol-3-phosphate O-acyltransferase activity	6	0.0201020408163265	8.98210651727694e-14	2.00606406929342	4	6
GO:0004368	glycerol-3-phosphate dehydrogenase (quinone) activity	1	0.00229591836734694	0.00229065920081446	0.9328316102704	2	1
GO:0004370	glycerol kinase activity	1	0.00163265306122449	0.00162999185004075	0.934100815140811	2	1
GO:0004373	alpha-1,4-glucan glucosyltransferase (UDP-glucose donor) activity	0	0	1	0	1	0
GO:0004376	glycolipid mannosyltransferase activity	3	0.00244897959183673	2.44197194037816e-09	1.5802669754647	3	3
GO:0004382	GDP phosphatase activity	0	0	1	0	1	0
GO:0004383	guanylate cyclase activity	5	0.0136734693877551	3.93789906159789e-12	1.89481710801435	8	28
GO:0004385	guanylate kinase activity	0	0.0136734693877551	1	-0.0258340189761255	7	21
GO:0004392	heme oxygenase (decyclizing) activity	1	0.00275510204081633	0.00274753230894474	0.931954236328328	2	1
GO:0004415	hyalurononglucosaminidase activity	0	0.00267857142857143	1	-0.00513416772691355	6	15
GO:0004416	hydroxyacylglutathione hydrolase activity	0	2.55102040816327e-05	1	-4.90695908794692e-05	2	1
GO:0004419	hydroxymethylglutaryl-CoA lyase activity	1	0.00229591836734694	0.00229065920081446	0.9328316102704	2	1
GO:0004421	hydroxymethylglutaryl-CoA synthase activity	1	0.00589285714285714	0.00585833481271081	0.925987240064527	2	1
GO:0004427	inorganic diphosphate phosphatase activity	3	0.00344387755102041	6.79000677905097e-09	1.57836811484289	4	6
GO:0004430	1-phosphatidylinositol 4-kinase activity	6	0.00910714285714286	7.85245065986122e-16	2.02642232219038	4	6
GO:0004439	phosphatidylinositol-4,5-bisphosphate 5-phosphatase activity	4	0.0353571428571429	6.33024232415445e-08	1.70716552306559	7	21
GO:0004441	inositol-1,4-bisphosphate 1-phosphatase activity	0	0.000459183673469388	1	-0.000882742333834563	2	1
GO:0004445	inositol-polyphosphate 5-phosphatase activity	1	0.00897959183673469	0.00893939570688167	0.920165039229675	4	6
GO:0004449	isocitrate dehydrogenase (NAD+) activity	3	0.00762755102040816	7.33992310695952e-08	1.57043741932916	3	3
GO:0004450	isocitrate dehydrogenase (NADP+) activity	1	0.00464285714285714	0.00462140063988624	0.928358424469261	2	1
GO:0004452	isopentenyl-diphosphate delta-isomerase activity	1	0.000918367346938775	0.000917524722193903	0.935470153217947	2	1
GO:0004459	L-lactate dehydrogenase activity	0	0.00489795918367347	1	-0.00936068312021188	3	3
GO:0004461	lactose synthase activity	0	0	1	0	1	0
GO:0004464	leukotriene-C4 synthase activity	0	0.00122448979591837	1	-0.00235158324136442	5	10
GO:0004465	lipoprotein lipase activity	21	0.0565816326530612	1.18682378177037e-46	2.81507357108835	8	28
GO:0004466	long-chain fatty acyl-CoA dehydrogenase activity	1	0.00288265306122449	0.00287850220633825	0.931710710611001	4	6
GO:0004468	L-lysine N-acetyltransferase activity, acting on acetyl phosphate as donor	0	0.000153061224489796	1	-0.000294367488453351	2	1
GO:0004470	malic enzyme activity	3	0.00375	8.75616523661738e-09	1.57778485423262	3	3
GO:0004473	malate dehydrogenase (decarboxylating) (NADP+) activity	3	0.00375	8.75616523661738e-09	1.57778485423262	3	3
GO:0004477	methenyltetrahydrofolate cyclohydrolase activity	3	0.0120663265306122	2.8929014030923e-07	1.56211739679039	3	3
GO:0004478	methionine adenosyltransferase activity	1	0.000918367346938775	0.000917524722193903	0.935470153217947	2	1
GO:0004485	methylcrotonoyl-CoA carboxylase activity	1	0.00142857142857143	0.0014265335235378	0.934491789416206	2	1
GO:0004487	methylenetetrahydrofolate dehydrogenase (NAD+) activity	3	0.0120663265306122	2.8929014030923e-07	1.56211739679039	3	3
GO:0004488	methylenetetrahydrofolate dehydrogenase (NADP+) activity	6	0.0207908163265306	1.09867038234241e-13	2.00480764972267	4	6
GO:0004500	dopamine beta-monooxygenase activity	0	0.000153061224489796	1	-0.000294367488453351	2	1
GO:0004503	tyrosinase activity	0	0.00178571428571429	1	-0.00342683552053125	2	1
GO:0004505	phenylalanine 4-monooxygenase activity	3	0.00525510204081633	2.40607936128376e-08	1.57492399586598	3	3
GO:0004507	steroid 11-beta-monooxygenase activity	1	0.00280612244897959	0.00279827016026456	0.93185681617551	2	1
GO:0004510	tryptophan 5-monooxygenase activity	1	0.00464285714285714	0.00462140063988624	0.928358424469261	2	1
GO:0004515	nicotinate-nucleotide adenylyltransferase activity	1	0.00497448979591837	0.00496213748685774	0.927728574695169	3	3
GO:0004517	nitric-oxide synthase activity	0	0	1	0	1	0
GO:0004518	nuclease activity	0	0.0114030612244898	1	-0.0216079640805862	7	21
GO:0004520	DNA endonuclease activity	0	0.00471938775510204	1	-0.00902153325715471	5	10
GO:0004522	ribonuclease A activity	0	0.000637755102040816	1	-0.0012257394970483	4	6
GO:0004523	RNA-DNA hybrid ribonuclease activity	1	0.00219387755102041	0.00219147275963124	0.933026727263866	3	3
GO:0004525	ribonuclease III activity	0	0	1	0	1	0
GO:0004526	ribonuclease P activity	45	0.176454081632653	8.789860741068e-91	3.1812565360526	10	45
GO:0004527	exonuclease activity	1	0.0036734693877551	0.00366673045336554	0.930202683414852	4	6
GO:0004528	phosphodiesterase I activity	0	0.00221938775510204	1	-0.00425661589064885	3	3
GO:0004531	deoxyribonuclease II activity	1	2.55102040816327e-05	2.55095533277212e-05	0.937185489367191	2	1
GO:0004532	RNA exonuclease activity	1	0.00716836734693878	0.00714273588354507	0.923575672157682	4	6
GO:0004534	5'-3' RNA exonuclease activity	3	0.00869897959183674	1.08761644802324e-07	1.56842033440241	3	3
GO:0004535	poly(A)-specific ribonuclease activity	17	0.0863010204081633	2.11742947363168e-33	2.61758034196505	10	45
GO:0004536	DNA nuclease activity	0	0	1	0	1	0
GO:0004549	tRNA-specific ribonuclease activity	1	0.000229591836734694	0.000229565482545771	0.936793052760194	3	3
GO:0004553	hydrolase activity, hydrolyzing O-glycosyl compounds	0	0.0123724489795918	1	-0.0234153767218666	4	6
GO:0004556	alpha-amylase activity	6	0.0185204081632653	5.51667882032092e-14	2.00895749015331	5	10
GO:0004557	alpha-galactosidase activity	0	0.00229591836734694	1	-0.00440294868767055	2	1
GO:0004558	alpha-1,4-glucosidase activity	9	0.0230102040816327	4.88119513397179e-21	2.27897068335081	5	10
GO:0004559	alpha-mannosidase activity	4	0.00323979591836735	4.57861170749898e-12	1.76595497480956	6	15
GO:0004560	alpha-L-fucosidase activity	1	2.55102040816327e-05	2.55095533277212e-05	0.937185489367191	2	1
GO:0004563	beta-N-acetylhexosaminidase activity	3	0.0106122448979592	1.97088689274682e-07	1.56483236639672	3	3
GO:0004566	beta-glucuronidase activity	1	0.00586734693877551	0.00585016762518745	0.926035553752663	3	3
GO:0004568	chitinase activity	1	0.000637755102040816	0.000637348629700446	0.936008819461022	2	1
GO:0004571	mannosyl-oligosaccharide 1,2-alpha-mannosidase activity	9	0.0142091836734694	6.42400109625376e-23	2.29510051671246	7	21
GO:0004572	mannosyl-oligosaccharide 1,3-1,6-alpha-mannosidase activity	1	0.000306122448979592	0.00030602876670407	0.936645944057646	2	1
GO:0004574	oligo-1,6-glucosidase activity	1	0.0026530612244898	0.0026460411154081	0.932149116113505	2	1
GO:0004579	dolichyl-diphosphooligosaccharide-protein glycotransferase activity	10	0.0785459183673469	2.27699001953882e-18	2.2578594526275	5	10
GO:0004583	dolichyl-phosphate-glucose-glycolipid alpha-glucosyltransferase activity	1	0.000459183673469388	0.000458972920597685	0.936351816624236	2	1
GO:0004586	ornithine decarboxylase activity	0	0.000994897959183673	1	-0.00191124493054273	2	1
GO:0004591	oxoglutarate dehydrogenase (succinyl-transferring) activity	1	0.00834183673469388	0.00830713996063781	0.921364127774086	3	3
GO:0004594	pantothenate kinase activity	3	0.00446428571428571	1.47627029109526e-08	1.57642574404169	3	3
GO:0004596	protein-N-terminal amino-acid acetyltransferase activity	8	0.0157142857142857	9.09433257510638e-20	2.21095163974877	7	21
GO:0004605	phosphatidate cytidylyltransferase activity	3	0.00727040816326531	6.35868967477557e-08	1.57111103632623	3	3
GO:0004609	phosphatidylserine decarboxylase activity	0	0	1	0	1	0
GO:0004613	phosphoenolpyruvate carboxykinase (GTP) activity	1	0.000918367346938775	0.000917524722193903	0.935470153217947	2	1
GO:0004614	phosphoglucomutase activity	0	0	1	0	1	0
GO:0004615	phosphomannomutase activity	1	0.000714285714285714	0.000713775874375446	0.935861870588662	2	1
GO:0004618	phosphoglycerate kinase activity	1	0.00206632653061225	0.00206206562969375	0.933270697746945	2	1
GO:0004619	phosphoglycerate mutase activity	3	0.0076530612244898	7.4136252728904e-08	1.5703893278914	3	3
GO:0004629	phospholipase C activity	0	0.0169132653061225	1	-0.0318219049294808	4	6
GO:0004630	phospholipase D activity	0	0.0014030612244898	1	-0.0026938828541403	3	3
GO:0004634	phosphopyruvate hydratase activity	1	0.00903061224489796	0.00898995846089754	0.920069198198451	3	3
GO:0004645	1,4-alpha-oligoglucan phosphorylase activity	0	0.000535714285714286	1	-0.00102976108914732	2	1
GO:0004649	poly(ADP-ribose) glycohydrolase activity	0	0	1	0	1	0
GO:0004651	polynucleotide 5'-phosphatase activity	0	0	1	0	1	0
GO:0004656	procollagen-proline 4-dioxygenase activity	4	0.00686224489795918	9.18903052611917e-11	1.75907941276117	4	6
GO:0004657	proline dehydrogenase activity	0	0.00122448979591837	1	-0.00235158324136442	2	1
GO:0004658	propionyl-CoA carboxylase activity	1	0.00255102040816327	0.00254452926208651	0.932344048561778	2	1
GO:0004659	prenyltransferase activity	6	0.0173214285714286	3.69592203850938e-14	2.01115864969027	5	10
GO:0004660	protein farnesyltransferase activity	1	0.00229591836734694	0.00229065920081446	0.9328316102704	2	1
GO:0004661	protein geranylgeranyltransferase activity	1	0.000255102040816327	0.000255036980362153	0.936744013192519	2	1
GO:0004662	CAAX-protein geranylgeranyltransferase activity	1	0.000255102040816327	0.000255036980362153	0.936744013192519	2	1
GO:0004663	Rab geranylgeranyltransferase activity	4	0.00875	2.42538871523518e-10	1.75552218067476	5	10
GO:0004666	prostaglandin-endoperoxide synthase activity	0	0	1	0	1	0
GO:0004667	prostaglandin-D synthase activity	1	0.000510204081632653	0.000509943906170321	0.936253800791427	2	1
GO:0004668	protein-arginine deiminase activity	0	0	1	0	1	0
GO:0004675	transmembrane receptor protein serine/threonine kinase activity	1	0.00704081632653061	0.00701608774841004	0.923816466471913	3	3
GO:0004687	myosin light chain kinase activity	0	0.00859693877551021	1	-0.0163503058161342	4	6
GO:0004689	phosphorylase kinase activity	5	0.00186224489795918	1.86349713604552e-16	1.91707779026365	4	6
GO:0004691	cAMP-dependent protein kinase activity	0	0.000306122448979592	1	-0.000588614900424389	2	1
GO:0004697	diacylglycerol-dependent serine/threonine kinase activity	3	0.00941326530612245	1.38039784325521e-07	1.56707873783021	7	21
GO:0004703	G protein-coupled receptor kinase activity	1	0.00260204081632653	0.00259865844244927	0.932246575752975	4	6
GO:0004705	JUN kinase activity	0	0.00288265306122449	1	-0.00552384834706998	5	10
GO:0004707	MAP kinase activity	0	0.00288265306122449	1	-0.00552384834706998	5	10
GO:0004720	protein-lysine 6-oxidase activity	0	0.000535714285714286	1	-0.00102976108914732	3	3
GO:0004723	calcium-dependent protein serine/threonine phosphatase activity	0	0.000229591836734694	1	-0.000441506197876307	2	1
GO:0004735	pyrroline-5-carboxylate reductase activity	3	0.00711734693877551	5.96639681142462e-08	1.57139992200108	3	3
GO:0004739	pyruvate dehydrogenase (acetyl-transferring) activity	0	0.00160714285714286	1	-0.00308488362010329	2	1
GO:0004740	pyruvate dehydrogenase (acetyl-transferring) kinase activity	1	0.000892857142857143	0.000892458664521933	0.935519106257934	4	6
GO:0004741	[pyruvate dehydrogenase (acetyl-transferring)]-phosphatase activity	0	7.6530612244898e-05	1	-0.00014719875991176	2	1
GO:0004748	ribonucleoside-diphosphate reductase activity, thioredoxin disulfide as acceptor	0	0	1	0	1	0
GO:0004749	ribose phosphate diphosphokinase activity	3	0.00714285714285714	6.03062799160609e-08	1.57135176635364	3	3
GO:0004750	D-ribulose-phosphate 3-epimerase activity	1	0.000408163265306122	0.000407996736026112	0.936449845777128	2	1
GO:0004756	selenide, water dikinase activity	1	0.000918367346938775	0.000917524722193903	0.935470153217947	2	1
GO:0004758	serine C-palmitoyltransferase activity	10	0.0196173469387755	2.28097218522552e-24	2.35825657475636	5	10
GO:0004767	sphingomyelin phosphodiesterase activity	10	0.0146938775510204	1.27414736732251e-25	2.36731313030717	5	10
GO:0004768	stearoyl-CoA 9-desaturase activity	2	0.00466836734693878	1.08629528296569e-05	1.32255790235984	3	3
GO:0004769	steroid Delta-isomerase activity	0	0	1	0	1	0
GO:0004771	sterol ester esterase activity	1	0.0228826530612245	0.022622830737008	0.894508355962374	5	10
GO:0004772	sterol O-acyltransferase activity	1	0.000229591836734694	0.00022953913642276	0.936793052760194	2	1
GO:0004775	succinate-CoA ligase (ADP-forming) activity	0	0	1	0	1	0
GO:0004776	succinate-CoA ligase (GDP-forming) activity	0	0	1	0	1	0
GO:0004778	succinyl-CoA hydrolase activity	0	0.0014030612244898	1	-0.0026938828541403	2	1
GO:0004781	sulfate adenylyltransferase (ATP) activity	1	0.00125	0.00124843945068664	0.93483406582616	2	1
GO:0004782	sulfinoalanine decarboxylase activity	1	0.00178571428571429	0.0017825311942959	0.933807723437539	2	1
GO:0004784	superoxide dismutase activity	1	0.00946428571428572	0.00941964031885107	0.919255063151196	5	10
GO:0004791	thioredoxin-disulfide reductase (NADPH) activity	5	0.0250255102040816	8.01085966228584e-11	1.87405042195549	6	15
GO:0004792	thiosulfate-cyanide sulfurtransferase activity	3	0.00895408163265306	1.18583206581065e-07	1.56794090628397	3	3
GO:0004794	threonine deaminase activity	1	0.000892857142857143	0.000892060660124888	0.935519106257934	2	1
GO:0004796	thromboxane-A synthase activity	0	0	1	0	1	0
GO:0004797	thymidine kinase activity	1	0.000535714285714286	0.000535427449580582	0.936204797868923	2	1
GO:0004800	thyroxine 5'-deiodinase activity	1	5.10204081632653e-05	5.10178052140197e-05	0.937136423114039	2	1
GO:0004813	alanine-tRNA ligase activity	1	0.00436224489795918	0.00434329836681822	0.928891804167874	2	1
GO:0004814	arginine-tRNA ligase activity	1	0.00918367346938776	0.00910010111223458	0.91978175148397	2	1
GO:0004815	aspartate-tRNA ligase activity	1	0.00255102040816327	0.00254452926208651	0.932344048561778	2	1
GO:0004816	asparagine-tRNA ligase activity	1	0.00298469387755102	0.00297581198972455	0.931515949213815	2	1
GO:0004817	cysteine-tRNA ligase activity	1	0.00107142857142857	0.00107028184088477	0.935176504721955	2	1
GO:0004818	glutamate-tRNA ligase activity	0	0	1	0	1	0
GO:0004821	histidine-tRNA ligase activity	1	0.000229591836734694	0.00022953913642276	0.936793052760194	2	1
GO:0004822	isoleucine-tRNA ligase activity	1	0.0110204081632653	0.0109002825999193	0.916341295738927	2	1
GO:0004823	leucine-tRNA ligase activity	0	0	1	0	1	0
GO:0004825	methionine-tRNA ligase activity	1	0.00630102040816327	0.00626156615205212	0.925214660813548	2	1
GO:0004826	phenylalanine-tRNA ligase activity	5	0.00214285714285714	3.75845448771601e-16	1.91654087358799	4	6
GO:0004827	proline-tRNA ligase activity	0	0	1	0	1	0
GO:0004828	serine-tRNA ligase activity	0	0.00127551020408163	1	-0.00244939970641966	2	1
GO:0004829	threonine-tRNA ligase activity	3	0.00714285714285714	6.03062799160609e-08	1.57135176635364	3	3
GO:0004830	tryptophan-tRNA ligase activity	1	0.000637755102040816	0.000637348629700446	0.936008819461022	2	1
GO:0004831	tyrosine-tRNA ligase activity	0	0	1	0	1	0
GO:0004832	valine-tRNA ligase activity	1	0.00326530612244898	0.0032546786004882	0.930980626354037	2	1
GO:0004833	tryptophan 2,3-dioxygenase activity	3	0.00762755102040816	7.33992310695952e-08	1.57043741932916	3	3
GO:0004839	ubiquitin activating enzyme activity	0	0.000306122448979592	1	-0.000588614900424389	2	1
GO:0004844	uracil DNA N-glycosylase activity	5	0.00510204081632653	2.86874370637294e-14	1.91090303917757	4	6
GO:0004849	uridine kinase activity	3	0.00216836734693878	1.69553053610123e-09	1.58080345652286	3	3
GO:0004850	uridine phosphorylase activity	1	0.00163265306122449	0.00162999185004075	0.934100815140811	2	1
GO:0004859	phospholipase inhibitor activity	0	0.00142857142857143	1	-0.00274276954186492	3	3
GO:0004861	cyclin-dependent protein serine/threonine kinase inhibitor activity	1	0.00594387755102041	0.00592624765811929	0.925890622394889	6	15
GO:0004862	cAMP-dependent protein kinase inhibitor activity	7	0.0102551020408163	2.34559283438796e-18	2.12937854068482	7	21
GO:0004873	asialoglycoprotein receptor activity	1	0.000153061224489796	0.000153037800336683	0.936940191469617	2	1
GO:0004875	complement receptor activity	3	0.0025	2.59928873359014e-09	1.58016947630656	5	10
GO:0004878	complement component C5a receptor activity	1	0.000408163265306122	0.000408079978011384	0.936449845777128	3	3
GO:0004897	ciliary neurotrophic factor receptor activity	2	0.00408163265306122	8.30721939352874e-06	1.32367352595378	3	3
GO:0004903	growth hormone receptor activity	0	0.000153061224489796	1	-0.000294367488453351	2	1
GO:0004905	type I interferon receptor activity	0	0	1	0	1	0
GO:0004906	type II interferon receptor activity	1	0.000153061224489796	0.000153037800336683	0.936940191469617	2	1
GO:0004908	interleukin-1 receptor activity	8	0.0155102040816327	8.19280350354012e-20	2.21132851933961	6	15
GO:0004909	interleukin-1, type I, activating receptor activity	1	0.00196428571428571	0.00196043486009624	0.933465933561235	2	1
GO:0004910	interleukin-1, type II, blocking receptor activity	0	0	1	0	1	0
GO:0004911	interleukin-2 receptor activity	3	0.0060969387755102	3.75436406668527e-08	1.57332878877093	3	3
GO:0004912	interleukin-3 receptor activity	1	0.000459183673469388	0.000458972920597685	0.936351816624236	2	1
GO:0004913	interleukin-4 receptor activity	1	0.00196428571428571	0.00196043486009624	0.933465933561235	2	1
GO:0004914	interleukin-5 receptor activity	1	0.000612244897959184	0.000611870283499898	0.936057809071585	2	1
GO:0004915	interleukin-6 receptor activity	0	0	1	0	1	0
GO:0004917	interleukin-7 receptor activity	1	0.00224489795918367	0.00223986968030951	0.932929162169993	2	1
GO:0004918	interleukin-8 receptor activity	0	0	1	0	1	0
GO:0004920	interleukin-10 receptor activity	1	0.00196428571428571	0.00196043486009624	0.933465933561235	2	1
GO:0004921	interleukin-11 receptor activity	1	0.0026530612244898	0.00264954496580695	0.932149116113505	3	3
GO:0004923	leukemia inhibitory factor receptor activity	0	0	1	0	1	0
GO:0004924	oncostatin-M receptor activity	1	0.00142857142857143	0.0014265335235378	0.934491789416206	2	1
GO:0004925	prolactin receptor activity	0	0.000892857142857143	1	-0.00171545270013673	2	1
GO:0004931	extracellularly ATP-gated monoatomic cation channel activity	20	0.0417091836734694	1.00289815772984e-46	2.80580767689779	7	21
GO:0004937	alpha1-adrenergic receptor activity	3	0.000306122448979592	4.77970771086848e-12	1.58437388582073	3	3
GO:0004938	alpha2-adrenergic receptor activity	0	0	1	0	1	0
GO:0004939	beta-adrenergic receptor activity	1	0.000535714285714286	0.000535427449580582	0.936204797868923	2	1
GO:0004941	beta2-adrenergic receptor activity	0	0	1	0	1	0
GO:0004945	angiotensin type II receptor activity	2	0.00130102040816327	8.45593350062091e-07	1.32898420339587	4	6
GO:0004946	bombesin receptor activity	1	0.000510204081632653	0.000509943906170321	0.936253800791427	2	1
GO:0004947	bradykinin receptor activity	1	0.000306122448979592	0.00030602876670407	0.936645944057646	2	1
GO:0004948	calcitonin receptor activity	1	0.00204081632653061	0.00203665987780041	0.933319501746858	2	1
GO:0004949	cannabinoid receptor activity	2	0.00104591836734694	5.46591322833163e-07	1.3294733852405	3	3
GO:0004951	cholecystokinin receptor activity	0	0.000153061224489796	1	-0.000294367488453351	2	1
GO:0004952	dopamine neurotransmitter receptor activity	0	0.00290816326530612	1	-0.00557254362642456	3	3
GO:0004957	prostaglandin E receptor activity	2	0.000510204081632653	1.3010983800113e-07	1.33050174819457	3	3
GO:0004962	endothelin receptor activity	1	0.00107142857142857	0.00107028184088477	0.935176504721955	2	1
GO:0004965	G protein-coupled GABA receptor activity	3	0.00326530612244898	5.78365465442219e-09	1.57870856811712	3	3
GO:0004966	galanin receptor activity	6	0.00451530612244898	1.17173587547926e-17	2.0350976825634	4	6
GO:0004967	glucagon receptor activity	1	0.000229591836734694	0.00022953913642276	0.936793052760194	2	1
GO:0004968	gonadotropin-releasing hormone receptor activity	0	0	1	0	1	0
GO:0004969	histamine receptor activity	0	0	1	0	1	0
GO:0004970	glutamate-gated receptor activity	9	0.0374234693877551	3.83626284229719e-19	2.25331017613746	8	28
GO:0004971	AMPA glutamate receptor activity	3	0.0101275510204082	1.71816215908113e-07	1.56573963179209	4	6
GO:0004972	NMDA glutamate receptor activity	10	0.0191326530612245	1.77696848352453e-24	2.35914312377888	5	10
GO:0004974	leukotriene receptor activity	2	0.000331632653061225	5.49779521230331e-08	1.33084486189269	4	6
GO:0004977	melanocortin receptor activity	0	0.0024234693877551	1	-0.00464677073509745	4	6
GO:0004980	melanocyte-stimulating hormone receptor activity	0	0.000586734693877551	1	-0.00112775694861655	3	3
GO:0004982	N-formyl peptide receptor activity	3	0.000841836734693878	9.93497464622802e-11	1.58334496406847	3	3
GO:0004983	neuropeptide Y receptor activity	0	0.00308673469387755	1	-0.00591331857071475	8	28
GO:0004985	G protein-coupled opioid receptor activity	1	0.000943877551020408	0.000943432238722528	0.935421203499851	4	6
GO:0004991	parathyroid hormone receptor activity	1	0.000229591836734694	0.00022953913642276	0.936793052760194	2	1
GO:0004992	platelet activating factor receptor activity	0	0	1	0	1	0
GO:0004993	G protein-coupled serotonin receptor activity	7	0.0161224489795918	5.53937255034525e-17	2.11847540022563	9	36
GO:0004994	somatostatin receptor activity	0	0	1	0	1	0
GO:0004995	tachykinin receptor activity	0	0.000841836734693878	1	-0.00161753665268849	3	3
GO:0004996	thyroid-stimulating hormone receptor activity	1	0.00168367346938776	0.00168084347781796	0.934003104673957	2	1
GO:0004998	transferrin receptor activity	1	0.00214285714285714	0.00213827512473272	0.933124305555586	2	1
GO:0004999	vasoactive intestinal polypeptide receptor activity	1	0.00112244897959184	0.00112181926929784	0.935078648448258	3	3
GO:0005000	vasopressin receptor activity	3	0.0130867346938776	3.69897517811106e-07	1.56021823813281	6	15
GO:0005003	ephrin receptor activity	0	0.0101275510204082	1	-0.0192228689290642	6	15
GO:0005024	transforming growth factor beta receptor activity	2	0.00829081632653061	3.41794432812703e-05	1.3157080884238	5	10
GO:0005025	transforming growth factor beta receptor activity, type I	2	0.0139030612244898	9.57564108928812e-05	1.3052225087182	5	10
GO:0005026	transforming growth factor beta receptor activity, type II	2	0.0139030612244898	9.57564108928812e-05	1.3052225087182	5	10
GO:0005030	neurotrophin receptor activity	0	0.00224489795918367	1	-0.00430539678807718	2	1
GO:0005031	tumor necrosis factor receptor activity	1	0.0178316326530612	0.017673589872697	0.903724303297752	9	36
GO:0005035	death receptor activity	0	0	1	0	1	0
GO:0005042	netrin receptor activity	0	0.00477040816326531	1	-0.00911844949006213	5	10
GO:0005046	KDEL sequence binding	3	0.000663265306122449	4.85984636430168e-11	1.5836877749404	3	3
GO:0005047	signal recognition particle binding	6	0.0314285714285714	1.30292457423781e-12	1.98567580574862	6	15
GO:0005048	signal sequence binding	0	0	1	0	1	0
GO:0005049	nuclear export signal receptor activity	1	0.00803571428571429	0.00800351424151767	0.921940399041359	6	15
GO:0005052	peroxisome matrix targeting signal-1 binding	0	0	1	0	1	0
GO:0005055	laminin receptor activity	0	0.000280612244897959	1	-0.000539581999583372	2	1
GO:0005078	MAP-kinase scaffold activity	4	0.00622448979591837	6.22359625416458e-11	1.76028515556262	6	15
GO:0005092	GDP-dissociation inhibitor activity	0	0.0256887755102041	1	-0.0477957502638031	8	28
GO:0005093	Rab GDP-dissociation inhibitor activity	1	0.00397959183673469	0.0039638174611241	0.929619776295905	2	1
GO:0005094	Rho GDP-dissociation inhibitor activity	3	0.000969387755102041	1.5167721249338e-10	1.58310019886628	3	3
GO:0005095	GTPase inhibitor activity	1	0.00989795918367347	0.00984913560305502	0.918441845926067	10	45
GO:0005105	type 1 fibroblast growth factor receptor binding	3	0.0162755102040816	7.09828562055185e-07	1.5543153908796	6	15
GO:0005111	type 2 fibroblast growth factor receptor binding	0	0.00538265306122449	1	-0.0102804297729141	5	10
GO:0005113	patched binding	6	0.0501275510204082	2.11093422732089e-11	1.95322883943191	5	10
GO:0005114	type II transforming growth factor beta receptor binding	5	0.0271683673469388	1.20588830333011e-10	1.87019661951067	7	21
GO:0005119	smoothened binding	1	0.0176785714285714	0.017523222282084	0.904005420807329	4	6
GO:0005124	scavenger receptor binding	1	0.00119897959183673	0.00119826110289984	0.934931888923739	3	3
GO:0005127	ciliary neurotrophic factor receptor binding	6	0.0130357142857143	6.73945055414457e-15	2.01908199731127	5	10
GO:0005128	erythropoietin receptor binding	0	0.00107142857142857	1	-0.00205805423611594	2	1
GO:0005131	growth hormone receptor binding	7	0.0243112244897959	9.7494565624565e-16	2.103528759044	6	15
GO:0005134	interleukin-2 receptor binding	0	0.00135204081632653	1	-0.00259609953821927	3	3
GO:0005135	interleukin-3 receptor binding	0	0.000994897959183673	1	-0.00191124493054273	2	1
GO:0005137	interleukin-5 receptor binding	0	0.00168367346938776	1	-0.00323145428411353	2	1
GO:0005138	interleukin-6 receptor binding	1	0.022780612244898	0.0225230932842379	0.894693376167414	4	6
GO:0005139	interleukin-7 receptor binding	0	0.000918367346938775	1	-0.00176440574012327	2	1
GO:0005143	interleukin-12 receptor binding	5	0.00538265306122449	3.74845648497261e-14	1.91037069721756	4	6
GO:0005146	leukemia inhibitory factor receptor binding	1	0.000892857142857143	0.000892060660124888	0.935519106257934	2	1
GO:0005148	prolactin receptor binding	1	0.00336734693877551	0.00335604596765992	0.93078606195085	2	1
GO:0005149	interleukin-1 receptor binding	1	0.00780612244897959	0.00777573379905351	0.922372904812552	10	45
GO:0005150	interleukin-1, type I receptor binding	0	0.000204081632653061	1	-0.000392463296103651	2	1
GO:0005151	interleukin-1, type II receptor binding	0	0	1	0	1	0
GO:0005152	interleukin-1 receptor antagonist activity	0	0.000280612244897959	1	-0.000539581999583372	3	3
GO:0005157	macrophage colony-stimulating factor receptor binding	1	0.00038265306122449	0.000382506693867143	0.936498865349736	2	1
GO:0005160	transforming growth factor beta receptor binding	2	0.0336989795918367	0.0005552139531756	1.26940848348892	9	36
GO:0005161	platelet-derived growth factor receptor binding	6	0.0153826530612245	1.81605723506942e-14	2.01473224487166	8	28
GO:0005163	nerve growth factor receptor binding	3	0.00520408163265306	2.33984017473077e-08	1.57502078855588	5	10
GO:0005168	neurotrophin TRKA receptor binding	0	0.000841836734693878	1	-0.00161753665268849	2	1
GO:0005171	hepatocyte growth factor receptor binding	0	0	1	0	1	0
GO:0005172	vascular endothelial growth factor receptor binding	2	0.0024234693877551	2.93186030130776e-06	1.32683573562612	3	3
GO:0005173	stem cell factor receptor binding	0	0.000586734693877551	1	-0.00112775694861655	3	3
GO:0005174	CD40 receptor binding	0	0	1	0	1	0
GO:0005176	ErbB-2 class receptor binding	0	0.000739795918367347	1	-0.0014216646752595	3	3
GO:0005183	gonadotropin hormone-releasing hormone activity	1	0.000357142857142857	0.000357015351660121	0.936547888253724	2	1
GO:0005185	neurohypophyseal hormone activity	1	0.00165816326530612	0.00165541831147332	0.934051958252957	2	1
GO:0005216	monoatomic ion channel activity	0	0.0156377551020408	1	-0.0294703983469834	9	36
GO:0005219	ryanodine-sensitive calcium-release channel activity	3	0.00487244897959184	1.91855640831199e-08	1.57565025781991	3	3
GO:0005222	intracellularly cAMP-activated cation channel activity	8	0.00880102040816326	8.85821721021864e-22	2.2238293690635	9	36
GO:0005223	intracellularly cGMP-activated cation channel activity	5	0.00423469387755102	1.13082746923825e-14	1.91255094795682	7	21
GO:0005225	volume-sensitive anion channel activity	4	0.000969387755102041	3.67656359308812e-14	1.77029795625703	6	15
GO:0005230	extracellular ligand-gated monoatomic ion channel activity	0	0	1	0	1	0
GO:0005231	excitatory extracellular ligand-gated monoatomic ion channel activity	10	0.0165051020408163	4.07289374025296e-25	2.36396820879574	12	66
GO:0005244	voltage-gated monoatomic ion channel activity	2	0.0306122448979592	0.000459101307999497	1.27487720113722	9	36
GO:0005247	voltage-gated chloride channel activity	0	0.00275510204081633	1	-0.00528032262974254	8	28
GO:0005250	A-type (transient outward) potassium channel activity	3	0.00176020408163265	9.0774634894614e-10	1.58158450554869	4	6
GO:0005253	monoatomic anion channel activity	1	0.00204081632653061	0.00203873527681211	0.933319501746858	7	21
GO:0005275	amine transmembrane transporter activity	0	0	1	0	1	0
GO:0005277	acetylcholine transmembrane transporter activity	0	0.000178571428571429	1	-0.000343417059780471	2	1
GO:0005280	amino acid:proton symporter activity	1	0.000357142857142857	0.00035707908922362	0.936547888253724	3	3
GO:0005283	amino acid:sodium symporter activity	1	7.6530612244898e-05	7.65276838522956e-05	0.937087360198159	3	3
GO:0005290	L-histidine transmembrane transporter activity	1	0.000127551020408163	0.000127542886122598	0.936989244376402	3	3
GO:0005295	neutral L-amino acid:sodium symporter activity	1	7.6530612244898e-05	7.65276838522956e-05	0.937087360198159	3	3
GO:0005297	proline:proton symporter activity	1	0.000204081632653061	0.0002040399918384	0.936842095661967	2	1
GO:0005298	proline:sodium symporter activity	1	0.000178571428571429	0.000178555485642833	0.93689114189829	3	3
GO:0005308	creatine transmembrane transporter activity	0	7.6530612244898e-05	1	-0.00014719875991176	2	1
GO:0005313	L-glutamate transmembrane transporter activity	5	0.0126785714285714	2.70136039028281e-12	1.89666592795964	10	45
GO:0005314	high-affinity L-glutamate transmembrane transporter activity	2	0.000433673469387755	9.40091560693823e-08	1.33064877693859	4	6
GO:0005315	phosphate transmembrane transporter activity	0	0	1	0	1	0
GO:0005330	dopamine:sodium symporter activity	0	0	1	0	1	0
GO:0005332	gamma-aminobutyric acid:sodium:chloride symporter activity	1	0.000178571428571429	0.000178555485642833	0.93689114189829	3	3
GO:0005335	serotonin:sodium:chloride symporter activity	1	0.00561224489795918	0.00559652563110384	0.926518868692315	3	3
GO:0005337	nucleoside transmembrane transporter activity	3	0.000459183673469388	1.61308963224619e-11	1.58407975838732	4	6
GO:0005338	nucleotide-sugar transmembrane transporter activity	0	0	1	0	1	0
GO:0005343	organic acid:sodium symporter activity	0	7.6530612244898e-05	1	-0.00014719875991176	3	3
GO:0005344	oxygen carrier activity	17	0.0308928571428571	5.8056135123785e-41	2.70988510786899	11	55
GO:0005347	ATP transmembrane transporter activity	0	0.000178571428571429	1	-0.000343417059780471	3	3
GO:0005351	carbohydrate:proton symporter activity	0	0	1	0	1	0
GO:0005353	fructose transmembrane transporter activity	0	0.000153061224489796	1	-0.000294367488453351	2	1
GO:0005354	galactose transmembrane transporter activity	0	0.000153061224489796	1	-0.000294367488453351	2	1
GO:0005356	D-glucose:proton symporter activity	0	0	1	0	1	0
GO:0005362	low-affinity D-glucose:sodium symporter activity	0	0	1	0	1	0
GO:0005367	myo-inositol:sodium symporter activity	0	0	1	0	1	0
GO:0005368	taurine transmembrane transporter activity	0	5.10204081632653e-05	1	-9.81358440319546e-05	2	1
GO:0005369	taurine:sodium symporter activity	1	2.55102040816327e-05	2.55095533277212e-05	0.937185489367191	2	1
GO:0005372	water transmembrane transporter activity	0	0.000357142857142857	1	-0.000686670704346692	3	3
GO:0005375	copper ion transmembrane transporter activity	5	0.00596938775510204	6.28503160619621e-14	1.90925888644492	5	10
GO:0005381	iron ion transmembrane transporter activity	4	0.00698979591836735	9.8905062261324e-11	1.75883850586234	7	21
GO:0005384	manganese ion transmembrane transporter activity	2	0.00155612244897959	1.20950321174555e-06	1.32849535306513	5	10
GO:0005388	P-type calcium transporter activity	3	0.00354591836734694	7.41105561109362e-09	1.57817364223392	4	6
GO:0005391	P-type sodium:potassium-exchanging transporter activity	12	0.0417602040816327	5.65034773903874e-26	2.44603359597273	7	21
GO:0005412	D-glucose:sodium symporter activity	0	0.000153061224489796	1	-0.000294367488453351	2	1
GO:0005427	proton-dependent oligopeptide secondary active transmembrane transporter activity	0	0	1	0	1	0
GO:0005432	calcium:sodium antiporter activity	3	0.000306122448979592	4.77970771086848e-12	1.58437388582073	3	3
GO:0005436	sodium:phosphate symporter activity	7	0.0139795918367347	2.04512128027764e-17	2.12243833967092	7	21
GO:0005459	UDP-galactose transmembrane transporter activity	0	0.00048469387755102	1	-0.000931751915023038	3	3
GO:0005460	UDP-glucose transmembrane transporter activity	0	5.10204081632653e-05	1	-9.81358440319546e-05	2	1
GO:0005461	UDP-glucuronate transmembrane transporter activity	0	0.000229591836734694	1	-0.000441506197876307	2	1
GO:0005462	UDP-N-acetylglucosamine transmembrane transporter activity	4	0.00135204081632653	1.39084339395395e-13	1.76956415857369	4	6
GO:0005463	UDP-N-acetylgalactosamine transmembrane transporter activity	0	0.000229591836734694	1	-0.000441506197876307	2	1
GO:0005471	ATP:ADP antiporter activity	6	0.0186224489795918	5.70108038227208e-14	2.00877046720167	5	10
GO:0005483	soluble NSF attachment protein activity	1	0.00107142857142857	0.00107028184088477	0.935176504721955	2	1
GO:0005497	androgen binding	0	0.000229591836734694	1	-0.000441506197876307	2	1
GO:0005499	vitamin D binding	1	0.00635204081632653	0.00633190925311781	0.925118146561271	5	10
GO:0005501	retinoid binding	0	0.00130102040816327	1	-0.00249830296534115	4	6
GO:0005502	11-cis retinal binding	0	0.0118622448979592	1	-0.0224646714502221	5	10
GO:0005503	all-trans retinal binding	1	0.00385204081632653	0.00384463121506112	0.929862597020736	3	3
GO:0005520	insulin-like growth factor binding	2	0.00387755102040816	7.49829567397219e-06	1.32406197373939	6	15
GO:0005522	profilin binding	1	0.00614795918367347	0.00612909915263863	0.925504281074577	6	15
GO:0005528	FK506 binding	1	0.0122959183673469	0.0122206324488544	0.913961708173463	6	15
GO:0005534	galactose binding	0	0.00252551020408163	1	-0.00484176905227984	4	6
GO:0005536	D-glucose binding	1	0.00982142857142857	0.00977335547059012	0.918585288246583	3	3
GO:0005542	folic acid binding	2	0.0223979591836735	0.000247120108932685	1.28963557230444	6	15
GO:0005545	1-phosphatidylinositol binding	1	0.0360969387755102	0.0354532130334582	0.870940542290161	11	55
GO:0005548	phospholipid transporter activity	0	0.00553571428571429	1	-0.0105706326146093	8	28
GO:0008028	monocarboxylic acid transmembrane transporter activity	1	0.00086734693877551	0.00086697090214534	0.935568062620262	7	21
GO:0008035	high-density lipoprotein particle binding	2	0.0448469387755102	0.000976057503494766	1.24999606988204	8	28
GO:0008046	axon guidance receptor activity	1	0.0534183673469388	0.0520166757609238	0.84116969011658	10	45
GO:0008048	calcium sensitive guanylate cyclase activator activity	3	0.00405612244897959	1.10881959411727e-08	1.57720206484892	5	10
GO:0008061	chitin binding	1	0.000892857142857143	0.000892458664495496	0.935519106257934	3	3
GO:0008066	glutamate receptor activity	9	0.0354591836734694	2.3655822270681e-19	2.2567540093875	11	55
GO:0008073	ornithine decarboxylase inhibitor activity	0	0.000688775510204082	1	-0.00132370873805776	3	3
GO:0008080	N-acetyltransferase activity	1	0.0133673469387755	0.0132784007227515	0.911968903126604	7	21
GO:0008081	phosphoric diester hydrolase activity	7	0.0268877551020408	1.96895426180158e-15	2.09888926143409	10	45
GO:0008097	5S rRNA binding	0	0.000663265306122449	1	-0.00127472578075483	2	1
GO:0008106	alcohol dehydrogenase (NADP+) activity	0	0.00563775510204082	1	-0.010764036334635	2	1
GO:0008107	galactoside 2-alpha-L-fucosyltransferase activity	1	0.00969387755102041	0.00960080848913593	0.918824422185602	2	1
GO:0008109	N-acetyllactosaminide beta-1,6-N-acetylglucosaminyltransferase activity	1	0.00563775510204082	0.00562189274236476	0.926470522623436	3	3
GO:0008113	peptide-methionine (S)-S-oxide reductase activity	0	0.00102040816326531	1	-0.0019601846856715	2	1
GO:0008118	N-acetyllactosaminide alpha-2,3-sialyltransferase activity	0	0.0025	1	-0.00479302441459906	2	1
GO:0008124	4-alpha-hydroxytetrahydrobiopterin dehydratase activity	1	0.00142857142857143	0.0014265335235378	0.934491789416206	2	1
GO:0008126	acetylesterase activity	0	0	1	0	1	0
GO:0008131	primary methylamine oxidase activity	1	0.00446428571428571	0.00445433558661881	0.9286978022786	3	3
GO:0008140	cAMP response element binding protein binding	4	0.0223979591836735	1.03001515442191e-08	1.73031332405513	7	21
GO:0008147	structural constituent of bone	1	0.00127551020408163	0.00127388535031847	0.934785159251651	2	1
GO:0008158	hedgehog receptor activity	1	0.0127040816326531	0.0126237243706505	0.913201895046786	3	3
GO:0008160	protein tyrosine phosphatase activator activity	0	0.0025765306122449	1	-0.00493924844708282	4	6
GO:0008170	N-methyltransferase activity	0	0.000892857142857143	1	-0.00171545270013673	2	1
GO:0008171	O-methyltransferase activity	0	0.00908163265306122	1	-0.0172611890587239	4	6
GO:0008173	RNA methyltransferase activity	1	0.00813775510204082	0.00810473320839668	0.921748257461893	5	10
GO:0008175	tRNA methyltransferase activity	3	0.00173469387755102	8.68864964109956e-10	1.58163334920381	6	15
GO:0008179	adenylate cyclase binding	2	0.0170918367346939	0.000144411709472164	1.29933200137769	9	36
GO:0008184	glycogen phosphorylase activity	3	0.0116326530612245	2.59318248639991e-07	1.56292605577235	3	3
GO:0008186	ATP-dependent activity, acting on RNA	0	0.000892857142857143	1	-0.00171545270013673	3	3
GO:0008190	eukaryotic initiation factor 4E binding	3	0.00528061224489796	2.44445364773059e-08	1.57487560439107	6	15
GO:0008191	metalloendopeptidase inhibitor activity	1	0.0153061224489796	0.0151895791232276	0.908376810029927	9	36
GO:0008194	UDP-glycosyltransferase activity	0	0.0110459183673469	1	-0.0209409319798047	6	15
GO:0008195	phosphatidate phosphatase activity	4	0.00331632653061225	5.02650076839593e-12	1.76580903674645	5	10
GO:0008199	ferric iron binding	1	0.0259183673469388	0.025585369586396	0.889025600034272	7	21
GO:0008200	ion channel inhibitor activity	1	0.00892857142857143	0.00888883010040814	0.920260892996402	6	15
GO:0008235	metalloexopeptidase activity	1	0.00331632653061225	0.00331083359358541	0.930883337592619	4	6
GO:0008238	exopeptidase activity	0	0.00487244897959184	1	-0.00931224290124699	4	6
GO:0008239	dipeptidyl-peptidase activity	1	0.00375	0.00374297753082893	0.930056912469536	4	6
GO:0008240	tripeptidyl-peptidase activity	0	0.00104591836734694	1	-0.0020091211207125	3	3
GO:0008241	peptidyl-dipeptidase activity	1	0.00229591836734694	0.00229065920081446	0.9328316102704	2	1
GO:0008242	omega peptidase activity	0	0.000255102040816327	1	-0.000490545765551631	2	1
GO:0008251	tRNA-specific adenosine deaminase activity	0	0.000280612244897959	1	-0.000539581999583372	3	3
GO:0008260	succinyl-CoA:3-oxo-acid CoA-transferase activity	1	0.00163265306122449	0.00162999185004075	0.934100815140811	2	1
GO:0008263	pyrimidine-specific mismatch base pair DNA N-glycosylase activity	1	0.000204081632653061	0.0002040399918384	0.936842095661967	2	1
GO:0008269	JAK pathway signal transduction adaptor activity	0	0.00076530612244898	1	-0.00147063765606126	2	1
GO:0008271	secondary active sulfate transmembrane transporter activity	0	0.00160714285714286	1	-0.00308488362010329	5	10
GO:0008273	calcium, potassium:sodium antiporter activity	0	0.000127551020408163	1	-0.000245314581668765	2	1
GO:0008276	protein methyltransferase activity	1	0.010969387755102	0.010909443405725	0.916436642711565	7	21
GO:0008281	sulfonylurea receptor activity	0	0.000204081632653061	1	-0.000392463296103651	2	1
GO:0008294	calcium- and calmodulin-responsive adenylate cyclase activity	1	0.00038265306122449	0.000382506693867143	0.936498865349736	2	1
GO:0008296	3'-5'-DNA exonuclease activity	0	0.00145408163265306	1	-0.0027916529166977	4	6
GO:0008308	voltage-gated monoatomic anion channel activity	1	0.00280612244897959	0.00279827016026456	0.93185681617551	2	1
GO:0008309	double-stranded DNA exodeoxyribonuclease activity	0	0	1	0	1	0
GO:0008310	single-stranded DNA 3'-5' DNA exonuclease activity	0	0.000739795918367347	1	-0.0014216646752595	3	3
GO:0008311	double-stranded DNA 3'-5' DNA exonuclease activity	2	0.0128061224489796	8.1301682258105e-05	1.30726001415398	5	10
GO:0008312	7S RNA binding	3	0.00581632653061225	3.26513292456231e-08	1.57386013260082	4	6
GO:0008324	monoatomic cation transmembrane transporter activity	1	0.000994897959183673	0.000994403212296904	0.935323314027528	5	10
GO:0008330	protein tyrosine/threonine phosphatase activity	1	2.55102040816327e-05	2.55095533277212e-05	0.937185489367191	2	1
GO:0008331	high voltage-gated calcium channel activity	20	0.109872448979592	2.43339234275274e-38	2.69652548433857	11	55
GO:0008332	low voltage-gated calcium channel activity	1	0.00076530612244898	0.000764720876879939	0.935763921302009	2	1
GO:0008349	MAP kinase kinase kinase kinase activity	0	0.000102040816326531	1	-0.000196258338972743	2	1
GO:0008353	RNA polymerase II CTD heptapeptide repeat kinase activity	3	0.000459183673469388	1.61308963224619e-11	1.58407975838732	4	6
GO:0008374	O-acyltransferase activity	2	0.00936224489795918	4.35532340489728e-05	1.31369448909298	8	28
GO:0008376	acetylgalactosaminyltransferase activity	2	0.00816326530612245	3.3138673774257e-05	1.31594817746594	6	15
GO:0008378	galactosyltransferase activity	2	0.0184948979591837	0.000168936383166295	1.29675533920469	6	15
GO:0008379	thioredoxin peroxidase activity	3	0.00497448979591837	2.04396892632366e-08	1.57545651645825	6	15
GO:0008381	mechanosensitive monoatomic ion channel activity	0	0.000816326530612245	1	-0.0015685736443245	5	10
GO:0008384	IkappaB kinase activity	0	0	1	0	1	0
GO:0008392	arachidonate epoxygenase activity	1	0.00704081632653061	0.00701608784951608	0.923816466471913	4	6
GO:0008395	steroid hydroxylase activity	4	0.0487755102040816	2.26810684144656e-07	1.68395544720505	7	21
GO:0008396	oxysterol 7-alpha-hydroxylase activity	0	0.000357142857142857	1	-0.000686670704346692	2	1
GO:0008401	retinoic acid 4-hydroxylase activity	9	0.00568877551020408	1.71073412147154e-26	2.31106737613462	5	10
GO:0008404	arachidonate 14,15-epoxygenase activity	0	0	1	0	1	0
GO:0008405	arachidonate 11,12-epoxygenase activity	0	0	1	0	1	0
GO:0008409	5'-3' exonuclease activity	1	0.00433673469387755	0.00432734463893819	0.928940312793724	5	10
GO:0008413	8-oxo-7,8-dihydroguanosine triphosphate pyrophosphatase activity	0	5.10204081632653e-05	1	-9.81358440319546e-05	2	1
GO:0008417	fucosyltransferase activity	22	0.153214285714286	9.16598077477375e-40	2.70231027599876	9	36
GO:0008418	protein-N-terminal asparagine amidohydrolase activity	0	0	1	0	1	0
GO:0008420	RNA polymerase II CTD heptapeptide repeat phosphatase activity	0	0.00178571428571429	1	-0.00342683552053125	4	6
GO:0008422	beta-glucosidase activity	0	0.00326530612244898	1	-0.00625393260403329	2	1
GO:0008426	protein kinase C inhibitor activity	0	0.0026530612244898	1	-0.00508544284456569	2	1
GO:0008427	calcium-dependent protein kinase inhibitor activity	0	0	1	0	1	0
GO:0008430	selenium binding	2	0.00517857142857143	1.33625985051324e-05	1.32158919541181	7	21
GO:0008431	vitamin E binding	0	0.000102040816326531	1	-0.000196258338972743	2	1
GO:0008432	JUN kinase binding	3	0.00852040816326531	1.0243662606138e-07	1.56875612377792	6	15
GO:0008440	inositol-1,4,5-trisphosphate 3-kinase activity	6	0.0101785714285714	1.52886091502031e-15	2.02441299632169	4	6
GO:0008441	3'(2'),5'-bisphosphate nucleotidase activity	0	0	1	0	1	0
GO:0008449	N-acetylglucosamine-6-sulfatase activity	0	0	1	0	1	0
GO:0008453	alanine-glyoxylate transaminase activity	0	0	1	0	1	0
GO:0008454	alpha-1,3-mannosylglycoprotein 4-beta-N-acetylglucosaminyltransferase activity	1	0.00114795918367347	0.0011473005305173	0.935029725289066	3	3
GO:0008458	carnitine O-octanoyltransferase activity	0	0.000357142857142857	1	-0.000686670704346692	2	1
GO:0008459	chondroitin 6-sulfotransferase activity	1	2.55102040816327e-05	2.55095533277212e-05	0.937185489367191	2	1
GO:0008466	glycogenin glucosyltransferase activity	1	0.00204081632653061	0.00203665987780041	0.933319501746858	2	1
GO:0008467	[heparan sulfate]-glucosamine 3-sulfotransferase activity	1	2.55102040816327e-05	2.55095533277212e-05	0.937185489367191	2	1
GO:0008469	histone arginine N-methyltransferase activity	0	0	1	0	1	0
GO:0008474	palmitoyl-(protein) hydrolase activity	1	0.0113520408163265	0.0112878495312855	0.915721847422248	7	21
GO:0008475	procollagen-lysine 5-dioxygenase activity	3	0.00244897959183673	2.44197194037816e-09	1.5802669754647	3	3
GO:0008479	tRNA-guanosine(34) queuine transglycosylase activity	1	2.55102040816327e-05	2.55095533277212e-05	0.937185489367191	2	1
GO:0008483	transaminase activity	0	0.00357142857142857	1	-0.00683746844853828	3	3
GO:0008484	sulfuric ester hydrolase activity	0	0.00594387755102041	1	-0.011343936563182	5	10
GO:0008489	UDP-galactose:glucosylceramide beta-1,4-galactosyltransferase activity	0	7.6530612244898e-05	1	-0.00014719875991176	2	1
GO:0008494	translation activator activity	1	0.00512755102040816	0.00511442757064194	0.927438060184418	8	28
GO:0008499	N-acetyl-beta-D-glucosaminide beta-(1,3)-galactosyltransferase activity	10	0.113265306122449	8.63985873132219e-17	2.20465112793173	10	45
GO:0008502	melatonin receptor activity	3	0.00221938775510204	1.81896961997423e-09	1.58070588483051	4	6
GO:0008503	benzodiazepine receptor activity	2	0.0383673469387755	0.000717468513826681	1.26121558882354	11	55
GO:0008504	monoamine transmembrane transporter activity	3	0.015484693877551	6.11666771258951e-07	1.55577479898933	8	28
GO:0008506	sucrose:proton symporter activity	0	0	1	0	1	0
GO:0008508	bile acid:sodium symporter activity	0	0.000102040816326531	1	-0.000196258338972743	2	1
GO:0008509	monoatomic anion transmembrane transporter activity	0	0.000943877551020408	1	-0.00181335545821926	4	6
GO:0008510	sodium:bicarbonate symporter activity	0	0	1	0	1	0
GO:0008511	sodium:potassium:chloride symporter activity	0	0.00334183673469388	1	-0.00639986082607147	3	3
GO:0008517	folic acid transmembrane transporter activity	0	2.55102040816327e-05	1	-4.90695908794692e-05	2	1
GO:0008519	ammonium channel activity	3	0.00719387755102041	6.17156203976822e-08	1.57125546470202	7	21
GO:0008521	acetyl-CoA transmembrane transporter activity	0	0	1	0	1	0
GO:0008525	phosphatidylcholine transporter activity	0	0.000714285714285714	1	-0.00137268836940874	4	6
GO:0008526	phosphatidylinositol transfer activity	3	0.00474489795918367	1.77412433234619e-08	1.57589250771991	7	21
GO:0008532	N-acetyllactosaminide beta-1,3-N-acetylglucosaminyltransferase activity	3	0.0169132653061225	7.96204196010841e-07	1.55314059579168	5	10
GO:0008534	oxidized purine nucleobase lesion DNA N-glycosylase activity	1	0.00178571428571429	0.0017825311942959	0.933807723437539	2	1
GO:0008545	JUN kinase kinase activity	0	0	1	0	1	0
GO:0008559	ABC-type xenobiotic transporter activity	2	0.00198979591836735	1.97701979859882e-06	1.3276650670567	7	21
GO:0008568	microtubule severing ATPase activity	0	0.00102040816326531	1	-0.0019601846856715	3	3
GO:0008597	calcium-dependent protein serine/threonine phosphatase regulator activity	0	0.000204081632653061	1	-0.000392463296103651	2	1
GO:0008603	cAMP-dependent protein kinase regulator activity	6	0.00727040816326531	2.03639847601155e-16	2.02987995623025	4	6
GO:0008607	phosphorylase kinase regulator activity	0	0	1	0	1	0
GO:0008649	rRNA methyltransferase activity	0	0	1	0	1	0
GO:0008650	rRNA (uridine-2'-O-)-methyltransferase activity	0	0	1	0	1	0
GO:0008745	N-acetylmuramoyl-L-alanine amidase activity	1	7.6530612244898e-05	7.65276838522956e-05	0.937087360198159	3	3
GO:0008753	NADPH dehydrogenase (quinone) activity	0	0.00211734693877551	1	-0.00406145930631496	4	6
GO:0008798	beta-aspartyl-peptidase activity	0	0.000918367346938775	1	-0.00176440574012327	2	1
GO:0008800	beta-lactamase activity	0	0.000153061224489796	1	-0.000294367488453351	2	1
GO:0008821	crossover junction DNA endonuclease activity	9	0.0246173469387755	8.94926156746812e-21	2.2760637875637	8	28
GO:0008823	cupric reductase (NADH) activity	0	0	1	0	1	0
GO:0008843	endochitinase activity	1	0.000637755102040816	0.000637348629700446	0.936008819461022	2	1
GO:0008859	exoribonuclease II activity	0	0.000357142857142857	1	-0.000686670704346692	2	1
GO:0008865	fructokinase activity	0	0	1	0	1	0
GO:0008889	glycerophosphodiester phosphodiesterase activity	0	0	1	0	1	0
GO:0008900	P-type potassium:proton transporter activity	3	0.00272959183673469	3.38030925859122e-09	1.5797308931021	3	3
GO:0008934	inositol monophosphate 1-phosphatase activity	1	0.000637755102040816	0.000637348629700446	0.936008819461022	2	1
GO:0008940	nitrate reductase activity	0	0	1	0	1	0
GO:0008948	oxaloacetate decarboxylase activity	3	0.00428571428571429	1.30774358038205e-08	1.57676528159582	4	6
GO:0008967	phosphoglycolate phosphatase activity	0	0.000459183673469388	1	-0.000882742333834563	2	1
GO:0008988	rRNA (adenine-N6-)-methyltransferase activity	1	0.000229591836734694	0.00022953913642276	0.936793052760194	2	1
GO:0008999	protein-N-terminal-alanine acetyltransferase activity	1	0.00178571428571429	0.0017825311942959	0.933807723437539	2	1
GO:0009007	site-specific DNA-methyltransferase (adenine-specific) activity	0	0.000102040816326531	1	-0.000196258338972743	2	1
GO:0009008	DNA-methyltransferase activity	0	0	1	0	1	0
GO:0009032	thymidine phosphorylase activity	1	0.00142857142857143	0.0014265335235378	0.934491789416206	2	1
GO:0009374	biotin binding	3	0.012780612244898	3.4462132285489e-07	1.56078746090485	4	6
GO:0009383	rRNA (cytosine-C5-)-methyltransferase activity	1	0.000255102040816327	0.000255036980362153	0.936744013192519	2	1
GO:0009881	photoreceptor activity	0	0	1	0	1	0
GO:0009882	blue light photoreceptor activity	0	0	1	0	1	0
GO:0009922	fatty acid elongase activity	4	0.0144897959183673	1.81553564128331e-09	1.74481278980967	6	15
GO:0009931	calcium-dependent protein serine/threonine kinase activity	2	0.00887755102040816	3.917301465592e-05	1.31460470690516	6	15
GO:0009982	pseudouridine synthase activity	6	0.0051530612244898	2.589054347588e-17	2.03388651413949	8	28
GO:0010385	double-stranded methylated DNA binding	0	0.00660714285714286	1	-0.0125987900531631	3	3
GO:0010436	carotenoid dioxygenase activity	0	0	1	0	1	0
GO:0010465	nerve growth factor receptor activity	0	0	1	0	1	0
GO:0010484	histone H3 acetyltransferase activity	1	0.0025765306122449	0.00257321420430464	0.932295310510988	3	3
GO:0010485	histone H4 acetyltransferase activity	1	0.011530612244898	0.0114643895094735	0.915388518529423	7	21
GO:0010521	telomerase inhibitor activity	1	0.00321428571428571	0.00320912542831764	0.931077928238645	5	10
GO:0010698	acetyltransferase activator activity	2	0.0063265306122449	1.99282882657908e-05	1.31941434947639	4	6
GO:0010854	adenylate cyclase regulator activity	0	0.00122448979591837	1	-0.00235158324136442	2	1
GO:0010855	adenylate cyclase inhibitor activity	0	0.00142857142857143	1	-0.00274276954186492	3	3
GO:0010943	NADPH pyrophosphatase activity	0	0	1	0	1	0
GO:0010997	anaphase-promoting complex binding	0	2.55102040816327e-05	1	-4.90695908794692e-05	2	1
GO:0015016	heparan sulfate N-sulfotransferase activity	0	0	1	0	1	0
GO:0015018	galactosylgalactosylxylosylprotein 3-beta-glucuronosyltransferase activity	1	0.000535714285714286	0.000535570816433556	0.936204797868923	3	3
GO:0015036	disulfide oxidoreductase activity	0	0.000535714285714286	1	-0.00102976108914732	2	1
GO:0015038	glutathione disulfide oxidoreductase activity	0	0	1	0	1	0
GO:0015056	corticotrophin-releasing factor receptor activity	1	0.00107142857142857	0.00107028184088477	0.935176504721955	2	1
GO:0015057	thrombin-activated receptor activity	2	0.00375	7.01369656953834e-06	1.32430485987268	4	6
GO:0015075	monoatomic ion transmembrane transporter activity	0	0.0013265306122449	1	-0.00254720290912458	5	10
GO:0015079	potassium ion transmembrane transporter activity	0	0.000280612244897959	1	-0.000539581999583372	3	3
GO:0015081	sodium ion transmembrane transporter activity	0	0.000102040816326531	1	-0.000196258338972743	2	1
GO:0015085	calcium ion transmembrane transporter activity	0	0.000510204081632653	1	-0.000980758166643114	3	3
GO:0015086	cadmium ion transmembrane transporter activity	2	0.000663265306122449	2.19863187864365e-07	1.33020778058046	3	3
GO:0015087	cobalt ion transmembrane transporter activity	0	0.00183673469387755	1	-0.00352450629726231	2	1
GO:0015093	ferrous iron transmembrane transporter activity	2	0.00982142857142857	4.79155964594804e-05	1.31283323564973	6	15
GO:0015101	organic cation transmembrane transporter activity	1	0.00086734693877551	0.00086697090214534	0.935568062620262	7	21
GO:0015111	iodide transmembrane transporter activity	1	0.00201530612244898	0.00201327675655881	0.933368309048913	4	6
GO:0015116	sulfate transmembrane transporter activity	0	0.00229591836734694	1	-0.00440294868767055	7	21
GO:0015125	bile acid transmembrane transporter activity	3	0.00821428571428571	9.18085543985404e-08	1.56933212661964	10	45
GO:0015129	lactate transmembrane transporter activity	0	0.000357142857142857	1	-0.000686670704346692	5	10
GO:0015132	prostaglandin transmembrane transporter activity	2	0.000790816326530612	3.12530423703182e-07	1.32996289904895	5	10
GO:0015137	citrate transmembrane transporter activity	0	0	1	0	1	0
GO:0015139	alpha-ketoglutarate transmembrane transporter activity	0	0	1	0	1	0
GO:0015141	succinate transmembrane transporter activity	0	5.10204081632653e-05	1	-9.81358440319546e-05	2	1
GO:0015143	urate transmembrane transporter activity	1	0.000841836734693878	0.000841482489562432	0.935617022305382	4	6
GO:0015144	carbohydrate transmembrane transporter activity	0	0	1	0	1	0
GO:0015146	pentose transmembrane transporter activity	0	0	1	0	1	0
GO:0015150	fucose transmembrane transporter activity	0	0	1	0	1	0
GO:0015151	alpha-glucoside transmembrane transporter activity	0	0.000153061224489796	1	-0.000294367488453351	2	1
GO:0015168	glycerol transmembrane transporter activity	0	0.000102040816326531	1	-0.000196258338972743	2	1
GO:0015173	aromatic amino acid transmembrane transporter activity	1	0.00145408163265306	0.00145302496817671	0.934442906041373	4	6
GO:0015174	basic amino acid transmembrane transporter activity	1	0.0010969387755102	0.00109633735809772	0.935127574925738	5	10
GO:0015180	L-alanine transmembrane transporter activity	4	0.00502551020408163	2.64705826073039e-11	1.76255742267801	7	21
GO:0015182	L-asparagine transmembrane transporter activity	1	0.000637755102040816	0.000637551779474472	0.936008819461022	3	3
GO:0015183	L-aspartate transmembrane transporter activity	1	0.00270408163265306	0.00270042889708854	0.932051669639808	7	21
GO:0015184	L-cystine transmembrane transporter activity	1	0.000637755102040816	0.000637551779481357	0.936008819461022	4	6
GO:0015185	gamma-aminobutyric acid transmembrane transporter activity	0	0.00329081632653061	1	-0.00630257862492001	3	3
GO:0015186	L-glutamine transmembrane transporter activity	2	0.0026530612244898	3.51314838841316e-06	1.32639706351665	7	21
GO:0015187	glycine transmembrane transporter activity	1	0.00323979591836735	0.00323455344261638	0.931029275655721	6	15
GO:0015188	L-isoleucine transmembrane transporter activity	0	0.000229591836734694	1	-0.000441506197876307	2	1
GO:0015189	L-lysine transmembrane transporter activity	0	0	1	0	1	0
GO:0015190	L-leucine transmembrane transporter activity	5	0.00808673469387755	2.8625845630194e-13	1.90526088988656	5	10
GO:0015192	L-phenylalanine transmembrane transporter activity	0	0	1	0	1	0
GO:0015193	L-proline transmembrane transporter activity	4	0.00165816326530612	3.145732778967e-13	1.76897765740679	5	10
GO:0015194	L-serine transmembrane transporter activity	0	0.000357142857142857	1	-0.000686670704346692	5	10
GO:0015196	L-tryptophan transmembrane transporter activity	0	0.00038265306122449	1	-0.000735693608334143	3	3
GO:0015199	amino-acid betaine transmembrane transporter activity	0	0	1	0	1	0
GO:0015203	polyamine transmembrane transporter activity	0	0	1	0	1	0
GO:0015204	urea transmembrane transporter activity	0	0.000280612244897959	1	-0.000539581999583372	3	3
GO:0015205	nucleobase transmembrane transporter activity	1	0.000102040816326531	0.000102030405060708	0.937038300619098	2	1
GO:0015207	adenine transmembrane transporter activity	2	0.00543367346938776	1.47090364383685e-05	1.32110532933488	4	6
GO:0015208	guanine transmembrane transporter activity	3	0.000306122448979592	4.77970771086848e-12	1.58437388582073	3	3
GO:0015210	uracil transmembrane transporter activity	3	0.000306122448979592	4.77970771086848e-12	1.58437388582073	3	3
GO:0015211	purine nucleoside transmembrane transporter activity	1	0.000102040816326531	0.000102030405060708	0.937038300619098	2	1
GO:0015212	cytidine transmembrane transporter activity	3	0.000306122448979592	4.77970771086848e-12	1.58437388582073	3	3
GO:0015213	uridine transmembrane transporter activity	3	0.000306122448979592	4.77970771086848e-12	1.58437388582073	3	3
GO:0015214	pyrimidine nucleoside transmembrane transporter activity	0	0	1	0	1	0
GO:0015217	ADP transmembrane transporter activity	0	0	1	0	1	0
GO:0015220	choline transmembrane transporter activity	0	0	1	0	1	0
GO:0015225	biotin transmembrane transporter activity	0	0.000280612244897959	1	-0.000539581999583372	3	3
GO:0015228	coenzyme A transmembrane transporter activity	0	0	1	0	1	0
GO:0015230	FAD transmembrane transporter activity	0	0	1	0	1	0
GO:0015232	heme transmembrane transporter activity	0	0.000306122448979592	1	-0.000588614900424389	2	1
GO:0015234	thiamine transmembrane transporter activity	2	0.000153061224489796	1.17126739969848e-08	1.33118813887276	4	6
GO:0015245	fatty acid transmembrane transporter activity	1	0.000280612244897959	0.000280572876964168	0.936694976958487	3	3
GO:0015247	aminophospholipid flippase activity	0	0.0014030612244898	1	-0.0026938828541403	2	1
GO:0015252	proton channel activity	0	0.00160714285714286	1	-0.00308488362010329	4	6
GO:0015254	glycerol channel activity	3	0.0011734693877551	2.69080255479445e-10	1.58270874721079	4	6
GO:0015265	urea channel activity	0	0	1	0	1	0
GO:0015269	calcium-activated potassium channel activity	28	0.0779336734693878	2.82804112131848e-61	2.98458839063626	11	55
GO:0015272	ATP-activated inward rectifier potassium channel activity	5	0.00584183673469388	5.64224248046433e-14	1.90950043870932	6	15
GO:0015275	stretch-activated, monoatomic cation-selective, calcium channel activity	0	0.000255102040816327	1	-0.000490545765551631	2	1
GO:0015276	ligand-gated monoatomic ion channel activity	8	0.0559948979591837	2.2806447131929e-15	2.14017324714827	12	66
GO:0015277	kainate selective glutamate receptor activity	10	0.00448979591836735	9.13173040679218e-31	2.38645321631244	5	10
GO:0015278	intracellularly gated calcium channel activity	2	0.00823979591836735	3.37612151093289e-05	1.31580411445169	5	10
GO:0015279	store-operated calcium channel activity	22	0.0611989795918367	1.70680537700633e-48	2.84037873854581	9	36
GO:0015280	ligand-gated sodium channel activity	10	0.0240816326530612	1.76843606188598e-23	2.35014182225196	12	66
GO:0015288	porin activity	2	0.0264030612244898	0.000342485761167954	1.28240199457387	5	10
GO:0015292	uniporter activity	0	0	1	0	1	0
GO:0015295	solute:proton symporter activity	0	0.000204081632653061	1	-0.000392463296103651	2	1
GO:0015311	monoamine:proton antiporter activity	3	0.00438775510204082	1.4017491823885e-08	1.57657124056696	3	3
GO:0015349	thyroid hormone transmembrane transporter activity	2	0.00102040816326531	5.2026238449008e-07	1.32952232167554	6	15
GO:0015350	methotrexate transmembrane transporter activity	0	0	1	0	1	0
GO:0015369	calcium:proton antiporter activity	0	2.55102040816327e-05	1	-4.90695908794692e-05	2	1
GO:0015370	solute:sodium symporter activity	0	0	1	0	1	0
GO:0015373	monoatomic anion:sodium symporter activity	0	0.000127551020408163	1	-0.000245314581668765	2	1
GO:0015375	glycine:sodium symporter activity	0	5.10204081632653e-05	1	-9.81358440319546e-05	2	1
GO:0015377	chloride:monoatomic cation symporter activity	0	0	1	0	1	0
GO:0015378	sodium:chloride symporter activity	0	0	1	0	1	0
GO:0015379	potassium:chloride symporter activity	0	2.55102040816327e-05	1	-4.90695908794692e-05	2	1
GO:0015382	sodium:sulfate symporter activity	0	0	1	0	1	0
GO:0015383	sulfate:bicarbonate antiporter activity	0	0	1	0	1	0
GO:0015385	sodium:proton antiporter activity	4	0.00155612244897959	2.44018746551826e-13	1.76917310481582	6	15
GO:0015386	potassium:proton antiporter activity	2	0.00512755102040816	1.3101038542419e-05	1.32168600758756	6	15
GO:0015389	pyrimidine- and adenosine-specific:sodium symporter activity	0	0	1	0	1	0
GO:0015420	ABC-type vitamin B12 transporter activity	0	0.000127551020408163	1	-0.000245314581668765	2	1
GO:0015431	ABC-type glutathione S-conjugate transporter activity	0	0.00048469387755102	1	-0.000931751915023038	5	10
GO:0015432	ABC-type bile acid transporter activity	0	0.000127551020408163	1	-0.000245314581668765	2	1
GO:0015433	ABC-type peptide antigen transporter activity	1	0.000229591836734694	0.00022953913642276	0.936793052760194	2	1
GO:0015440	ABC-type peptide transporter activity	0	0	1	0	1	0
GO:0015467	G-protein activated inward rectifier potassium channel activity	6	0.00420918367346939	7.69177800604433e-18	2.03567976653321	4	6
GO:0015489	putrescine transmembrane transporter activity	1	2.55102040816327e-05	2.55095533277212e-05	0.937185489367191	2	1
GO:0015501	glutamate:sodium symporter activity	2	0.000433673469387755	9.40091560693823e-08	1.33064877693859	4	6
GO:0015562	efflux transmembrane transporter activity	1	0.00405612244897959	0.00404790749502533	0.92947412308583	8	28
GO:0015606	spermidine transmembrane transporter activity	0	2.55102040816327e-05	1	-4.90695908794692e-05	2	1
GO:0015616	DNA translocase activity	2	0.00224489795918367	2.51601549188473e-06	1.32717710957314	5	10
GO:0015636	short-chain fatty acid transmembrane transporter activity	0	0	1	0	1	0
GO:0015643	toxic substance binding	0	0.0241836734693878	1	-0.0450810601705725	8	28
GO:0015645	fatty acid ligase activity	1	7.6530612244898e-05	7.65276838522956e-05	0.937087360198159	3	3
GO:0015650	lactate:proton symporter activity	0	0.000102040816326531	1	-0.000196258338972743	2	1
GO:0015651	quaternary ammonium group transmembrane transporter activity	0	2.55102040816327e-05	1	-4.90695908794692e-05	2	1
GO:0015655	alanine:sodium symporter activity	1	2.55102040816327e-05	2.55095533277212e-05	0.937185489367191	2	1
GO:0015657	branched-chain amino acid:sodium symporter activity	0	0	1	0	1	0
GO:0015662	P-type ion transporter activity	0	0	1	0	1	0
GO:0016004	phospholipase activator activity	0	0.00543367346938776	1	-0.0103771770263377	4	6
GO:0016005	phospholipase A2 activator activity	0	0	1	0	1	0
GO:0016015	morphogen activity	2	0.0722704081632653	0.00248902812230718	1.20435414845537	6	15
GO:0016019	peptidoglycan immune receptor activity	1	0.00038265306122449	0.000382579858879189	0.936498865349736	4	6
GO:0016149	translation release factor activity, codon specific	0	2.55102040816327e-05	1	-4.90695908794692e-05	2	1
GO:0016151	nickel cation binding	0	0.000637755102040816	1	-0.0012257394970483	2	1
GO:0016155	formyltetrahydrofolate dehydrogenase activity	1	0.00163265306122449	0.00162999185004075	0.934100815140811	2	1
GO:0016165	linoleate 13S-lipoxygenase activity	3	0.00918367346938776	1.27911511898316e-07	1.56750969324706	3	3
GO:0016167	glial cell-derived neurotrophic factor receptor activity	0	0.00673469387755102	1	-0.0128398579698686	5	10
GO:0016174	NAD(P)H oxidase H2O2-forming activity	3	0.0238265306122449	2.21449655043245e-06	1.5405271068098	7	21
GO:0016175	superoxide-generating NAD(P)H oxidase activity	34	0.11530612244898	3.83859302849543e-71	3.06576656332042	9	36
GO:0016176	superoxide-generating NADPH oxidase activator activity	6	0.0203571428571429	9.71385984127541e-14	2.00559847351114	6	15
GO:0016208	AMP binding	0	0.0104081632653061	1	-0.0197482669145419	6	15
GO:0016212	kynurenine-oxoglutarate transaminase activity	3	0.0153316326530612	5.91501052983886e-07	1.55605760643693	3	3
GO:0016213	linoleoyl-CoA desaturase activity	0	0.000459183673469388	1	-0.000882742333834563	2	1
GO:0016230	sphingomyelin phosphodiesterase activator activity	0	0	1	0	1	0
GO:0016231	beta-N-acetylglucosaminidase activity	3	0.0106122448979592	1.97088689274682e-07	1.56483236639672	3	3
GO:0016247	channel regulator activity	6	0.08375	4.46091218844204e-10	1.8983226394515	9	36
GO:0016263	glycoprotein-N-acetylgalactosamine 3-beta-galactosyltransferase activity	3	0.0075765306122449	7.19398372753242e-08	1.57053361182436	3	3
GO:0016274	protein-arginine N-methyltransferase activity	0	0.000178571428571429	1	-0.000343417059780471	2	1
GO:0016286	small conductance calcium-activated potassium channel activity	6	0.0160204081632653	2.31074163213868e-14	2.01355476506262	4	6
GO:0016297	fatty acyl-[ACP] hydrolase activity	1	0.000586734693877551	0.000586390638145986	0.936106802009454	2	1
GO:0016298	lipase activity	1	0.0036734693877551	0.00366673045336554	0.930202683414852	4	6
GO:0016300	tRNA (uridine) methyltransferase activity	0	0	1	0	1	0
GO:0016303	1-phosphatidylinositol-3-kinase activity	3	0.0116326530612245	2.59318248639991e-07	1.56292605577235	3	3
GO:0016308	1-phosphatidylinositol-4-phosphate 5-kinase activity	0	0	1	0	1	0
GO:0016312	inositol bisphosphate phosphatase activity	0	0.000408163265306122	1	-0.000784713180942753	2	1
GO:0016314	phosphatidylinositol-3,4,5-trisphosphate 3-phosphatase activity	0	0.00122448979591837	1	-0.00235158324136442	2	1
GO:0016361	activin receptor activity, type I	2	0.0139030612244898	9.57564108928812e-05	1.3052225087182	5	10
GO:0016362	activin receptor activity, type II	2	0.0139030612244898	9.57564108928812e-05	1.3052225087182	5	10
GO:0016401	palmitoyl-CoA oxidase activity	0	0.000714285714285714	1	-0.00137268836940874	2	1
GO:0016405	CoA-ligase activity	0	2.55102040816327e-05	1	-4.90695908794692e-05	2	1
GO:0016410	N-acyltransferase activity	0	0.00599489795918367	1	-0.0114405412935319	3	3
GO:0016411	acylglycerol O-acyltransferase activity	1	0.0183928571428571	0.0182247408368578	0.902694475384371	4	6
GO:0016423	tRNA (guanine) methyltransferase activity	0	0	1	0	1	0
GO:0016428	tRNA (cytidine-5-)-methyltransferase activity	0	0.000459183673469388	1	-0.000882742333834563	4	6
GO:0016435	rRNA (guanine) methyltransferase activity	0	2.55102040816327e-05	1	-4.90695908794692e-05	2	1
GO:0016462	pyrophosphatase activity	0	0.000918367346938775	1	-0.00176440574012327	2	1
GO:0016492	G protein-coupled neurotensin receptor activity	1	0.000153061224489796	0.000153037800336683	0.936940191469617	2	1
GO:0016494	C-X-C chemokine receptor activity	0	0.000153061224489796	1	-0.000294367488453351	2	1
GO:0016499	orexin receptor activity	1	0.000102040816326531	0.000102030405060708	0.937038300619098	2	1
GO:0016500	protein-hormone receptor activity	3	0.00880102040816326	1.12870848249457e-07	1.56822852491635	5	10
GO:0016504	peptidase activator activity	0	0.00158163265306122	1	-0.00303602011319593	4	6
GO:0016505	peptidase activator activity involved in apoptotic process	0	2.55102040816327e-05	1	-4.90695908794692e-05	2	1
GO:0016509	long-chain-3-hydroxyacyl-CoA dehydrogenase activity	0	0	1	0	1	0
GO:0016520	growth hormone-releasing hormone receptor activity	0	0.000306122448979592	1	-0.000588614900424389	2	1
GO:0016524	latrotoxin receptor activity	0	0.00280612244897959	1	-0.00537774278256054	2	1
GO:0016531	copper chaperone activity	3	0.00380102040816327	9.12665008054527e-09	1.57768768996517	4	6
GO:0016532	superoxide dismutase copper chaperone activity	1	0.0024234693877551	0.00242053515520578	0.932587788222973	3	3
GO:0016594	glycine binding	5	0.0379591836734694	6.36313898689856e-10	1.8510968274613	9	36
GO:0016595	glutamate binding	1	0.0266581632653061	0.0263059709709266	0.887695757752229	7	21
GO:0016597	amino acid binding	4	0.149795918367347	1.86155253060069e-05	1.52972730624122	10	45
GO:0016608	growth hormone-releasing hormone activity	1	0.00280612244897959	0.00279827016026456	0.93185681617551	2	1
GO:0016627	oxidoreductase activity, acting on the CH-CH group of donors	0	0.000127551020408163	1	-0.000245314581668765	2	1
GO:0016628	oxidoreductase activity, acting on the CH-CH group of donors, NAD or NADP as acceptor	0	0.00818877551020408	1	-0.015582353096911	3	3
GO:0016651	oxidoreductase activity, acting on NAD(P)H	0	0.000306122448979592	1	-0.000588614900424389	2	1
GO:0016653	oxidoreductase activity, acting on NAD(P)H, heme protein as acceptor	0	0.00408163265306122	1	-0.00780898040743483	4	6
GO:0016655	oxidoreductase activity, acting on NAD(P)H, quinone or similar compound as acceptor	0	0.00517857142857143	1	-0.00989331094940449	4	6
GO:0016667	oxidoreductase activity, acting on a sulfur group of donors	0	0	1	0	1	0
GO:0016671	oxidoreductase activity, acting on a sulfur group of donors, disulfide as acceptor	0	0	1	0	1	0
GO:0016684	oxidoreductase activity, acting on peroxide as acceptor	3	0.0076530612244898	7.42783124214399e-08	1.5703893278914	6	15
GO:0016702	oxidoreductase activity, acting on single donors with incorporation of molecular oxygen, incorporation of two atoms of oxygen	1	0.00456632653061225	0.00455591669455642	0.928503852550889	3	3
GO:0016705	oxidoreductase activity, acting on paired donors, with incorporation or reduction of molecular oxygen	0	0.000306122448979592	1	-0.000588614900424389	2	1
GO:0016709	oxidoreductase activity, acting on paired donors, with incorporation or reduction of molecular oxygen, NAD(P)H as one donor, and incorporation of one atom of oxygen	0	0.00698979591836735	1	-0.0133217522495612	6	15
GO:0016717	oxidoreductase activity, acting on paired donors, with oxidation of a pair of donors resulting in the reduction of molecular oxygen to two molecules of water	0	0.00102040816326531	1	-0.0019601846856715	3	3
GO:0016722	oxidoreductase activity, acting on metal ions	0	0.000102040816326531	1	-0.000196258338972743	2	1
GO:0016747	acyltransferase activity, transferring groups other than amino-acyl groups	0	0.00119897959183673	1	-0.00230267003433127	3	3
GO:0016758	hexosyltransferase activity	0	0	1	0	1	0
GO:0016765	transferase activity, transferring alkyl or aryl (other than methyl) groups	1	0.000637755102040816	0.000637348629700446	0.936008819461022	2	1
GO:0016773	phosphotransferase activity, alcohol group as acceptor	0	0.000408163265306122	1	-0.000784713180942753	2	1
GO:0016780	phosphotransferase activity, for other substituted phosphate groups	1	0.00150510204081633	0.00150396994257203	0.934345149228587	3	3
GO:0016783	sulfurtransferase activity	0	0.000357142857142857	1	-0.000686670704346692	2	1
GO:0016784	3-mercaptopyruvate sulfurtransferase activity	1	0.00431122448979592	0.0042927176204628	0.928988824681866	2	1
GO:0016788	hydrolase activity, acting on ester bonds	0	0.00862244897959184	1	-0.0163982757260733	6	15
GO:0016790	thiolester hydrolase activity	0	0	1	0	1	0
GO:0016798	hydrolase activity, acting on glycosyl bonds	0	0.00420918367346939	1	-0.00805165409195885	4	6
GO:0016799	hydrolase activity, hydrolyzing N-glycosyl compounds	1	0.000306122448979592	0.00030602876670407	0.936645944057646	2	1
GO:0016805	dipeptidase activity	1	0.0073469387755102	0.00732001587470941	0.923238695099058	3	3
GO:0016811	hydrolase activity, acting on carbon-nitrogen (but not peptide) bonds, in linear amides	0	0.00451530612244898	1	-0.00863373806176859	4	6
GO:0016812	hydrolase activity, acting on carbon-nitrogen (but not peptide) bonds, in cyclic amides	4	0.00272959183673469	2.30797599128541e-12	1.76692865049285	5	10
GO:0016818	hydrolase activity, acting on acid anhydrides, in phosphorus-containing anhydrides	0	0.000153061224489796	1	-0.000294367488453351	2	1
GO:0016831	carboxy-lyase activity	0	0.00670918367346939	1	-0.0127916508311168	4	6
GO:0016836	hydro-lyase activity	0	0.000153061224489796	1	-0.000294367488453351	2	1
GO:0016849	phosphorus-oxygen lyase activity	0	0	1	0	1	0
GO:0016857	racemase and epimerase activity, acting on carbohydrates and derivatives	0	0	1	0	1	0
GO:0016863	intramolecular oxidoreductase activity, transposing C=C bonds	0	0	1	0	1	0
GO:0016874	ligase activity	0	0.00471938775510204	1	-0.00902153325715471	5	10
GO:0016878	acid-thiol ligase activity	0	0.00142857142857143	1	-0.00274276954186492	2	1
GO:0016890	site-specific endodeoxyribonuclease activity, specific for altered base	0	0.0026530612244898	1	-0.00508544284456569	2	1
GO:0016907	G protein-coupled acetylcholine receptor activity	4	0.00461734693877551	1.88692519036756e-11	1.76333259639269	4	6
GO:0016913	follicle-stimulating hormone activity	1	0.00303571428571429	0.00302652661563112	0.931418588231018	2	1
GO:0016917	GABA receptor activity	1	0.00183673469387755	0.00183336728457934	0.933710052660808	2	1
GO:0016918	retinal binding	3	0.00165816326530612	7.58910466631913e-10	1.58177990001604	5	10
GO:0016920	pyroglutamyl-peptidase activity	0	5.10204081632653e-05	1	-9.81358440319546e-05	2	1
GO:0016929	deSUMOylase activity	0	0.000612244897959184	1	-0.00117674988648608	3	3
GO:0016934	extracellularly glycine-gated chloride channel activity	1	0.000357142857142857	0.00035707908922362	0.936547888253724	3	3
GO:0016936	galactoside binding	0	0.00673469387755102	1	-0.0128398579698686	4	6
GO:0016937	short-chain fatty acyl-CoA dehydrogenase activity	0	0	1	0	1	0
GO:0016941	natriuretic peptide receptor activity	1	0.0023469387755102	0.00234418686671721	0.932734071561517	3	3
GO:0016971	flavin-dependent sulfhydryl oxidase activity	0	0	1	0	1	0
GO:0016972	thiol oxidase activity	3	0.00318877551020408	5.38686038738965e-09	1.57885452586634	3	3
GO:0016997	alpha-sialidase activity	0	0.000306122448979592	1	-0.000588614900424389	2	1
GO:0017002	activin receptor activity	1	0.00183673469387755	0.00183336728457934	0.933710052660808	2	1
GO:0017017	MAP kinase tyrosine/serine/threonine phosphatase activity	1	7.6530612244898e-05	7.65276838522956e-05	0.937087360198159	3	3
GO:0017020	myosin phosphatase regulator activity	1	0.00127551020408163	0.00127469708658116	0.934785159251651	3	3
GO:0017040	N-acylsphingosine amidohydrolase activity	8	0.00943877551020408	1.5493915502395e-21	2.22263171393126	5	10
GO:0017057	6-phosphogluconolactonase activity	0	0	1	0	1	0
GO:0017060	3-galactosyl-N-acetylglucosaminide 4-alpha-L-fucosyltransferase activity	1	0.00642857142857143	0.0063875088715401	0.924973399391036	2	1
GO:0017061	S-methyl-5-thioadenosine phosphorylase activity	0	0	1	0	1	0
GO:0017064	fatty acid amide hydrolase activity	0	0.00158163265306122	1	-0.00303602011319593	3	3
GO:0017069	snRNA binding	3	0.0160714285714286	6.83564503724669e-07	1.55469172975363	7	21
GO:0017070	U6 snRNA binding	1	0.00102040816326531	0.00101988772384563	0.935274374272399	3	3
GO:0017076	purine nucleotide binding	0	0	1	0	1	0
GO:0017077	oxidative phosphorylation uncoupler activity	1	0.00533163265306123	0.00531744469247803	0.927050889416079	3	3
GO:0017081	chloride channel regulator activity	1	0.0181122448979592	0.0179492040197046	0.903209205562541	7	21
GO:0017083	4-galactosyl-N-acetylglucosaminide 3-alpha-L-fucosyltransferase activity	11	0.0629336734693878	1.45047134658883e-21	2.34950517487026	6	15
GO:0017089	glycolipid transfer activity	0	0.000204081632653061	1	-0.000392463296103651	2	1
GO:0017095	heparan sulfate 6-sulfotransferase activity	0	0	1	0	1	0
GO:0017098	sulfonylurea receptor binding	0	0	1	0	1	0
GO:0017099	very-long-chain fatty acyl-CoA dehydrogenase activity	0	0.00377551020408163	1	-0.00722623025824154	3	3
GO:0017108	5'-flap endonuclease activity	2	0.00466836734693878	1.08629725458154e-05	1.32255790235984	5	10
GO:0017111	ribonucleoside triphosphate phosphatase activity	0	5.10204081632653e-05	1	-9.81358440319546e-05	2	1
GO:0017129	triglyceride binding	0	0	1	0	1	0
GO:0017136	histone deacetylase activity, NAD-dependent	0	0.00803571428571429	1	-0.0152941599167115	3	3
GO:0017151	DEAD/H-box RNA helicase binding	1	0.0144897959183673	0.0143853240263182	0.909887090655836	6	15
GO:0017153	sodium:dicarboxylate symporter activity	0	0	1	0	1	0
GO:0017154	semaphorin receptor activity	17	0.117525510204082	3.91724899832157e-31	2.5703353585851	12	66
GO:0017159	pantetheine hydrolase activity	1	0.000408163265306122	0.000407996736026112	0.936449845777128	2	1
GO:0017162	aryl hydrocarbon receptor binding	1	0.0049234693877551	0.00491136897915791	0.927825438871552	4	6
GO:0017166	vinculin binding	2	0.0288010204081633	0.000406871269781092	1.27810552597796	7	21
GO:0017171	serine hydrolase activity	0	0.000306122448979592	1	-0.000588614900424389	2	1
GO:0017176	phosphatidylinositol N-acetylglucosaminyltransferase activity	3	0.00428571428571429	1.30634272691923e-08	1.57676528159582	3	3
GO:0018064	protein-L-histidine N-tele-methyltransferase activity	0	0	1	0	1	0
GO:0018467	formaldehyde dehydrogenase (NAD+) activity	0	0	1	0	1	0
GO:0018479	benzaldehyde dehydrogenase (NAD+) activity	1	0.00844387755102041	0.00840832793699446	0.92117213961128	3	3
GO:0018685	alkane 1-monooxygenase activity	1	0.00461734693877551	0.00460670336158533	0.928406897238855	3	3
GO:0018812	3-hydroxyacyl-CoA dehydratase activity	6	0.0513775510204082	2.44450696307709e-11	1.95111097766901	7	21
GO:0018820	cyanamide hydratase activity	0	0	1	0	1	0
GO:0018858	benzoate-CoA ligase activity	1	7.6530612244898e-05	7.65276838522956e-05	0.937087360198159	3	3
GO:0019002	GMP binding	0	0	1	0	1	0
GO:0019104	DNA N-glycosylase activity	8	0.0147704081632653	5.54520947795707e-20	2.21269636086451	8	28
GO:0019144	ADP-sugar diphosphatase activity	1	0.000892857142857143	0.000892060660124888	0.935519106257934	2	1
GO:0019153	protein-disulfide reductase (glutathione) activity	0	0	1	0	1	0
GO:0019158	mannokinase activity	0	0	1	0	1	0
GO:0019171	(3R)-hydroxyacyl-[acyl-carrier-protein] dehydratase activity	1	0.0023469387755102	0.00234144355085005	0.932734071561517	2	1
GO:0019207	kinase regulator activity	0	0.000153061224489796	1	-0.000294367488453351	2	1
GO:0019208	phosphatase regulator activity	0	0.00038265306122449	1	-0.000735693608334143	3	3
GO:0019209	kinase activator activity	1	0.027219387755102	0.0268522785906388	0.886688544752222	6	15
GO:0019210	kinase inhibitor activity	0	0.00918367346938776	1	-0.0174528074741007	6	15
GO:0019211	phosphatase activator activity	0	0.00538265306122449	1	-0.0102804297729141	3	3
GO:0019212	phosphatase inhibitor activity	0	0.000586734693877551	1	-0.00112775694861655	3	3
GO:0019213	deacetylase activity	0	2.55102040816327e-05	1	-4.90695908794692e-05	2	1
GO:0019215	intermediate filament binding	1	0.00522959183673469	0.00521594132724274	0.92724444882435	5	10
GO:0019237	centromeric DNA binding	0	0.00193877551020408	1	-0.00371980818567463	3	3
GO:0019239	deaminase activity	0	0.000178571428571429	1	-0.000343417059780471	2	1
GO:0019531	oxalate transmembrane transporter activity	0	0.00229591836734694	1	-0.00440294868767055	7	21
GO:0019534	toxin transmembrane transporter activity	0	0.000357142857142857	1	-0.000686670704346692	5	10
GO:0019705	protein-cysteine S-myristoyltransferase activity	0	0	1	0	1	0
GO:0019763	immunoglobulin receptor activity	0	0.000102040816326531	1	-0.000196258338972743	2	1
GO:0019770	IgG receptor activity	2	0.00198979591836735	1.97701979859882e-06	1.3276650670567	4	6
GO:0019772	low-affinity IgG receptor activity	0	0	1	0	1	0
GO:0019776	Atg8-family ligase activity	0	0	1	0	1	0
GO:0019777	Atg12 transferase activity	1	0.00191326530612245	0.00190961171228517	0.933563571287486	2	1
GO:0019781	NEDD8 activating enzyme activity	1	0.000306122448979592	0.00030602876670407	0.936645944057646	2	1
GO:0019784	deNEDDylase activity	0	0.00198979591836735	1	-0.00381743930451406	4	6
GO:0019785	ISG15-specific peptidase activity	0	0	1	0	1	0
GO:0019786	protein-phosphatidylethanolamide deconjugating activity	0	0.00107142857142857	1	-0.00205805423611594	4	6
GO:0019787	ubiquitin-like protein transferase activity	0	0.01375	1	-0.0259760398173609	5	10
GO:0019788	NEDD8 transferase activity	3	0.00538265306122449	2.58871898100054e-08	1.57468207094824	4	6
GO:0019797	procollagen-proline 3-dioxygenase activity	0	0	1	0	1	0
GO:0019809	spermidine binding	0	0	1	0	1	0
GO:0019826	oxygen sensor activity	0	0.00647959183673469	1	-0.0123576415467737	4	6
GO:0019828	aspartic-type endopeptidase inhibitor activity	0	0.0106632653061224	1	-0.0202255695988289	5	10
GO:0019829	ATPase-coupled monoatomic cation transmembrane transporter activity	6	0.0204591836734694	1.00088164158424e-13	2.00541231931128	8	28
GO:0019834	phospholipase A2 inhibitor activity	1	0.00454081632653061	0.00453052238933167	0.928552335094204	3	3
GO:0019841	retinol binding	4	0.0296938775510204	3.16333230201349e-08	1.71719004430303	9	36
GO:0019842	vitamin binding	0	0.00602040816326531	1	-0.0114888388075566	3	3
GO:0019855	calcium channel inhibitor activity	1	0.0266071428571429	0.0262562914368151	0.887787392345905	7	21
GO:0019862	IgA binding	0	0.00155612244897959	1	-0.00298715329608912	3	3
GO:0019863	IgE binding	1	0.00147959183673469	0.00147849778038517	0.934394025978983	4	6
GO:0019864	IgG binding	2	0.00278061224489796	3.85874331191828e-06	1.32615347201045	6	15
GO:0019865	immunoglobulin binding	0	0.00153061224489796	1	-0.00293828316833478	3	3
GO:0019869	chloride channel inhibitor activity	0	0	1	0	1	0
GO:0019870	potassium channel inhibitor activity	0	0.00181122448979592	1	-0.00347567256198011	3	3
GO:0019871	sodium channel inhibitor activity	0	0.0156122448979592	1	-0.0294232899374683	6	15
GO:0019911	structural constituent of myelin sheath	0	0.00048469387755102	1	-0.000931751915023038	5	10
GO:0019948	SUMO activating enzyme activity	1	0.000229591836734694	0.00022953913642276	0.936793052760194	2	1
GO:0019956	chemokine binding	0	2.55102040816327e-05	1	-4.90695908794692e-05	2	1
GO:0019958	C-X-C chemokine binding	0	0	1	0	1	0
GO:0019959	interleukin-8 binding	0	0	1	0	1	0
GO:0019960	C-X3-C chemokine binding	0	0	1	0	1	0
GO:0019962	type I interferon binding	0	0	1	0	1	0
GO:0019966	interleukin-1 binding	1	0.0048469387755102	0.00483521132282908	0.927970759528884	5	10
GO:0019970	interleukin-11 binding	1	0.0026530612244898	0.00264954496580695	0.932149116113505	3	3
GO:0019976	interleukin-2 binding	3	0.0060969387755102	3.75436406668527e-08	1.57332878877093	3	3
GO:0019981	interleukin-6 binding	0	0	1	0	1	0
GO:0019992	diacylglycerol binding	4	0.0118622448979592	8.17213911638866e-10	1.74969558666168	8	28
GO:0022824	transmitter-gated monoatomic ion channel activity	1	0.00153061224489796	0.00152827305145186	0.934296275789736	2	1
GO:0022829	wide pore channel activity	3	0.00994897959183673	1.62908815473287e-07	1.56607417531968	7	21
GO:0022832	voltage-gated channel activity	0	0	1	0	1	0
GO:0022834	ligand-gated channel activity	1	0.000408163265306122	0.000408079978011384	0.936449845777128	3	3
GO:0022839	monoatomic ion-gated channel activity	1	2.55102040816327e-05	2.55095533277212e-05	0.937185489367191	2	1
GO:0022840	leak channel activity	0	0.000816326530612245	1	-0.0015685736443245	3	3
GO:0022843	voltage-gated monoatomic cation channel activity	1	0.0140051020408163	0.0139074868342234	0.910785318178815	6	15
GO:0022849	glutamate-gated calcium ion channel activity	4	0.0197704081632653	6.26591678378091e-09	1.73509863092296	6	15
GO:0022850	serotonin-gated monoatomic cation channel activity	9	0.00602040816326531	2.84785116287105e-26	2.31043925607981	7	21
GO:0022852	glycine-gated chloride ion channel activity	0	0	1	0	1	0
GO:0022858	alanine transmembrane transporter activity	0	0.000127551020408163	1	-0.000245314581668765	3	3
GO:0022883	zinc efflux transmembrane transporter activity	0	0	1	0	1	0
GO:0022890	inorganic cation transmembrane transporter activity	0	0.00772959183673469	1	-0.0147174279088201	4	6
GO:0023024	MHC class I protein complex binding	3	0.0175765306122449	8.9315264707446e-07	1.55192083512568	6	15
GO:0023025	MHC class Ib protein complex binding	0	0.000153061224489796	1	-0.000294367488453351	2	1
GO:0023029	MHC class Ib protein binding	1	0.00311224489795918	0.00310740688413613	0.931272571391592	5	10
GO:0023030	MHC class Ib protein binding, via antigen binding groove	0	0	1	0	1	0
GO:0030023	extracellular matrix constituent conferring elasticity	7	0.0318112244897959	6.36130668932788e-15	2.09010582926686	6	15
GO:0030060	L-malate dehydrogenase (NAD+) activity	0	0	1	0	1	0
GO:0030109	HLA-B specific inhibitory MHC class I receptor activity	0	0.000535714285714286	1	-0.00102976108914732	2	1
GO:0030116	glial cell-derived neurotrophic factor receptor binding	0	0.00688775510204082	1	-0.013129033167345	4	6
GO:0030144	alpha-1,6-mannosylglycoprotein 6-beta-N-acetylglucosaminyltransferase activity	1	0.000637755102040816	0.000637348629700446	0.936008819461022	2	1
GO:0030151	molybdenum ion binding	0	0.000510204081632653	1	-0.000980758166643114	2	1
GO:0030156	benzodiazepine receptor binding	0	0.000408163265306122	1	-0.000784713180942753	2	1
GO:0030158	protein xylosyltransferase activity	1	0.000229591836734694	0.00022953913642276	0.936793052760194	2	1
GO:0030160	synaptic receptor adaptor activity	4	0.0141071428571429	1.63171700475947e-09	1.74552182383069	4	6
GO:0030172	troponin C binding	1	0.00520408163265306	0.00517713937671303	0.927292846792796	2	1
GO:0030197	extracellular matrix constituent, lubricant activity	0	0.000331632653061225	1	-0.000637644468527876	4	6
GO:0030229	very-low-density lipoprotein particle receptor activity	1	0.00183673469387755	0.00183504892849598	0.933710052660808	3	3
GO:0030235	nitric-oxide synthase regulator activity	0	0	1	0	1	0
GO:0030247	polysaccharide binding	0	0.0025765306122449	1	-0.00493924844708282	5	10
GO:0030249	guanylate cyclase regulator activity	0	0	1	0	1	0
GO:0030250	guanylate cyclase activator activity	0	0.000229591836734694	1	-0.000441506197876307	2	1
GO:0030274	LIM domain binding	0	0.00724489795918367	1	-0.0138033248159781	3	3
GO:0030275	LRR domain binding	0	0.0024234693877551	1	-0.00464677073509745	3	3
GO:0030283	testosterone dehydrogenase [NAD(P)+] activity	0	0.00711734693877551	1	-0.0135625787200799	3	3
GO:0030284	nuclear estrogen receptor activity	0	5.10204081632653e-05	1	-9.81358440319546e-05	2	1
GO:0030292	protein tyrosine kinase inhibitor activity	0	0	1	0	1	0
GO:0030296	protein tyrosine kinase activator activity	0	0.0324489795918367	1	-0.0598644110109795	7	21
GO:0030298	receptor signaling protein tyrosine kinase activator activity	3	0.00135204081632653	4.11507527872774e-10	1.58236640118294	4	6
GO:0030305	heparanase activity	1	0.000102040816326531	0.000102030405060708	0.937038300619098	2	1
GO:0030337	DNA polymerase processivity factor activity	0	0.000255102040816327	1	-0.000490545765551631	2	1
GO:0030343	vitamin D3 25-hydroxylase activity	0	0.000688775510204082	1	-0.00132370873805776	2	1
GO:0030345	structural constituent of tooth enamel	6	0.00448979591836735	1.1333285725499e-17	2.03514617162472	6	15
GO:0030346	protein phosphatase 2B binding	0	0.00413265306122449	1	-0.00790605967821512	3	3
GO:0030348	syntaxin-3 binding	0	0.00165816326530612	1	-0.00318260070511378	2	1
GO:0030350	iron-responsive element binding	1	0.0116836734693878	0.0116156836412006	0.915102930592821	3	3
GO:0030354	melanin-concentrating hormone activity	0	0	1	0	1	0
GO:0030368	interleukin-17 receptor activity	10	0.00905612244897959	1.01327377695733e-27	2.37782518881241	5	10
GO:0030369	ICAM-3 receptor activity	0	0	1	0	1	0
GO:0030395	lactose binding	0	0	1	0	1	0
GO:0030492	hemoglobin binding	4	0.0160969387755102	2.76166362446236e-09	1.74184243404626	5	10
GO:0030545	signaling receptor regulator activity	0	0.000127551020408163	1	-0.000245314581668765	3	3
GO:0030546	signaling receptor activator activity	0	0.00127551020408163	1	-0.00244939970641966	2	1
GO:0030547	signaling receptor inhibitor activity	0	0.00573979591836735	1	-0.0109573882142204	5	10
GO:0030548	acetylcholine receptor regulator activity	0	7.6530612244898e-05	1	-0.00014719875991176	3	3
GO:0030549	acetylcholine receptor activator activity	0	0.000688775510204082	1	-0.00132370873805776	2	1
GO:0030550	acetylcholine receptor inhibitor activity	0	7.6530612244898e-05	1	-0.00014719875991176	3	3
GO:0030551	cyclic nucleotide binding	0	0.000127551020408163	1	-0.000245314581668765	2	1
GO:0030619	U1 snRNA binding	0	0.000688775510204082	1	-0.00132370873805776	2	1
GO:0030620	U2 snRNA binding	0	0.000153061224489796	1	-0.000294367488453351	2	1
GO:0030621	U4 snRNA binding	0	0.000918367346938775	1	-0.00176440574012327	2	1
GO:0030622	U4atac snRNA binding	0	0	1	0	1	0
GO:0030624	U6atac snRNA binding	0	0	1	0	1	0
GO:0030626	U12 snRNA binding	0	0	1	0	1	0
GO:0030628	pre-mRNA 3'-splice site binding	1	0.000688775510204082	0.000688538358794138	0.935910850220013	3	3
GO:0030629	U6 snRNA 3'-end binding	0	0	1	0	1	0
GO:0030697	tRNA (uracil(54)-C5)-methyltransferase activity, S-adenosyl methionine-dependent	0	0	1	0	1	0
GO:0030791	arsenite methyltransferase activity	0	0	1	0	1	0
GO:0030881	beta-2-microglobulin binding	0	0.00349489795918367	1	-0.00669162873639051	4	6
GO:0030883	endogenous lipid antigen binding	3	0.00160714285714286	6.91017009908721e-10	1.58187761710105	5	10
GO:0030884	exogenous lipid antigen binding	3	0.00160714285714286	6.91017009908721e-10	1.58187761710105	5	10
GO:0030899	calcium-dependent ATPase activity	1	0.00107142857142857	0.00107028184088477	0.935176504721955	2	1
GO:0030911	TPR domain binding	0	0.00201530612244898	1	-0.00386624990915729	4	6
GO:0030943	mitochondrion targeting sequence binding	4	0.0208928571428571	7.80771057199433e-09	1.73305053695499	5	10
GO:0030955	potassium ion binding	1	0.0438775510204082	0.0429288573168861	0.857415572931032	9	36
GO:0030957	Tat protein binding	0	0.00272959183673469	1	-0.0052316076190575	3	3
GO:0030976	thiamine pyrophosphate binding	1	0.00918367346938776	0.0091416323359713	0.91978175148397	4	6
GO:0030983	mismatched DNA binding	8	0.020969387755102	9.10062903775384e-19	2.2013141924709	7	21
GO:0031013	troponin I binding	3	0.0120663265306122	2.90164917592176e-07	1.56211739679039	4	6
GO:0031014	troponin T binding	3	0.00612244897959184	3.80159044943158e-08	1.5732805041884	3	3
GO:0031078	histone H3K14 deacetylase activity, hydrolytic mechanism	3	0.0110969387755102	2.25862857510384e-07	1.56392624066926	7	21
GO:0031127	alpha-(1,2)-fucosyltransferase activity	1	0.00969387755102041	0.00960080848913593	0.918824422185602	2	1
GO:0031208	POZ domain binding	0	0	1	0	1	0
GO:0031220	maltodextrin phosphorylase activity	3	0.0116326530612245	2.59318248639991e-07	1.56292605577235	3	3
GO:0031249	denatured protein binding	0	0.000612244897959184	1	-0.00117674988648608	2	1
GO:0031402	sodium ion binding	1	0.0245918367346939	0.0242919210402588	0.891416301461767	8	28
GO:0031403	lithium ion binding	0	0.00038265306122449	1	-0.000735693608334143	2	1
GO:0031404	chloride ion binding	4	0.0346938775510204	5.8715561685767e-08	1.70833238921511	10	45
GO:0031406	carboxylic acid binding	0	0.00612244897959184	1	-0.0116819965327553	5	10
GO:0031419	cobalamin binding	8	0.0134438775510204	2.61508844456397e-20	2.21515555626167	8	28
GO:0031432	titin binding	2	0.0144132653061225	0.000102878401095062	1.30427678911969	7	21
GO:0031433	telethonin binding	1	0.00528061224489796	0.00526669432122029	0.927147662627982	5	10
GO:0031434	mitogen-activated protein kinase kinase binding	0	0.00377551020408163	1	-0.00722623025824154	8	28
GO:0031530	gonadotropin-releasing hormone receptor binding	1	0.000357142857142857	0.000357015351660121	0.936547888253724	2	1
GO:0031531	thyrotropin-releasing hormone receptor binding	1	0.000153061224489796	0.000153037800336683	0.936940191469617	2	1
GO:0031543	peptidyl-proline dioxygenase activity	0	0	1	0	1	0
GO:0031545	peptidyl-proline 4-dioxygenase activity	3	0.00239795918367347	2.29262323174796e-09	1.58036448780286	3	3
GO:0031628	opioid receptor binding	2	0.00364795918367347	6.63764334981351e-06	1.32449922767997	4	6
GO:0031685	adenosine receptor binding	0	0.000102040816326531	1	-0.000196258338972743	2	1
GO:0031686	A1 adenosine receptor binding	0	5.10204081632653e-05	1	-9.81358440319546e-05	2	1
GO:0031687	A2A adenosine receptor binding	0	0.000561224489795918	1	-0.00107876068298762	2	1
GO:0031694	alpha-2A adrenergic receptor binding	0	0.00196428571428571	1	-0.00376862539683553	3	3
GO:0031696	alpha-2C adrenergic receptor binding	0	5.10204081632653e-05	1	-9.81358440319546e-05	2	1
GO:0031697	beta-1 adrenergic receptor binding	1	0.00076530612244898	0.000764720876879939	0.935763921302009	2	1
GO:0031698	beta-2 adrenergic receptor binding	0	0.00275510204081633	1	-0.00528032262974254	3	3
GO:0031699	beta-3 adrenergic receptor binding	0	0.000153061224489796	1	-0.000294367488453351	2	1
GO:0031702	type 1 angiotensin receptor binding	0	0.00173469387755102	1	-0.0033291515173427	3	3
GO:0031703	type 2 angiotensin receptor binding	0	0	1	0	1	0
GO:0031704	apelin receptor binding	0	2.55102040816327e-05	1	-4.90695908794692e-05	2	1
GO:0031708	endothelin B receptor binding	3	0.00290816326530612	4.08735259138703e-09	1.57938995709473	3	3
GO:0031711	bradykinin receptor binding	1	0.000892857142857143	0.000892060660124888	0.935519106257934	2	1
GO:0031716	calcitonin receptor binding	1	0.00163265306122449	0.00162999185004075	0.934100815140811	2	1
GO:0031720	haptoglobin binding	15	0.0205102040816327	3.58673819981088e-38	2.64036384190705	8	28
GO:0031721	hemoglobin alpha binding	3	0.00732142857142857	6.50506938754938e-08	1.57101476680514	5	10
GO:0031726	CCR1 chemokine receptor binding	0	0.000714285714285714	1	-0.00137268836940874	2	1
GO:0031727	CCR2 chemokine receptor binding	0	0.000153061224489796	1	-0.000294367488453351	2	1
GO:0031728	CCR3 chemokine receptor binding	0	0.00604591836734694	1	-0.0115371330880582	4	6
GO:0031730	CCR5 chemokine receptor binding	0	2.55102040816327e-05	1	-4.90695908794692e-05	2	1
GO:0031731	CCR6 chemokine receptor binding	4	0.00635204081632653	6.74893408871888e-11	1.76004384571511	4	6
GO:0031735	CCR10 chemokine receptor binding	0	0	1	0	1	0
GO:0031737	CX3C chemokine receptor binding	2	0.00244897959183673	2.99385759890362e-06	1.32678698110476	3	3
GO:0031748	D1 dopamine receptor binding	1	0.0075765306122449	0.0075479010540553	0.922805670061276	4	6
GO:0031749	D2 dopamine receptor binding	0	0	1	0	1	0
GO:0031755	Edg-2 lysophosphatidic acid receptor binding	0	0.00125	1	-0.0024004931319106	2	1
GO:0031765	type 2 galanin receptor binding	0	0.000204081632653061	1	-0.000392463296103651	2	1
GO:0031766	type 3 galanin receptor binding	0	0.000204081632653061	1	-0.000392463296103651	2	1
GO:0031767	gastric inhibitory polypeptide receptor binding	0	0	1	0	1	0
GO:0031769	glucagon receptor binding	0	0	1	0	1	0
GO:0031777	type 1 melanin-concentrating hormone receptor binding	0	0	1	0	1	0
GO:0031780	corticotropin hormone receptor binding	0	2.55102040816327e-05	1	-4.90695908794692e-05	2	1
GO:0031781	type 3 melanocortin receptor binding	0	7.6530612244898e-05	1	-0.00014719875991176	3	3
GO:0031782	type 4 melanocortin receptor binding	0	7.6530612244898e-05	1	-0.00014719875991176	3	3
GO:0031783	type 5 melanocortin receptor binding	0	2.55102040816327e-05	1	-4.90695908794692e-05	2	1
GO:0031799	type 2 metabotropic glutamate receptor binding	1	0.00183673469387755	0.00183336728457934	0.933710052660808	2	1
GO:0031800	type 3 metabotropic glutamate receptor binding	1	0.00183673469387755	0.00183336728457934	0.933710052660808	2	1
GO:0031802	type 5 metabotropic glutamate receptor binding	0	0.00806122448979592	1	-0.0153422001098926	4	6
GO:0031821	G protein-coupled serotonin receptor binding	0	0.000204081632653061	1	-0.000392463296103651	2	1
GO:0031835	substance P receptor binding	1	0.00165816326530612	0.00165541831147332	0.934051958252957	2	1
GO:0031836	neuromedin K receptor binding	1	0.00232142857142857	0.00231605202209157	0.932782839267343	2	1
GO:0031837	substance K receptor binding	3	0.00487244897959184	1.91855640831199e-08	1.57565025781991	3	3
GO:0031841	neuropeptide Y receptor binding	3	0.0124744897959184	3.19521086479393e-07	1.56135713321122	3	3
GO:0031849	olfactory receptor binding	2	0.00076530612244898	2.92697361802592e-07	1.33001186870515	4	6
GO:0031852	mu-type opioid receptor binding	0	0	1	0	1	0
GO:0031871	proteinase activated receptor binding	0	0.00221938775510204	1	-0.00425661589064885	3	3
GO:0031891	type 1 vasoactive intestinal polypeptide receptor binding	0	0.0126020408163265	1	-0.0238427856473701	2	1
GO:0031892	type 2 vasoactive intestinal polypeptide receptor binding	0	0.0126020408163265	1	-0.0238427856473701	2	1
GO:0031894	V1A vasopressin receptor binding	3	0.00395408163265306	1.02628600634543e-08	1.57739627566531	3	3
GO:0031956	medium-chain fatty acid-CoA ligase activity	0	0.000816326530612245	1	-0.0015685736443245	4	6
GO:0031957	very long-chain fatty acid-CoA ligase activity	1	0.00446428571428571	0.00445433560303631	0.9286978022786	8	28
GO:0031994	insulin-like growth factor I binding	4	0.0336989795918367	5.23063149592486e-08	1.71008623523961	9	36
GO:0031995	insulin-like growth factor II binding	3	0.00767857142857143	7.50221394046809e-08	1.57034123965962	7	21
GO:0031996	thioesterase binding	0	0.00653061224489796	1	-0.01245411062354	5	10
GO:0032027	myosin light chain binding	0	0.00267857142857143	1	-0.00513416772691355	4	6
GO:0032036	myosin heavy chain binding	3	0.0262244897959184	2.94736306905483e-06	1.53620296485641	6	15
GO:0032038	myosin II heavy chain binding	1	0.0036734693877551	0.00366002440016267	0.930202683414852	2	1
GO:0032041	histone H3K14 deacetylase activity, NAD-dependent	0	0.00859693877551021	1	-0.0163503058161342	3	3
GO:0032050	clathrin heavy chain binding	3	0.0410459183673469	1.11764252893802e-05	1.51003641589875	9	36
GO:0032051	clathrin light chain binding	1	0.00558673469387755	0.00557115791288845	0.926567218001656	4	6
GO:0032052	bile acid binding	0	0.0178826530612245	1	-0.0336039371566117	6	15
GO:0032089	NACHT domain binding	0	0.000331632653061225	1	-0.000637644468527876	2	1
GO:0032090	Pyrin domain binding	1	0.00303571428571429	0.00302652661563112	0.931418588231018	2	1
GO:0032129	histone H3K9 deacetylase activity, hydrolytic mechanism	3	0.0186734693877551	1.07014911237379e-06	1.54990805400215	8	28
GO:0032137	guanine/thymine mispair binding	0	0	1	0	1	0
GO:0032139	dinucleotide insertion or deletion binding	0	0	1	0	1	0
GO:0032142	single guanine insertion binding	0	0	1	0	1	0
GO:0032181	dinucleotide repeat insertion binding	0	0	1	0	1	0
GO:0032182	ubiquitin-like protein binding	0	0.000433673469387755	1	-0.000833729422625384	4	6
GO:0032183	SUMO binding	0	0.00290816326530612	1	-0.00557254362642456	5	10
GO:0032184	SUMO polymer binding	0	0.000280612244897959	1	-0.000539581999583372	3	3
GO:0032190	acrosin binding	6	0.00260204081632653	4.30113960082395e-19	2.03874343742007	5	10
GO:0032217	riboflavin transmembrane transporter activity	0	5.10204081632653e-05	1	-9.81358440319546e-05	2	1
GO:0032357	oxidized purine DNA binding	1	0.00655612244897959	0.00653467789192695	0.924732218633684	3	3
GO:0032393	MHC class I receptor activity	0	0.000892857142857143	1	-0.00171545270013673	4	6
GO:0032394	MHC class Ib receptor activity	0	0.00479591836734694	1	-0.0091669027240312	4	6
GO:0032395	MHC class II receptor activity	8	0.00897959183673469	1.04007808038899e-21	2.22349382513991	7	21
GO:0032396	inhibitory MHC class I receptor activity	0	0.000433673469387755	1	-0.000833729422625384	4	6
GO:0032399	HECT domain binding	0	7.6530612244898e-05	1	-0.00014719875991176	3	3
GO:0032405	MutLalpha complex binding	0	0	1	0	1	0
GO:0032406	MutLbeta complex binding	1	0.000918367346938775	0.000917524722193903	0.935470153217947	2	1
GO:0032407	MutSalpha complex binding	5	0.0184183673469388	1.73944235313053e-11	1.88606426797206	6	15
GO:0032408	MutSbeta complex binding	1	0.000918367346938775	0.000917524722193903	0.935470153217947	2	1
GO:0032422	purine-rich negative regulatory element binding	0	0	1	0	1	0
GO:0032427	GBD domain binding	0	0	1	0	1	0
GO:0032451	demethylase activity	0	0.000127551020408163	1	-0.000245314581668765	2	1
GO:0032453	histone H3K4 demethylase activity	0	0.000229591836734694	1	-0.000441506197876307	3	3
GO:0032454	histone H3K9 demethylase activity	2	0.000841836734693878	3.54145739870077e-07	1.32986496970853	6	15
GO:0032542	sulfiredoxin activity	0	0.000229591836734694	1	-0.000441506197876307	2	1
GO:0032574	5'-3' RNA helicase activity	0	0	1	0	1	0
GO:0032767	copper-dependent protein binding	1	0.00272959183673469	0.00272586988587239	0.932002951339013	3	3
GO:0032794	GTPase activating protein binding	0	0.00556122448979592	1	-0.0106189884061771	6	15
GO:0032795	heterotrimeric G-protein binding	0	0.00048469387755102	1	-0.000931751915023038	3	3
GO:0032810	sterol response element binding	1	0.00433673469387755	0.00431800863601727	0.928940312793724	2	1
GO:0032813	tumor necrosis factor receptor superfamily binding	1	0.00303571428571429	0.00303111116420073	0.931418588231018	4	6
GO:0032934	sterol binding	1	0.00176020408163265	0.00175865583097377	0.933856563785602	4	6
GO:0033040	sour taste receptor activity	1	0.000153061224489796	0.000153037800336683	0.936940191469617	2	1
GO:0033041	sweet taste receptor activity	1	0.000637755102040816	0.000637348629700446	0.936008819461022	2	1
GO:0033149	FFAT motif binding	1	0.00375	0.00374297752264461	0.930056912469536	3	3
GO:0033188	sphingomyelin synthase activity	1	0.00308673469387755	0.00307723608250045	0.931321240387356	2	1
GO:0033204	ribonuclease P RNA binding	36	0.142168367346939	7.389738166522e-73	3.0680847012651	9	36
GO:0033218	amide binding	1	0.0039030612244898	0.00389545417156359	0.929765458921957	3	3
GO:0033229	cysteine transmembrane transporter activity	0	5.10204081632653e-05	1	-9.81358440319546e-05	2	1
GO:0033265	choline binding	0	0.000178571428571429	1	-0.000343417059780471	2	1
GO:0033300	dehydroascorbic acid transmembrane transporter activity	1	0.000229591836734694	0.00022953913642276	0.936793052760194	2	1
GO:0033328	peroxisome membrane targeting sequence binding	0	0	1	0	1	0
GO:0033549	MAP kinase phosphatase activity	0	0	1	0	1	0
GO:0033550	MAP kinase tyrosine phosphatase activity	1	2.55102040816327e-05	2.55095533277212e-05	0.937185489367191	2	1
GO:0033558	protein lysine deacetylase activity	4	0.0220408163265306	9.66149898970006e-09	1.73096189293102	8	28
GO:0033592	RNA strand annealing activity	2	0.0114540816326531	6.50992281713115e-05	1.30977930231212	5	10
GO:0033612	receptor serine/threonine kinase binding	0	0.000153061224489796	1	-0.000294367488453351	2	1
GO:0033677	DNA/RNA helicase activity	0	0.00224489795918367	1	-0.00430539678807718	2	1
GO:0033703	3-beta-hydroxy-5-beta-steroid dehydrogenase (NADP+) activity	0	0	1	0	1	0
GO:0033743	peptide-methionine (R)-S-oxide reductase activity	0	0.000688775510204082	1	-0.00132370873805776	4	6
GO:0033745	L-methionine-(R)-S-oxide reductase activity	0	7.6530612244898e-05	1	-0.00014719875991176	3	3
GO:0033754	indoleamine 2,3-dioxygenase activity	1	0.00280612244897959	0.00279827016026456	0.93185681617551	2	1
GO:0033782	24S-hydroxycholesterol 7-alpha-hydroxylase activity	0	0.00448979591836735	1	-0.00858524900044932	3	3
GO:0033798	thyroxine 5-deiodinase activity	0	0	1	0	1	0
GO:0033829	O-fucosylpeptide 3-beta-N-acetylglucosaminyltransferase activity	3	0.0024234693877551	2.36651283932399e-09	1.58031572998606	3	3
GO:0033842	N-acetyl-beta-glucosaminyl-derivative 4-beta-N-acetylgalactosaminyltransferase activity	1	0.000408163265306122	0.000407996736026112	0.936449845777128	2	1
GO:0033857	5-diphosphoinositol pentakisphosphate 1-kinase activity	1	0.000892857142857143	0.000892060660124888	0.935519106257934	2	1
GO:0033882	choloyl-CoA hydrolase activity	1	0.00102040816326531	0.00101936799184506	0.935274374272399	2	1
GO:0033883	pyridoxal phosphatase activity	1	0.000841836734693878	0.000841482489541537	0.935617022305382	3	3
GO:0033906	hyaluronoglucuronidase activity	0	0.000229591836734694	1	-0.000441506197876307	2	1
GO:0033963	cholesterol-5,6-oxide hydrolase activity	1	0.00392857142857143	0.00391319815012451	0.929716894777431	2	1
GO:0034039	8-oxo-7,8-dihydroguanine DNA N-glycosylase activity	1	0.00178571428571429	0.0017825311942959	0.933807723437539	2	1
GO:0034040	ATPase-coupled lipid transmembrane transporter activity	0	7.6530612244898e-05	1	-0.00014719875991176	2	1
GO:0034041	ABC-type sterol transporter activity	0	0	1	0	1	0
GO:0034046	poly(G) binding	1	0.0479591836734694	0.0468273087086564	0.850420633072059	7	21
GO:0034056	estrogen response element binding	1	0.00170918367346939	0.00170772385087466	0.933954254403364	6	15
GO:0034057	RNA strand-exchange activity	1	0.000306122448979592	0.00030602876670407	0.936645944057646	2	1
GO:0034186	apolipoprotein A-I binding	2	0.0166326530612245	0.000136798317288285	1.30017727556907	5	10
GO:0034188	apolipoprotein A-I receptor activity	0	0	1	0	1	0
GO:0034189	very-low-density lipoprotein particle binding	1	0.00686224489795918	0.00683875346081859	0.924153713607333	5	10
GO:0034190	apolipoprotein receptor binding	0	0.00619897959183674	1	-0.0118268308913273	3	3
GO:0034191	apolipoprotein A-I receptor binding	0	0.000459183673469388	1	-0.000882742333834563	2	1
GO:0034235	GPI anchor binding	3	0.00908163265306122	1.23988994254665e-07	1.56770131166243	5	10
GO:0034236	protein kinase A catalytic subunit binding	6	0.0224489795918367	1.74378173545115e-13	2.0017918814562	8	28
GO:0034246	mitochondrial transcription factor activity	2	0.00112244897959184	6.29474600115236e-07	1.3293265958514	3	3
GO:0034317	nicotinate riboside kinase activity	1	0.000637755102040816	0.000637348629700446	0.936008819461022	2	1
GO:0034335	DNA negative supercoiling activity	0	0.00038265306122449	1	-0.000735693608334143	2	1
GO:0034452	dynactin binding	1	0.0544387755102041	0.0529835123157684	0.839453625264313	9	36
GO:0034458	3'-5' RNA helicase activity	0	0.00892857142857143	1	-0.0169736659616689	3	3
GO:0034485	phosphatidylinositol-3,4,5-trisphosphate 5-phosphatase activity	2	0.0223469387755102	0.000246003910984929	1.28972818930661	6	15
GO:0034511	U3 snoRNA binding	0	0	1	0	1	0
GO:0034513	box H/ACA snoRNA binding	0	0	1	0	1	0
GO:0034584	piRNA binding	0	0.0209183673469388	1	-0.0391562012317005	5	10
GO:0034595	phosphatidylinositol phosphate 5-phosphatase activity	0	0	1	0	1	0
GO:0034596	phosphatidylinositol phosphate 4-phosphatase activity	0	0	1	0	1	0
GO:0034604	pyruvate dehydrogenase (NAD+) activity	2	0.0060969387755102	1.85108998851099e-05	1.31984879441099	3	3
GO:0034617	tetrahydrobiopterin binding	0	0.00303571428571429	1	-0.00581597072705231	2	1
GO:0034618	arginine binding	0	0.0180102040816327	1	-0.0338380876830434	5	10
GO:0034632	retinol transmembrane transporter activity	1	0.000153061224489796	0.000153037800336683	0.936940191469617	2	1
GO:0034634	glutathione transmembrane transporter activity	0	2.55102040816327e-05	1	-4.90695908794692e-05	2	1
GO:0034647	histone H3K4me/H3K4me2/H3K4me3 demethylase activity	0	0.000535714285714286	1	-0.00102976108914732	4	6
GO:0034711	inhibin binding	0	0.000459183673469388	1	-0.000882742333834563	2	1
GO:0034713	type I transforming growth factor beta receptor binding	6	0.0645408163265306	9.49866663900922e-11	1.92917814737456	9	36
GO:0034714	type III transforming growth factor beta receptor binding	3	0.00780612244897959	7.86619434719833e-08	1.57010084657564	3	3
GO:0034736	cholesterol O-acyltransferase activity	1	0.000229591836734694	0.00022953913642276	0.936793052760194	2	1
GO:0034739	histone H4K16 deacetylase activity, hydrolytic mechanism	3	0.0110969387755102	2.25862857510384e-07	1.56392624066926	7	21
GO:0034979	NAD-dependent protein lysine deacetylase activity	0	0.00859693877551021	1	-0.0163503058161342	3	3
GO:0034986	iron chaperone activity	0	0.0014030612244898	1	-0.0026938828541403	3	3
GO:0034988	Fc-gamma receptor I complex binding	0	0	1	0	1	0
GO:0035005	1-phosphatidylinositol-4-phosphate 3-kinase activity	3	0.0116326530612245	2.59318248639991e-07	1.56292605577235	3	3
GO:0035014	phosphatidylinositol 3-kinase regulator activity	1	0.00145408163265306	0.00145302496817671	0.934442906041373	4	6
GO:0035033	histone deacetylase regulator activity	0	0	1	0	1	0
GO:0035034	histone acetyltransferase regulator activity	0	0	1	0	1	0
GO:0035173	histone kinase activity	0	0	1	0	1	0
GO:0035197	siRNA binding	2	0.0253571428571429	0.000316108926415972	1.28428403123524	6	15
GO:0035240	dopamine binding	3	0.0218622448979592	1.71323099096339e-06	1.54408863878427	6	15
GO:0035241	protein-arginine omega-N monomethyltransferase activity	1	0.00038265306122449	0.000382579858878296	0.936498865349736	3	3
GO:0035242	protein-arginine omega-N asymmetric methyltransferase activity	1	0.00038265306122449	0.000382579858878296	0.936498865349736	3	3
GO:0035243	protein-arginine omega-N symmetric methyltransferase activity	0	0	1	0	1	0
GO:0035250	UDP-galactosyltransferase activity	0	0.000918367346938775	1	-0.00176440574012327	2	1
GO:0035251	UDP-glucosyltransferase activity	0	0	1	0	1	0
GO:0035252	UDP-xylosyltransferase activity	2	0.0011734693877551	6.87976804609905e-07	1.32922875285085	5	10
GO:0035254	glutamate receptor binding	0	0.00573979591836735	1	-0.0109573882142204	5	10
GO:0035256	G protein-coupled glutamate receptor binding	3	0.00301020408163265	4.53241069274733e-09	1.57919520884289	3	3
GO:0035259	nuclear glucocorticoid receptor binding	0	0.0108163265306122	1	-0.0205117996880727	8	28
GO:0035276	ethanol binding	0	0	1	0	1	0
GO:0035312	5'-3' DNA exonuclease activity	0	0.00122448979591837	1	-0.00235158324136442	3	3
GO:0035325	Toll-like receptor binding	0	0.00262755102040816	1	-0.00503671467077449	3	3
GO:0035368	selenocysteine insertion sequence binding	0	0	1	0	1	0
GO:0035373	chondroitin sulfate proteoglycan binding	0	0.000127551020408163	1	-0.000245314581668765	2	1
GO:0035374	chondroitin sulfate binding	1	0.0239795918367347	0.0236943658406228	0.892522380166258	10	45
GO:0035379	carbon dioxide transmembrane transporter activity	1	0.000535714285714286	0.000535570816433556	0.936204797868923	3	3
GO:0035473	lipase binding	0	0.0145663265306122	1	-0.027489191513099	6	15
GO:0035497	cAMP response element binding	6	0.0374234693877551	3.69492367582926e-12	1.97511350187526	8	28
GO:0035500	MH2 domain binding	0	0.000535714285714286	1	-0.00102976108914732	2	1
GO:0035515	oxidative RNA demethylase activity	4	0.00900510204081633	2.72028926175007e-10	1.75504281627617	4	6
GO:0035516	broad specificity oxidative DNA demethylase activity	4	0.00474489795918367	2.1040102493478e-11	1.76309026511066	5	10
GO:0035529	NADH pyrophosphatase activity	0	0	1	0	1	0
GO:0035539	8-oxo-7,8-dihydrodeoxyguanosine triphosphate pyrophosphatase activity	0	5.10204081632653e-05	1	-9.81358440319546e-05	2	1
GO:0035575	histone H4K20 demethylase activity	0	5.10204081632653e-05	1	-9.81358440319546e-05	2	1
GO:0035605	peptidyl-cysteine S-nitrosylase activity	0	0	1	0	1	0
GO:0035612	AP-2 adaptor complex binding	0	0.00607142857142857	1	-0.01158542413547	5	10
GO:0035642	histone H3R17 methyltransferase activity	1	0.00038265306122449	0.000382579858878296	0.936498865349736	3	3
GO:0035650	AP-1 adaptor complex binding	0	0.000127551020408163	1	-0.000245314581668765	3	3
GO:0035651	AP-3 adaptor complex binding	0	0.000178571428571429	1	-0.000343417059780471	2	1
GO:0035662	Toll-like receptor 4 binding	2	0.005	1.24584113542751e-05	1.32192809488736	4	6
GO:0035663	Toll-like receptor 2 binding	5	0.00686224489795918	1.26085749906802e-13	1.90757028163973	4	6
GO:0035727	lysophosphatidic acid binding	3	0.0245918367346939	2.43341682951193e-06	1.53914424322485	7	21
GO:0035800	deubiquitinase activator activity	1	0.00211734693877551	0.00211510694097568	0.933173099651756	4	6
GO:0035804	structural constituent of egg coat	6	0.00160714285714286	2.38944162440481e-20	2.04064653700507	4	6
GO:0035877	death effector domain binding	0	0	1	0	1	0
GO:0036009	protein-glutamine N-methyltransferase activity	0	7.6530612244898e-05	1	-0.00014719875991176	2	1
GO:0036033	mediator complex binding	3	0.0294132653061225	4.14863295323837e-06	1.53049263833536	5	10
GO:0036041	long-chain fatty acid binding	0	0.00114795918367347	1	-0.00220483366900515	4	6
GO:0036042	long-chain fatty acyl-CoA binding	0	0.00775510204081633	1	-0.0147655065251904	4	6
GO:0036055	protein-succinyllysine desuccinylase activity	0	0	1	0	1	0
GO:0036134	12-hydroxyheptadecatrienoic acid synthase activity	0	0.00038265306122449	1	-0.000735693608334143	2	1
GO:0036139	peptidyl-histidine dioxygenase activity	0	0.000153061224489796	1	-0.000294367488453351	2	1
GO:0036310	ATP-dependent DNA/DNA annealing activity	0	0.000918367346938775	1	-0.00176440574012327	3	3
GO:0036312	phosphatidylinositol 3-kinase regulatory subunit binding	0	0.00290816326530612	1	-0.00557254362642456	4	6
GO:0036313	phosphatidylinositol 3-kinase catalytic subunit binding	0	0	1	0	1	0
GO:0036374	glutathione hydrolase activity	8	0.0244897959183673	3.1398439407359e-18	2.19492931608465	6	15
GO:0036403	arachidonate 8(S)-lipoxygenase activity	0	0	1	0	1	0
GO:0036430	CMP kinase activity	0	0	1	0	1	0
GO:0036431	dCMP kinase activity	0	0	1	0	1	0
GO:0036435	K48-linked polyubiquitin modification-dependent protein binding	3	0.0409438775510204	1.10941252778244e-05	1.51021335770879	6	15
GO:0036461	BLOC-2 complex binding	0	0	1	0	1	0
GO:0036505	prosaposin receptor activity	0	2.55102040816327e-05	1	-4.90695908794692e-05	2	1
GO:0038025	reelin receptor activity	1	0.000918367346938775	0.000917524722193903	0.935470153217947	2	1
GO:0038036	sphingosine-1-phosphate receptor activity	1	5.10204081632653e-05	5.10178052140197e-05	0.937136423114039	2	1
GO:0038054	G protein-coupled estrogen receptor activity	0	0	1	0	1	0
GO:0038064	collagen receptor activity	0	0	1	0	1	0
GO:0038085	vascular endothelial growth factor binding	0	0	1	0	1	0
GO:0038100	nodal binding	1	0.00326530612244898	0.00325998080354052	0.930980626354037	3	3
GO:0038102	activin receptor antagonist activity	0	0	1	0	1	0
GO:0038131	neuregulin receptor activity	0	0	1	0	1	0
GO:0038132	neuregulin binding	1	0.00160714285714286	0.00160456409342129	0.934149675337967	2	1
GO:0038177	death receptor agonist activity	0	0.00206632653061225	1	-0.00396386121112546	3	3
GO:0038186	bile acid nuclear receptor activity	0	0	1	0	1	0
GO:0039552	RIG-I binding	0	0	1	0	1	0
GO:0039706	co-receptor binding	8	0.10640306122449	3.70732853369798e-13	2.06038598472923	11	55
GO:0042007	interleukin-18 binding	1	0.000459183673469388	0.000458972920597685	0.936351816624236	2	1
GO:0042008	interleukin-18 receptor activity	1	0.000459183673469388	0.000458972920597685	0.936351816624236	2	1
GO:0042010	interleukin-15 receptor activity	3	0.00380102040816327	9.1179790835903e-09	1.57768768996517	3	3
GO:0042015	interleukin-20 binding	3	0.00272959183673469	3.38030925859122e-09	1.5797308931021	3	3
GO:0042018	interleukin-22 receptor activity	0	0.000459183673469388	1	-0.000882742333834563	2	1
GO:0042019	interleukin-23 binding	1	0.00142857142857143	0.0014265335235378	0.934491789416206	2	1
GO:0042020	interleukin-23 receptor activity	1	0.00142857142857143	0.0014265335235378	0.934491789416206	2	1
GO:0042030	ATPase inhibitor activity	1	0.00408163265306122	0.00407331410061551	0.929425578550636	3	3
GO:0042043	neurexin family protein binding	0	0.0462244897959184	1	-0.0838493604060826	12	66
GO:0042132	fructose 1,6-bisphosphate 1-phosphatase activity	1	0.00431122448979592	0.0042927176204628	0.928988824681866	2	1
GO:0042134	rRNA primary transcript binding	0	0	1	0	1	0
GO:0042166	acetylcholine binding	9	0.0237244897959184	6.42298382706275e-21	2.27767728324939	10	45
GO:0042171	lysophosphatidic acid acyltransferase activity	1	0.0174744897959184	0.0173226963561104	0.904380414653162	4	6
GO:0042285	xylosyltransferase activity	1	0.000204081632653061	0.0002040399918384	0.936842095661967	2	1
GO:0042287	MHC protein binding	0	0.000204081632653061	1	-0.000392463296103651	2	1
GO:0042289	MHC class II protein binding	0	0.00387755102040816	1	-0.00742053262182563	3	3
GO:0042296	ISG15 transferase activity	2	0.00323979591836735	5.2368172901579e-06	1.32527722305887	4	6
GO:0042301	phosphate ion binding	0	0.0133673469387755	1	-0.0252656558314665	7	21
GO:0042328	heparan sulfate N-acetylglucosaminyltransferase activity	1	0.000153061224489796	0.000153037800336683	0.936940191469617	2	1
GO:0042379	chemokine receptor binding	0	0.00163265306122449	1	-0.00313374381725984	3	3
GO:0042392	sphingosine-1-phosphate phosphatase activity	1	2.55102040816327e-05	2.55095533277212e-05	0.937185489367191	2	1
GO:0042500	aspartic endopeptidase activity, intramembrane cleaving	1	0.00214285714285714	0.00214056286267817	0.933124305555586	3	3
GO:0042562	hormone binding	1	0.0367602040816327	0.0360927513381547	0.869777655410611	10	45
GO:0042577	lipid phosphatase activity	1	0.000688775510204082	0.000688538358803504	0.935910850220013	4	6
GO:0042608	T cell receptor binding	1	0.0011734693877551	0.00117278114179128	0.934980805447709	5	10
GO:0042609	CD4 receptor binding	0	0.000255102040816327	1	-0.000490545765551631	2	1
GO:0042610	CD8 receptor binding	0	0	1	0	1	0
GO:0042625	ATPase-coupled ion transmembrane transporter activity	1	0.00178571428571429	0.0017825311942959	0.933807723437539	2	1
GO:0042731	PH domain binding	0	0.0129336734693878	1	-0.0244597073497718	7	21
GO:0042781	3'-tRNA processing endoribonuclease activity	1	2.55102040816327e-05	2.55095533277212e-05	0.937185489367191	2	1
GO:0042799	histone H4K20 methyltransferase activity	0	0	1	0	1	0
GO:0042800	histone H3K4 methyltransferase activity	7	0.0178061224489796	1.10863689356226e-16	2.11537686397098	7	21
GO:0042805	actinin binding	0	0.00811224489795918	1	-0.0154382708991996	6	15
GO:0042806	fucose binding	1	0.00497448979591837	0.00496213751214457	0.927728574695169	5	10
GO:0042813	Wnt receptor activity	9	0.294540816326531	3.52839184979167e-11	1.90378738902664	12	66
GO:0042835	BRE binding	0	0	1	0	1	0
GO:0042903	tubulin deacetylase activity	1	0.00696428571428571	0.00694009127477477	0.923960981652291	5	10
GO:0042924	neuromedin U binding	1	0.000102040816326531	0.000102030405060708	0.937038300619098	2	1
GO:0042974	nuclear retinoic acid receptor binding	0	0.00520408163265306	1	-0.00994171216527429	5	10
GO:0042975	peroxisome proliferator activated receptor binding	0	0.00454081632653061	1	-0.00868222386386686	5	10
GO:0042978	ornithine decarboxylase activator activity	0	0.00076530612244898	1	-0.00147063765606126	2	1
GO:0043008	ATP-dependent protein binding	0	0.00288265306122449	1	-0.00552384834706998	4	6
GO:0043023	ribosomal large subunit binding	2	0.0103826530612245	5.35281093233128e-05	1.31178198708994	9	36
GO:0043028	cysteine-type endopeptidase regulator activity involved in apoptotic process	0	0	1	0	1	0
GO:0043035	chromatin insulator sequence binding	0	0.000535714285714286	1	-0.00102976108914732	2	1
GO:0043047	single-stranded telomeric DNA binding	0	0.00102040816326531	1	-0.0019601846856715	2	1
GO:0043120	tumor necrosis factor binding	0	0.00173469387755102	1	-0.0033291515173427	3	3
GO:0043121	neurotrophin binding	0	0	1	0	1	0
GO:0043125	ErbB-3 class receptor binding	0	0.000918367346938775	1	-0.00176440574012327	2	1
GO:0043138	3'-5' DNA helicase activity	1	0.000841836734693878	0.000841482489541537	0.935617022305382	3	3
GO:0043139	5'-3' DNA helicase activity	1	0.00724489795918367	0.00721871695036383	0.923431234142092	6	15
GO:0043169	cation binding	0	0.00165816326530612	1	-0.00318260070511378	2	1
GO:0043175	RNA polymerase core enzyme binding	0	0.000408163265306122	1	-0.000784713180942753	2	1
GO:0043183	vascular endothelial growth factor receptor 1 binding	0	0	1	0	1	0
GO:0043184	vascular endothelial growth factor receptor 2 binding	0	0.00127551020408163	1	-0.00244939970641966	3	3
GO:0043185	vascular endothelial growth factor receptor 3 binding	1	0.00102040816326531	0.00101936799184506	0.935274374272399	2	1
GO:0043199	sulfate binding	1	0.00586734693877551	0.00585016767404924	0.926035553752663	5	10
GO:0043208	glycosphingolipid binding	1	0.00556122448979592	0.00554578946714999	0.926615570551894	3	3
GO:0043225	ATPase-coupled inorganic anion transmembrane transporter activity	0	0.00048469387755102	1	-0.000931751915023038	5	10
GO:0043237	laminin-1 binding	0	0.00971938775510204	1	-0.0184579699027171	6	15
GO:0043262	ADP phosphatase activity	0	0.000306122448979592	1	-0.000588614900424389	2	1
GO:0043273	CTPase activity	0	0	1	0	1	0
GO:0043295	glutathione binding	5	0.0105357142857143	1.07232431441877e-12	1.90066416925596	8	28
GO:0043394	proteoglycan binding	4	0.0739795918367347	1.17642749208489e-06	1.64228062121144	13	78
GO:0043398	HLH domain binding	0	0.00102040816326531	1	-0.0019601846856715	2	1
GO:0043404	corticotropin-releasing hormone receptor activity	1	0.00107142857142857	0.00107028184088477	0.935176504721955	2	1
GO:0043422	protein kinase B binding	0	0.00665816326530612	1	-0.0126952268875907	5	10
GO:0043426	MRF binding	1	0.00229591836734694	0.00229328476151855	0.9328316102704	3	3
GO:0043515	kinetochore binding	0	0.00405612244897959	1	-0.00776043587224062	4	6
GO:0043522	leucine zipper domain binding	2	0.0189795918367347	0.00017784961772472	1.29586735419583	9	36
GO:0043530	adenosine 5'-monophosphoramidase activity	0	0	1	0	1	0
GO:0043532	angiostatin binding	0	0	1	0	1	0
GO:0043533	inositol 1,3,4,5 tetrakisphosphate binding	0	0	1	0	1	0
GO:0043546	molybdopterin cofactor binding	1	0.00459183673469388	0.00458131035196883	0.928455373265918	3	3
GO:0043559	insulin binding	0	0	1	0	1	0
GO:0043560	insulin receptor substrate binding	0	0.000841836734693878	1	-0.00161753665268849	4	6
GO:0043682	P-type divalent copper transporter activity	1	0.00107142857142857	0.00107028184088477	0.935176504721955	2	1
GO:0043771	cytidine kinase activity	3	0.00216836734693878	1.69553053610123e-09	1.58080345652286	3	3
GO:0043812	phosphatidylinositol-4-phosphate phosphatase activity	0	0	1	0	1	0
GO:0043813	phosphatidylinositol-3,5-bisphosphate 5-phosphatase activity	1	0.00663265306122449	0.0066107054884057	0.924587548876116	3	3
GO:0043924	suramin binding	0	0	1	0	1	0
GO:0043998	histone H2A acetyltransferase activity	0	0	1	0	1	0
GO:0044013	histone H2B acetyltransferase activity	0	0	1	0	1	0
GO:0044020	histone H4R3 methyltransferase activity	1	0.00038265306122449	0.000382579858878296	0.936498865349736	3	3
GO:0044323	retinoic acid-responsive element binding	3	0.0102551020408163	1.78373060522393e-07	1.56550076708563	4	6
GO:0044378	non-sequence-specific DNA binding, bending	0	7.6530612244898e-05	1	-0.00014719875991176	2	1
GO:0044388	small protein activating enzyme binding	1	0.000994897959183673	0.000994403212256155	0.935323314027528	3	3
GO:0044390	ubiquitin-like protein conjugating enzyme binding	1	0.00181122448979592	0.00180958521256875	0.93375888639609	4	6
GO:0044547	DNA topoisomerase binding	0	0.000127551020408163	1	-0.000245314581668765	2	1
GO:0044548	S100 protein binding	10	0.0459183673469388	1.1014767420319e-20	2.31171353060816	12	66
GO:0044594	17-beta-hydroxysteroid dehydrogenase (NAD+) activity	0	0.00306122448979592	1	-0.00586464629105354	2	1
GO:0044715	8-oxo-dGDP phosphatase activity	0	0.000127551020408163	1	-0.000245314581668765	2	1
GO:0044716	8-oxo-GDP phosphatase activity	0	0	1	0	1	0
GO:0044729	hemi-methylated DNA-binding	0	0.00270408163265306	1	-0.00518288931826272	3	3
GO:0045027	DNA end binding	0	0	1	0	1	0
GO:0045028	G protein-coupled purinergic nucleotide receptor activity	2	0.000612244897959184	1.87345426361373e-07	1.33030575647473	5	10
GO:0045030	G protein-coupled UTP receptor activity	0	0	1	0	1	0
GO:0045031	G protein-coupled ATP receptor activity	0	0	1	0	1	0
GO:0045125	bioactive lipid receptor activity	0	0	1	0	1	0
GO:0045130	keratan sulfotransferase activity	0	0	1	0	1	0
GO:0045142	triplex DNA binding	0	0	1	0	1	0
GO:0045145	single-stranded DNA 5'-3' DNA exonuclease activity	1	0.00431122448979592	0.0042927176204628	0.928988824681866	2	1
GO:0045159	myosin II binding	1	0.0123214285714286	0.0122458305807021	0.913914196398676	7	21
GO:0045174	glutathione dehydrogenase (ascorbate) activity	0	2.55102040816327e-05	1	-4.90695908794692e-05	2	1
GO:0045182	translation regulator activity	4	0.0283163265306122	2.61880376341803e-08	1.71964965179458	8	28
GO:0045236	CXCR chemokine receptor binding	6	0.0181632653061225	4.90987958856913e-14	2.00961245260094	7	21
GO:0045294	alpha-catenin binding	2	0.0268877551020408	0.000355061040555785	1.28153149347496	6	15
GO:0045295	gamma-catenin binding	3	0.0471938775510204	1.69103223960635e-05	1.49945496973573	8	28
GO:0045322	unmethylated CpG binding	0	0.00897959183673469	1	-0.0170695197283961	4	6
GO:0045340	mercury ion binding	0	0	1	0	1	0
GO:0045503	dynein light chain binding	2	0.0380867346938776	0.00070714386158827	1.26170543807068	5	10
GO:0045509	interleukin-27 receptor activity	0	0	1	0	1	0
GO:0045518	interleukin-22 receptor binding	0	0.00076530612244898	1	-0.00147063765606126	2	1
GO:0045519	interleukin-23 receptor binding	1	0.000637755102040816	0.000637348629700446	0.936008819461022	2	1
GO:0045523	interleukin-27 receptor binding	1	0.000306122448979592	0.00030602876670407	0.936645944057646	2	1
GO:0045545	syndecan binding	0	0.00201530612244898	1	-0.00386624990915729	5	10
GO:0045547	ditrans,polycis-polyprenyl diphosphate synthase [(2E,6E)-farnesyl diphosphate specific] activity	1	0.00142857142857143	0.0014265335235378	0.934491789416206	2	1
GO:0045550	geranylgeranyl reductase activity	0	0	1	0	1	0
GO:0045569	TRAIL binding	9	0.0113010204081633	8.20121975422256e-24	2.30051064847588	5	10
GO:0046030	inositol trisphosphate phosphatase activity	1	0.00163265306122449	0.00162999185004075	0.934100815140811	2	1
GO:0046403	polynucleotide 3'-phosphatase activity	0	0.00107142857142857	1	-0.00205805423611594	2	1
GO:0046404	ATP-dependent polydeoxyribonucleotide 5'-hydroxyl-kinase activity	0	0.00494897959183674	1	-0.00945755380060243	3	3
GO:0046527	glucosyltransferase activity	0	0.000153061224489796	1	-0.000294367488453351	2	1
GO:0046556	alpha-L-arabinofuranosidase activity	1	0.000102040816326531	0.000102030405060708	0.937038300619098	2	1
GO:0046592	polyamine oxidase activity	0	0	1	0	1	0
GO:0046624	sphingolipid transporter activity	2	0.000229591836734694	2.63521719817841e-08	1.33104100016334	4	6
GO:0046625	sphingolipid binding	0	0.000204081632653061	1	-0.000392463296103651	2	1
GO:0046703	natural killer cell lectin-like receptor binding	7	0.00831632653061225	5.41913673970955e-19	2.13301784816219	7	21
GO:0046790	virion binding	1	0.0230867346938776	0.0228222751132698	0.894138457860329	8	28
GO:0046811	histone deacetylase inhibitor activity	0	0.000306122448979592	1	-0.000588614900424389	2	1
GO:0046848	hydroxyapatite binding	0	0.00670918367346939	1	-0.0127916508311168	4	6
GO:0046870	cadmium ion binding	0	0.000408163265306122	1	-0.000784713180942753	2	1
GO:0046873	metal ion transmembrane transporter activity	0	0	1	0	1	0
GO:0046899	nucleoside triphosphate adenylate kinase activity	0	0	1	0	1	0
GO:0046904	calcium oxalate binding	0	0	1	0	1	0
GO:0046915	transition metal ion transmembrane transporter activity	1	0.000204081632653061	0.0002040399918384	0.936842095661967	2	1
GO:0046920	alpha-(1->3)-fucosyltransferase activity	11	0.0629336734693878	1.45047134658883e-21	2.34950517487026	6	15
GO:0046922	peptide-O-fucosyltransferase activity	1	5.10204081632653e-05	5.10178052140197e-05	0.937136423114039	2	1
GO:0046923	ER retention sequence binding	3	0.00181122448979592	9.88953035497881e-10	1.58148682815918	4	6
GO:0046934	1-phosphatidylinositol-4,5-bisphosphate 3-kinase activity	0	0.00397959183673469	1	-0.00761478266216586	2	1
GO:0046935	1-phosphatidylinositol-3-kinase regulator activity	0	0	1	0	1	0
GO:0046936	2'-deoxyadenosine deaminase activity	1	0.000178571428571429	0.000178539546509552	0.93689114189829	2	1
GO:0046943	carboxylic acid transmembrane transporter activity	0	5.10204081632653e-05	1	-9.81358440319546e-05	2	1
GO:0046964	3'-phosphoadenosine 5'-phosphosulfate transmembrane transporter activity	0	0	1	0	1	0
GO:0046969	histone H3K9 deacetylase activity, NAD-dependent	0	0.00859693877551021	1	-0.0163503058161342	3	3
GO:0046970	histone H4K16 deacetylase activity, NAD-dependent	0	0.00859693877551021	1	-0.0163503058161342	3	3
GO:0046974	histone H3K9 methyltransferase activity	1	0.00150510204081633	0.00150396994278528	0.934345149228587	5	10
GO:0046975	histone H3K36 methyltransferase activity	0	0.000280612244897959	1	-0.000539581999583372	3	3
GO:0046976	histone H3K27 methyltransferase activity	0	0.000102040816326531	1	-0.000196258338972743	2	1
GO:0046978	TAP1 binding	4	0.00482142857142857	2.24293509035077e-11	1.76294490540831	4	6
GO:0046979	TAP2 binding	2	0.00321428571428571	5.15475561535128e-06	1.32532587564179	3	3
GO:0047006	17-alpha,20-alpha-dihydroxypregn-4-en-3-one dehydrogenase [NAD(P)+] activity	0	0	1	0	1	0
GO:0047023	androsterone dehydrogenase [NAD(P)+] activity	2	0.0130612244897959	8.45586887285995e-05	1.30678566185146	5	10
GO:0047024	5-alpha-androstane-3-beta,17-beta-diol dehydrogenase (NADP+) activity	0	0.0039030612244898	1	-0.00746910003611401	2	1
GO:0047035	testosterone dehydrogenase (NAD+) activity	4	0.0440816326530612	1.51885108417881e-07	1.69198990942792	6	15
GO:0047044	androstan-3-alpha,17-beta-diol dehydrogenase (NAD+) activity	2	0.0268367346938776	0.000353726843110852	1.28162307571598	6	15
GO:0047045	testosterone 17-beta-dehydrogenase (NADP+) activity	0	0.00137755102040816	1	-0.00264499285307473	2	1
GO:0047057	vitamin-K-epoxide reductase (warfarin-sensitive) activity	1	0.000306122448979592	0.00030602876670407	0.936645944057646	2	1
GO:0047066	phospholipid-hydroperoxide glutathione peroxidase activity	0	0.00331632653061225	1	-0.00635122136545196	2	1
GO:0047086	ketosteroid monooxygenase activity	0	0.00137755102040816	1	-0.00264499285307473	2	1
GO:0047101	branched-chain alpha-keto acid dehydrogenase activity	3	0.0128316326530612	3.47633640880451e-07	1.56069255924435	3	3
GO:0047115	trans-1,2-dihydrobenzene-1,2-diol dehydrogenase activity	1	0.000459183673469388	0.000458972920597685	0.936351816624236	2	1
GO:0047134	protein-disulfide reductase [NAD(P)H] activity	0	0.00321428571428571	1	-0.00615663071942585	2	1
GO:0047144	2-acylglycerol-3-phosphate O-acyltransferase activity	8	0.039234693877551	1.34492723588135e-16	2.16878444750976	6	15
GO:0047159	plasmalogen synthase activity	1	0.00573979591836735	0.00570703868103995	0.92627717074385	2	1
GO:0047179	platelet-activating factor acetyltransferase activity	3	0.0105612244897959	1.94783636486074e-07	1.564927814299	4	6
GO:0047184	1-acylglycerophosphocholine O-acyltransferase activity	3	0.0186989795918367	1.07452042418716e-06	1.5498613118981	4	6
GO:0047192	1-alkylglycerophosphocholine O-acetyltransferase activity	1	0.00573979591836735	0.00570703868103995	0.92627717074385	2	1
GO:0047196	long-chain-alcohol O-fatty-acyltransferase activity	0	0	1	0	1	0
GO:0047223	beta-1,3-galactosyl-O-glycosyl-glycoprotein beta-1,3-N-acetylglucosaminyltransferase activity	0	0.00892857142857143	1	-0.0169736659616689	3	3
GO:0047237	glucuronylgalactosylproteoglycan 4-beta-N-acetylgalactosaminyltransferase activity	1	0.00122448979591837	0.00122374041409605	0.934882975716706	3	3
GO:0047238	glucuronosyl-N-acetylgalactosaminyl-proteoglycan 4-beta-N-acetylgalactosaminyltransferase activity	12	0.00704081632653061	3.07834079548726e-35	2.50877896719307	6	15
GO:0047288	beta-D-galactosyl-(1->3)-N-acetyl-beta-D-galactosaminide alpha-2,3- sialyltransferase	1	0.0134438775510204	0.0133539109127993	0.911826770351435	3	3
GO:0047290	alpha-N-acetylneuraminyl-2,3-beta-galactosyl-1,3-N-acetyl-galactosaminide 6-alpha-sialyltransferase activity	0	0.000102040816326531	1	-0.000196258338972743	2	1
GO:0047315	kynurenine-glyoxylate transaminase activity	1	0.00321428571428571	0.00320398718405126	0.931077928238645	2	1
GO:0047374	methylumbelliferyl-acetate deacetylase activity	1	0.00119897959183673	0.00119826110289984	0.934931888923739	3	3
GO:0047376	all-trans-retinyl-palmitate hydrolase, all-trans-retinol forming activity	0	0.0105357142857143	1	-0.0199869577345101	3	3
GO:0047389	glycerophosphocholine phosphodiesterase activity	0	0	1	0	1	0
GO:0047408	alkenylglycerophosphocholine hydrolase activity	0	0	1	0	1	0
GO:0047429	nucleoside triphosphate diphosphatase activity	0	0.000153061224489796	1	-0.000294367488453351	2	1
GO:0047493	ceramide cholinephosphotransferase activity	1	0.00308673469387755	0.00307723608250045	0.931321240387356	2	1
GO:0047506	deoxyadenylate kinase activity	0	5.10204081632653e-05	1	-9.81358440319546e-05	2	1
GO:0047617	fatty acyl-CoA hydrolase activity	9	0.0466326530612245	2.75565525589818e-18	2.23738009276038	10	45
GO:0047631	ADP-ribose diphosphatase activity	3	0.00456632653061225	1.57967051170798e-08	1.57623179431397	3	3
GO:0047649	alkylglycerol kinase activity	0	0	1	0	1	0
GO:0047655	allyl-alcohol dehydrogenase activity	0	0.00433673469387755	1	-0.00829424616434604	2	1
GO:0047676	arachidonate-CoA ligase activity	1	0.00400510204081633	0.00399709231646012	0.929571221958025	9	36
GO:0047685	amine sulfotransferase activity	1	0.000153061224489796	0.000153037800336683	0.936940191469617	2	1
GO:0047693	ATP diphosphatase activity	0	0	1	0	1	0
GO:0047696	beta-adrenergic receptor kinase activity	1	0.00260204081632653	0.00259865844244927	0.932246575752975	4	6
GO:0047704	bile-salt sulfotransferase activity	0	0	1	0	1	0
GO:0047710	bis(5'-adenosyl)-triphosphatase activity	1	5.10204081632653e-05	5.10178052140197e-05	0.937136423114039	2	1
GO:0047718	indanol dehydrogenase activity	0	0.00260204081632653	1	-0.00498798320509519	2	1
GO:0047747	cholate-CoA ligase activity	0	0.000127551020408163	1	-0.000245314581668765	2	1
GO:0047750	cholestenol delta-isomerase activity	0	0	1	0	1	0
GO:0047751	3-oxo-5-alpha-steroid 4-dehydrogenase (NADP+) activity	3	0.00711734693877551	5.96639681142462e-08	1.57139992200108	3	3
GO:0047756	chondroitin 4-sulfotransferase activity	3	0.00076530612244898	7.46629321241515e-11	1.5834918630651	4	6
GO:0047783	corticosterone 18-monooxygenase activity	1	0.00280612244897959	0.00279827016026456	0.93185681617551	2	1
GO:0047804	cysteine-S-conjugate beta-lyase activity	1	0.00872448979591837	0.00864903140964038	0.920644435486067	2	1
GO:0047847	deoxyuridine phosphorylase activity	1	0.00163265306122449	0.00162999185004075	0.934100815140811	2	1
GO:0047894	flavonol 3-sulfotransferase activity	1	0.000204081632653061	0.0002040399918384	0.936842095661967	2	1
GO:0047939	L-glucuronate reductase activity	0	0	1	0	1	0
GO:0047956	glycerol dehydrogenase (NADP+) activity	0	0	1	0	1	0
GO:0048029	monosaccharide binding	0	0.00232142857142857	1	-0.00445171969072788	2	1
GO:0048030	disaccharide binding	0	0.00102040816326531	1	-0.0019601846856715	2	1
GO:0048038	quinone binding	3	0.0314030612244898	5.04131830662089e-06	1.52695216391137	10	45
GO:0048039	ubiquinone binding	0	0	1	0	1	0
GO:0048101	calmodulin-activated 3',5'-cyclic-GMP phosphodiesterase activity	8	0.0203316326530612	7.11229210282582e-19	2.20247694381143	10	45
GO:0048185	activin binding	4	0.0286479591836735	2.7429314555079e-08	1.71905675714066	7	21
GO:0048273	mitogen-activated protein kinase p38 binding	0	0.00214285714285714	1	-0.00411025340248428	2	1
GO:0048403	brain-derived neurotrophic factor binding	0	0	1	0	1	0
GO:0048406	nerve growth factor binding	0	0.000816326530612245	1	-0.0015685736443245	2	1
GO:0048407	platelet-derived growth factor binding	10	0.0591071428571429	1.35926956989516e-19	2.28945818257526	9	36
GO:0048408	epidermal growth factor binding	0	0	1	0	1	0
GO:0048495	Roundabout binding	0	0.0035969387755102	1	-0.00688607513434525	6	15
GO:0048763	calcium-induced calcium release activity	1	0.00806122448979592	0.00802881995153934	0.921892358848178	4	6
GO:0050051	leukotriene-B4 20-monooxygenase activity	1	0.00426020408163265	0.00425114227153861	0.929085858246775	3	3
GO:0050061	long-chain fatty aldehyde dehydrogenase (NAD+) activity	1	0.0036734693877551	0.00366002440016267	0.930202683414852	2	1
GO:0050119	N-acetylglucosamine deacetylase activity	0	0	1	0	1	0
GO:0050145	nucleoside monophosphate kinase activity	0	0	1	0	1	0
GO:0050163	oxaloacetate tautomerase activity	0	0	1	0	1	0
GO:0050178	phenylpyruvate tautomerase activity	0	0	1	0	1	0
GO:0050196	[phosphorylase] phosphatase activity	1	0.00076530612244898	0.000764720876879939	0.935763921302009	2	1
GO:0050197	phytanate-CoA ligase activity	0	7.6530612244898e-05	1	-0.00014719875991176	2	1
GO:0050211	procollagen galactosyltransferase activity	3	0.00142857142857143	4.85214989550063e-10	1.58221973117929	3	3
GO:0050218	propionate-CoA ligase activity	0	0	1	0	1	0
GO:0050220	prostaglandin-E synthase activity	1	0.000637755102040816	0.000637348629700446	0.936008819461022	2	1
GO:0050251	retinol isomerase activity	0	0	1	0	1	0
GO:0050252	retinol O-fatty-acyltransferase activity	0	0.00229591836734694	1	-0.00440294868767055	2	1
GO:0050253	retinyl-palmitate esterase activity	2	0.0372704081632653	0.000677523243548999	1.26313234838663	5	10
GO:0050254	rhodopsin kinase activity	1	0.00119897959183673	0.00119826110289984	0.934931888923739	3	3
GO:0050262	ribosylnicotinamide kinase activity	1	0.000637755102040816	0.000637348629700446	0.936008819461022	2	1
GO:0050265	RNA uridylyltransferase activity	0	0.000280612244897959	1	-0.000539581999583372	3	3
GO:0050294	steroid sulfotransferase activity	0	0.000612244897959184	1	-0.00117674988648608	2	1
GO:0050421	nitrite reductase (NO-forming) activity	2	0.0122704081632653	7.46684598339709e-05	1.30825717048098	4	6
GO:0050429	calcium-dependent phospholipase C activity	0	0	1	0	1	0
GO:0050436	microfibril binding	1	0.000280612244897959	0.000280572876964168	0.936694976958487	3	3
GO:0050473	arachidonate 15-lipoxygenase activity	3	0.00918367346938776	1.27911511898316e-07	1.56750969324706	3	3
GO:0050508	glucuronosyl-N-acetylglucosaminyl-proteoglycan 4-alpha-N-acetylglucosaminyltransferase activity	1	0.000280612244897959	0.000280572876964168	0.936694976958487	3	3
GO:0050509	N-acetylglucosaminyl-proteoglycan 4-beta-glucuronosyltransferase activity	1	0.000153061224489796	0.000153037800336683	0.936940191469617	2	1
GO:0050510	N-acetylgalactosaminyl-proteoglycan 3-beta-glucuronosyltransferase activity	3	0.00183673469387755	1.03131136223698e-09	1.58143799442389	4	6
GO:0050544	arachidonate binding	1	0.00160714285714286	0.00160585209463374	0.934149675337967	4	6
GO:0050567	glutaminyl-tRNA synthase (glutamine-hydrolyzing) activity	3	0.00323979591836735	5.6493006223671e-09	1.57875721741881	3	3
GO:0050610	methylarsonate reductase activity	0	2.55102040816327e-05	1	-4.90695908794692e-05	2	1
GO:0050613	Delta14-sterol reductase activity	1	0.00275510204081633	0.00274753230894474	0.931954236328328	2	1
GO:0050633	acetyl-CoA C-myristoyltransferase activity	0	0	1	0	1	0
GO:0050649	testosterone 6-beta-hydroxylase activity	0	0	1	0	1	0
GO:0050656	3'-phosphoadenosine 5'-phosphosulfate binding	0	0.000357142857142857	1	-0.000686670704346692	3	3
GO:0050659	N-acetylgalactosamine 4-sulfate 6-O-sulfotransferase activity	0	0	1	0	1	0
GO:0050682	AF-2 domain binding	1	0.00163265306122449	0.00163132100794556	0.934100815140811	3	3
GO:0050692	DNA binding domain binding	0	0	1	0	1	0
GO:0050693	LBD domain binding	0	7.6530612244898e-05	1	-0.00014719875991176	3	3
GO:0050694	galactose 3-O-sulfotransferase activity	0	0	1	0	1	0
GO:0050698	proteoglycan sulfotransferase activity	0	0	1	0	1	0
GO:0050733	RS domain binding	2	0.00403061224489796	8.10112360257327e-06	1.32377061829129	4	6
GO:0050780	dopamine receptor binding	0	0	1	0	1	0
GO:0050786	RAGE receptor binding	5	0.0140816326530612	4.56024682562381e-12	1.89405998643296	10	45
GO:0050815	phosphoserine residue binding	1	0.00474489795918367	0.00473365869330512	0.928164565956822	3	3
GO:0050816	phosphothreonine residue binding	0	0.000255102040816327	1	-0.000490545765551631	2	1
GO:0050833	pyruvate transmembrane transporter activity	1	0.000229591836734694	0.000229565482545887	0.936793052760194	4	6
GO:0050897	cobalt ion binding	0	0	1	0	1	0
GO:0050997	quaternary ammonium group binding	1	0.00107142857142857	0.00107028184088477	0.935176504721955	2	1
GO:0050998	nitric-oxide synthase binding	1	0.0141071428571429	0.0140081033856555	0.91059612467686	5	10
GO:0051011	microtubule minus-end binding	12	0.0983163265306122	1.55513351991062e-21	2.35424001391999	12	66
GO:0051022	Rho GDP-dissociation inhibitor binding	0	0	1	0	1	0
GO:0051213	dioxygenase activity	0	0.000127551020408163	1	-0.000245314581668765	3	3
GO:0051264	mono-olein transacylation activity	1	0.0132908163265306	0.0132028821555642	0.912111063912831	3	3
GO:0051265	diolein transacylation activity	1	0.0132908163265306	0.0132028821555642	0.912111063912831	3	3
GO:0051373	FATZ binding	5	0.0100255102040816	8.36993744138883e-13	1.90161940679269	4	6
GO:0051377	mannose-ethanolamine phosphotransferase activity	0	0.000612244897959184	1	-0.00117674988648608	2	1
GO:0051378	serotonin binding	9	0.0128826530612245	2.66225519648234e-23	2.29756326423383	7	21
GO:0051379	epinephrine binding	0	0.00048469387755102	1	-0.000931751915023038	3	3
GO:0051380	norepinephrine binding	1	0.00272959183673469	0.00272586988817408	0.932002951339013	4	6
GO:0051400	BH domain binding	1	0.00204081632653061	0.00203873527609198	0.933319501746858	3	3
GO:0051424	corticotropin-releasing hormone binding	1	0.000714285714285714	0.000713775874375446	0.935861870588662	2	1
GO:0051427	hormone receptor binding	3	0.0128571428571429	3.50829145193113e-07	1.56064511309572	4	6
GO:0051428	peptide hormone receptor binding	3	0.0605357142857143	3.53342566562398e-05	1.47701228559981	6	15
GO:0051429	corticotropin-releasing hormone receptor binding	1	0.000637755102040816	0.000637348629700446	0.936008819461022	2	1
GO:0051430	corticotropin-releasing hormone receptor 1 binding	1	0.00316326530612245	0.0031582674495091	0.931175243249982	3	3
GO:0051431	corticotropin-releasing hormone receptor 2 binding	6	0.00625	8.22684409405949e-17	2.03180804964799	4	6
GO:0051434	BH3 domain binding	1	0.00494897959183674	0.00493675354465691	0.927777005157468	3	3
GO:0051525	NFAT protein binding	0	0.0219642857142857	1	-0.0410593102367526	4	6
GO:0051536	iron-sulfur cluster binding	4	0.0347448979591837	5.90593021353534e-08	1.70824256323648	8	28
GO:0051538	3 iron, 4 sulfur cluster binding	1	0.00612244897959184	0.00608519269776876	0.925552562425315	2	1
GO:0051575	5'-deoxyribose-5-phosphate lyase activity	1	0.00895408163265306	0.00891411322612964	0.920212964520889	5	10
GO:0051724	NAD transmembrane transporter activity	0	0	1	0	1	0
GO:0051731	polynucleotide 5'-hydroxyl-kinase activity	0	0.00102040816326531	1	-0.0019601846856715	2	1
GO:0051736	ATP-dependent polyribonucleotide 5'-hydroxyl-kinase activity	0	0.00102040816326531	1	-0.0019601846856715	2	1
GO:0051861	glycolipid binding	0	0.00278061224489796	1	-0.00532903435076215	5	10
GO:0051864	histone H3K36 demethylase activity	0	0.000127551020408163	1	-0.000245314581668765	3	3
GO:0051880	G-quadruplex DNA binding	0	0.0112755102040816	1	-0.0213698091309356	8	28
GO:0051903	S-(hydroxymethyl)glutathione dehydrogenase [NAD(P)+] activity	0	0.00142857142857143	1	-0.00274276954186492	2	1
GO:0051920	peroxiredoxin activity	0	0	1	0	1	0
GO:0052595	aliphatic amine oxidase activity	1	0.00125	0.00124843945068664	0.93483406582616	2	1
GO:0052629	phosphatidylinositol-3,5-bisphosphate 3-phosphatase activity	2	0.0130357142857143	8.42301348306854e-05	1.30683308304732	10	45
GO:0052642	lysophosphatidic acid phosphatase activity	1	7.6530612244898e-05	7.65276838522956e-05	0.937087360198159	3	3
GO:0052650	all-trans-retinol dehydrogenase (NADP+) activity	3	0.0451020408163265	1.47830232860868e-05	1.50303790136607	7	21
GO:0052654	L-leucine-2-oxoglutarate transaminase activity	1	0.00142857142857143	0.0014265335235378	0.934491789416206	2	1
GO:0052655	L-valine-2-oxoglutarate transaminase activity	1	0.00142857142857143	0.0014265335235378	0.934491789416206	2	1
GO:0052656	L-isoleucine-2-oxoglutarate transaminase activity	1	0.00142857142857143	0.0014265335235378	0.934491789416206	2	1
GO:0052658	inositol-1,4,5-trisphosphate 5-phosphatase activity	4	0.0196173469387755	6.07486059060598e-09	1.73537836755538	5	10
GO:0052659	inositol-1,3,4,5-tetrakisphosphate 5-phosphatase activity	3	0.0161479591836735	6.93336520575067e-07	1.55455057966602	5	10
GO:0052717	tRNA-specific adenosine-34 deaminase activity	1	0.000102040816326531	0.000102030405060708	0.937038300619098	2	1
GO:0052723	inositol hexakisphosphate 1-kinase activity	6	0.00459183673469388	1.29596097141009e-17	2.03495223493302	4	6
GO:0052732	phosphoethanolamine phosphatase activity	0	0.000918367346938775	1	-0.00176440574012327	2	1
GO:0052742	phosphatidylinositol kinase activity	0	0	1	0	1	0
GO:0052814	medium-chain fatty aldehyde dehydrogenase (NAD+) activity	1	0.0036734693877551	0.00366002440016267	0.930202683414852	2	1
GO:0052815	medium-chain fatty acyl-CoA hydrolase activity	1	0.00102040816326531	0.00101936799184506	0.935274374272399	2	1
GO:0052816	long-chain fatty acyl-CoA hydrolase activity	5	0.0302551020408163	2.0599948182048e-10	1.8646812503161	9	36
GO:0052817	very long-chain fatty acyl-CoA hydrolase activity	0	0.00102040816326531	1	-0.0019601846856715	2	1
GO:0052836	inositol 5-diphosphate pentakisphosphate 5-kinase activity	3	0.00191326530612245	1.16504692559373e-09	1.58129151305057	3	3
GO:0052839	diphosphoinositol tetrakisphosphate kinase activity	3	0.00191326530612245	1.16504692559373e-09	1.58129151305057	3	3
GO:0052851	ferric-chelate reductase (NADPH) activity	0	0	1	0	1	0
GO:0052856	NAD(P)HX epimerase activity	0	5.10204081632653e-05	1	-9.81358440319546e-05	2	1
GO:0052869	arachidonate omega-hydroxylase activity	3	0.01	1.65421652805521e-07	1.56597857562165	4	6
GO:0052905	tRNA (guanosine(9)-N1)-methyltransferase activity	0	0	1	0	1	0
GO:0052923	all-trans-nonaprenyl-diphosphate synthase (geranyl-diphosphate specific) activity	1	0.00331632653061225	0.00330536486142893	0.930883337592619	2	1
GO:0055077	gap junction hemi-channel activity	0	0.000510204081632653	1	-0.000980758166643114	2	1
GO:0055100	adiponectin binding	2	0.00102040816326531	5.20262339353389e-07	1.32952232167554	3	3
GO:0055102	lipase inhibitor activity	6	0.05875	5.430707443021e-11	1.93874483958398	5	10
GO:0055105	ubiquitin-protein transferase inhibitor activity	0	0.00119897959183673	1	-0.00230267003433127	3	3
GO:0055106	ubiquitin-protein transferase regulator activity	0	0.000535714285714286	1	-0.00102976108914732	4	6
GO:0055131	C3HC4-type RING finger domain binding	1	0.00076530612244898	0.000764720876879939	0.935763921302009	2	1
GO:0060002	plus-end directed microfilament motor activity	0	0.00048469387755102	1	-0.000931751915023038	3	3
GO:0060228	phosphatidylcholine-sterol O-acyltransferase activator activity	6	0.0285969387755102	7.38185116038131e-13	1.9907191025033	4	6
GO:0060229	lipase activator activity	0	0.0013265306122449	1	-0.00254720290912458	2	1
GO:0060230	lipoprotein lipase activator activity	4	0.0171173469387755	3.52849156352929e-09	1.73996282248067	4	6
GO:0060590	ATPase regulator activity	0	0	1	0	1	0
GO:0060698	endoribonuclease inhibitor activity	0	0	1	0	1	0
GO:0060703	deoxyribonuclease inhibitor activity	0	0.00316326530612245	1	-0.00605931570808838	3	3
GO:0061135	endopeptidase regulator activity	0	0	1	0	1	0
GO:0061459	L-arginine transmembrane transporter activity	1	0.00262755102040816	0.00262410202968676	0.932197844287296	6	15
GO:0061507	2',3'-cyclic GMP-AMP binding	0	0.000102040816326531	1	-0.000196258338972743	2	1
GO:0061513	glucose 6-phosphate:phosphate antiporter activity	0	0	1	0	1	0
GO:0061575	cyclin-dependent protein serine/threonine kinase activator activity	2	0.00846938775510204	3.56634016272093e-05	1.31537209795673	7	21
GO:0061628	histone H3K27me3 reader activity	0	0	1	0	1	0
GO:0061649	ubiquitin-modified histone reader activity	0	0.00186224489795918	1	-0.00357333672682525	5	10
GO:0061654	NEDD8 conjugating enzyme activity	0	0.00102040816326531	1	-0.0019601846856715	2	1
GO:0061659	ubiquitin-like protein ligase activity	0	0.000102040816326531	1	-0.000196258338972743	2	1
GO:0061663	NEDD8 ligase activity	1	0.000892857142857143	0.000892060660124888	0.935519106257934	2	1
GO:0061665	SUMO ligase activity	0	0.00413265306122449	1	-0.00790605967821512	5	10
GO:0061676	importin-alpha family protein binding	0	0.00165816326530612	1	-0.00318260070511378	3	3
GO:0061697	protein-glutaryllysine deglutarylase activity	0	0	1	0	1	0
GO:0061711	N(6)-L-threonylcarbamoyladenine synthase activity	0	0.000510204081632653	1	-0.000980758166643114	2	1
GO:0061733	protein-lysine-acetyltransferase activity	0	0.012219387755102	1	-0.0231302966810947	5	10
GO:0061768	magnesium:sodium antiporter activity	0	0	1	0	1	0
GO:0061769	ribosylnicotinate kinase activity	1	0.000637755102040816	0.000637348629700446	0.936008819461022	2	1
GO:0061770	translation elongation factor binding	0	0	1	0	1	0
GO:0061797	pH-gated chloride channel activity	0	0	1	0	1	0
GO:0061821	telomeric D-loop binding	0	0.00224489795918367	1	-0.00430539678807718	2	1
GO:0061860	DNA clamp unloader activity	1	0.000816326530612245	0.000815660685154976	0.935665985313746	2	1
GO:0061928	glutathione specific gamma-glutamylcyclotransferase activity	1	0.00280612244897959	0.00279827016026456	0.93185681617551	2	1
GO:0061953	mRNA (adenine-N1-)-methyltransferase activity	1	0.000510204081632653	0.000509943906170321	0.936253800791427	2	1
GO:0062061	TAP complex binding	0	0.000153061224489796	1	-0.000294367488453351	2	1
GO:0062063	BBSome binding	0	0.000102040816326531	1	-0.000196258338972743	2	1
GO:0062072	histone H3K9me3 reader activity	0	0.000306122448979592	1	-0.000588614900424389	2	1
GO:0062078	TSC1-TSC2 complex binding	0	0	1	0	1	0
GO:0062082	HLA-E specific inhibitory MHC class Ib receptor activity	1	0.00331632653061225	0.00330536486142893	0.930883337592619	2	1
GO:0062101	peptidyl-aspartic acid 3-dioxygenase activity	0	0.00076530612244898	1	-0.00147063765606126	2	1
GO:0062122	histone H3K37 methyltransferase activity	1	0.00038265306122449	0.000382579858878296	0.936498865349736	3	3
GO:0062152	mRNA (cytidine-5-)-methyltransferase activity	0	0	1	0	1	0
GO:0062153	C5-methylcytidine-containing RNA reader activity	0	0.000714285714285714	1	-0.00137268836940874	2	1
GO:0062181	1-alpha,25-dihydroxyvitamin D3 23-hydroxylase activity	0	0	1	0	1	0
GO:0062183	all-trans retinoic acid 18-hydroxylase activity	1	0.00102040816326531	0.00101936799184506	0.935274374272399	2	1
GO:0062184	testosterone 16-beta-hydroxylase activity	0	0	1	0	1	0
GO:0062189	anandamide 14,15 epoxidase activity	0	0	1	0	1	0
GO:0070001	aspartic-type peptidase activity	0	0	1	0	1	0
GO:0070004	cysteine-type exopeptidase activity	0	0	1	0	1	0
GO:0070005	cysteine-type aminopeptidase activity	0	0	1	0	1	0
GO:0070012	oligopeptidase activity	0	0.00137755102040816	1	-0.00264499285307473	2	1
GO:0070016	armadillo repeat domain binding	3	0.0469387755102041	1.66407565522811e-05	1.49989096099738	6	15
GO:0070025	carbon monoxide binding	1	0.00385204081632653	0.00384463121506112	0.929862597020736	3	3
GO:0070026	nitric oxide binding	1	0.00732142857142857	0.00729469220252753	0.923286825042058	5	10
GO:0070039	rRNA (guanosine-2'-O-)-methyltransferase activity	0	0.000102040816326531	1	-0.000196258338972743	2	1
GO:0070051	fibrinogen binding	1	0.0171173469387755	0.0169716774980298	0.905037123326833	5	10
GO:0070052	collagen V binding	0	0	1	0	1	0
GO:0070053	thrombospondin receptor activity	1	0.0163520408163265	0.0162190690615501	0.906446372642816	3	3
GO:0070061	fructose binding	1	0.00566326530612245	0.0056472592489293	0.926422179794584	4	6
GO:0070080	titin Z domain binding	1	0.00326530612244898	0.0032546786004882	0.930980626354037	2	1
GO:0070087	chromo shadow domain binding	1	0.00783163265306123	0.00780104531972664	0.92232483580774	5	10
GO:0070095	fructose-6-phosphate binding	6	0.0231122448979592	2.07547963414296e-13	2.00058909559864	5	10
GO:0070097	delta-catenin binding	1	0.00038265306122449	0.000382579858879189	0.936498865349736	4	6
GO:0070123	transforming growth factor beta receptor activity, type III	3	0.017780612244898	9.24485158496823e-07	1.55154593872514	6	15
GO:0070139	SUMO-specific endopeptidase activity	0	0.000204081632653061	1	-0.000392463296103651	3	3
GO:0070181	small ribosomal subunit rRNA binding	0	0	1	0	1	0
GO:0070251	pristanate-CoA ligase activity	0	7.6530612244898e-05	1	-0.00014719875991176	2	1
GO:0070324	thyroid hormone binding	1	0.000306122448979592	0.000306075598283512	0.936645944057646	4	6
GO:0070325	lipoprotein particle receptor binding	0	0.00522959183673469	1	-0.00999011013372109	3	3
GO:0070326	very-low-density lipoprotein particle receptor binding	0	0.000841836734693878	1	-0.00161753665268849	3	3
GO:0070401	NADP+ binding	0	0.0014030612244898	1	-0.0026938828541403	3	3
GO:0070404	NADH binding	0	0.00420918367346939	1	-0.00805165409195885	2	1
GO:0070410	co-SMAD binding	1	0.0233928571428571	0.0231213653700439	0.893583966112743	8	28
GO:0070492	oligosaccharide binding	5	0.0364030612244898	5.16819984057064e-10	1.85382016034148	10	45
GO:0070506	high-density lipoprotein particle receptor activity	0	0	1	0	1	0
GO:0070513	death domain binding	0	0	1	0	1	0
GO:0070538	oleic acid binding	1	0.00176020408163265	0.00175865583057505	0.933856563785602	3	3
GO:0070553	nicotinic acid receptor activity	1	2.55102040816327e-05	2.55095533277212e-05	0.937185489367191	2	1
GO:0070568	guanylyltransferase activity	0	0.000102040816326531	1	-0.000196258338972743	2	1
GO:0070573	metallodipeptidase activity	1	0.0174234693877551	0.0172725584799692	0.904474193582109	5	10
GO:0070579	5-methylcytosine dioxygenase activity	1	0.000331632653061225	0.000331577669030767	0.936596914489543	3	3
GO:0070611	histone H3R2 methyltransferase activity	1	0.00038265306122449	0.000382579858878296	0.936498865349736	3	3
GO:0070644	vitamin D response element binding	0	0	1	0	1	0
GO:0070653	high-density lipoprotein particle receptor binding	1	0.00688775510204082	0.00684063845958956	0.924105525790726	2	1
GO:0070679	inositol 1,4,5 trisphosphate binding	8	0.0278061224489796	8.64709681774592e-18	2.18896583680005	7	21
GO:0070694	5-hydroxymethyl-dUMP N-hydrolase activity	0	0	1	0	1	0
GO:0070697	activin receptor binding	1	0.0197704081632653	0.0195762552431802	0.90017293176912	5	10
GO:0070698	type I activin receptor binding	0	0.00168367346938776	1	-0.00323145428411353	2	1
GO:0070699	type II activin receptor binding	0	0.00102040816326531	1	-0.0019601846856715	2	1
GO:0070700	BMP receptor binding	6	0.0870408163265306	5.60569390116904e-10	1.89316656651477	9	36
GO:0070728	L-leucine binding	4	0.0333163265306122	4.99859971651357e-08	1.71076192847331	7	21
GO:0070733	AMPylase activity	0	0	1	0	1	0
GO:0070740	tubulin-glutamic acid ligase activity	1	2.55102040816327e-05	2.55095533277212e-05	0.937185489367191	2	1
GO:0070742	C2H2 zinc finger domain binding	1	0.0341581632653061	0.033581359378764	0.874350538784947	8	28
GO:0070851	growth factor receptor binding	0	0.00183673469387755	1	-0.00352450629726231	2	1
GO:0070853	myosin VI binding	0	0	1	0	1	0
GO:0070878	primary miRNA binding	3	0.0260459183673469	2.88794958839691e-06	1.53652408366632	5	10
GO:0070883	pre-miRNA binding	0	0.00510204081632653	1	-0.0097480878128986	5	10
GO:0070891	lipoteichoic acid binding	1	0.00591836734693878	0.00590088831036516	0.92593892961208	5	10
GO:0070905	serine binding	0	0.000510204081632653	1	-0.000980758166643114	2	1
GO:0070915	lysophosphatidic acid receptor activity	10	0.0162244897959184	3.42689854414872e-25	2.36448542178435	5	10
GO:0070974	POU domain binding	1	0.000153061224489796	0.000153049511218198	0.936940191469617	4	6
GO:0070991	medium-chain fatty acyl-CoA dehydrogenase activity	0	0.000790816326530612	1	-0.00151960731226586	3	3
GO:0070996	type 1 melanocortin receptor binding	0	0.000229591836734694	1	-0.000441506197876307	3	3
GO:0071207	histone pre-mRNA stem-loop binding	1	0.000255102040816327	0.000255036980362153	0.936744013192519	2	1
GO:0071208	histone pre-mRNA DCP binding	1	0.000637755102040816	0.000637348629700446	0.936008819461022	2	1
GO:0071209	U7 snRNA binding	1	0.000510204081632653	0.000509943906170321	0.936253800791427	2	1
GO:0071253	connexin binding	0	0.000102040816326531	1	-0.000196258338972743	2	1
GO:0071532	ankyrin repeat binding	0	0.0242602040816327	1	-0.0452193420689052	5	10
GO:0071558	histone H3K27me2/H3K27me3 demethylase activity	0	0.00206632653061225	1	-0.00396386121112546	4	6
GO:0071567	deUFMylase activity	0	7.6530612244898e-05	1	-0.00014719875991176	2	1
GO:0071568	UFM1 transferase activity	1	0.000510204081632653	0.000509943906170321	0.936253800791427	2	1
GO:0071614	linoleic acid epoxygenase activity	0	0.0013265306122449	1	-0.00254720290912458	2	1
GO:0071617	lysophospholipid acyltransferase activity	0	0.00372448979591837	1	-0.00712905944642306	3	3
GO:0071723	lipopeptide binding	6	0.0103571428571429	1.69923008315938e-15	2.0240786521579	9	36
GO:0071796	K6-linked polyubiquitin modification-dependent protein binding	0	0	1	0	1	0
GO:0071813	lipoprotein particle binding	0	0.00533163265306123	1	-0.0101836695419918	5	10
GO:0071837	HMG box domain binding	0	0.0228316326530612	1	-0.0426336988252126	10	45
GO:0071855	neuropeptide receptor binding	0	0.00612244897959184	1	-0.0116819965327553	2	1
GO:0071885	N-terminal protein N-methyltransferase activity	0	0	1	0	1	0
GO:0071886	1-(4-iodo-2,5-dimethoxyphenyl)propan-2-amine binding	1	0.000714285714285714	0.000713775874375446	0.935861870588662	2	1
GO:0071933	Arp2/3 complex binding	0	0.0151530612244898	1	-0.0285748120661344	9	36
GO:0071987	WD40-repeat domain binding	0	0	1	0	1	0
GO:0072320	volume-sensitive chloride channel activity	0	0	1	0	1	0
GO:0072341	modified amino acid binding	3	0.0511734693877551	2.14949506836647e-05	1.49268740667426	6	15
GO:0072345	NAADP-sensitive calcium-release channel activity	4	0.00119897959183673	8.60239463808909e-14	1.76985758807757	5	10
GO:0072545	L-tyrosine binding	0	0.000994897959183673	1	-0.00191124493054273	2	1
GO:0072570	ADP-D-ribose binding	0	0	1	0	1	0
GO:0072572	poly-ADP-D-ribose binding	3	0.0118877551020408	2.77509183937521e-07	1.56245026423709	6	15
GO:0072582	17-beta-hydroxysteroid dehydrogenase (NADP+) activity	1	0.000918367346938775	0.000917524722193903	0.935470153217947	2	1
GO:0072590	N-acetyl-L-aspartate-L-glutamate ligase activity	1	0.000408163265306122	0.000407996736026112	0.936449845777128	2	1
GO:0080007	S-nitrosoglutathione reductase (NADH) activity	0	0.00204081632653061	1	-0.00391505721121221	2	1
GO:0080019	alcohol-forming very long-chain fatty acyl-CoA reductase activity	1	5.10204081632653e-05	5.10178052140197e-05	0.937136423114039	2	1
GO:0080122	AMP transmembrane transporter activity	0	0	1	0	1	0
GO:0086006	voltage-gated sodium channel activity involved in cardiac muscle cell action potential	2	0.00691326530612245	2.37866731711895e-05	1.31830528859611	3	3
GO:0086007	voltage-gated calcium channel activity involved in cardiac muscle cell action potential	1	0.00303571428571429	0.00302652661563112	0.931418588231018	2	1
GO:0086008	voltage-gated potassium channel activity involved in cardiac muscle cell action potential repolarization	0	0.00165816326530612	1	-0.00318260070511378	3	3
GO:0086020	gap junction channel activity involved in SA node cell-atrial cardiac muscle cell electrical coupling	1	0.000204081632653061	0.0002040399918384	0.936842095661967	2	1
GO:0086056	voltage-gated calcium channel activity involved in AV node cell action potential	0	0.000892857142857143	1	-0.00171545270013673	2	1
GO:0086059	voltage-gated calcium channel activity involved SA node cell action potential	0	0	1	0	1	0
GO:0086075	gap junction channel activity involved in cardiac conduction electrical coupling	0	0	1	0	1	0
GO:0086077	gap junction channel activity involved in AV node cell-bundle of His cell electrical coupling	1	0.000663265306122449	0.000663045394303887	0.935959833177316	3	3
GO:0086080	protein binding involved in heterotypic cell-cell adhesion	4	0.0108163265306122	5.65393247909274e-10	1.75164845842383	7	21
GO:0086083	cell adhesive protein binding involved in bundle of His cell-Purkinje myocyte communication	10	0.0273214285714286	6.21448951431175e-23	2.34430947247191	5	10
GO:0086089	voltage-gated potassium channel activity involved in atrial cardiac muscle cell action potential repolarization	1	0.00165816326530612	0.00165678927182479	0.934051958252957	3	3
GO:0089720	caspase binding	4	0.0254591836734694	1.71524036213517e-08	1.7247779533416	10	45
GO:0090433	palmitoyl-CoA ligase activity	0	0.000280612244897959	1	-0.000539581999583372	3	3
GO:0090434	oleoyl-CoA ligase activity	1	0.000918367346938775	0.000917945776708801	0.935470153217947	4	6
GO:0090482	vitamin transmembrane transporter activity	0	0.000229591836734694	1	-0.000441506197876307	2	1
GO:0090541	MIT domain binding	0	0	1	0	1	0
GO:0090554	phosphatidylcholine floppase activity	2	0.00642857142857143	2.05749215745919e-05	1.31922134679418	6	15
GO:0090555	phosphatidylethanolamine flippase activity	0	0.000739795918367347	1	-0.0014216646752595	4	6
GO:0090556	phosphatidylserine floppase activity	3	0.011734693877551	2.66957994496209e-07	1.56273570149747	7	21
GO:0090560	2-(3-amino-3-carboxypropyl)histidine synthase activity	1	0.000510204081632653	0.000509943906170321	0.936253800791427	2	1
GO:0090599	alpha-glucosidase activity	0	0.000535714285714286	1	-0.00102976108914732	2	1
GO:0090624	endoribonuclease activity, cleaving miRNA-paired mRNA	0	0	1	0	1	0
GO:0090722	receptor-receptor interaction	0	0.000306122448979592	1	-0.000588614900424389	2	1
GO:0097001	ceramide binding	0	0.0113520408163265	1	-0.0215127115358229	6	15
GO:0097003	adipokinetic hormone receptor activity	1	0.00107142857142857	0.00107085479677455	0.935176504721955	4	6
GO:0097004	adipokinetic hormone binding	0	5.10204081632653e-05	1	-9.81358440319546e-05	2	1
GO:0097016	L27 domain binding	0	0.000918367346938775	1	-0.00176440574012327	2	1
GO:0097020	COPII receptor activity	0	0	1	0	1	0
GO:0097027	ubiquitin-protein transferase activator activity	0	0.00331632653061225	1	-0.00635122136545196	2	1
GO:0097100	supercoiled DNA binding	1	0.00288265306122449	0.00287850220633825	0.931710710611001	4	6
GO:0097108	hedgehog family protein binding	2	0.00673469387755102	2.25764024247967e-05	1.31864264839135	3	3
GO:0097109	neuroligin family protein binding	1	0.00854591836734694	0.00850950580705974	0.920980202532933	4	6
GO:0097157	pre-mRNA intronic binding	0	0.00987244897959184	1	-0.0187449020944257	6	15
GO:0097158	pre-mRNA intronic pyrimidine-rich binding	0	0	1	0	1	0
GO:0097177	mitochondrial ribosome binding	0	0	1	0	1	0
GO:0097243	flavonoid binding	0	0.00153061224489796	1	-0.00293828316833478	2	1
GO:0097258	20-hydroxy-leukotriene B4 omega oxidase activity	1	0.00364795918367347	0.00363469994662329	0.930251280276827	2	1
GO:0097259	20-aldehyde-leukotriene B4 20-monooxygenase activity	1	0.00364795918367347	0.00363469994662329	0.930251280276827	2	1
GO:0097269	all-trans-decaprenyl-diphosphate synthase activity	1	0.00331632653061225	0.00330536486142893	0.930883337592619	2	1
GO:0097322	7SK snRNA binding	6	0.00489795918367347	1.90956865084538e-17	2.03437073750496	5	10
GO:0097363	protein O-acetylglucosaminyltransferase activity	0	0	1	0	1	0
GO:0097367	carbohydrate derivative binding	4	0.0179591836734694	4.27265018108203e-09	1.73841582151896	6	15
GO:0097371	MDM2/MDM4 family protein binding	1	0.00696428571428571	0.00694009127477476	0.923960981652291	6	15
GO:0097372	histone H3K18 deacetylase activity, NAD-dependent	0	0.00859693877551021	1	-0.0163503058161342	3	3
GO:0097493	structural molecule activity conferring elasticity	0	0	1	0	1	0
GO:0097604	temperature-gated cation channel activity	0	0	1	0	1	0
GO:0097643	amylin receptor activity	3	0.00663265306122449	4.83092247216378e-08	1.5723154906392	3	3
GO:0097677	STAT family protein binding	2	0.0117091836734694	6.80197044124214e-05	1.3093032909972	6	15
GO:0097682	intracellularly phosphatidylinositol-3,5-bisphosphate-gated monatomic cation channel activity	1	0.000280612244897959	0.000280572876964168	0.936694976958487	3	3
GO:0098505	G-rich strand telomeric DNA binding	8	0.0240816326530612	2.74581755667803e-18	2.19566670180738	6	15
GO:0098531	ligand-modulated transcription factor activity	1	0.00275510204081633	0.00275131022787419	0.931954236328328	3	3
GO:0098631	cell adhesion mediator activity	1	0.00732142857142857	0.00729469220252753	0.923286825042058	5	10
GO:0098633	collagen fibril binding	0	0.0014030612244898	1	-0.0026938828541403	2	1
GO:0098639	collagen binding involved in cell-matrix adhesion	3	0.00372448979591837	8.57889970460355e-09	1.57783344127473	3	3
GO:0098640	integrin binding involved in cell-matrix adhesion	0	0.000510204081632653	1	-0.000980758166643114	2	1
GO:0098770	FBXO family protein binding	0	0	1	0	1	0
GO:0098782	mechanosensitive potassium channel activity	1	7.6530612244898e-05	7.65247557584879e-05	0.937087360198159	2	1
GO:0098808	mRNA cap binding	0	0	1	0	1	0
GO:0098809	nitrite reductase activity	2	0.000510204081632653	1.3010983800113e-07	1.33050174819457	3	3
GO:0098821	BMP receptor activity	2	0.0245663265306122	0.000296855468025222	1.28571030163222	6	15
GO:0098847	sequence-specific single stranded DNA binding	0	0.000153061224489796	1	-0.000294367488453351	2	1
GO:0098882	structural constituent of presynaptic active zone	3	0.0060969387755102	3.76009358351604e-08	1.57332878877093	6	15
GO:0098919	structural constituent of postsynaptic density	1	0.00334183673469388	0.00333625900815563	0.930834698131999	3	3
GO:0098973	structural constituent of postsynaptic actin cytoskeleton	0	0.000408163265306122	1	-0.000784713180942753	2	1
GO:0099038	ceramide floppase activity	0	0	1	0	1	0
GO:0099094	ligand-gated monoatomic cation channel activity	0	0	1	0	1	0
GO:0099095	ligand-gated monoatomic anion channel activity	0	0	1	0	1	0
GO:0099103	channel activator activity	0	0.00183673469387755	1	-0.00352450629726231	2	1
GO:0099104	potassium channel activator activity	0	0.000204081632653061	1	-0.000392463296103651	3	3
GO:0099122	RNA polymerase II C-terminal domain binding	2	0.0023469387755102	2.7497555233162e-06	1.32698201896466	4	6
GO:0099184	structural constituent of postsynaptic intermediate filament cytoskeleton	3	0.00405612244897959	1.10769544522545e-08	1.57720206484892	3	3
GO:0099186	structural constituent of postsynapse	0	0.00535714285714286	1	-0.0102320512798578	4	6
GO:0099508	voltage-gated monoatomic ion channel activity involved in regulation of presynaptic membrane potential	4	0.04625	1.83729642494087e-07	1.68826721276892	10	45
GO:0099530	G protein-coupled receptor activity involved in regulation of postsynaptic membrane potential	1	0.00420918367346939	0.00419154070875143	0.929182904866112	2	1
GO:0099534	calcium ion binding involved in regulation of presynaptic cytosolic calcium ion concentration	0	0.000102040816326531	1	-0.000196258338972743	2	1
GO:0099579	G protein-coupled neurotransmitter receptor activity involved in regulation of postsynaptic membrane potential	0	0.00201530612244898	1	-0.00386624990915729	3	3
GO:0099583	neurotransmitter receptor activity involved in regulation of postsynaptic cytosolic calcium ion concentration	1	0.00420918367346939	0.00419154070875143	0.929182904866112	2	1
GO:0099589	serotonin receptor activity	7	0.0126530612244898	1.01889842817865e-17	2.12490254329338	8	28
GO:0099604	ligand-gated calcium channel activity	1	0.00818877551020408	0.00815533881879317	0.92165220586116	5	10
GO:0099626	voltage-gated calcium channel activity involved in regulation of presynaptic cytosolic calcium levels	0	0.00584183673469388	1	-0.011150688281149	4	6
GO:0101020	estrogen 16-alpha-hydroxylase activity	0	0	1	0	1	0
GO:0101021	estrogen 2-hydroxylase activity	0	0	1	0	1	0
GO:0102007	acyl-L-homoserine-lactone lactonohydrolase activity	1	0.000331632653061225	0.000331522709305588	0.936596914489543	2	1
GO:0102033	long-chain fatty acid omega-hydroxylase activity	3	0.0108673469387755	2.12168343926095e-07	1.56435531623685	5	10
GO:0102140	heparan sulfate N-deacetylase activity	0	0	1	0	1	0
GO:0102158	very-long-chain (3R)-3-hydroxyacyl-CoA dehydratase activity	6	0.0185204081632653	5.5020877769581e-14	2.00895749015331	4	6
GO:0102354	11-cis-retinol dehydrogenase activity	1	0.00224489795918367	0.00223986968030951	0.932929162169993	2	1
GO:0102391	decanoate-CoA ligase activity	1	7.6530612244898e-05	7.65276838522956e-05	0.937087360198159	3	3
GO:0102521	tRNA-4-demethylwyosine synthase activity	0	0	1	0	1	0
GO:0102965	alcohol-forming long-chain fatty acyl-CoA reductase activity	1	5.10204081632653e-05	5.10178052140197e-05	0.937136423114039	2	1
GO:0103068	leukotriene C4 gamma-glutamyl transferase activity	6	0.022015306122449	1.54687332294767e-13	2.00257940411397	4	6
GO:0106006	cytoskeletal protein-membrane anchor activity	0	0.00364795918367347	1	-0.00698327868124393	3	3
GO:0106018	phosphatidylinositol-3,5-bisphosphate phosphatase activity	0	0.000306122448979592	1	-0.000588614900424389	3	3
GO:0106029	tRNA pseudouridine synthase activity	0	0.000127551020408163	1	-0.000245314581668765	2	1
GO:0106050	tRNA 2'-O-methyltransferase activity	0	0	1	0	1	0
GO:0106073	dolichyl pyrophosphate Glc2Man9GlcNAc2 alpha-1,2-glucosyltransferase activity	1	0.00275510204081633	0.00274753230894474	0.931954236328328	2	1
GO:0106137	IkappaB kinase complex binding	0	0	1	0	1	0
GO:0106140	P-TEFb complex binding	0	0	1	0	1	0
GO:0106231	NAD-dependent protein-lysine depropionylase activity	0	0	1	0	1	0
GO:0106235	ceramide-1-phosphate phosphatase activity	0	0	1	0	1	0
GO:0106245	L-serine-phosphatidylethanolamine phosphatidyltransferase activity	1	0.00252551020408163	0.00251914806992544	0.932392789905791	2	1
GO:0106255	hydroperoxy icosatetraenoate isomerase activity	0	0.000331632653061225	1	-0.000637644468527876	2	1
GO:0106256	hydroperoxy icosatetraenoate dehydratase activity	0	0.00048469387755102	1	-0.000931751915023038	3	3
GO:0106262	1-acylglycerophosphoethanolamine O-acyltransferase activity	0	0	1	0	1	0
GO:0106263	1-acylglycerophosphoserine O-acyltransferase activity	0	0	1	0	1	0
GO:0106274	NAD+-protein-arginine ADP-ribosyltransferase activity	0	0.000459183673469388	1	-0.000882742333834563	2	1
GO:0106292	superoxide-generating NADPH oxidase activity	10	0.029515306122449	1.34242969970892e-22	2.34038661679672	5	10
GO:0106293	NADH oxidase H202-forming activity	1	0.00280612244897959	0.00279827016026456	0.93185681617551	2	1
GO:0106294	NADPH oxidase H202-forming activity	3	0.0109183673469388	2.15162453000067e-07	1.56425994405182	4	6
GO:0106335	tRNA (5-carboxymethyluridine(34)-5-O)-methyltransferase activity	0	5.10204081632653e-05	1	-9.81358440319546e-05	2	1
GO:0106379	8-oxo-(d)RTP hydrolase activity	0	0	1	0	1	0
GO:0106386	(3R)-hydroxyacyl-CoA dehydrogenase (NAD+) activity	0	0.00306122448979592	1	-0.00586464629105354	2	1
GO:0106423	tubulin-tyrosine carboxypeptidase	0	7.6530612244898e-05	1	-0.00014719875991176	3	3
GO:0106429	11-cis-retinol dehydrogenase	0	0.000892857142857143	1	-0.00171545270013673	2	1
GO:0106435	carboxylesterase activity	1	0.000816326530612245	0.000815993426756625	0.935665985313746	4	6
GO:0106438	protein-glutamic acid ligase activity, elongating	0	0	1	0	1	0
GO:0110153	RNA NAD-cap (NMN-forming) hydrolase activity	0	0	1	0	1	0
GO:0120013	lipid transfer activity	2	0.00377551020408163	7.10932471560813e-06	1.32425627610297	7	21
GO:0120014	phospholipid transfer activity	0	0.000280612244897959	1	-0.000539581999583372	3	3
GO:0120015	sterol transfer activity	0	0.000688775510204082	1	-0.00132370873805776	3	3
GO:0120017	ceramide transfer activity	0	0.000153061224489796	1	-0.000294367488453351	2	1
GO:0120019	phosphatidylcholine transfer activity	0	0.00244897959183673	1	-0.00469552525645312	6	15
GO:0120092	crotonyl-CoA hydratase activity	0	0.000663265306122449	1	-0.00127472578075483	2	1
GO:0120146	sulfatide binding	5	0.0110459183673469	1.35778427756906e-12	1.89971019501067	6	15
GO:0120160	intraciliary transport particle A binding	0	0	1	0	1	0
GO:0120170	intraciliary transport particle B binding	4	0.0192091836734694	5.58666435750569e-09	1.73612486269523	5	10
GO:0120225	coenzyme A binding	0	0	1	0	1	0
GO:0120319	long-chain fatty acid omega-1 hydroxylase activity	0	0	1	0	1	0
GO:0120501	F-actin monooxygenase activity	0	0	1	0	1	0
GO:0120516	diacylglycerol lipase activity	0	0	1	0	1	0
GO:0120518	protein N-terminal-methionine acetyltransferase activity	0	0.00181122448979592	1	-0.00347567256198011	3	3
GO:0140030	modification-dependent protein binding	0	0.00137755102040816	1	-0.00264499285307473	2	1
GO:0140031	phosphorylation-dependent protein binding	1	0.029719387755102	0.0292821093401886	0.882218875861115	5	10
GO:0140036	ubiquitin-modified protein reader activity	1	0.00864795918367347	0.00861067314478054	0.920788316511865	4	6
GO:0140070	hydrogen peroxide channel activity	0	0.000127551020408163	1	-0.000245314581668765	2	1
GO:0140078	class I DNA-(apurinic or apyrimidinic site) endonuclease activity	10	0.0278316326530612	7.49267107346047e-23	2.34339527487101	7	21
GO:0140081	glycosylated region protein binding	1	0.00048469387755102	0.000484576432446995	0.936302807043048	3	3
GO:0140090	membrane curvature sensor activity	1	0.000663265306122449	0.000663045394303887	0.935959833177316	3	3
GO:0140161	monocarboxylate:sodium symporter activity	0	7.6530612244898e-05	1	-0.00014719875991176	3	3
GO:0140260	mitochondrial proton-transporting ATP synthase complex binding	0	0	1	0	1	0
GO:0140262	mRNA cap binding complex binding	1	0.00158163265306122	0.00158038253104127	0.934198538844875	3	3
GO:0140272	exogenous protein binding	0	0	1	0	1	0
GO:0140293	ADP-ribosylglutamate hydrolase activity	0	0	1	0	1	0
GO:0140294	NAD DNA ADP-ribosyltransferase activity	0	0.000408163265306122	1	-0.000784713180942753	2	1
GO:0140296	general transcription initiation factor binding	0	0.000739795918367347	1	-0.0014216646752595	4	6
GO:0140299	molecular sensor activity	0	0	1	0	1	0
GO:0140312	cargo adaptor activity	0	0.00153061224489796	1	-0.00293828316833478	2	1
GO:0140315	iron ion sequestering activity	0	0.000612244897959184	1	-0.00117674988648608	2	1
GO:0140318	protein transporter activity	3	0.0658163265306123	4.52321591001554e-05	1.46831896950129	11	55
GO:0140328	floppase activity	0	0.000178571428571429	1	-0.000343417059780471	2	1
GO:0140338	sphingomyelin transfer activity	0	7.6530612244898e-05	1	-0.00014719875991176	2	1
GO:0140343	phosphatidylserine transfer activity	0	5.10204081632653e-05	1	-9.81358440319546e-05	2	1
GO:0140345	phosphatidylcholine flippase activity	3	0.00533163265306123	2.5158979106065e-08	1.57477883117916	5	10
GO:0140346	phosphatidylserine flippase activity	3	0.00625	4.04998453138089e-08	1.57303912974397	5	10
GO:0140351	glycosylceramide flippase activity	3	0.00275510204081633	3.47588412013432e-09	1.57968217809141	3	3
GO:0140355	cargo receptor ligand activity	0	5.10204081632653e-05	1	-9.81358440319546e-05	2	1
GO:0140360	cyclic-GMP-AMP transmembrane transporter activity	0	0.000102040816326531	1	-0.000196258338972743	2	1
GO:0140375	immune receptor activity	0	0	1	0	1	0
GO:0140410	monoatomic cation:bicarbonate symporter activity	1	0.000127551020408163	0.000127542886122598	0.936989244376402	3	3
GO:0140431	DNA-(abasic site) binding	0	0	1	0	1	0
GO:0140439	protein-cysteine S-stearoyltransferase activity	0	0	1	0	1	0
GO:0140444	cytoskeleton-nuclear membrane anchor activity	10	0.0205357142857143	3.60094553971326e-24	2.35657977986844	5	10
GO:0140457	protein demethylase activity	0	2.55102040816327e-05	1	-4.90695908794692e-05	2	1
GO:0140486	zinc ion sequestering activity	0	5.10204081632653e-05	1	-9.81358440319546e-05	2	1
GO:0140490	microtubule nucleator activity	1	0.00275510204081633	0.00275131022787419	0.931954236328328	3	3
GO:0140492	metal-dependent deubiquitinase activity	0	0	1	0	1	0
GO:0140506	endoplasmic reticulum-autophagosome adaptor activity	0	0	1	0	1	0
GO:0140517	protein-RNA adaptor activity	0	0.00448979591836735	1	-0.00858524900044932	4	6
GO:0140537	transcription regulator activator activity	1	0.0208418367346939	0.0206261467131247	0.898217806936543	6	15
GO:0140545	ATP-dependent protein disaggregase activity	0	0.0142091836734694	1	-0.0268275781749056	4	6
GO:0140561	EGF-domain serine glucosyltransferase activity	0	0	1	0	1	0
GO:0140562	EGF-domain serine xylosyltransferase activity	0	0	1	0	1	0
GO:0140563	UDP-D-xylose:beta-D-glucoside alpha-1,3-D-xylosyltransferase activity	1	0.000102040816326531	0.000102030405060708	0.937038300619098	2	1
GO:0140571	transmembrane ascorbate ferrireductase activity	0	0	1	0	1	0
GO:0140575	transmembrane monodehydroascorbate reductase activity	0	0.000102040816326531	1	-0.000196258338972743	2	1
GO:0140581	P-type monovalent copper transporter activity	1	0.00107142857142857	0.00107028184088477	0.935176504721955	2	1
GO:0140585	promoter-enhancer loop anchoring activity	0	0.00038265306122449	1	-0.000735693608334143	2	1
GO:0140592	histone H3R8 methyltransferase activity	1	0.00038265306122449	0.000382579858878296	0.936498865349736	3	3
GO:0140597	protein carrier chaperone	0	0.0179336734693878	1	-0.0336976064880566	4	6
GO:0140608	cysteine-type endopeptidase activator activity	6	0.06125	6.95850768154824e-11	1.93459915276828	6	15
GO:0140610	RNA sequestering activity	0	0	1	0	1	0
GO:0140612	DNA damage sensor activity	0	0.000459183673469388	1	-0.000882742333834563	2	1
GO:0140625	opioid growth factor receptor activity	0	0	1	0	1	0
GO:0140663	ATP-dependent FeS chaperone activity	1	0.000255102040816327	0.000255036980362153	0.936744013192519	2	1
GO:0140680	histone H3K36me/H3K36me2 demethylase activity	0	5.10204081632653e-05	1	-9.81358440319546e-05	2	1
GO:0140682	FAD-dependent H3K4me/H3K4me3 demethylase activity	0	0	1	0	1	0
GO:0140683	histone H3K9me/H3K9me2 demethylase activity	1	0.000204081632653061	0.000204060809413167	0.936842095661967	3	3
GO:0140684	histone H3K9me2/H3K9me3 demethylase activity	0	0	1	0	1	0
GO:0140685	FAD-dependent histone H3K9me/H3K9me2 demethylase activity	1	0.000204081632653061	0.000204060809413167	0.936842095661967	3	3
GO:0140713	histone chaperone activity	1	0.00288265306122449	0.00287850220633825	0.931710710611001	5	10
GO:0140750	nucleosome array spacer activity	0	0	1	0	1	0
GO:0140751	histone octamer slider activity	0	0	1	0	1	0
GO:0140759	histone H3K56 methyltransferase activity	1	0.00038265306122449	0.000382579858878296	0.936498865349736	3	3
GO:0140765	histone H3K56 deacetylase activity, NAD-dependent	0	0.00859693877551021	1	-0.0163503058161342	3	3
GO:0140767	enzyme-substrate adaptor activity	1	0.0229336734693878	0.0226726956470384	0.89441586365292	7	21
GO:0140768	protein ADP-ribosyltransferase-substrate adaptor activity	1	0.00704081632653061	0.00701608784951608	0.923816466471913	4	6
GO:0140773	NAD-dependent protein demyristoylase activity	0	0.00298469387755102	1	-0.00571860974425564	2	1
GO:0140774	NAD-dependent protein depalmitoylase activity	0	0.00298469387755102	1	-0.00571860974425564	2	1
GO:0140785	amino acid sensor activity	1	0.00153061224489796	0.00152827305145186	0.934296275789736	2	1
GO:0140787	phosphate ion uniporter activity	0	0	1	0	1	0
GO:0140788	L-glutamate uniporter activity	3	0.00306122448979592	4.7665572521633e-09	1.5790978544301	3	3
GO:0140803	NAD+-protein-cysteine ADP-ribosyltransferase activity	0	0	1	0	1	0
GO:0140804	NAD+-protein-lysine ADP-ribosyltransferase activity	0	0.000459183673469388	1	-0.000882742333834563	2	1
GO:0140805	NAD+-protein-serine ADP-ribosyltransferase activity	0	0	1	0	1	0
GO:0140806	NAD+-protein-aspartate ADP-ribosyltransferase activity	0	0.00895408163265306	1	-0.017021594437182	6	15
GO:0140807	NAD+-protein-glutamate ADP-ribosyltransferase activity	0	0.000408163265306122	1	-0.000784713180942753	2	1
GO:0140816	NAD+-histone H2BS6 serine ADP-ribosyltransferase activity	0	0	1	0	1	0
GO:0140817	NAD+-histone H3S10 serine ADP-ribosyltransferase activity	0	0	1	0	1	0
GO:0140822	NAD+-histone H2BE35 glutamate ADP-ribosyltransferase activity	0	0.010484693877551	1	-0.0198914908841268	7	21
GO:0140825	lactoperoxidase activity	1	0.000331632653061225	0.000331577669031271	0.936596914489543	4	6
GO:0140826	zinc:proton antiporter activity	0	0.00038265306122449	1	-0.000735693608334143	3	3
GO:0140830	L-glutamine, sodium:proton antiporter activity	1	2.55102040816327e-05	2.55095533277212e-05	0.937185489367191	2	1
GO:0140833	RNA polymerase II CTD heptapeptide repeat Y1 kinase activity	1	0.000102040816326531	0.000102030405060708	0.937038300619098	2	1
GO:0140834	RNA polymerase II CTD heptapeptide repeat S2 kinase activity	1	0.000102040816326531	0.000102030405060708	0.937038300619098	2	1
GO:0140835	RNA polymerase II CTD heptapeptide repeat T4 kinase activity	1	0.000102040816326531	0.000102030405060708	0.937038300619098	2	1
GO:0140836	RNA polymerase II CTD heptapeptide repeat S5 kinase activity	1	0.000102040816326531	0.000102030405060708	0.937038300619098	2	1
GO:0140837	RNA polymerase II CTD heptapeptide repeat S7 kinase activity	1	0.000102040816326531	0.000102030405060708	0.937038300619098	2	1
GO:0140844	NAD+-histone H2BE2 glutamate ADP-ribosyltransferase activity	0	0.010484693877551	1	-0.0198914908841268	7	21
GO:0140852	histone ubiquitin ligase activity	0	0.00119897959183673	1	-0.00230267003433127	3	3
GO:0140853	cholesterol-protein transferase activity	3	0.01375	4.27351561954596e-07	1.5589864609038	3	3
GO:0140867	NAD+-histone H2BE18 glutamate ADP-ribosyltransferase activity	0	0.010484693877551	1	-0.0198914908841268	7	21
GO:0140900	chloride:bicarbonate antiporter activity	1	0.00387755102040816	0.00387004302679456	0.929814026336245	7	21
GO:0140903	histone H3R26 methyltransferase activity	1	0.00038265306122449	0.000382579858878296	0.936498865349736	3	3
GO:0140911	pore-forming activity	1	0.0025765306122449	0.00257321420430464	0.932295310510988	3	3
GO:0140912	membrane destabilizing activity	0	0	1	0	1	0
GO:0140932	5'-(N(7)-methyl 5'-triphosphoguanosine)-[mRNA] diphosphatase activity	0	0	1	0	1	0
GO:0140933	5'-(N(7)-methylguanosine 5'-triphospho)-[mRNA] hydrolase activity	3	0.00778061224489796	7.78952525474807e-08	1.57014891878388	3	3
GO:0140936	histone H2B deubiquitinase activity	0	0	1	0	1	0
GO:0140937	histone H4K12 deacetylase activity, hydrolytic mechanism	3	0.0110969387755102	2.25862857510384e-07	1.56392624066926	7	21
GO:0140939	histone H4 methyltransferase activity	0	2.55102040816327e-05	1	-4.90695908794692e-05	2	1
GO:0140941	histone H4K20me methyltransferase activity	0	0	1	0	1	0
GO:0140944	histone H4K20 monomethyltransferase activity	0	0	1	0	1	0
GO:0140945	histone H3K4 monomethyltransferase activity	7	0.0130612244897959	1.27201960878455e-17	2.12414342981059	5	10
GO:0140947	histone H3K9me2 methyltransferase activity	1	0.000280612244897959	0.000280572876964168	0.936694976958487	3	3
GO:0140948	histone H3K9 monomethyltransferase activity	0	7.6530612244898e-05	1	-0.00014719875991176	2	1
GO:0140949	histone H3K9 trimethyltransferase activity	0	0.000510204081632653	1	-0.000980758166643114	3	3
GO:0140950	histone H2A deubiquitinase activity	0	0	1	0	1	0
GO:0140954	histone H3K36 dimethyltransferase activity	0	2.55102040816327e-05	1	-4.90695908794692e-05	2	1
GO:0140955	histone H3K36 trimethyltransferase activity	0	5.10204081632653e-05	1	-9.81358440319546e-05	2	1
GO:0140968	polyspecific organic cation:proton antiporter activity	0	0	1	0	1	0
GO:0140984	histone H4K12 methyltransferase activity	1	0.000612244897959184	0.00061205751429516	0.936057809071585	4	6
GO:0140987	ATP:phosphate antiporter activity	0	0	1	0	1	0
GO:0140988	ADP:phosphate antiporter activity	0	0	1	0	1	0
GO:0140999	histone H3K4 trimethyltransferase activity	7	0.0158673469387755	4.95530783045223e-17	2.11894603867153	7	21
GO:0141038	phosphatidylinositol 3-kinase activator activity	0	0.000714285714285714	1	-0.00137268836940874	3	3
GO:0141039	phosphatidylinositol 3-kinase inhibitor activity	2	0.0036734693877551	6.73068768402522e-06	1.324450630818	5	10
GO:0141069	receptor ligand inhibitor activity	0	0.00280612244897959	1	-0.00537774278256054	3	3
GO:0141089	glucose sensor activity	1	0.000280612244897959	0.000280533523756089	0.936694976958487	2	1
GO:0141106	tRNA methyltransferase activator activity	0	0.000714285714285714	1	-0.00137268836940874	2	1
GO:0141131	DNA N6-methyladenine demethylase activity	1	0.000229591836734694	0.00022953913642276	0.936793052760194	2	1
GO:0141148	enoyl-[acyl-carrier-protein] reductase (NADPH) activity	1	0.00704081632653061	0.00699158982673017	0.923816466471913	2	1
GO:0141152	glycerol-3-phosphate dehydrogenase (NAD+) activity	1	0.00229591836734694	0.00229065920081446	0.9328316102704	2	1
GO:0141185	UFM1-modified protein reader activity	0	0.000127551020408163	1	-0.000245314581668765	2	1
GO:0141207	peptide lactyltransferase (ATP-dependent) activity	1	0.00436224489795918	0.00434329836681822	0.928891804167874	2	1
GO:0141222	histone H3K4 deacetylase activity, NAD-dependent	0	0.00859693877551021	1	-0.0163503058161342	3	3
GO:0150043	structural constituent of synapse-associated extracellular matrix	0	0	1	0	1	0
GO:0150047	G protein-coupled neurotransmitter receptor activity involved in regulation of presynaptic membrane potential	0	0.00278061224489796	1	-0.00532903435076215	3	3
GO:0160002	ADP-D-ribose modification-dependent protein binding	1	0.00204081632653061	0.00203665987780041	0.933319501746858	2	1
GO:0160004	poly-ADP-D-ribose modification-dependent protein binding	0	0.000408163265306122	1	-0.000784713180942753	2	1
GO:0160009	histone decrotonylase activity	0	0.000306122448979592	1	-0.000588614900424389	2	1
GO:0160010	protein de-2-hydroxyisobutyrylase activity	0	0	1	0	1	0
GO:0160041	neuropeptide activity	0	7.6530612244898e-05	1	-0.00014719875991176	2	1
GO:0160082	hypoxia-inducible factor-proline dioxygenase activity	3	0.00239795918367347	2.29262323174796e-09	1.58036448780286	3	3
GO:0160107	tRNA (adenine(58)-N1)-methyltransferase activity	1	0.000510204081632653	0.000509943906170321	0.936253800791427	2	1
GO:0160123	structural constituent of nuclear lamina	1	0.00364795918367347	0.00363469994662329	0.930251280276827	2	1
GO:0160128	pH-gated monoatomic ion channel activity	1	0.000280612244897959	0.000280572876964168	0.936694976958487	3	3
GO:0160148	tRNA pseudouridine(55) synthase activity	0	0.000408163265306122	1	-0.000784713180942753	2	1
GO:0160163	S-nitrosoglutathione reductase (NADPH) activity	0	0	1	0	1	0
GO:0160187	paracellular tight junction channel activity	1	0.000280612244897959	0.000280572876964168	0.936694976958487	3	3
GO:0160216	protein lysine delactylase activity	0	0	1	0	1	0
GO:0170011	stalled ribosome sensor activity	0	0.000127551020408163	1	-0.000245314581668765	3	3
GO:0180032	histone H4K5 deacetylase activity, hydrolytic mechanism	3	0.0110969387755102	2.25862857510384e-07	1.56392624066926	7	21
GO:0180033	histone H4K8 deacetylase activity, hydrolytic mechanism	3	0.0110969387755102	2.25862857510384e-07	1.56392624066926	7	21
GO:1901235	(R)-carnitine transmembrane transporter activity	0	0	1	0	1	0
GO:1901363	heterocyclic compound binding	3	0.0422448979591837	1.21737973421287e-05	1.50796059426352	10	45
GO:1901480	oleate transmembrane transporter activity	1	0.00275510204081633	0.00275131023026302	0.931954236328328	5	10
GO:1901611	phosphatidylglycerol binding	0	0.000408163265306122	1	-0.000784713180942753	3	3
GO:1901612	cardiolipin binding	0	0.0469897959183674	1	-0.0851587590601289	11	55
GO:1902282	voltage-gated potassium channel activity involved in ventricular cardiac muscle cell action potential repolarization	10	0.0281632653061225	8.43235710819393e-23	2.34280166712959	11	55
GO:1902379	chemoattractant activity involved in axon guidance	0	0	1	0	1	0
GO:1902387	ceramide 1-phosphate binding	0	0.000204081632653061	1	-0.000392463296103651	3	3
GO:1902388	ceramide 1-phosphate transfer activity	0	0.000127551020408163	1	-0.000245314581668765	3	3
GO:1902936	phosphatidylinositol bisphosphate binding	0	0.000229591836734694	1	-0.000441506197876307	3	3
GO:1902945	metalloendopeptidase activity involved in amyloid precursor protein catabolic process	1	0.00221938775510204	0.00221692673408063	0.932977943067422	3	3
GO:1903135	cupric ion binding	1	0.00584183673469388	0.00582480638545443	0.926083870676922	5	10
GO:1903136	cuprous ion binding	2	0.0142602040816327	0.000100715239277868	1.30456037483443	6	15
GO:1903763	gap junction channel activity involved in cell communication by electrical coupling	1	0.000688775510204082	0.000688301425038876	0.935910850220013	2	1
GO:1903981	enterobactin binding	0	0	1	0	1	0
GO:1904121	phosphatidylethanolamine transfer activity	0	0.000178571428571429	1	-0.000343417059780471	3	3
GO:1904288	BAT3 complex binding	0	0.00372448979591837	1	-0.00712905944642306	3	3
GO:1904399	heparan sulfate binding	1	0.0102295918367347	0.0101774475186611	0.917820591936507	7	21
GO:1904678	alpha-aminoacyl-tRNA binding	0	0.000204081632653061	1	-0.000392463296103651	2	1
GO:1904680	peptide transmembrane transporter activity	1	0.000535714285714286	0.000535570816433556	0.936204797868923	3	3
GO:1904713	beta-catenin destruction complex binding	0	0.000331632653061225	1	-0.000637644468527876	2	1
GO:1904768	all-trans-retinol binding	0	0.00183673469387755	1	-0.00352450629726231	2	1
GO:1904841	TORC2 complex binding	0	0.00206632653061225	1	-0.00396386121112546	2	1
GO:1904855	proteasome regulatory particle binding	0	0	1	0	1	0
GO:1905030	voltage-gated monoatomic ion channel activity involved in regulation of postsynaptic membrane potential	1	0.00540816326530612	0.00539356547794884	0.926905753936475	4	6
GO:1905172	RISC complex binding	0	0.00188775510204082	1	-0.0036221638511168	3	3
GO:1905394	retromer complex binding	2	0.0469132653061225	0.00106660877668496	1.24645458026063	9	36
GO:1905502	acetyl-CoA binding	1	0.00160714285714286	0.00160585209435657	0.934149675337967	3	3
GO:1905573	ganglioside GM1 binding	0	0.000510204081632653	1	-0.000980758166643114	2	1
GO:1905576	ganglioside GT1b binding	1	0.00211734693877551	0.00211510694014142	0.933173099651756	3	3
GO:1905762	CCR4-NOT complex binding	0	0	1	0	1	0
GO:1905773	8-hydroxy-2'-deoxyguanosine DNA binding	0	0	1	0	1	0
GO:1990002	methylglyoxal reductase (NADPH) (acetol producing) activity	0	0.00153061224489796	1	-0.00293828316833478	2	1
GO:1990050	phosphatidic acid transfer activity	3	0.00122448979591837	3.05714072905478e-10	1.58261091747979	6	15
GO:1990136	linoleate 9S-lipoxygenase activity	1	0.00336734693877551	0.00335604596765992	0.93078606195085	2	1
GO:1990162	histone H3K4 deacetylase activity, hydrolytic mechanism	3	0.0110969387755102	2.25862857510384e-07	1.56392624066926	7	21
GO:1990174	phosphodiesterase decapping endonuclease activity	0	0	1	0	1	0
GO:1990189	protein N-terminal-serine acetyltransferase activity	1	0.00221938775510204	0.00221692673408063	0.932977943067422	3	3
GO:1990190	protein-N-terminal-glutamate acetyltransferase activity	1	0.00178571428571429	0.0017825311942959	0.933807723437539	2	1
GO:1990239	steroid hormone binding	3	0.0133418367346939	3.9187842253351e-07	1.55974422870555	5	10
GO:1990247	N6-methyladenosine-containing RNA reader activity	7	0.0668622448979592	1.11799487350912e-12	2.0304872397809	9	36
GO:1990254	keratin filament binding	0	0	1	0	1	0
GO:1990259	histone H2AQ104 methyltransferase activity	1	0.00038265306122449	0.000382579858878296	0.936498865349736	3	3
GO:1990269	RNA polymerase II C-terminal domain phosphoserine binding	0	5.10204081632653e-05	1	-9.81358440319546e-05	2	1
GO:1990275	preribosome binding	0	0.000229591836734694	1	-0.000441506197876307	3	3
GO:1990405	protein antigen binding	1	0.00426020408163265	0.00425114227153861	0.929085858246775	3	3
GO:1990409	adrenomedullin binding	1	0.00280612244897959	0.00279827016026456	0.93185681617551	2	1
GO:1990430	extracellular matrix protein binding	0	0.00112244897959184	1	-0.00215591050981212	3	3
GO:1990446	U1 snRNP binding	0	0.00142857142857143	1	-0.00274276954186492	2	1
GO:1990447	U2 snRNP binding	0	0	1	0	1	0
GO:1990450	linear polyubiquitin binding	0	0	1	0	1	0
GO:1990459	transferrin receptor binding	3	0.0401530612244898	1.0469819655926e-05	1.51158613034654	8	28
GO:1990460	leptin receptor binding	2	0.00747448979591837	2.77950640335283e-05	1.31724604094551	3	3
GO:1990583	phospholipase D activator activity	0	0.000153061224489796	1	-0.000294367488453351	2	1
GO:1990599	3' overhang single-stranded DNA endodeoxyribonuclease activity	0	0	1	0	1	0
GO:1990715	mRNA CDS binding	0	0	1	0	1	0
GO:1990757	ubiquitin ligase activator activity	0	0.0026530612244898	1	-0.00508544284456569	3	3
GO:1990760	osmolarity-sensing monoatomic cation channel activity	0	7.6530612244898e-05	1	-0.00014719875991176	2	1
GO:1990763	arrestin family protein binding	0	0.00961734693877551	1	-0.0182666183476605	8	28
GO:1990814	DNA/DNA annealing activity	0	0	1	0	1	0
GO:1990817	poly(A) RNA polymerase activity	9	0.0203571428571429	1.62454680251662e-21	2.28379514777333	10	45
GO:1990825	sequence-specific mRNA binding	0	0.0236989795918367	1	-0.0442046586886942	5	10
GO:1990890	netrin receptor binding	0	0.000255102040816327	1	-0.000490545765551631	2	1
GO:1990931	mRNA N6-methyladenosine dioxygenase activity	1	0.00178571428571429	0.0017825311942959	0.933807723437539	2	1
GO:1990935	splicing factor binding	0	0.000102040816326531	1	-0.000196258338972743	2	1
GO:1990948	ubiquitin ligase inhibitor activity	0	0.000102040816326531	1	-0.000196258338972743	2	1
GO:1990984	tRNA demethylase activity	1	0.00160714285714286	0.00160456409342129	0.934149675337967	2	1
GO:2001065	mannan binding	0	0	1	0	1	0
GO:2001069	glycogen binding	17	0.0166071428571429	1.53862793977151e-45	2.73573104394112	8	28
GO:2001070	starch binding	1	0.0013265306122449	0.00132565115930025	0.934687356048946	3	3
